{"number": 84, "endVoting": 1682467200, "totalDepositedUSD": 26955.557999999997, "globalAverageDollarPerVote": 0.0, "globalAverageEfficiency": 0, "analytics": [{"gauge": "0x06b30d5f2341c2fb3f6b48b109685997022bd272", "nonBlacklistedVotes": 2205352.0095650465, "totalDeposited": 26955.557999999997, "dollarPerVote": 0, "incentiveDirected": 14886.572332104526, "incentiveDirectedUSD": 13695.720978397823, "efficiency": -1}]}