{"0x0fd2d686c02d686c65804ff45e4e570386e3595f": {"0": {"address": "0xB1D54d76E2cB9425Ec9c018538cc531440b55dbB", "name": "sdCAKE-CAKE StableSwap", "blacklistedAddresses": ["0x1E6F87A9ddF744aF31157d8DaA1e3025648d042d"], "periodDelay": 1209600, "periods": {"1734566400": {"amountClaimed": 676.339665749071, "amountClaimedDollar": 1616.4518011402797, "nonBlacklistedVotes": 181209.3446607029, "blacklistedVotes": 512526.86707752245, "totalBribeDepositDollar": 1637.15, "dollarPerVote": 0.009034578228100798, "maxRewardPerVote": 0.009, "maxRewardPerVoteUSD": 0.0210798, "incentivesDirected": 2512.0272969605194, "incentivesDirectedUSD": 7033.6764314894535, "efficiency": 4.29629321167239, "totalWeeklyLiquidityIncentives": 401644.0, "tokenPrice": 2.39, "rewardCurrentPeriod": 685.0, "totalWeightVoted": 28973270.36014579, "relativeWeight": 0.006254362811247072, "isCurrentPeriod": true, "isNextPeriod": false, "haveUpgrade": false, "blacklistedAddresses": ["0x1E6F87A9ddF744aF31157d8DaA1e3025648d042d"], "nextPeriodTimestamp": 1735776000, "blockNextPeriod": 45125067, "tokenRewardAddress": "0x6a1c1447F97B27dA23dC52802F5f1435b5aC821A", "inflationTokenPrice": 2.8, "remainingWeek": 2.0, "firstVotingPeriod": 1733356800, "lastVotingPeriod": 1735776000, "totalDistributed": 0, "weightedEfficiency": 0, "usedBribe": 0}, "1735776000": {"amountClaimed": 0.0, "amountClaimedDollar": 0.0, "nonBlacklistedVotes": 213348.33331508696, "blacklistedVotes": 507598.72412485396, "totalBribeDepositDollar": 1637.15, "dollarPerVote": 0.007673601075580696, "maxRewardPerVote": 0.009, "maxRewardPerVoteUSD": 0.0210798, "incentivesDirected": 2975.4013430277996, "incentivesDirectedUSD": 7111.209209836441, "efficiency": 4.343651595661021, "totalWeeklyLiquidityIncentives": 401644.0, "tokenPrice": 2.39, "rewardCurrentPeriod": 685.0, "totalWeightVoted": 28799502.355136286, "relativeWeight": 0.007408056246396808, "isCurrentPeriod": false, "isNextPeriod": true, "haveUpgrade": false, "blacklistedAddresses": ["0x1E6F87A9ddF744aF31157d8DaA1e3025648d042d"], "nextPeriodTimestamp": 1736985600, "blockNextPeriod": 45125068, "tokenRewardAddress": "0x6a1c1447F97B27dA23dC52802F5f1435b5aC821A", "inflationTokenPrice": 2.39, "remainingWeek": 1.0, "firstVotingPeriod": 1733356800, "lastVotingPeriod": 1735776000, "totalDistributed": 0, "weightedEfficiency": 0, "usedBribe": 0}}}, "1": {"address": "0xa0bec9b22a22caD9D9813Ad861E331210FE6C589", "name": "SDT-WBNB", "blacklistedAddresses": ["0x1E6F87A9ddF744aF31157d8DaA1e3025648d042d"], "periodDelay": 1209600, "periods": {"1734566400": {"amountClaimed": 0.0, "amountClaimedDollar": 0.0, "nonBlacklistedVotes": 0.0, "blacklistedVotes": 19233.49572664034, "totalBribeDepositDollar": 1099.4, "dollarPerVote": 0, "maxRewardPerVote": 0, "maxRewardPerVoteUSD": 0, "incentivesDirected": 0.0, "incentivesDirectedUSD": 0.0, "efficiency": -1, "totalWeeklyLiquidityIncentives": 401644.0, "tokenPrice": 2.39, "rewardCurrentPeriod": 460.0, "totalWeightVoted": 28973270.36014579, "relativeWeight": 0.0, "isCurrentPeriod": true, "isNextPeriod": false, "haveUpgrade": false, "blacklistedAddresses": ["0x1E6F87A9ddF744aF31157d8DaA1e3025648d042d"], "nextPeriodTimestamp": 1735776000, "blockNextPeriod": 45125069, "tokenRewardAddress": "0x6a1c1447F97B27dA23dC52802F5f1435b5aC821A", "inflationTokenPrice": 2.8, "remainingWeek": 2.0, "firstVotingPeriod": 1733356800, "lastVotingPeriod": 1735776000, "totalDistributed": 0, "weightedEfficiency": 0, "usedBribe": 0}, "1735776000": {"amountClaimed": 0.0, "amountClaimedDollar": 0.0, "nonBlacklistedVotes": 184.93745891000324, "blacklistedVotes": 19048.558267730336, "totalBribeDepositDollar": 2198.8000239000003, "dollarPerVote": 2.3422e-11, "maxRewardPerVote": 1e-11, "maxRewardPerVoteUSD": 2.3422e-11, "incentivesDirected": 2.5791772312760792, "incentivesDirectedUSD": 6.16423358274983, "efficiency": 1423082979.9509954, "totalWeeklyLiquidityIncentives": 401644.0, "tokenPrice": 2.39, "rewardCurrentPeriod": 920.00001, "totalWeightVoted": 28799502.355136286, "relativeWeight": 6.421550505612133e-06, "isCurrentPeriod": false, "isNextPeriod": true, "haveUpgrade": true, "blacklistedAddresses": ["0x1E6F87A9ddF744aF31157d8DaA1e3025648d042d"], "nextPeriodTimestamp": 1736985600, "blockNextPeriod": 45125070, "tokenRewardAddress": "0x6a1c1447F97B27dA23dC52802F5f1435b5aC821A", "inflationTokenPrice": 2.39, "remainingWeek": 1.0, "firstVotingPeriod": 1733356800, "lastVotingPeriod": 1735776000, "totalDistributed": 0, "weightedEfficiency": 0, "usedBribe": 0}}}, "2": {"address": "0x172fcD41E0913e95784454622d1c3724f546f849", "name": "BNB-USDT 0.01 V3", "blacklistedAddresses": ["0x735C0C6007307beFEC8Cb44112706d95759F6852"], "periodDelay": 1209600, "periods": {"1734566400": {"amountClaimed": 1895.1907731170074, "amountClaimedDollar": 4529.505947749648, "nonBlacklistedVotes": 1115820.0297647754, "blacklistedVotes": 0.0, "totalBribeDepositDollar": 5576.587, "dollarPerVote": 0.004997747711318279, "maxRewardPerVote": 0.0126076, "maxRewardPerVoteUSD": 0.02952952072, "incentivesDirected": 15468.13371304172, "incentivesDirectedUSD": 43310.77439651681, "efficiency": 7.766537919432945, "totalWeeklyLiquidityIncentives": 401644.0, "tokenPrice": 2.39, "rewardCurrentPeriod": 2333.3, "totalWeightVoted": 28973270.36014579, "relativeWeight": 0.038512049758098514, "isCurrentPeriod": true, "isNextPeriod": false, "haveUpgrade": false, "blacklistedAddresses": ["0x735C0C6007307beFEC8Cb44112706d95759F6852"], "nextPeriodTimestamp": 1735776000, "blockNextPeriod": 45125071, "tokenRewardAddress": "0x0E09FaBB73Bd3Ade0a17ECC321fD13a19e81cE82", "inflationTokenPrice": 2.8, "remainingWeek": 1.0, "firstVotingPeriod": 1733356800, "lastVotingPeriod": 1734566400, "totalDistributed": 0, "weightedEfficiency": 0, "usedBribe": 0}}}, "3": {"address": "0x7f51c8AaA6B0599aBd16674e2b17FEc7a9f674A1", "name": "CAKE-USDT 0.25 V3", "blacklistedAddresses": ["0x735C0C6007307beFEC8Cb44112706d95759F6852"], "periodDelay": 1209600, "periods": {"1734566400": {"amountClaimed": 2260.979285311529, "amountClaimedDollar": 5403.740491894555, "nonBlacklistedVotes": 951954.4549224264, "blacklistedVotes": 0.0, "totalBribeDepositDollar": 5576.587, "dollarPerVote": 0.0058580397110011215, "maxRewardPerVote": 0.0126076, "maxRewardPerVoteUSD": 0.02952952072, "incentivesDirected": 13196.535646138193, "incentivesDirectedUSD": 36950.29980918694, "efficiency": 6.62597029494688, "totalWeeklyLiquidityIncentives": 401644.0, "tokenPrice": 2.39, "rewardCurrentPeriod": 2333.3, "totalWeightVoted": 28973270.36014579, "relativeWeight": 0.03285629972348197, "isCurrentPeriod": true, "isNextPeriod": false, "haveUpgrade": false, "blacklistedAddresses": ["0x735C0C6007307beFEC8Cb44112706d95759F6852"], "nextPeriodTimestamp": 1735776000, "blockNextPeriod": 45125072, "tokenRewardAddress": "0x0E09FaBB73Bd3Ade0a17ECC321fD13a19e81cE82", "inflationTokenPrice": 2.8, "remainingWeek": 1.0, "firstVotingPeriod": 1733356800, "lastVotingPeriod": 1734566400, "totalDistributed": 0, "weightedEfficiency": 0, "usedBribe": 0}}}}, "0xa77889da8fedc7fd65d37af60d0744b954e3baf0": {"0": {"address": "0xB1D54d76E2cB9425Ec9c018538cc531440b55dbB", "name": "sdCAKE-CAKE StableSwap", "blacklistedAddresses": [], "periodDelay": 1209600, "periods": {"1704326400": {"amountClaimed": 0.0, "amountClaimedDollar": 0.0, "nonBlacklistedVotes": 18112.06773898504, "blacklistedVotes": 0, "totalBribeDepositDollar": 9.996609465020473, "dollarPerVote": 0.0, "maxRewardPerVote": 0, "maxRewardPerVoteUSD": 0, "incentivesDirected": 396.71662058632575, "incentivesDirectedUSD": 1245.6901886410628, "efficiency": -1, "totalWeeklyLiquidityIncentives": 401644.00000000006, "tokenPrice": 0.9996609465020474, "rewardCurrentPeriod": 10.0, "totalWeightVoted": 18337026.878796853, "relativeWeight": 0.0009877319730565517, "isCurrentPeriod": false, "isNextPeriod": false, "haveUpgrade": false, "blacklistedAddresses": [], "nextPeriodTimestamp": 1705536000, "blockNextPeriod": 35337337, "tokenRewardAddress": "0x55d398326f99059fF775485246999027B3197955",