{"curve":{"statusCode":200,"epoch":{"id":"votium-cvx-crv-103","platform":"votium","protocol":"cvx-crv","round":103,"proposal":"0xde6dd14a7d7a26f4bf5029ac4dfcc1d077d8a1052e40aae8d477733df6cfdddb","end":1755561600,"scoresTotal":39179775.36303422,"bribed":{"alETH+frxETH (0xB657…)":629140.3395968286,"alETH+WETH (0x8eFD…)":252476.35444530306,"alUSD+FRAXBP (0xB30d…)":598863.0602894912,"arbi-alUSD+USDC (0x7848…)":79063.16712294304,"COIL+FRAXBP (0xAF42…)":21589.4369,"CRV+cvxCRV (0x971a…)":3292431.8939527464,"CVX+clevCVX (0xF907…)":127950.09615433104,"DOLA+sUSDe (0x7447…)":4835999.447181009,"DOLA+USR (0x38De…)":4936455.08597663,"ETH+frxETH (0xa1F8…)":73627.85552072026,"FRAX+USDe (0x5dc1…)":3546318.1532975486,"fraxtal-CRV+frxUSD (0x89b4…)":25226.58223195303,"fraxtal-crvUSD+frxUSD (0x63Eb…)":64768.310699999995,"fraxtal-frxETH+sfrxETH (0xF2f4…)":126109.24996003536,"fraxtal-frxETH+SQUID (0x277F…)":45684.72850218024,"fraxtal-frxUSD+DAI (0x86d7…)":25226.58223195303,"fraxtal-frxUSD+dUSD (0x9CA6…)":64768.310699999995,"fraxtal-frxUSD+frxETH… (0xa0D3…)":63068.33942366379,"fraxtal-frxUSD+FXB202… (0x15d1…)":63068.33942366379,"fraxtal-frxUSD+FXB202… (0xeE45…)":254897.6543337793,"fraxtal-frxUSD+FXB205… (0x4Cfc…)":212131.21877805266,"fraxtal-frxUSD+PYUSD (0x35c6…)":25226.58223195303,"fraxtal-frxUSD+sUSDe (0x8b4E…)":45684.72850218024,"fraxtal-frxUSD+USDC (0xa8eB…)":25226.58223195303,"fraxtal-frxUSD+USDe (0x1e19…)":45684.72850218024,"fraxtal-frxUSD+USDT (0xcAEF…)":42012.9664684864,"fraxtal-FXB20251231+F… (0x2421…)":107947.1845,"fraxtal-lend-crvUSD(s… (0x0Edf…)":43178.8738,"fraxtal-lend-crvUSD(s… (0x279A…)":66177.85396997638,"fraxtal-lend-crvUSD(W… (0xa757…)":86357.7476,"fraxtal-scrvUSD+sfrxU… (0xaC5d…)":84061.1082142609,"fraxtal-WFRAX+cvxFXS (0x3a38…)":80398.62520996793,"frxETH+CVX (0x47D5…)":515481.2329241972,"frxUSD+sUSDS (0x81A2…)":556174.2975298903,"FXN+cvxFXN (0x1062…)":273173.6999900647,"FXS+cvxFXS (0x6a90…)":30118.304929847945,"msUSD+FRAXBP (0xc3b1…)":378900.13245677296,"pxETH+stETH (0x6951…)":146976.8893019958,"rETH+frxETH (0xe7c6…)":21567.50933450702,"reUSD+fxUSD (0xb0ef…)":217246.57281833774,"reUSD+scrvUSD (0xc522…)":4889106.083031193,"reUSD+sDOLA (0x48d6…)":218417.00209551916,"reUSD+sfrxUSD (0xed78…)":321201.1861452217,"sDOLA+alUSD (0x4606…)":392184.571156712,"stETH+frxETH (0x4d9f…)":225410.42630759862,"STG+FRAXBP (0x867f…)":29135.860772849177,"USDC+jUSD (0x6A0c…)":181150.35955572227,"WETH+CVX (0xB576…)":3737577.8192808,"WETH+frxETH (0x9c3B…)":225689.92048436808,"WETH+pxETH (0xC8Eb…)":146976.8893019958,"WETH+RSUP (0xEe35…)":1167024.21985184},"bribes":[{"pool":"fraxtal-frxUSD+dUSD (0x9CA6…)","token":"FXS","gauge":"0x05600c37d54a4f3cdc76e0867af1530becc332ca","choice":569,"amount":294,"amountDollars":817.3199999999999,"maxPerVote":0,"recycled":false,"excluded":[]},{"pool":"COIL+FRAXBP (0xAF42…)","token":"FXS","gauge":"0x06b30d5f2341c2fb3f6b48b109685997022bd272","choice":123,"amount":161.05923068643997,"amountDollars":447.7446613083031,"maxPerVote":0,"recycled":false,"excluded":[]},{"pool":"fraxtal-WFRAX+cvxFXS (0x3a38…)","token":"CVX","gauge":"0x070ebc9f46d0a6a523d31eb4ae7901c56ad97ae2","choice":554,"amount":593.88,"amountDollars":2446.7856,"maxPerVote":0,"recycled":false,"excluded":[]},{"pool":"WETH+RSUP (0xEe35…)","token":"RSUP","gauge":"0x09f62a6777032329c0d49f1fd4fbe9b3468cda56","choice":379,"amount":33287.66,"amountDollars":37282.179200000006,"maxPerVote":0,"recycled":false,"excluded":[]},{"pool":"FXS+cvxFXS (0x6a90…)","token":"CVX","gauge":"0x0c58c509305a8a7fe9a6a60ceaac6185b96ecbb7","choice":152,"amount":147.98,"amountDollars":609.6776,"maxPerVote":0,"recycled":false,"excluded":[]},{"pool":"sDOLA+alUSD (0x4606…)","token":"ALCX","gauge":"0x19f9266f349158b54a6d95dce79297df670f7f14","choice":345,"amount":1225,"amountDollars":12691,"maxPerVote":0,"recycled":false,"excluded":[]},{"pool":"ETH+frxETH (0xa1F8…)","token":"CRV","gauge":"0x2932a86df44fe8d2a706d8e9c5d51c24883423f5","choice":80,"amount":2686.18,"amountDollars":2387.208166,"maxPerVote":0,"recycled":false,"excluded":[]},{"pool":"fraxtal-CRV+frxUSD (0x89b4…)","token":"FXS","gauge":"0x304c0564b897e6e72b040f0445ab1bdf391726fe","choice":574,"amount":294,"amountDollars":817.3199999999999,"maxPerVote":0,"recycled":false,"excluded":[]},{"pool":"alETH+frxETH (0xB657…)","token":"FXS","gauge":"0x415f30505368fa1db82feea02eb778be04e75907","choice":116,"amount":756.7071978448953,"amountDollars":2103.646010008809,"maxPerVote":0,"recycled":false,"excluded":[]},{"pool":"alETH+frxETH (0xB657…)","token":"ALCX","gauge":"0x415f30505368fa1db82feea02eb778be04e75907","choice":116,"amount":1764,"amountDollars":18275.039999999997,"maxPerVote":0,"recycled":false,"excluded":[]},{"pool":"fraxtal-frxUSD+FXB202… (0xeE45…)","token":"FXS","gauge":"0x48100238c4a3cf44cfbf6c7693ed5c216881face","choice":557,"amount":2940,"amountDollars":8173.2,"maxPerVote":0,"recycled":false,"excluded":[]},{"pool":"WETH+frxETH (0x9c3B…)","token":"CRV","gauge":"0x4e21418095d32d15c6e2b96a9910772613a50d50","choice":167,"amount":8218.28,"amountDollars":7303.585436000001,"maxPerVote":0,"recycled":false,"excluded":[]},{"pool":"frxUSD+sUSDS (0x81A2…)","token":"FXS","gauge":"0x52618c40ddba3cbbb69f3aaa4cb26ae649844b17","choice":358,"amount":6402.34,"amountDollars":17798.5052,"maxPerVote":0,"recycled":false,"excluded":[]},{"pool":"fraxtal-lend-crvUSD(s… (0x279A…)","token":"FXS","gauge":"0x541f57ab2032a042ce6b02fd435347fbae1f6d0a","choice":562,"amount":686,"amountDollars":1907.08,"maxPerVote":0,"recycled":false,"excluded":[]},{"pool":"pxETH+stETH (0x6951…)","token":"USDC","gauge":"0x58215f083882a5eb7056ac34a0fdda9d3b5665d2","choice":206,"amount":4782.4,"amountDollars":4781.491343999999,"maxPerVote":0,"recycled":false,"excluded":[]},{"pool":"fraxtal-frxUSD+sUSDe (0x8b4E…)","token":"FXS","gauge":"0x59005665c5060d3abee291a21de0375cf1bbed03","choice":556,"amount":490,"amountDollars":1362.1999999999998,"maxPerVote":0,"recycled":false,"excluded":[]},{"pool":"reUSD+sfrxUSD (0xed78…)","token":"RSUP","gauge":"0x5c0b03914f68f2717d779a0211fd98c2cc45a4dd","choice":378,"amount":9149.28,"amountDollars":10247.193600000002,"maxPerVote":0,"recycled":false,"excluded":[]},{"pool":"fraxtal-frxUSD+DAI (0x86d7…)","token":"FXS","gauge":"0x64100c172d5dc8007e3ee701ecd99468619b6583","choice":549,"amount":294,"amountDollars":817.3199999999999,"maxPerVote":0,"recycled":false,"excluded":[]},{"pool":"fraxtal-scrvUSD+sfrxU… (0xaC5d…)","token":"FXS","gauge":"0x660622adba5339e62d800be440d6d0c8c1838559","choice":568,"amount":980,"amountDollars":2724.3999999999996,"maxPerVote":0,"recycled":false,"excluded":[]},{"pool":"FXN+cvxFXN (0x1062…)","token":"CVX","gauge":"0x724476f141ed2de4da22ebdf435905def1118317","choice":188,"amount":2119.74,"amountDollars":8733.3288,"maxPerVote":0,"recycled":false,"excluded":[]},{"pool":"fraxtal-frxUSD+PYUSD (0x35c6…)","token":"FXS","gauge":"0x72bd89f2e3470fa5d188cf04eda17e8145eb4bf1","choice":550,"amount":294,"amountDollars":817.3199999999999,"maxPerVote":0,"recycled":false,"excluded":[]},{"pool":"alUSD+FRAXBP (0xB30d…)","token":"FXS","gauge":"0x740ba8aa0052e07b925908b380248cb03f3de5cb","choice":63,"amount":1117.6201176313612,"amountDollars":3106.983927015184,"maxPerVote":0,"recycled":false,"excluded":[]},{"pool":"alUSD+FRAXBP (0xB30d…)","token":"ALCX","gauge":"0x740ba8aa0052e07b925908b380248cb03f3de5cb","choice":63,"amount":1568,"amountDollars":16244.48,"maxPerVote":0,"recycled":false,"excluded":[]},{"pool":"fraxtal-frxUSD+FXB202… (0x15d1…)","token":"FXS","gauge":"0x7506a3e213c362b9e21895c2bd930df454d46573","choice":575,"amount":735,"amountDollars":2043.3,"maxPerVote":0,"recycled":false,"excluded":[]},{"pool":"CVX+clevCVX (0xF907…)","token":"CVX","gauge":"0x7970489a543fb237abab63d62524d8a5ce165b86","choice":92,"amount":980,"amountDollars":4037.6,"maxPerVote":0,"recycled":false,"excluded":[]},{"pool":"fraxtal-frxUSD+FXB205… (0x4Cfc…)","token":"FXS","gauge":"0x7ba1e40dae22847e6c521ba297d40ff1c5fd97dd","choice":558,"amount":2450,"amountDollars":6810.999999999999,