{"statusCode":200,"epoch":{"id":"votium-cvx-crv-96","platform":"votium","protocol":"cvx-crv","round":96,"proposal":"0x8de4423aa66dfedf0faf7c29a9c433b7dfa62c86f229b02f330712e09bfb8122","end":1747094400,"scoresTotal":38812110.72190005,"bribed":{"alETH+frxETH (0xB657…)":790371.362359647,"alETH+pxETH (0x30bf…)":45.93682291387826,"alETH+WETH (0x8eFD…)":317585.7040517039,"alUSD+FRAXBP (0xB30d…)":822633.9568025914,"COIL+FRAXBP (0xAF42…)":273940.0697459011,"CRV+cvxCRV (0x971a…)":3651182.287371379,"CVX+clevCVX (0xF907…)":112696.41693722407,"CVX+FRAXBP (0xBEc5…)":17506.91031055341,"DOLA+DBR+INV (0xC7DE…)":190359.1236016862,"DOLA+deUSD (0x6691…)":377502.66959940095,"DOLA+USR (0x38De…)":1151178.7266350663,"ETH+frxETH (0xa1F8…)":75568.15740999261,"eUSD+FRAXBP (0xAEda…)":2968.509664001193,"FRAX+USDe (0x5dc1…)":3308485.055704563,"fraxtal-crvUSD+frxUSD (0x63Eb…)":45.93682291387826,"fraxtal-dUSD+sfrxUSD (0x5eCF…)":71964.78966666666,"fraxtal-frxETH+sfrxETH (0xF2f4…)":20245.51111018325,"fraxtal-frxETH+SQUID (0x277F…)":101507.26207302196,"fraxtal-frxUSD+DAI (0x86d7…)":75222.15770510581,"fraxtal-frxUSD+dUSD (0x9CA6…)":95953.0528888889,"fraxtal-frxUSD+frxETH… (0xa0D3…)":172943.16809254885,"fraxtal-frxUSD+FXB202… (0xeE45…)":171872.3118145368,"fraxtal-frxUSD+FXB205… (0x4Cfc…)":189480.57159370638,"fraxtal-frxUSD+PYUSD (0x35c6…)":71964.78966666666,"fraxtal-frxUSD+sUSDe (0x8b4E…)":75222.15770510581,"fraxtal-frxUSD+USDC (0xa8eB…)":71964.78966666666,"fraxtal-frxUSD+USDe (0x1e19…)":71964.78966666666,"fraxtal-frxUSD+USDT (0xcAEF…)":71964.78966666666,"fraxtal-FXB20251231+F… (0x2421…)":188163.3536657388,"fraxtal-lend-crvUSD(s… (0x0Edf…)":3257.368038439152,"fraxtal-lend-crvUSD(s… (0x279A…)":45.93682291387826,"fraxtal-lend-crvUSD(W… (0xa757…)":3257.368038439152,"fraxtal-scrvUSD+sfrxU… (0xaC5d…)":45550.99226037304,"fraxtal-WFRAX+cvxFXS (0x3a38…)":166573.4806404584,"frxETH+CVX (0x47D5…)":627762.1777510438,"FXN+cvxFXN (0x1062…)":102516.29208758169,"FXS+cvxFXS (0x6a90…)":19312.012271484142,"lend-crvUSD(sDOLA) (0x992B…)":262039.22735254947,"msETH+frxETH (0x2d60…)":12011.849124746406,"msUSD+FRAXBP (0xc3b1…)":376522.9085545873,"OHM+FRAXBP (0xFc1e…)":4659.48019911424,"pxETH+stETH (0x6951…)":192850.90622227296,"rETH+frxETH (0xe7c6…)":3014.446486915071,"reUSD+scrvUSD (0xc522…)":8971311.530342156,"reUSD+sDOLA (0x48d6…)":251071.06891570525,"reUSD+sfrxUSD (0xed78…)":723985.4151573338,"sDOLA+alUSD (0x4606…)":499190.8089760064,"stETH+frxETH (0x4d9f…)":215102.21812864658,"STG+FRAXBP (0x867f…)":23977.761426578934,"USDC+USDf (0x7231…)":2064568.8023271787,"WETH+CVG (0x004C…)":38687.36659730417,"WETH+CVX (0xB576…)":1573541.2224109867,"WETH+frxETH (0x9c3B…)":230739.54485993486,"WETH+pxETH (0xC8Eb…)":201404.47325776622,"WETH+RSUP (0xEe35…)":2452313.3772163955},"bribes":[{"pool":"fraxtal-frxUSD+dUSD (0x9CA6…)","token":"FXS","gauge":"0x05600c37d54a4f3cdc76e0867af1530becc332ca","choice":566,"amount":245,"amountDollars":649.25,"maxPerVote":0,"recycled":false,"excluded":[]},{"pool":"COIL+FRAXBP (0xAF42…)","token":"FXS","gauge":"0x06b30d5f2341c2fb3f6b48b109685997022bd272","choice":124,"amount":94.78628671508838,"amountDollars":251.1836597949842,"maxPerVote":0,"recycled":false,"excluded":[]},{"pool":"COIL+FRAXBP (0xAF42…)","token":"CRV","gauge":"0x06b30d5f2341c2fb3f6b48b109685997022bd272","choice":124,"amount":21560,"amountDollars":15987.559280000001,"maxPerVote":0,"recycled":false,"excluded":[]},{"pool":"OHM+FRAXBP (0xFc1e…)","token":"FXS","gauge":"0x06f691180f643b35e3644a2296a4097e1f577d0d","choice":87,"amount":55.8568952165098,"amountDollars":148.02077232375095,"maxPerVote":0,"recycled":false,"excluded":[]},{"pool":"fraxtal-WFRAX+cvxFXS (0x3a38…)","token":"CVX","gauge":"0x070ebc9f46d0a6a523d31eb4ae7901c56ad97ae2","choice":550,"amount":665.42,"amountDollars":2169.2691999999997,"maxPerVote":0,"recycled":false,"excluded":[]},{"pool":"WETH+RSUP (0xEe35…)","token":"RSUP","gauge":"0x09f62a6777032329c0d49f1fd4fbe9b3468cda56","choice":411,"amount":28169.12,"amountDollars":66197.432,"maxPerVote":0,"recycled":false,"excluded":[]},{"pool":"FXS+cvxFXS (0x6a90…)","token":"CVX","gauge":"0x0c58c509305a8a7fe9a6a60ceaac6185b96ecbb7","choice":153,"amount":166.6,"amountDollars":543.116,"maxPerVote":0,"recycled":false,"excluded":[]},{"pool":"USDC+USDf (0x7231…)","token":"USDf","gauge":"0x156527def9a2ab4f54c849575f23dc4bb439d9d9","choice":423,"amount":49000,"amountDollars":48979.224,"maxPerVote":0,"recycled":false,"excluded":[]},{"pool":"WETH+CVG (0x004C…)","token":"crvUSD","gauge":"0x16a3a047fc1d388d5846a73acdb475b11228c299","choice":261,"amount":847.7,"amountDollars":847.5660634000001,"maxPerVote":0,"recycled":false,"excluded":[]},{"pool":"sDOLA+alUSD (0x4606…)","token":"ALCX","gauge":"0x19f9266f349158b54a6d95dce79297df670f7f14","choice":371,"amount":1225,"amountDollars":13499.5,"maxPerVote":0,"recycled":false,"excluded":[]},{"pool":"ETH+frxETH (0xa1F8…)","token":"CRV","gauge":"0x2932a86df44fe8d2a706d8e9c5d51c24883423f5","choice":81,"amount":3043.88,"amountDollars":2257.15268744,"maxPerVote":0,"recycled":false,"excluded":[]},{"pool":"alETH+frxETH (0xB657…)","token":"ALCX","gauge":"0x415f30505368fa1db82feea02eb778be04e75907","choice":117,"amount":1764,"amountDollars":19439.28,"maxPerVote":0,"recycled":false,"excluded":[]},{"pool":"alETH+frxETH (0xB657…)","token":"FXS","gauge":"0x415f30505368fa1db82feea02eb778be04e75907","choice":117,"amount":608.7392979483922,"amountDollars":1613.1591395632393,"maxPerVote":0,"recycled":false,"excluded":[]},{"pool":"fraxtal-frxUSD+FXB202… (0xeE45…)","token":"FXS","gauge":"0x48100238c4a3cf44cfbf6c7693ed5c216881face","choice":553,"amount":2940,"amountDollars":7791,"maxPerVote":0,"recycled":false,"excluded":[]},{"pool":"alETH+pxETH (0x30bf…)","token":"DINERO","gauge":"0x4c5a449c6b81b800938efccdb41970e9cf9ec478","choice":344,"amount":34300,"amountDollars":810.833135,"maxPerVote":0,"recycled":false,"excluded":[]},{"pool":"WETH+frxETH (0x9c3B…)","token":"CRV","gauge":"0x4e21418095d32d15c6e2b96a9910772613a50d50","choice":168,"amount":9279.62,"amountDollars":6881.190855560001,"maxPerVote":0,"recycled":false,"excluded":[]},{"pool":"fraxtal-lend-crvUSD(s… (0x279A…)","token":"FXS","gauge":"0x541f57ab2032a042ce6b02fd435347fbae1f6d0a","choice":558,"amount":490,"amountDollars":1298.5,"maxPerVote":0,"recycled":false,"excluded":[]},{"pool":"pxETH+stETH (0x6951…)","token":"DINERO","gauge":"0x58215f083882a5eb7056ac34a0fdda9d3b5665d2","choice":209,"amount":735000,"amountDollars":17374.99575,"maxPerVote":0,"recycled":false,"excluded":[]},{"pool":"fraxtal-frxUSD+sUSDe (0x8b4E…)","token":"FXS","gauge":"0x59005665c5060d3abee291a21de0375cf1bbed03","choice":552,"amount":490,"amountDollars":1298.5,"maxPerVote":0,"recycled":false,"excluded":[]},{"pool":"reUSD+sfrxUSD (0xed78…)","token":"RSUP","gauge":"0x5c0b03914f68f2717d779a0211fd98c2cc45a4dd","choice":410,"amount":8275.12,"amountDollars":19446.532000000003,"maxPerVote":0,"recycled":false,"excluded":[]},{"pool":"DOLA+DBR+INV (0xC7DE…)","token":"INV","gauge":"0x5ccde4bec0f4006c3826b51edf0d227d12ea33fa","choice":203,"amount":294,"amountDollars":8555.4,"maxPerVote":0,"recycled":false,"excluded":[]},{"pool":"fraxtal-frxUSD+DAI (0x86d7…)","token":"FXS","gauge":"0x64100c172d5dc8007e3ee701ecd99468619b6583","choice":545,"amount":294,"amountDollars":779.1,"maxPerVote":0,"recycled":false,"excluded":[]},{"pool":"fraxtal-scrvUSD+sfrxU… (0xaC5d…)","token":"FXS","gauge":"0x660622adba5339e62d800be440d6d0c8c1838559","choice":565,"amount":1470,"amountDollars":3895.5,"maxPerVote":0,"recycled":false,"excluded":[]},{"pool":"fraxtal-pxETH+frxETH (0x827d…)","token":"FXS","gauge":"0x6b794c5e3188c2c8c1412dbf38fd70e9b20446a7","choice":557,"amount":147,"amountDollars":389.55,"maxPerVote":0,"recycled":false,"excluded":[]},{"pool":"FXN+cvxFXN (0x1062…)","token":"CVX","gauge":"0x724476f141ed2de4da22ebdf435905def1118317","choice":190,"amount":878.08,"amountDollars":2862.5407999999998,"maxPerVote":0,"recycled":false,"excluded":[]},{"pool":"fraxtal-frxUSD+PYUSD (0x35c6…)","token":"FXS",