{"curve":{"statusCode":200,"epoch":{"id":"votium-cvx-crv-98","platform":"votium","protocol":"cvx-crv","round":98,"proposal":"0x662c82169a3e7c0ff0baeb3ceb20f9d76115b2cd2d9b138cee48d8f8f80812b0","end":1749513600,"scoresTotal":37563529.69968762,"bribed":{"alETH+frxETH (0xB657…)":614046.3633445301,"alETH+WETH (0x8eFD…)":220659.32883014993,"alUSD+FRAXBP (0xB30d…)":531580.1170235977,"arbi-alUSD+USDC (0x7848…)":68297.7084545518,"COIL+FRAXBP (0xAF42…)":392518.478534364,"CRV+cvxCRV (0x971a…)":3054879.018027152,"CVX+afCVX (0x7956…)":89274.98020292891,"CVX+clevCVX (0xF907…)":86538.38262589832,"DOLA+DBR+INV (0xC7DE…)":263623.94922233396,"DOLA+deUSD (0x6691…)":463832.5272265949,"DOLA+sUSDe (0x7447…)":2324691.442000501,"DOLA+sUSDS (0x8b83…)":1021950.4759729842,"DOLA+USR (0x38De…)":2322625.6674956502,"ETH+frxETH (0xa1F8…)":59427.79524906476,"eUSD+FRAXBP (0xAEda…)":2144.0544708897396,"FRAX+USDe (0x5dc1…)":2264654.587875627,"fraxtal-CRV+frxUSD (0x89b4…)":21265.383749436136,"fraxtal-crvUSD+frxUSD (0x63Eb…)":38147.70742505657,"fraxtal-dUSD+sfrxUSD (0x5eCF…)":91222.9728169014,"fraxtal-frxETH+sfrxETH (0xF2f4…)":128370.28807493756,"fraxtal-frxETH+SQUID (0x277F…)":60815.3152112676,"fraxtal-frxUSD+DAI (0x86d7…)":24913.147897823892,"fraxtal-frxUSD+dUSD (0x9CA6…)":91222.9728169014,"fraxtal-frxUSD+frxETH… (0xa0D3…)":42530.76749887227,"fraxtal-frxUSD+FXB202… (0xeE45…)":289331.4806881683,"fraxtal-frxUSD+FXB205… (0x4Cfc…)":212853.6032394366,"fraxtal-frxUSD+PYUSD (0x35c6…)":16882.32367562043,"fraxtal-frxUSD+sUSDe (0x8b4E…)":42530.76749887227,"fraxtal-frxUSD+USDC (0xa8eB…)":21265.383749436136,"fraxtal-frxUSD+USDe (0x1e19…)":63796.1512483084,"fraxtal-frxUSD+USDT (0xcAEF…)":51339.57729939646,"fraxtal-FXB20251231+F… (0x2421…)":152038.28802816902,"fraxtal-lend-crvUSD(s… (0x0Edf…)":85684.96222421581,"fraxtal-lend-crvUSD(s… (0x279A…)":42530.76749887227,"fraxtal-lend-crvUSD(W… (0xa757…)":42530.76749887227,"fraxtal-scrvUSD+sfrxU… (0xaC5d…)":102721.84425168569,"fraxtal-WFRAX+cvxFXS (0x3a38…)":71539.10451078543,"frxETH+CVX (0x47D5…)":473704.52695457026,"FXN+cvxFXN (0x1062…)":167984.30144033828,"FXS+cvxFXS (0x6a90…)":17389.724154184063,"lend-crvUSD(sDOLA) (0x992B…)":123451.406166017,"msETH+frxETH (0x2d60…)":8073.5138750962415,"msUSD+FRAXBP (0xc3b1…)":243544.4697533187,"OHM+FRAXBP (0xFc1e…)":4852.6462556363,"pxETH+stETH (0x6951…)":153972.40702787685,"rETH+frxETH (0xe7c6…)":2186.744123782521,"reUSD+scrvUSD (0xc522…)":8046656.778712413,"reUSD+sDOLA (0x48d6…)":280368.86837583076,"reUSD+sfrxUSD (0xed78…)":546828.8096148799,"sDOLA+alUSD (0x4606…)":360939.6183279956,"stETH+frxETH (0x4d9f…)":214462.53223036815,"STG+FRAXBP (0x867f…)":23025.23134429084,"USDaf+crv2pool (0x9559…)":204505.92756666325,"WETH+ASF (0x3D0d…)":1152447.1026004588,"WETH+CVX (0xB576…)":1321373.9015303035,"WETH+frxETH (0x9c3B…)":195417.50794964936,"WETH+pxETH (0xC8Eb…)":153972.40702787685,"WETH+RSUP (0xEe35…)":2104157.091099043},"bribes":[{"pool":"fraxtal-frxUSD+dUSD (0x9CA6…)","token":"FXS","gauge":"0x05600c37d54a4f3cdc76e0867af1530becc332ca","choice":560,"amount":245,"amountDollars":673.75,"maxPerVote":0,"recycled":false,"excluded":[]},{"pool":"COIL+FRAXBP (0xAF42…)","token":"FXS","gauge":"0x06b30d5f2341c2fb3f6b48b109685997022bd272","choice":123,"amount":107.24914677411063,"amountDollars":294.93515362880424,"maxPerVote":0,"recycled":false,"excluded":[]},{"pool":"OHM+FRAXBP (0xFc1e…)","token":"FXS","gauge":"0x06f691180f643b35e3644a2296a4097e1f577d0d","choice":86,"amount":59.105787884824146,"amountDollars":162.5409166832664,"maxPerVote":0,"recycled":false,"excluded":[]},{"pool":"fraxtal-WFRAX+cvxFXS (0x3a38…)","token":"CVX","gauge":"0x070ebc9f46d0a6a523d31eb4ae7901c56ad97ae2","choice":544,"amount":836.92,"amountDollars":2318.2684,"maxPerVote":0,"recycled":false,"excluded":[]},{"pool":"WETH+RSUP (0xEe35…)","token":"RSUP","gauge":"0x09f62a6777032329c0d49f1fd4fbe9b3468cda56","choice":396,"amount":28566.02,"amountDollars":65701.84599999999,"maxPerVote":0,"recycled":false,"excluded":[]},{"pool":"FXS+cvxFXS (0x6a90…)","token":"CVX","gauge":"0x0c58c509305a8a7fe9a6a60ceaac6185b96ecbb7","choice":152,"amount":209.72,"amountDollars":580.9244,"maxPerVote":0,"recycled":false,"excluded":[]},{"pool":"sDOLA+alUSD (0x4606…)","token":"ALCX","gauge":"0x19f9266f349158b54a6d95dce79297df670f7f14","choice":358,"amount":1225,"amountDollars":11037.25,"maxPerVote":0,"recycled":false,"excluded":[]},{"pool":"WETH+ASF (0x3D0d…)","token":"USDC","gauge":"0x1a38a26f1eb658f0caef3a5a722e56d44511279b","choice":351,"amount":29400,"amountDollars":29391.2682,"maxPerVote":0,"recycled":false,"excluded":[]},{"pool":"ETH+frxETH (0xa1F8…)","token":"CRV","gauge":"0x2932a86df44fe8d2a706d8e9c5d51c24883423f5","choice":80,"amount":2843.96,"amountDollars":1909.8897776000001,"maxPerVote":0,"recycled":false,"excluded":[]},{"pool":"fraxtal-CRV+frxUSD (0x89b4…)","token":"FXS","gauge":"0x304c0564b897e6e72b040f0445ab1bdf391726fe","choice":564,"amount":245,"amountDollars":673.75,"maxPerVote":0,"recycled":false,"excluded":[]},{"pool":"alETH+frxETH (0xB657…)","token":"ALCX","gauge":"0x415f30505368fa1db82feea02eb778be04e75907","choice":116,"amount":1764,"amountDollars":15893.64,"maxPerVote":0,"recycled":false,"excluded":[]},{"pool":"alETH+frxETH (0xB657…)","token":"FXS","gauge":"0x415f30505368fa1db82feea02eb778be04e75907","choice":116,"amount":531.9744755874071,"amountDollars":1462.9298078653696,"maxPerVote":0,"recycled":false,"excluded":[]},{"pool":"fraxtal-frxUSD+FXB202… (0xeE45…)","token":"FXS","gauge":"0x48100238c4a3cf44cfbf6c7693ed5c216881face","choice":547,"amount":2940,"amountDollars":8085,"maxPerVote":0,"recycled":false,"excluded":[]},{"pool":"WETH+frxETH (0x9c3B…)","token":"CRV","gauge":"0x4e21418095d32d15c6e2b96a9910772613a50d50","choice":167,"amount":9381.54,"amountDollars":6300.267002400001,"maxPerVote":0,"recycled":false,"excluded":[]},{"pool":"fraxtal-lend-crvUSD(s… (0x279A…)","token":"FXS","gauge":"0x541f57ab2032a042ce6b02fd435347fbae1f6d0a","choice":552,"amount":490,"amountDollars":1347.5,"maxPerVote":0,"recycled":false,"excluded":[]},{"pool":"pxETH+stETH (0x6951…)","token":"DINERO","gauge":"0x58215f083882a5eb7056ac34a0fdda9d3b5665d2","choice":207,"amount":490000,"amountDollars":4304.9342,"maxPerVote":0,"recycled":false,"excluded":[]},{"pool":"fraxtal-frxUSD+sUSDe (0x8b4E…)","token":"FXS","gauge":"0x59005665c5060d3abee291a21de0375cf1bbed03","choice":546,"amount":490,"amountDollars":1347.5,"maxPerVote":0,"recycled":false,"excluded":[]},{"pool":"reUSD+sfrxUSD (0xed78…)","token":"RSUP","gauge":"0x5c0b03914f68f2717d779a0211fd98c2cc45a4dd","choice":395,"amount":7586.18,"amountDollars":17448.214,"maxPerVote":0,"recycled":false,"excluded":[]},{"pool":"DOLA+DBR+INV (0xC7DE…)","token":"INV","gauge":"0x5ccde4bec0f4006c3826b51edf0d227d12ea33fa","choice":202,"amount":294,"amountDollars":8123.219999999999,"maxPerVote":0,"recycled":false,"excluded":[]},{"pool":"fraxtal-frxUSD+DAI (0x86d7…)","token":"FXS","gauge":"0x64100c172d5dc8007e3ee701ecd99468619b6583","choice":539,"amount":294,"amountDollars":808.5,"maxPerVote":0,"recycled":false,"excluded":[]},{"pool":"fraxtal-scrvUSD+sfrxU… (0xaC5d…)","token":"FXS","gauge":"0x660622adba5339e62d800be440d6d0c8c1838559","choice":559,"amount":1176,"amountDollars":3234,"maxPerVote":0,"recycled":false,"excluded":[]},{"pool":"FXN+cvxFXN (0x1062…)","token":"CVX","gauge":"0x724476f141ed2de4da22ebdf435905def1118317","choice":189,"amount":1924.72,"amountDollars":5331.4744,"maxPerVote":0,"recycled":false,"excluded":[]},{"pool":"fraxtal-frxUSD+PYUSD (0x35c6…)","token":"FXS","gauge":"0x72bd89f2e3470fa5d188cf04eda17e8145eb4bf1","choice":540,"amount":196,"amountDollars":539,"maxPerVote":0,"recycled":false,"excluded":[]},{"pool":"alUSD+FRAXBP (0xB30d…)","token":"ALCX","gauge":"0x740ba8aa0052e07b925908b380248cb03f3de5cb","choice":63,"amount":1568,"amountDollars":14127.68,"maxPerVote":0,"recycled":false,"excluded":[]},{"pool":"alUSD+FRAXBP (0xB30d…)","token":"FXS","gauge":"0x740ba8aa0052e07b925908b380248cb03f3de5cb","choice":63,"amount":767.1545435496869,