{"curve":{"statusCode":200,"epoch":{"id":"votium-cvx-crv-104","platform":"votium","protocol":"cvx-crv","round":104,"proposal":"0x454d3ceb61b1fcd78b6a885325153ef804148ece3d2bb968f20fe2a905ff8307","end":1756771200,"scoresTotal":25577758.469978735,"bribed":{"CRV+cvxCRV (0x971a…)":3129377.310341482,"ETH+frxETH (0xa1F8…)":39.629403923305134,"FRAX+USDe (0x5dc1…)":1025584.6324759625,"fraxtal-CRV+frxUSD (0x89b4…)":39.629403923305134,"fraxtal-crvUSD+frxUSD (0x63Eb…)":39.629403923305134,"fraxtal-frxETH+sfrxETH (0xF2f4…)":39.629403923305134,"fraxtal-frxUSD+DAI (0x86d7…)":39.629403923305134,"fraxtal-frxUSD+dUSD (0x9CA6…)":39.629403923305134,"fraxtal-frxUSD+frxETH… (0xa0D3…)":39.629403923305134,"fraxtal-frxUSD+FXB202… (0x15d1…)":39.629403923305134,"fraxtal-frxUSD+FXB202… (0xeE45…)":39.629403923305134,"fraxtal-frxUSD+FXB205… (0x4Cfc…)":39.629403923305134,"fraxtal-frxUSD+PYUSD (0x35c6…)":39.629403923305134,"fraxtal-frxUSD+sUSDe (0x8b4E…)":39.629403923305134,"fraxtal-frxUSD+USDC (0xa8eB…)":39.629403923305134,"fraxtal-frxUSD+USDe (0x1e19…)":39.629403923305134,"fraxtal-frxUSD+USDT (0xcAEF…)":39.629403923305134,"fraxtal-FXB20251231+F… (0x2421…)":39.629403923305134,"fraxtal-lend-crvUSD(s… (0x0Edf…)":39.629403923305134,"fraxtal-lend-crvUSD(s… (0x279A…)":39.629403923305134,"fraxtal-lend-crvUSD(W… (0xa757…)":39.629403923305134,"fraxtal-scrvUSD+sfrxU… (0xaC5d…)":39.629403923305134,"fraxtal-WFRAX+cvxFXS (0x3a38…)":141144.6569521687,"frxETH+CVX (0x47D5…)":784098.4388170746,"frxUSD+sUSDS (0x81A2…)":39.629403923305134,"FXN+cvxFXN (0x1062…)":436828.5068663745,"FXS+cvxFXS (0x6a90…)":35052.67234181086,"lend-crvUSD(fxSAVE) (0x7430…)":221327.24430195015,"reUSD+fxUSD (0xb0ef…)":429356.46110715886,"reUSD+scrvUSD (0xc522…)":9266591.986594273,"reUSD+sDOLA (0x48d6…)":393243.9365780219,"reUSD+sfrxUSD (0xed78…)":482091.3828296701,"stETH+frxETH (0x4d9f…)":39.629403923305134,"USDC+jUSD (0x6A0c…)":141503.19203471433,"WETH+CVX (0xB576…)":925453.5774403167,"WETH+frxETH (0x9c3B…)":39.629403923305134,"WETH+RSUP (0xEe35…)":1678059.8339014435},"bribes":[{"pool":"fraxtal-frxUSD+dUSD (0x9CA6…)","token":"FXS","gauge":"0x05600c37d54a4f3cdc76e0867af1530becc332ca","choice":572,"amount":294,"amountDollars":761.4599999999999,"maxPerVote":0,"recycled":false,"excluded":[]},{"pool":"fraxtal-WFRAX+cvxFXS (0x3a38…)","token":"CVX","gauge":"0x070ebc9f46d0a6a523d31eb4ae7901c56ad97ae2","choice":557,"amount":617.4,"amountDollars":2148.552,"maxPerVote":0,"recycled":false,"excluded":[]},{"pool":"WETH+RSUP (0xEe35…)","token":"RSUP","gauge":"0x09f62a6777032329c0d49f1fd4fbe9b3468cda56","choice":379,"amount":33521.88,"amountDollars":29525.602597679997,"maxPerVote":0,"recycled":false,"excluded":[]},{"pool":"FXS+cvxFXS (0x6a90…)","token":"CVX","gauge":"0x0c58c509305a8a7fe9a6a60ceaac6185b96ecbb7","choice":152,"amount":154.84,"amountDollars":538.8432,"maxPerVote":0,"recycled":false,"excluded":[]},{"pool":"ETH+frxETH (0xa1F8…)","token":"FXS","gauge":"0x2932a86df44fe8d2a706d8e9c5d51c24883423f5","choice":80,"amount":904.54,"amountDollars":2342.7585999999997,"maxPerVote":0,"recycled":false,"excluded":[]},{"pool":"fraxtal-CRV+frxUSD (0x89b4…)","token":"FXS","gauge":"0x304c0564b897e6e72b040f0445ab1bdf391726fe","choice":577,"amount":294,"amountDollars":761.4599999999999,"maxPerVote":0,"recycled":false,"excluded":[]},{"pool":"fraxtal-frxUSD+FXB202… (0xeE45…)","token":"FXS","gauge":"0x48100238c4a3cf44cfbf6c7693ed5c216881face","choice":560,"amount":2940,"amountDollars":7614.599999999999,"maxPerVote":0,"recycled":false,"excluded":[]},{"pool":"WETH+frxETH (0x9c3B…)","token":"FXS","gauge":"0x4e21418095d32d15c6e2b96a9910772613a50d50","choice":167,"amount":2783.2,"amountDollars":7208.487999999999,"maxPerVote":0,"recycled":false,"excluded":[]},{"pool":"frxUSD+sUSDS (0x81A2…)","token":"FXS","gauge":"0x52618c40ddba3cbbb69f3aaa4cb26ae649844b17","choice":358,"amount":7331.6936,"amountDollars":18989.086423999997,"maxPerVote":0,"recycled":false,"excluded":[]},{"pool":"fraxtal-lend-crvUSD(s… (0x279A…)","token":"FXS","gauge":"0x541f57ab2032a042ce6b02fd435347fbae1f6d0a","choice":565,"amount":686,"amountDollars":1776.74,"maxPerVote":0,"recycled":false,"excluded":[]},{"pool":"fraxtal-frxUSD+sUSDe (0x8b4E…)","token":"FXS","gauge":"0x59005665c5060d3abee291a21de0375cf1bbed03","choice":559,"amount":490,"amountDollars":1269.1,"maxPerVote":0,"recycled":false,"excluded":[]},{"pool":"reUSD+sfrxUSD (0xed78…)","token":"RSUP","gauge":"0x5c0b03914f68f2717d779a0211fd98c2cc45a4dd","choice":378,"amount":9255.12,"amountDollars":8151.78012432,"maxPerVote":0,"recycled":false,"excluded":[]},{"pool":"fraxtal-frxUSD+DAI (0x86d7…)","token":"FXS","gauge":"0x64100c172d5dc8007e3ee701ecd99468619b6583","choice":552,"amount":294,"amountDollars":761.4599999999999,"maxPerVote":0,"recycled":false,"excluded":[]},{"pool":"fraxtal-scrvUSD+sfrxU… (0xaC5d…)","token":"FXS","gauge":"0x660622adba5339e62d800be440d6d0c8c1838559","choice":571,"amount":980,"amountDollars":2538.2,"maxPerVote":0,"recycled":false,"excluded":[]},{"pool":"FXN+cvxFXN (0x1062…)","token":"CVX","gauge":"0x724476f141ed2de4da22ebdf435905def1118317","choice":188,"amount":2093.28,"amountDollars":7284.6144,"maxPerVote":0,"recycled":false,"excluded":[]},{"pool":"fraxtal-frxUSD+PYUSD (0x35c6…)","token":"FXS","gauge":"0x72bd89f2e3470fa5d188cf04eda17e8145eb4bf1","choice":553,"amount":294,"amountDollars":761.4599999999999,"maxPerVote":0,"recycled":false,"excluded":[]},{"pool":"fraxtal-frxUSD+FXB202… (0x15d1…)","token":"FXS","gauge":"0x7506a3e213c362b9e21895c2bd930df454d46573","choice":578,"amount":735,"amountDollars":1903.6499999999999,"maxPerVote":0,"recycled":false,"excluded":[]},{"pool":"fraxtal-frxUSD+FXB205… (0x4Cfc…)","token":"FXS","gauge":"0x7ba1e40dae22847e6c521ba297d40ff1c5fd97dd","choice":561,"amount":2450,"amountDollars":6345.5,"maxPerVote":0,"recycled":false,"excluded":[]},{"pool":"WETH+CVX (0xB576…)","token":"CVX","gauge":"0x7e1444ba99dcdffe8fbdb42c02f0005d14f13be1","choice":33,"amount":11017.16,"amountDollars":38339.7168,"maxPerVote":0,"recycled":false,"excluded":[]},{"pool":"stETH+frxETH (0x4d9f…)","token":"FXS","gauge":"0x821529bb07c83803c9cc7763e5974386e9efedc7","choice":114,"amount":2914.52,"amountDollars":7548.6068,"maxPerVote":0,"recycled":false,"excluded":[]},{"pool":"fraxtal-frxUSD+USDe (0x1e19…)","token":"FXS","gauge":"0x86a79cee2734e5357ff6b5495c4a30915921223a","choice":569,"amount":490,"amountDollars":1269.1,"maxPerVote":0,"recycled":false,"excluded":[]},{"pool":"fraxtal-frxUSD+frxETH… (0xa0D3…)","token":"FXS","gauge":"0x8882eb84d0c4894753c0450f2d514e39883c0c82","choice":556,"amount":735,"amountDollars":1903.6499999999999,"maxPerVote":0,"recycled":false,"excluded":[]},{"pool":"fraxtal-crvUSD+frxUSD (0x63Eb…)","token":"FXS","gauge":"0x98a6c35546be6f7c545c99efb48f4673ed2c99fc","choice":547,"amount":588,"amountDollars":1522.9199999999998,"maxPerVote":0,"recycled":false,"excluded":[]},{"pool":"fraxtal-frxUSD+USDC (0xa8eB…)","token":"FXS","gauge":"0xaa6ddba00de48d41e41543ef0a78ab31aae4de8d","choice":550,"amount":294,"amountDollars":761.4599999999999,"maxPerVote":0,"recycled":false,"excluded":[]},{"pool":"reUSD+scrvUSD (0xc522…)","token":"RSUP","gauge":"0xaf01d68714e7ea67f43f08b5947e367126b889b1","choice":377,"amount":110657.68,"amountDollars":97465.73533648,"maxPerVote":0,"recycled":false,"excluded":[]},{"pool":"FRAX+USDe (0x5dc1…)","token":"FXS","gauge":"0xb53c23d2cc6219adf78ea22bfd38bffc50ec54cb","choice":213,"amount":46755.8,"amountDollars":121097.522,"maxPerVote":0,"recycled":false,"excluded":[]},{"pool":"fraxtal-FXB20251231+F… (0x2421…)","token":"FXS","gauge":"0xbd4af2a6510b988878805956e5111839e55de069","choice":562,"amount":735,"amountDollars":1903.6499999999999,"maxPerVote":0,"recycled":false,"excluded":[]},{"pool":"USDC+jUSD (0x6A0c…)","token":"USDC","gauge":"0xbe3cfba845fb3c4f5ced299ed668d6c0598af1ff","choice":409,"amount":2216.76,"amountDollars":2216.33216532,"maxPerVote":0,"recycled":false,"excluded":[]},{"pool":"frxETH+CVX (0x47D5…)","token":"CVX",