{"curve":{"statusCode":200,"epoch":{"id":"votium-cvx-crv-104","platform":"votium","protocol":"cvx-crv","round":104,"proposal":"0x454d3ceb61b1fcd78b6a885325153ef804148ece3d2bb968f20fe2a905ff8307","end":1756771200,"scoresTotal":37276638.20901286,"bribed":{"alETH+frxETH (0xB657…)":584071.8430569012,"alETH+WETH (0x8eFD…)":231129.4153981609,"alUSD+FRAXBP (0xB30d…)":562072.3869522503,"arbi-alUSD+USDC (0x7848…)":72219.15524039131,"COIL+FRAXBP (0xAF42…)":15404.059060447551,"CRV+cvxCRV (0x971a…)":2836457.778203892,"CVX+clevCVX (0xF907…)":104776.66640013045,"DOLA+sUSDe (0x7447…)":3409170.8881653436,"DOLA+sUSDS (0x8b83…)":1589955.8123796969,"DOLA+USR (0x38De…)":3455896.632285774,"ETH+frxETH (0xa1F8…)":73244.59282954347,"FRAX+USDe (0x5dc1…)":3786165.8281714697,"fraxtal-CRV+frxUSD (0x89b4…)":23804.947606333135,"fraxtal-crvUSD+frxUSD (0x63Eb…)":47605.12654422481,"fraxtal-frxETH+sfrxETH (0xF2f4…)":119026.82093994337,"fraxtal-frxUSD+DAI (0x86d7…)":23804.947606333135,"fraxtal-frxUSD+dUSD (0x9CA6…)":23804.947606333135,"fraxtal-frxUSD+frxETH… (0xa0D3…)":59507.60034739137,"fraxtal-frxUSD+FXB202… (0x15d1…)":59507.60034739137,"fraxtal-frxUSD+FXB202… (0xeE45…)":238066.31775468396,"fraxtal-frxUSD+FXB205… (0x4Cfc…)":198393.97411803302,"fraxtal-frxUSD+PYUSD (0x35c6…)":23804.947606333135,"fraxtal-frxUSD+sUSDe (0x8b4E…)":39671.73356492759,"fraxtal-frxUSD+USDC (0xa8eB…)":23804.947606333135,"fraxtal-frxUSD+USDe (0x1e19…)":39677.67155812812,"fraxtal-frxUSD+USDT (0xcAEF…)":39671.73356492759,"fraxtal-FXB20251231+F… (0x2421…)":59514.543222528286,"fraxtal-lend-crvUSD(s… (0x0Edf…)":31738.340585630365,"fraxtal-lend-crvUSD(s… (0x279A…)":55550.13976868265,"fraxtal-lend-crvUSD(W… (0xa757…)":31738.340585630365,"fraxtal-scrvUSD+sfrxU… (0xaC5d…)":79355.08737501578,"fraxtal-WFRAX+cvxFXS (0x3a38…)":66005.86035988826,"frxETH+CVX (0x47D5…)":436633.9074348075,"frxUSD+sUSDS (0x81A2…)":593697.1690560078,"FXN+cvxFXN (0x1062…)":223795.396931678,"FXS+cvxFXS (0x6a90…)":16551.096229395087,"lend-crvUSD(fxSAVE) (0x7430…)":221327.24430195015,"msUSD+FRAXBP (0xc3b1…)":643524.478844406,"pxETH+stETH (0x6951…)":302485.9994321873,"rETH+frxETH (0xe7c6…)":24690.771998703633,"reUSD+fxUSD (0xb0ef…)":271453.97333819733,"reUSD+scrvUSD (0xc522…)":4848165.6329310555,"reUSD+sDOLA (0x48d6…)":248615.7352689608,"reUSD+sfrxUSD (0xed78…)":373394.6375563601,"sDOLA+alUSD (0x4606…)":361140.5873413974,"stETH+frxETH (0x4d9f…)":236009.14372274655,"STG+FRAXBP (0x867f…)":29915.44215180545,"USDC+jUSD (0x6A0c…)":156876.36683029548,"WETH+CVX (0xB576…)":1256433.0740460742,"WETH+frxETH (0x9c3B…)":225376.163899787,"WETH+pxETH (0xC8Eb…)":302475.9982215513,"WETH+RSUP (0xEe35…)":1230006.804170129},"bribes":[{"pool":"fraxtal-frxUSD+dUSD (0x9CA6…)","token":"FXS","gauge":"0x05600c37d54a4f3cdc76e0867af1530becc332ca","choice":572,"amount":294,"amountDollars":752.64,"maxPerVote":0,"recycled":false,"excluded":[]},{"pool":"COIL+FRAXBP (0xAF42…)","token":"FXS","gauge":"0x06b30d5f2341c2fb3f6b48b109685997022bd272","choice":123,"amount":190.29073859498715,"amountDollars":487.1442908031671,"maxPerVote":0,"recycled":false,"excluded":[]},{"pool":"fraxtal-WFRAX+cvxFXS (0x3a38…)","token":"CVX","gauge":"0x070ebc9f46d0a6a523d31eb4ae7901c56ad97ae2","choice":557,"amount":617.4,"amountDollars":2086.812,"maxPerVote":0,"recycled":false,"excluded":[]},{"pool":"WETH+RSUP (0xEe35…)","token":"RSUP","gauge":"0x09f62a6777032329c0d49f1fd4fbe9b3468cda56","choice":379,"amount":33521.88,"amountDollars":38885.38079999999,"maxPerVote":0,"recycled":false,"excluded":[]},{"pool":"FXS+cvxFXS (0x6a90…)","token":"CVX","gauge":"0x0c58c509305a8a7fe9a6a60ceaac6185b96ecbb7","choice":152,"amount":154.84,"amountDollars":523.3592,"maxPerVote":0,"recycled":false,"excluded":[]},{"pool":"sDOLA+alUSD (0x4606…)","token":"ALCX","gauge":"0x19f9266f349158b54a6d95dce79297df670f7f14","choice":345,"amount":1225,"amountDollars":11417,"maxPerVote":0,"recycled":false,"excluded":[]},{"pool":"ETH+frxETH (0xa1F8…)","token":"FXS","gauge":"0x2932a86df44fe8d2a706d8e9c5d51c24883423f5","choice":80,"amount":904.54,"amountDollars":2315.6223999999997,"maxPerVote":0,"recycled":false,"excluded":[]},{"pool":"fraxtal-CRV+frxUSD (0x89b4…)","token":"FXS","gauge":"0x304c0564b897e6e72b040f0445ab1bdf391726fe","choice":577,"amount":294,"amountDollars":752.64,"maxPerVote":0,"recycled":false,"excluded":[]},{"pool":"alETH+frxETH (0xB657…)","token":"FXS","gauge":"0x415f30505368fa1db82feea02eb778be04e75907","choice":116,"amount":790.7044910123161,"amountDollars":2024.2034969915294,"maxPerVote":0,"recycled":false,"excluded":[]},{"pool":"alETH+frxETH (0xB657…)","token":"ALCX","gauge":"0x415f30505368fa1db82feea02eb778be04e75907","choice":116,"amount":1764,"amountDollars":16440.48,"maxPerVote":0,"recycled":false,"excluded":[]},{"pool":"fraxtal-frxUSD+FXB202… (0xeE45…)","token":"FXS","gauge":"0x48100238c4a3cf44cfbf6c7693ed5c216881face","choice":560,"amount":2940,"amountDollars":7526.400000000001,"maxPerVote":0,"recycled":false,"excluded":[]},{"pool":"WETH+frxETH (0x9c3B…)","token":"FXS","gauge":"0x4e21418095d32d15c6e2b96a9910772613a50d50","choice":167,"amount":2783.2,"amountDollars":7124.991999999999,"maxPerVote":0,"recycled":false,"excluded":[]},{"pool":"frxUSD+sUSDS (0x81A2…)","token":"FXS","gauge":"0x52618c40ddba3cbbb69f3aaa4cb26ae649844b17","choice":358,"amount":7331.6936,"amountDollars":18769.135616,"maxPerVote":0,"recycled":false,"excluded":[]},{"pool":"fraxtal-lend-crvUSD(s… (0x279A…)","token":"FXS","gauge":"0x541f57ab2032a042ce6b02fd435347fbae1f6d0a","choice":565,"amount":686,"amountDollars":1756.16,"maxPerVote":0,"recycled":false,"excluded":[]},{"pool":"pxETH+stETH (0x6951…)","token":"USDC","gauge":"0x58215f083882a5eb7056ac34a0fdda9d3b5665d2","choice":206,"amount":9564.8,"amountDollars":9562.667049599999,"maxPerVote":0,"recycled":false,"excluded":[]},{"pool":"fraxtal-frxUSD+sUSDe (0x8b4E…)","token":"FXS","gauge":"0x59005665c5060d3abee291a21de0375cf1bbed03","choice":559,"amount":490,"amountDollars":1254.4,"maxPerVote":0,"recycled":false,"excluded":[]},{"pool":"reUSD+sfrxUSD (0xed78…)","token":"RSUP","gauge":"0x5c0b03914f68f2717d779a0211fd98c2cc45a4dd","choice":378,"amount":9255.12,"amountDollars":10735.9392,"maxPerVote":0,"recycled":false,"excluded":[]},{"pool":"fraxtal-frxUSD+DAI (0x86d7…)","token":"FXS","gauge":"0x64100c172d5dc8007e3ee701ecd99468619b6583","choice":552,"amount":294,"amountDollars":752.64,"maxPerVote":0,"recycled":false,"excluded":[]},{"pool":"fraxtal-scrvUSD+sfrxU… (0xaC5d…)","token":"FXS","gauge":"0x660622adba5339e62d800be440d6d0c8c1838559","choice":571,"amount":980,"amountDollars":2508.8,"maxPerVote":0,"recycled":false,"excluded":[]},{"pool":"FXN+cvxFXN (0x1062…)","token":"CVX","gauge":"0x724476f141ed2de4da22ebdf435905def1118317","choice":188,"amount":2093.28,"amountDollars":7075.286400000001,"maxPerVote":0,"recycled":false,"excluded":[]},{"pool":"fraxtal-frxUSD+PYUSD (0x35c6…)","token":"FXS","gauge":"0x72bd89f2e3470fa5d188cf04eda17e8145eb4bf1","choice":553,"amount":294,"amountDollars":752.64,"maxPerVote":0,"recycled":false,"excluded":[]},{"pool":"alUSD+FRAXBP (0xB30d…)","token":"FXS","gauge":"0x740ba8aa0052e07b925908b380248cb03f3de5cb","choice":63,"amount":1232.705972093349,"amountDollars":3155.727288558973,"maxPerVote":0,"recycled":false,"excluded":[]},{"pool":"alUSD+FRAXBP (0xB30d…)","token":"ALCX","gauge":"0x740ba8aa0052e07b925908b380248cb03f3de5cb","choice":63,"amount":1568,"amountDollars":14613.76,"maxPerVote":0,"recycled":false,"excluded":[]},{"pool":"fraxtal-frxUSD+FXB202… (0x15d1…)","token":"FXS","gauge":"0x7506a3e213c362b9e21895c2bd930df454d46573","choice":578,"amount":735,"amountDollars":1881.6000000000001,"maxPerVote":0,"recycled":false,"excluded":[]},{"pool":"CVX+clevCVX (0xF907…)","token":"CVX","gauge":"0x7970489a543fb237abab63d62524d8a5ce165b86","choice":92,"amount":980,"amountDollars":3312.4,"maxPerVote":0,"recycled":false,"excluded":[]},{"pool":"fraxtal-frxUSD+FXB205… (0x4Cfc…)","token":"FXS","gauge":"0x7ba1e40dae22847e6c521ba297d40ff1c5fd97dd","choice":561,"amount":2450,