{"curve":{"statusCode":200,"epoch":{"id":"votium-cvx-crv-102","platform":"votium","protocol":"cvx-crv","round":102,"proposal":"0x480b1012b64595a78885929ffe9762bded085f5cc81a9a3926d431ad08238d49","end":1754352000,"scoresTotal":38756401.67630834,"bribed":{"alETH+frxETH (0xB657…)":577234.252078644,"alETH+WETH (0x8eFD…)":213035.8475161551,"alUSD+FRAXBP (0xB30d…)":589620.8759740917,"arbi-alUSD+USDC (0x7848…)":66327.80027959688,"COIL+FRAXBP (0xAF42…)":441077.58982097055,"CRV+cvxCRV (0x971a…)":3439778.592329954,"CVX+clevCVX (0xF907…)":141872.60056063422,"DOLA+sUSDe (0x7447…)":3354876.3423018293,"DOLA+sUSDS (0x8b83…)":1323028.3693741604,"DOLA+USR (0x38De…)":3085353.8324358026,"ETH+frxETH (0xa1F8…)":103708.6611730562,"eUSD+FRAXBP (0xAEda…)":23108.05994651888,"FRAX+USDe (0x5dc1…)":3853729.8879697034,"fraxtal-CRV+frxUSD (0x89b4…)":20974.4218839466,"fraxtal-crvUSD+frxUSD (0x63Eb…)":47205.649705105796,"fraxtal-dUSD+sfrxUSD (0x5eCF…)":20974.4218839466,"fraxtal-frxETH+sfrxETH (0xF2f4…)":117607.88663595976,"fraxtal-frxETH+SQUID (0x277F…)":47205.649705105796,"fraxtal-frxUSD+DAI (0x86d7…)":20974.4218839466,"fraxtal-frxUSD+dUSD (0x9CA6…)":20974.4218839466,"fraxtal-frxUSD+frxETH… (0xa0D3…)":62984.31370480358,"fraxtal-frxUSD+FXB202… (0x15d1…)":128254.0805940594,"fraxtal-frxUSD+FXB202… (0xeE45…)":258954.12221867836,"fraxtal-frxUSD+FXB205… (0x4Cfc…)":155098.07311021484,"fraxtal-frxUSD+PYUSD (0x35c6…)":42751.3601980198,"fraxtal-frxUSD+sUSDe (0x8b4E…)":64127.0402970297,"fraxtal-frxUSD+USDC (0xa8eB…)":42751.3601980198,"fraxtal-frxUSD+USDe (0x1e19…)":50417.73235029375,"fraxtal-frxUSD+USDT (0xcAEF…)":47205.649705105796,"fraxtal-FXB20251231+F… (0x2421…)":70788.76531205213,"fraxtal-lend-crvUSD(s… (0x0Edf…)":25187.236613396242,"fraxtal-lend-crvUSD(s… (0x279A…)":50417.73235029375,"fraxtal-lend-crvUSD(W… (0xa757…)":25187.236613396242,"fraxtal-scrvUSD+sfrxU… (0xaC5d…)":62984.31370480358,"fraxtal-WFRAX+cvxFXS (0x3a38…)":70760.08430723986,"frxETH+CVX (0x47D5…)":581730.8515366337,"frxUSD+sUSDS (0x81A2…)":601580.3661622015,"FXN+cvxFXN (0x1062…)":170529.2107076717,"FXS+cvxFXS (0x6a90…)":36228.04667584311,"msUSD+FRAXBP (0xc3b1…)":525727.5176765076,"OHM+FRAXBP (0xFc1e…)":26436.997548657153,"pxETH+stETH (0x6951…)":305407.32589343423,"rETH+frxETH (0xe7c6…)":23054.29838064917,"reUSD+fxUSD (0xb0ef…)":184905.17656204687,"reUSD+scrvUSD (0xc522…)":5241158.0980813,"reUSD+sDOLA (0x48d6…)":263849.5052322406,"reUSD+sfrxUSD (0xed78…)":407760.0703836403,"sDOLA+alUSD (0x4606…)":335532.65250684833,"stETH+frxETH (0x4d9f…)":214677.11028490507,"STG+FRAXBP (0x867f…)":23891.584256325514,"WETH+CVX (0xB576…)":1590763.6023176352,"WETH+frxETH (0x9c3B…)":251986.0810611831,"WETH+pxETH (0xC8Eb…)":305407.32589343423,"WETH+RSUP (0xEe35…)":1355591.6095827303},"bribes":[{"pool":"fraxtal-frxUSD+dUSD (0x9CA6…)","token":"FXS","gauge":"0x05600c37d54a4f3cdc76e0867af1530becc332ca","choice":562,"amount":245,"amountDollars":720.3,"maxPerVote":0,"recycled":false,"excluded":[]},{"pool":"COIL+FRAXBP (0xAF42…)","token":"FXS","gauge":"0x06b30d5f2341c2fb3f6b48b109685997022bd272","choice":123,"amount":130.07121107946318,"amountDollars":382.40936057362177,"maxPerVote":0,"recycled":false,"excluded":[]},{"pool":"OHM+FRAXBP (0xFc1e…)","token":"FXS","gauge":"0x06f691180f643b35e3644a2296a4097e1f577d0d","choice":86,"amount":72.57561046171419,"amountDollars":213.37229475743973,"maxPerVote":0,"recycled":false,"excluded":[]},{"pool":"fraxtal-WFRAX+cvxFXS (0x3a38…)","token":"CVX","gauge":"0x070ebc9f46d0a6a523d31eb4ae7901c56ad97ae2","choice":547,"amount":511.56,"amountDollars":2337.8292,"maxPerVote":0,"recycled":false,"excluded":[]},{"pool":"WETH+RSUP (0xEe35…)","token":"RSUP","gauge":"0x09f62a6777032329c0d49f1fd4fbe9b3468cda56","choice":379,"amount":33054.42,"amountDollars":42970.746,"maxPerVote":0,"recycled":false,"excluded":[]},{"pool":"FXS+cvxFXS (0x6a90…)","token":"CVX","gauge":"0x0c58c509305a8a7fe9a6a60ceaac6185b96ecbb7","choice":152,"amount":128.38,"amountDollars":586.6966,"maxPerVote":0,"recycled":false,"excluded":[]},{"pool":"sDOLA+alUSD (0x4606…)","token":"ALCX","gauge":"0x19f9266f349158b54a6d95dce79297df670f7f14","choice":345,"amount":1225,"amountDollars":11319,"maxPerVote":0,"recycled":false,"excluded":[]},{"pool":"ETH+frxETH (0xa1F8…)","token":"CRV","gauge":"0x2932a86df44fe8d2a706d8e9c5d51c24883423f5","choice":80,"amount":3130.12,"amountDollars":2941.7932000799997,"maxPerVote":0,"recycled":false,"excluded":[]},{"pool":"fraxtal-CRV+frxUSD (0x89b4…)","token":"FXS","gauge":"0x304c0564b897e6e72b040f0445ab1bdf391726fe","choice":567,"amount":245,"amountDollars":720.3,"maxPerVote":0,"recycled":false,"excluded":[]},{"pool":"alETH+frxETH (0xB657…)","token":"ALCX","gauge":"0x415f30505368fa1db82feea02eb778be04e75907","choice":116,"amount":1764,"amountDollars":16299.36,"maxPerVote":0,"recycled":false,"excluded":[]},{"pool":"alETH+frxETH (0xB657…)","token":"FXS","gauge":"0x415f30505368fa1db82feea02eb778be04e75907","choice":116,"amount":1087.0360193944575,"amountDollars":3195.885897019705,"maxPerVote":0,"recycled":false,"excluded":[]},{"pool":"fraxtal-frxUSD+FXB202… (0xeE45…)","token":"FXS","gauge":"0x48100238c4a3cf44cfbf6c7693ed5c216881face","choice":550,"amount":2940,"amountDollars":8643.6,"maxPerVote":0,"recycled":false,"excluded":[]},{"pool":"WETH+frxETH (0x9c3B…)","token":"CRV","gauge":"0x4e21418095d32d15c6e2b96a9910772613a50d50","choice":167,"amount":9005.22,"amountDollars":8463.41193348,"maxPerVote":0,"recycled":false,"excluded":[]},{"pool":"frxUSD+sUSDS (0x81A2…)","token":"FXS","gauge":"0x52618c40ddba3cbbb69f3aaa4cb26ae649844b17","choice":358,"amount":6623.8788,"amountDollars":19474.203672,"maxPerVote":0,"recycled":false,"excluded":[]},{"pool":"fraxtal-lend-crvUSD(s… (0x279A…)","token":"FXS","gauge":"0x541f57ab2032a042ce6b02fd435347fbae1f6d0a","choice":555,"amount":588,"amountDollars":1728.72,"maxPerVote":0,"recycled":false,"excluded":[]},{"pool":"pxETH+stETH (0x6951…)","token":"DAI","gauge":"0x58215f083882a5eb7056ac34a0fdda9d3b5665d2","choice":206,"amount":9800,"amountDollars":9797.2168,"maxPerVote":0,"recycled":false,"excluded":[]},{"pool":"fraxtal-frxUSD+sUSDe (0x8b4E…)","token":"FXS","gauge":"0x59005665c5060d3abee291a21de0375cf1bbed03","choice":549,"amount":490,"amountDollars":1440.6,"maxPerVote":0,"recycled":false,"excluded":[]},{"pool":"reUSD+sfrxUSD (0xed78…)","token":"RSUP","gauge":"0x5c0b03914f68f2717d779a0211fd98c2cc45a4dd","choice":378,"amount":10162.6,"amountDollars":13211.380000000001,"maxPerVote":0,"recycled":false,"excluded":[]},{"pool":"fraxtal-frxUSD+DAI (0x86d7…)","token":"FXS","gauge":"0x64100c172d5dc8007e3ee701ecd99468619b6583","choice":542,"amount":245,"amountDollars":720.3,"maxPerVote":0,"recycled":false,"excluded":[]},{"pool":"fraxtal-scrvUSD+sfrxU… (0xaC5d…)","token":"FXS","gauge":"0x660622adba5339e62d800be440d6d0c8c1838559","choice":561,"amount":735,"amountDollars":2160.9,"maxPerVote":0,"recycled":false,"excluded":[]},{"pool":"FXN+cvxFXN (0x1062…)","token":"CVX","gauge":"0x724476f141ed2de4da22ebdf435905def1118317","choice":188,"amount":1138.76,"amountDollars":5204.1332,"maxPerVote":0,"recycled":false,"excluded":[]},{"pool":"fraxtal-frxUSD+PYUSD (0x35c6…)","token":"FXS","gauge":"0x72bd89f2e3470fa5d188cf04eda17e8145eb4bf1","choice":543,"amount":245,"amountDollars":720.3,"maxPerVote":0,"recycled":false,"excluded":[]},{"pool":"alUSD+FRAXBP (0xB30d…)","token":"ALCX","gauge":"0x740ba8aa0052e07b925908b380248cb03f3de5cb","choice":63,"amount":1568,"amountDollars":14488.32,"maxPerVote":0,"recycled":false,"excluded":[]},{"pool":"alUSD+FRAXBP (0xB30d…)","token":"FXS","gauge":"0x740ba8aa0052e07b925908b380248cb03f3de5cb","choice":63,"amount":1243.9504989930574,"amountDollars":3657.2144670395887,"maxPerVote":0,"recycled":false,"excluded":[]},{"pool":"fraxtal-frxUSD+FXB202… (0x15d1…)","token":"FXS","gauge":"0x7506a3e213c362b9e21895c2bd930df454d46573","choice":568,"amount":490,"amountDollars":1440.6,"maxPerVote":0,"recycled":false,"excluded":[]},{"pool":"CVX+clevCVX (0xF907…)","token":"CVX",