{"curve":{"statusCode":200,"epoch":{"id":"votium-cvx-crv-104","platform":"votium","protocol":"cvx-crv","round":104,"proposal":"0x454d3ceb61b1fcd78b6a885325153ef804148ece3d2bb968f20fe2a905ff8307","end":1756771200,"scoresTotal":35046280.3784515,"bribed":{"alETH+frxETH (0xB657…)":532776.8207557645,"alETH+WETH (0x8eFD…)":204828.52465438613,"alUSD+FRAXBP (0xB30d…)":511748.60538003064,"arbi-alUSD+USDC (0x7848…)":63382.92968988276,"COIL+FRAXBP (0xAF42…)":13473.462644219904,"CRV+cvxCRV (0x971a…)":2539929.851585973,"CVX+clevCVX (0xF907…)":104849.99572171268,"DOLA+sUSDe (0x7447…)":3244328.0862727207,"DOLA+sUSDS (0x8b83…)":1488697.2617200424,"DOLA+USR (0x38De…)":3302343.9653798314,"ETH+frxETH (0xa1F8…)":63935.54172897113,"FRAX+USDe (0x5dc1…)":3524883.1645685127,"fraxtal-CRV+frxUSD (0x89b4…)":20780.834293951877,"fraxtal-crvUSD+frxUSD (0x63Eb…)":41537.89216075364,"fraxtal-frxETH+sfrxETH (0xF2f4…)":104795.76070268505,"fraxtal-frxUSD+DAI (0x86d7…)":20780.834293951877,"fraxtal-frxUSD+dUSD (0x9CA6…)":20780.834293951877,"fraxtal-frxUSD+frxETH… (0xa0D3…)":51971.900436841344,"fraxtal-frxUSD+FXB202… (0x15d1…)":51971.900436841344,"fraxtal-frxUSD+FXB202… (0xeE45…)":235620.30888202466,"fraxtal-frxUSD+FXB205… (0x4Cfc…)":189173.8655008521,"fraxtal-frxUSD+PYUSD (0x35c6…)":20780.834293951877,"fraxtal-frxUSD+sUSDe (0x8b4E…)":34618.872871819716,"fraxtal-frxUSD+USDC (0xa8eB…)":20780.834293951877,"fraxtal-frxUSD+USDe (0x1e19…)":34618.872871819716,"fraxtal-frxUSD+USDT (0xcAEF…)":34618.872871819716,"fraxtal-FXB20251231+F… (0x2421…)":51971.900436841344,"fraxtal-lend-crvUSD(s… (0x0Edf…)":27699.853582885797,"fraxtal-lend-crvUSD(s… (0x279A…)":48456.911449687555,"fraxtal-lend-crvUSD(W… (0xa757…)":27699.853582885797,"fraxtal-scrvUSD+sfrxU… (0xaC5d…)":69249.6339572145,"fraxtal-WFRAX+cvxFXS (0x3a38…)":63834.33982313201,"frxETH+CVX (0x47D5…)":414357.8834320947,"frxUSD+sUSDS (0x81A2…)":586153.1725138006,"FXN+cvxFXN (0x1062…)":252112.62216318733,"FXS+cvxFXS (0x6a90…)":17806.012881898365,"lend-crvUSD(fxSAVE) (0x7430…)":221327.24430195015,"msUSD+FRAXBP (0xc3b1…)":626416.9599616856,"pxETH+stETH (0x6951…)":270027.77770460263,"rETH+frxETH (0xe7c6…)":21549.615565171058,"reUSD+fxUSD (0xb0ef…)":255997.7098789707,"reUSD+scrvUSD (0xc522…)":4503731.960013319,"reUSD+sDOLA (0x48d6…)":235969.49967442476,"reUSD+sfrxUSD (0xed78…)":363142.2792164178,"sDOLA+alUSD (0x4606…)":332860.780082677,"stETH+frxETH (0x4d9f…)":221664.7481427369,"STG+FRAXBP (0x867f…)":26106.814735770295,"USDC+jUSD (0x6A0c…)":139026.24475759052,"WETH+CVX (0xB576…)":1227811.434433763,"WETH+frxETH (0x9c3B…)":212610.8212621465,"WETH+pxETH (0xC8Eb…)":270027.77770460263,"WETH+RSUP (0xEe35…)":1169792.2581823277},"bribes":[{"pool":"fraxtal-frxUSD+dUSD (0x9CA6…)","token":"FXS","gauge":"0x05600c37d54a4f3cdc76e0867af1530becc332ca","choice":572,"amount":294,"amountDollars":743.8199999999999,"maxPerVote":0,"recycled":false,"excluded":[]},{"pool":"COIL+FRAXBP (0xAF42…)","token":"FXS","gauge":"0x06b30d5f2341c2fb3f6b48b109685997022bd272","choice":123,"amount":190.29073859498715,"amountDollars":481.43556864531746,"maxPerVote":0,"recycled":false,"excluded":[]},{"pool":"fraxtal-WFRAX+cvxFXS (0x3a38…)","token":"CVX","gauge":"0x070ebc9f46d0a6a523d31eb4ae7901c56ad97ae2","choice":557,"amount":617.4,"amountDollars":2105.334,"maxPerVote":0,"recycled":false,"excluded":[]},{"pool":"WETH+RSUP (0xEe35…)","token":"RSUP","gauge":"0x09f62a6777032329c0d49f1fd4fbe9b3468cda56","choice":379,"amount":33521.88,"amountDollars":39555.8184,"maxPerVote":0,"recycled":false,"excluded":[]},{"pool":"FXS+cvxFXS (0x6a90…)","token":"CVX","gauge":"0x0c58c509305a8a7fe9a6a60ceaac6185b96ecbb7","choice":152,"amount":154.84,"amountDollars":528.0044,"maxPerVote":0,"recycled":false,"excluded":[]},{"pool":"sDOLA+alUSD (0x4606…)","token":"ALCX","gauge":"0x19f9266f349158b54a6d95dce79297df670f7f14","choice":345,"amount":1225,"amountDollars":11527.25,"maxPerVote":0,"recycled":false,"excluded":[]},{"pool":"ETH+frxETH (0xa1F8…)","token":"FXS","gauge":"0x2932a86df44fe8d2a706d8e9c5d51c24883423f5","choice":80,"amount":904.54,"amountDollars":2288.4862,"maxPerVote":0,"recycled":false,"excluded":[]},{"pool":"fraxtal-CRV+frxUSD (0x89b4…)","token":"FXS","gauge":"0x304c0564b897e6e72b040f0445ab1bdf391726fe","choice":577,"amount":294,"amountDollars":743.8199999999999,"maxPerVote":0,"recycled":false,"excluded":[]},{"pool":"alETH+frxETH (0xB657…)","token":"FXS","gauge":"0x415f30505368fa1db82feea02eb778be04e75907","choice":116,"amount":790.7044910123161,"amountDollars":2000.4823622611596,"maxPerVote":0,"recycled":false,"excluded":[]},{"pool":"alETH+frxETH (0xB657…)","token":"ALCX","gauge":"0x415f30505368fa1db82feea02eb778be04e75907","choice":116,"amount":1764,"amountDollars":16599.24,"maxPerVote":0,"recycled":false,"excluded":[]},{"pool":"fraxtal-frxUSD+FXB202… (0xeE45…)","token":"FXS","gauge":"0x48100238c4a3cf44cfbf6c7693ed5c216881face","choice":560,"amount":2940,"amountDollars":7438.2,"maxPerVote":0,"recycled":false,"excluded":[]},{"pool":"WETH+frxETH (0x9c3B…)","token":"FXS","gauge":"0x4e21418095d32d15c6e2b96a9910772613a50d50","choice":167,"amount":2783.2,"amountDollars":7041.495999999999,"maxPerVote":0,"recycled":false,"excluded":[]},{"pool":"frxUSD+sUSDS (0x81A2…)","token":"FXS","gauge":"0x52618c40ddba3cbbb69f3aaa4cb26ae649844b17","choice":358,"amount":7331.6936,"amountDollars":18549.184807999998,"maxPerVote":0,"recycled":false,"excluded":[]},{"pool":"fraxtal-lend-crvUSD(s… (0x279A…)","token":"FXS","gauge":"0x541f57ab2032a042ce6b02fd435347fbae1f6d0a","choice":565,"amount":686,"amountDollars":1735.58,"maxPerVote":0,"recycled":false,"excluded":[]},{"pool":"pxETH+stETH (0x6951…)","token":"USDC","gauge":"0x58215f083882a5eb7056ac34a0fdda9d3b5665d2","choice":206,"amount":9564.8,"amountDollars":9563.346150399999,"maxPerVote":0,"recycled":false,"excluded":[]},{"pool":"fraxtal-frxUSD+sUSDe (0x8b4E…)","token":"FXS","gauge":"0x59005665c5060d3abee291a21de0375cf1bbed03","choice":559,"amount":490,"amountDollars":1239.6999999999998,"maxPerVote":0,"recycled":false,"excluded":[]},{"pool":"reUSD+sfrxUSD (0xed78…)","token":"RSUP","gauge":"0x5c0b03914f68f2717d779a0211fd98c2cc45a4dd","choice":378,"amount":9255.12,"amountDollars":10921.0416,"maxPerVote":0,"recycled":false,"excluded":[]},{"pool":"fraxtal-frxUSD+DAI (0x86d7…)","token":"FXS","gauge":"0x64100c172d5dc8007e3ee701ecd99468619b6583","choice":552,"amount":294,"amountDollars":743.8199999999999,"maxPerVote":0,"recycled":false,"excluded":[]},{"pool":"fraxtal-scrvUSD+sfrxU… (0xaC5d…)","token":"FXS","gauge":"0x660622adba5339e62d800be440d6d0c8c1838559","choice":571,"amount":980,"amountDollars":2479.3999999999996,"maxPerVote":0,"recycled":false,"excluded":[]},{"pool":"FXN+cvxFXN (0x1062…)","token":"CVX","gauge":"0x724476f141ed2de4da22ebdf435905def1118317","choice":188,"amount":2093.28,"amountDollars":7138.0848000000005,"maxPerVote":0,"recycled":false,"excluded":[]},{"pool":"fraxtal-frxUSD+PYUSD (0x35c6…)","token":"FXS","gauge":"0x72bd89f2e3470fa5d188cf04eda17e8145eb4bf1","choice":553,"amount":294,"amountDollars":743.8199999999999,"maxPerVote":0,"recycled":false,"excluded":[]},{"pool":"alUSD+FRAXBP (0xB30d…)","token":"FXS","gauge":"0x740ba8aa0052e07b925908b380248cb03f3de5cb","choice":63,"amount":1232.705972093349,"amountDollars":3118.7461093961724,"maxPerVote":0,"recycled":false,"excluded":[]},{"pool":"alUSD+FRAXBP (0xB30d…)","token":"ALCX","gauge":"0x740ba8aa0052e07b925908b380248cb03f3de5cb","choice":63,"amount":1568,"amountDollars":14754.880000000001,"maxPerVote":0,"recycled":false,"excluded":[]},{"pool":"fraxtal-frxUSD+FXB202… (0x15d1…)","token":"FXS","gauge":"0x7506a3e213c362b9e21895c2bd930df454d46573","choice":578,"amount":735,"amountDollars":1859.55,"maxPerVote":0,"recycled":false,"excluded":[]},{"pool":"CVX+clevCVX (0xF907…)","token":"CVX","gauge":"0x7970489a543fb237abab63d62524d8a5ce165b86","choice":92,"amount":980,"amountDollars":3341.8,"maxPerVote":0,"recycled":false,"excluded":[]},{"pool":"fraxtal-frxUSD+FXB205… (0x4Cfc…)","token":"FXS",