{"curve":{"statusCode":200,"epoch":{"id":"votium-cvx-crv-98","platform":"votium","protocol":"cvx-crv","round":98,"proposal":"0x662c82169a3e7c0ff0baeb3ceb20f9d76115b2cd2d9b138cee48d8f8f80812b0","end":1749513600,"scoresTotal":31081502.60484158,"bribed":{"alETH+frxETH (0xB657…)":501897.4859865243,"alETH+WETH (0x8eFD…)":182821.9373122436,"alUSD+FRAXBP (0xB30d…)":412794.3590718347,"arbi-alUSD+USDC (0x7848…)":56992.52910252081,"COIL+FRAXBP (0xAF42…)":392518.478534364,"CRV+cvxCRV (0x971a…)":2657789.274742528,"CVX+afCVX (0x7956…)":74296.34282024829,"CVX+clevCVX (0xF907…)":70775.04429958944,"DOLA+DBR+INV (0xC7DE…)":239705.25171146274,"DOLA+deUSD (0x6691…)":399996.2631267213,"DOLA+sUSDe (0x7447…)":2002735.6186677362,"DOLA+sUSDS (0x8b83…)":880826.6077196043,"DOLA+USR (0x38De…)":2002735.6186677362,"ETH+frxETH (0xa1F8…)":49625.133318099426,"eUSD+FRAXBP (0xAEda…)":2033.2998246549798,"FRAX+USDe (0x5dc1…)":1802511.0620535542,"fraxtal-CRV+frxUSD (0x89b4…)":18423.04649087034,"fraxtal-crvUSD+frxUSD (0x63Eb…)":33462.52777871522,"fraxtal-dUSD+sfrxUSD (0x5eCF…)":18423.04649087034,"fraxtal-frxETH+sfrxETH (0xF2f4…)":112086.18907385788,"fraxtal-frxETH+SQUID (0x277F…)":36846.09298174068,"fraxtal-frxUSD+DAI (0x86d7…)":21806.611693895793,"fraxtal-frxUSD+dUSD (0x9CA6…)":18423.04649087034,"fraxtal-frxUSD+frxETH… (0xa0D3…)":36846.09298174068,"fraxtal-frxUSD+FXB202… (0xeE45…)":224924.9883855873,"fraxtal-frxUSD+FXB205… (0x4Cfc…)":149684.8922934701,"fraxtal-frxUSD+PYUSD (0x35c6…)":14286.87104997335,"fraxtal-frxUSD+sUSDe (0x8b4E…)":36846.09298174068,"fraxtal-frxUSD+USDC (0xa8eB…)":18423.04649087034,"fraxtal-frxUSD+USDe (0x1e19…)":56021.74971048255,"fraxtal-frxUSD+USDT (0xcAEF…)":44365.833625663116,"fraxtal-FXB20251231+F… (0x2421…)":56021.74971048255,"fraxtal-lend-crvUSD(s… (0x0Edf…)":75050.90911538056,"fraxtal-lend-crvUSD(s… (0x279A…)":36846.09298174068,"fraxtal-lend-crvUSD(W… (0xa757…)":36846.09298174068,"fraxtal-scrvUSD+sfrxU… (0xaC5d…)":89526.96714209055,"fraxtal-WFRAX+cvxFXS (0x3a38…)":59182.48735063342,"frxETH+CVX (0x47D5…)":397117.49146860244,"FXN+cvxFXN (0x1062…)":138446.01558216498,"FXS+cvxFXS (0x6a90…)":14622.320660533502,"lend-crvUSD(sDOLA) (0x992B…)":112717.09208784395,"msETH+frxETH (0x2d60…)":7562.430296815223,"msUSD+FRAXBP (0xc3b1…)":223821.85011685363,"OHM+FRAXBP (0xFc1e…)":3682.3927732749253,"rETH+frxETH (0xe7c6…)":2075.9894775477615,"reUSD+scrvUSD (0xc522…)":6640610.4974440895,"reUSD+sDOLA (0x48d6…)":233573.67324218943,"reUSD+sfrxUSD (0xed78…)":458074.3883744153,"sDOLA+alUSD (0x4606…)":285391.4138356239,"stETH+frxETH (0x4d9f…)":177365.79461121792,"STG+FRAXBP (0x867f…)":20072.13943949028,"USDaf+crv2pool (0x9559…)":150948.91337821135,"WETH+ASF (0x3D0d…)":954203.5211083267,"WETH+CVX (0xB576…)":1205391.445764131,"WETH+frxETH (0x9c3B…)":161134.83501697832,"WETH+RSUP (0xEe35…)":1756807.942736836},"bribes":[{"pool":"fraxtal-frxUSD+dUSD (0x9CA6…)","token":"FXS","gauge":"0x05600c37d54a4f3cdc76e0867af1530becc332ca","choice":560,"amount":245,"amountDollars":671.3000000000001,"maxPerVote":0,"recycled":false,"excluded":[]},{"pool":"COIL+FRAXBP (0xAF42…)","token":"FXS","gauge":"0x06b30d5f2341c2fb3f6b48b109685997022bd272","choice":123,"amount":107.24914677411063,"amountDollars":293.86266216106316,"maxPerVote":0,"recycled":false,"excluded":[]},{"pool":"OHM+FRAXBP (0xFc1e…)","token":"FXS","gauge":"0x06f691180f643b35e3644a2296a4097e1f577d0d","choice":86,"amount":59.105787884824146,"amountDollars":161.94985880441817,"maxPerVote":0,"recycled":false,"excluded":[]},{"pool":"fraxtal-WFRAX+cvxFXS (0x3a38…)","token":"CVX","gauge":"0x070ebc9f46d0a6a523d31eb4ae7901c56ad97ae2","choice":544,"amount":836.92,"amountDollars":2301.5299999999997,"maxPerVote":0,"recycled":false,"excluded":[]},{"pool":"WETH+RSUP (0xEe35…)","token":"RSUP","gauge":"0x09f62a6777032329c0d49f1fd4fbe9b3468cda56","choice":396,"amount":28566.02,"amountDollars":65416.1858,"maxPerVote":0,"recycled":false,"excluded":[]},{"pool":"FXS+cvxFXS (0x6a90…)","token":"CVX","gauge":"0x0c58c509305a8a7fe9a6a60ceaac6185b96ecbb7","choice":152,"amount":209.72,"amountDollars":576.73,"maxPerVote":0,"recycled":false,"excluded":[]},{"pool":"sDOLA+alUSD (0x4606…)","token":"ALCX","gauge":"0x19f9266f349158b54a6d95dce79297df670f7f14","choice":358,"amount":1225,"amountDollars":10927,"maxPerVote":0,"recycled":false,"excluded":[]},{"pool":"WETH+ASF (0x3D0d…)","token":"USDC","gauge":"0x1a38a26f1eb658f0caef3a5a722e56d44511279b","choice":351,"amount":29400,"amountDollars":29394.384599999998,"maxPerVote":0,"recycled":false,"excluded":[]},{"pool":"ETH+frxETH (0xa1F8…)","token":"CRV","gauge":"0x2932a86df44fe8d2a706d8e9c5d51c24883423f5","choice":80,"amount":2843.96,"amountDollars":1917.1902229200002,"maxPerVote":0,"recycled":false,"excluded":[]},{"pool":"fraxtal-CRV+frxUSD (0x89b4…)","token":"FXS","gauge":"0x304c0564b897e6e72b040f0445ab1bdf391726fe","choice":564,"amount":245,"amountDollars":671.3000000000001,"maxPerVote":0,"recycled":false,"excluded":[]},{"pool":"alETH+frxETH (0xB657…)","token":"ALCX","gauge":"0x415f30505368fa1db82feea02eb778be04e75907","choice":116,"amount":1764,"amountDollars":15734.88,"maxPerVote":0,"recycled":false,"excluded":[]},{"pool":"alETH+frxETH (0xB657…)","token":"FXS","gauge":"0x415f30505368fa1db82feea02eb778be04e75907","choice":116,"amount":531.9744755874071,"amountDollars":1457.6100631094957,"maxPerVote":0,"recycled":false,"excluded":[]},{"pool":"fraxtal-frxUSD+FXB202… (0xeE45…)","token":"FXS","gauge":"0x48100238c4a3cf44cfbf6c7693ed5c216881face","choice":547,"amount":2940,"amountDollars":8055.6,"maxPerVote":0,"recycled":false,"excluded":[]},{"pool":"WETH+frxETH (0x9c3B…)","token":"CRV","gauge":"0x4e21418095d32d15c6e2b96a9910772613a50d50","choice":167,"amount":9381.54,"amountDollars":6324.349415580001,"maxPerVote":0,"recycled":false,"excluded":[]},{"pool":"fraxtal-lend-crvUSD(s… (0x279A…)","token":"FXS","gauge":"0x541f57ab2032a042ce6b02fd435347fbae1f6d0a","choice":552,"amount":490,"amountDollars":1342.6000000000001,"maxPerVote":0,"recycled":false,"excluded":[]},{"pool":"fraxtal-frxUSD+sUSDe (0x8b4E…)","token":"FXS","gauge":"0x59005665c5060d3abee291a21de0375cf1bbed03","choice":546,"amount":490,"amountDollars":1342.6000000000001,"maxPerVote":0,"recycled":false,"excluded":[]},{"pool":"reUSD+sfrxUSD (0xed78…)","token":"RSUP","gauge":"0x5c0b03914f68f2717d779a0211fd98c2cc45a4dd","choice":395,"amount":7586.18,"amountDollars":17372.3522,"maxPerVote":0,"recycled":false,"excluded":[]},{"pool":"DOLA+DBR+INV (0xC7DE…)","token":"INV","gauge":"0x5ccde4bec0f4006c3826b51edf0d227d12ea33fa","choice":202,"amount":294,"amountDollars":8037.96,"maxPerVote":0,"recycled":false,"excluded":[]},{"pool":"fraxtal-frxUSD+DAI (0x86d7…)","token":"FXS","gauge":"0x64100c172d5dc8007e3ee701ecd99468619b6583","choice":539,"amount":294,"amountDollars":805.5600000000001,"maxPerVote":0,"recycled":false,"excluded":[]},{"pool":"fraxtal-scrvUSD+sfrxU… (0xaC5d…)","token":"FXS","gauge":"0x660622adba5339e62d800be440d6d0c8c1838559","choice":559,"amount":1176,"amountDollars":3222.2400000000002,"maxPerVote":0,"recycled":false,"excluded":[]},{"pool":"FXN+cvxFXN (0x1062…)","token":"CVX","gauge":"0x724476f141ed2de4da22ebdf435905def1118317","choice":189,"amount":1924.72,"amountDollars":5292.9800000000005,"maxPerVote":0,"recycled":false,"excluded":[]},{"pool":"fraxtal-frxUSD+PYUSD (0x35c6…)","token":"FXS","gauge":"0x72bd89f2e3470fa5d188cf04eda17e8145eb4bf1","choice":540,"amount":196,"amountDollars":537.0400000000001,"maxPerVote":0,"recycled":false,"excluded":[]},{"pool":"alUSD+FRAXBP (0xB30d…)","token":"ALCX","gauge":"0x740ba8aa0052e07b925908b380248cb03f3de5cb","choice":63,"amount":1568,"amountDollars":13986.56,"maxPerVote":0,"recycled":false,"excluded":[]},{"pool":"alUSD+FRAXBP (0xB30d…)","token":"FXS","gauge":"0x740ba8aa0052e07b925908b380248cb03f3de5cb","choice":63,"amount":767.1545435496869,"amountDollars":2102.0034493261423,"maxPerVote":0,"recycled":false,"excluded":[]},{"pool":"CVX+clevCVX (0xF907…)","token":"CVX","gauge":"0x7970489a543fb237abab63d62524d8a5ce165b86","choice":92,