{"curve":{"statusCode":200,"epoch":{"id":"votium-cvx-crv-105","platform":"votium","protocol":"cvx-crv","round":105,"proposal":"0x89f831d44f235428a18e8dac887b46d72009b98e16f7442035822e9c3a5a5321","end":1757980800,"scoresTotal":24688256.109523546,"bribed":{"alETH+frxETH (0xB657…)":517270.9742257172,"alETH+WETH (0x8eFD…)":161476.65794265704,"alUSD+FRAXBP (0xB30d…)":376744.4479551398,"arbi-alUSD+USDC (0x7848…)":49637.69071211053,"COIL+FRAXBP (0xAF42…)":504910.07087292284,"CRV+cvxCRV (0x971a…)":2296831.194413071,"CVX+clevCVX (0xF907…)":76178.28608073646,"DOLA+sUSDe (0x7447…)":2287800.7423064737,"DOLA+sUSDS (0x8b83…)":975754.6344754435,"DOLA+USR (0x38De…)":2247298.8424904044,"ETH+frxETH (0xa1F8…)":25181.952886573217,"FRAX+USDe (0x5dc1…)":2659581.623254318,"fraxtal-CRV+frxUSD (0x89b4…)":18201.894294765512,"fraxtal-crvUSD+frxUSD (0x63Eb…)":48603.56529480197,"fraxtal-frxETH+sfrxETH (0xF2f4…)":91131.2193416841,"fraxtal-frxUSD+DAI (0x86d7…)":18201.894294765512,"fraxtal-frxUSD+dUSD (0x9CA6…)":18201.894294765512,"fraxtal-frxUSD+frxETH… (0xa0D3…)":45565.60967084205,"fraxtal-frxUSD+FXB202… (0x15d1…)":45565.60967084205,"fraxtal-frxUSD+FXB202… (0xeE45…)":151835.5490157638,"fraxtal-frxUSD+FXB205… (0x4Cfc…)":121470.77484494,"fraxtal-frxUSD+PYUSD (0x35c6…)":18201.894294765512,"fraxtal-frxUSD+sUSDe (0x8b4E…)":30364.774170823814,"fraxtal-frxUSD+USDC (0xa8eB…)":18201.894294765512,"fraxtal-frxUSD+USDe (0x1e19…)":30364.774170823814,"fraxtal-frxUSD+USDT (0xcAEF…)":30364.774170823814,"fraxtal-FXB20251231+F… (0x2421…)":45565.60967084205,"fraxtal-lend-crvUSD(s… (0x0Edf…)":22445.327730424222,"fraxtal-lend-crvUSD(s… (0x279A…)":40953.506019261185,"fraxtal-lend-crvUSD(W… (0xa757…)":23398.489455843286,"fraxtal-scrvUSD+sfrxU… (0xaC5d…)":60729.54834164763,"fraxtal-WFRAX+cvxFXS (0x3a38…)":51299.77930621828,"frxETH+CVX (0x47D5…)":309976.07138873916,"frxUSD+sUSDS (0x81A2…)":397544.93176312564,"FXN+cvxFXN (0x1062…)":128282.44693296336,"FXS+cvxFXS (0x6a90…)":14239.179747803159,"lend-crvUSD(sreUSD) (0xC32B…)":331096.3547230319,"msUSD+FRAXBP (0xc3b1…)":192690.44824083117,"pxETH+stETH (0x6951…)":37.51761063879112,"rETH+frxETH (0xe7c6…)":18197.665510234503,"reUSD+fxUSD (0xb0ef…)":123262.11704042554,"reUSD+scrvUSD (0xc522…)":2063236.157970857,"reUSD+sDOLA (0x48d6…)":140368.9013059084,"reUSD+sfrxUSD (0xed78…)":158274.30792017587,"sDOLA+alUSD (0x4606…)":251103.02340554437,"stETH+frxETH (0x4d9f…)":179560.0878170947,"STG+FRAXBP (0x867f…)":20149.589455399924,"USDC+jUSD (0x6A0c…)":31348.110812187995,"WETH+CVX (0xB576…)":3871976.7447394594,"WETH+frxETH (0x9c3B…)":168552.12405170168,"WETH+pxETH (0xC8Eb…)":37.51761063879112,"WETH+RSUP (0xEe35…)":489491.75486565137,"WETH+SQUILL (0x2034…)":780.4248963901875},"bribes":[{"pool":"WETH+SQUILL (0x2034…)","token":"CRV","gauge":"0x016c0930757671358eda5704ac0c156cec70ec30","choice":406,"amount":49,"amountDollars":37.389450000000004,"maxPerVote":0,"recycled":false,"excluded":[]},{"pool":"fraxtal-frxUSD+dUSD (0x9CA6…)","token":"FXS","gauge":"0x05600c37d54a4f3cdc76e0867af1530becc332ca","choice":575,"amount":294,"amountDollars":790.86,"maxPerVote":0,"recycled":false,"excluded":[]},{"pool":"COIL+FRAXBP (0xAF42…)","token":"FXS","gauge":"0x06b30d5f2341c2fb3f6b48b109685997022bd272","choice":123,"amount":142.5127438407108,"amountDollars":383.3592809315121,"maxPerVote":0,"recycled":false,"excluded":[]},{"pool":"COIL+FRAXBP (0xAF42…)","token":"CRV","gauge":"0x06b30d5f2341c2fb3f6b48b109685997022bd272","choice":123,"amount":29400,"amountDollars":22433.670000000002,"maxPerVote":0,"recycled":false,"excluded":[]},{"pool":"fraxtal-WFRAX+cvxFXS (0x3a38…)","token":"CVX","gauge":"0x070ebc9f46d0a6a523d31eb4ae7901c56ad97ae2","choice":560,"amount":652.68,"amountDollars":2238.6924,"maxPerVote":0,"recycled":false,"excluded":[]},{"pool":"WETH+RSUP (0xEe35…)","token":"RSUP","gauge":"0x09f62a6777032329c0d49f1fd4fbe9b3468cda56","choice":379,"amount":25318.3,"amountDollars":23801.9363764,"maxPerVote":0,"recycled":false,"excluded":[]},{"pool":"FXS+cvxFXS (0x6a90…)","token":"CVX","gauge":"0x0c58c509305a8a7fe9a6a60ceaac6185b96ecbb7","choice":152,"amount":162.68,"amountDollars":557.9924000000001,"maxPerVote":0,"recycled":false,"excluded":[]},{"pool":"sDOLA+alUSD (0x4606…)","token":"ALCX","gauge":"0x19f9266f349158b54a6d95dce79297df670f7f14","choice":345,"amount":1225,"amountDollars":11613,"maxPerVote":0,"recycled":false,"excluded":[]},{"pool":"ETH+frxETH (0xa1F8…)","token":"FXS","gauge":"0x2932a86df44fe8d2a706d8e9c5d51c24883423f5","choice":80,"amount":428.26,"amountDollars":1152.0194,"maxPerVote":0,"recycled":false,"excluded":[]},{"pool":"lend-crvUSD(sreUSD) (0xC32B…)","token":"RSUP","gauge":"0x29e9975561fad3a7988ca96361ab5c5317cb32af","choice":442,"amount":16878.54,"amountDollars":15867.650482320001,"maxPerVote":0,"recycled":false,"excluded":[]},{"pool":"fraxtal-CRV+frxUSD (0x89b4…)","token":"FXS","gauge":"0x304c0564b897e6e72b040f0445ab1bdf391726fe","choice":580,"amount":294,"amountDollars":790.86,"maxPerVote":0,"recycled":false,"excluded":[]},{"pool":"alETH+frxETH (0xB657…)","token":"ALCX","gauge":"0x415f30505368fa1db82feea02eb778be04e75907","choice":116,"amount":2352,"amountDollars":22296.960000000003,"maxPerVote":0,"recycled":false,"excluded":[]},{"pool":"alETH+frxETH (0xB657…)","token":"FXS","gauge":"0x415f30505368fa1db82feea02eb778be04e75907","choice":116,"amount":746.8259917248412,"amountDollars":2008.9619177398226,"maxPerVote":0,"recycled":false,"excluded":[]},{"pool":"fraxtal-frxUSD+FXB202… (0xeE45…)","token":"FXS","gauge":"0x48100238c4a3cf44cfbf6c7693ed5c216881face","choice":563,"amount":2450,"amountDollars":6590.5,"maxPerVote":0,"recycled":false,"excluded":[]},{"pool":"WETH+frxETH (0x9c3B…)","token":"FXS","gauge":"0x4e21418095d32d15c6e2b96a9910772613a50d50","choice":167,"amount":2897.86,"amountDollars":7795.2434,"maxPerVote":0,"recycled":false,"excluded":[]},{"pool":"frxUSD+sUSDS (0x81A2…)","token":"FXS","gauge":"0x52618c40ddba3cbbb69f3aaa4cb26ae649844b17","choice":358,"amount":6740.0872,"amountDollars":18130.834568,"maxPerVote":0,"recycled":false,"excluded":[]},{"pool":"fraxtal-lend-crvUSD(s… (0x279A…)","token":"FXS","gauge":"0x541f57ab2032a042ce6b02fd435347fbae1f6d0a","choice":568,"amount":686,"amountDollars":1845.34,"maxPerVote":0,"recycled":false,"excluded":[]},{"pool":"pxETH+stETH (0x6951…)","token":"USDC","gauge":"0x58215f083882a5eb7056ac34a0fdda9d3b5665d2","choice":206,"amount":4782.4,"amountDollars":4781.0178864,"maxPerVote":0,"recycled":false,"excluded":[]},{"pool":"fraxtal-frxUSD+sUSDe (0x8b4E…)","token":"FXS","gauge":"0x59005665c5060d3abee291a21de0375cf1bbed03","choice":562,"amount":490,"amountDollars":1318.1,"maxPerVote":0,"recycled":false,"excluded":[]},{"pool":"reUSD+sfrxUSD (0xed78…)","token":"RSUP","gauge":"0x5c0b03914f68f2717d779a0211fd98c2cc45a4dd","choice":378,"amount":8070.3,"amountDollars":7586.9535924,"maxPerVote":0,"recycled":false,"excluded":[]},{"pool":"fraxtal-frxUSD+DAI (0x86d7…)","token":"FXS","gauge":"0x64100c172d5dc8007e3ee701ecd99468619b6583","choice":555,"amount":294,"amountDollars":790.86,"maxPerVote":0,"recycled":false,"excluded":[]},{"pool":"fraxtal-scrvUSD+sfrxU… (0xaC5d…)","token":"FXS","gauge":"0x660622adba5339e62d800be440d6d0c8c1838559","choice":574,"amount":980,"amountDollars":2636.2,"maxPerVote":0,"recycled":false,"excluded":[]},{"pool":"FXN+cvxFXN (0x1062…)","token":"CVX","gauge":"0x724476f141ed2de4da22ebdf435905def1118317","choice":188,"amount":1654.24,"amountDollars":5674.0432,"maxPerVote":0,"recycled":false,"excluded":[]},{"pool":"fraxtal-frxUSD+PYUSD (0x35c6…)","token":"FXS","gauge":"0x72bd89f2e3470fa5d188cf04eda17e8145eb4bf1","choice":556,"amount":294,"amountDollars":790.86,"maxPerVote":0,"recycled":false,"excluded":[]},{"pool":"alUSD+FRAXBP (0xB30d…)","token":"ALCX","gauge":"0x740ba8aa0052e07b925908b380248cb03f3de5cb","choice":63,"amount":1568,"amountDollars":14864.640000000001,"maxPerVote":0,"recycled":false,"excluded":[]},{"pool":"alUSD+FRAXBP (0xB30d…)","token":"FXS","gauge":"0x740ba8aa0052e07b925908b380248cb03f3de5cb","choice":63,