{"curve":{"statusCode":200,"epoch":{"id":"votium-cvx-crv-105","platform":"votium","protocol":"cvx-crv","round":105,"proposal":"0x89f831d44f235428a18e8dac887b46d72009b98e16f7442035822e9c3a5a5321","end":1757980800,"scoresTotal":24396521.92099246,"bribed":{"alETH+frxETH (0xB657…)":814654.1220976163,"alETH+WETH (0x8eFD…)":253753.3134116151,"alUSD+FRAXBP (0xB30d…)":580929.5035141902,"arbi-alUSD+USDC (0x7848…)":79560.35832224955,"COIL+FRAXBP (0xAF42…)":14008.496455722927,"CRV+cvxCRV (0x971a…)":3107220.170989115,"CVX+clevCVX (0xF907…)":115176.78259376834,"ETH+frxETH (0xa1F8…)":40614.69690366348,"FRAX+USDe (0x5dc1…)":3964653.6108958977,"fraxtal-lend-crvUSD(s… (0x0Edf…)":34419.42736397779,"fraxtal-lend-crvUSD(s… (0x279A…)":67586.11820970319,"fraxtal-lend-crvUSD(W… (0xa757…)":38612.854226703785,"fraxtal-WFRAX+cvxFXS (0x3a38…)":76845.8534613434,"frxETH+CVX (0x47D5…)":478313.39319480344,"frxUSD+sUSDS (0x81A2…)":624457.5249667813,"FXN+cvxFXN (0x1062…)":199807.5201250883,"FXS+cvxFXS (0x6a90…)":19668.745821941953,"lend-crvUSD(sreUSD) (0xC32B…)":511476.3327807568,"msUSD+FRAXBP (0xc3b1…)":327791.364151118,"rETH+frxETH (0xe7c6…)":29992.63841270178,"reUSD+fxUSD (0xb0ef…)":190406.0136095984,"reUSD+scrvUSD (0xc522…)":3186894.703795386,"reUSD+sDOLA (0x48d6…)":216853.90036563747,"reUSD+sfrxUSD (0xed78…)":244611.73061917772,"sDOLA+alUSD (0x4606…)":396297.44458513707,"stETH+frxETH (0x4d9f…)":289445.7559054187,"STG+FRAXBP (0x867f…)":33260.36917436913,"USDC+jUSD (0x6A0c…)":73161.83392605215,"WETH+CVX (0xB576…)":3881983.0876838164,"WETH+frxETH (0x9c3B…)":258663.28879461816,"WETH+RSUP (0xEe35…)":769838.3658493945,"WETH+SQUILL (0x2034…)":892.9777283065608},"bribes":[{"pool":"WETH+SQUILL (0x2034…)","token":"CRV","gauge":"0x016c0930757671358eda5704ac0c156cec70ec30","choice":406,"amount":49,"amountDollars":39.231899,"maxPerVote":0,"recycled":false,"excluded":[]},{"pool":"COIL+FRAXBP (0xAF42…)","token":"FXS","gauge":"0x06b30d5f2341c2fb3f6b48b109685997022bd272","choice":123,"amount":142.5127438407108,"amountDollars":399.0356827539903,"maxPerVote":0,"recycled":false,"excluded":[]},{"pool":"fraxtal-WFRAX+cvxFXS (0x3a38…)","token":"CVX","gauge":"0x070ebc9f46d0a6a523d31eb4ae7901c56ad97ae2","choice":560,"amount":652.68,"amountDollars":2343.1211999999996,"maxPerVote":0,"recycled":false,"excluded":[]},{"pool":"WETH+RSUP (0xEe35…)","token":"RSUP","gauge":"0x09f62a6777032329c0d49f1fd4fbe9b3468cda56","choice":379,"amount":25318.3,"amountDollars":23369.9555418,"maxPerVote":0,"recycled":false,"excluded":[]},{"pool":"FXS+cvxFXS (0x6a90…)","token":"CVX","gauge":"0x0c58c509305a8a7fe9a6a60ceaac6185b96ecbb7","choice":152,"amount":162.68,"amountDollars":584.0212,"maxPerVote":0,"recycled":false,"excluded":[]},{"pool":"sDOLA+alUSD (0x4606…)","token":"ALCX","gauge":"0x19f9266f349158b54a6d95dce79297df670f7f14","choice":345,"amount":1225,"amountDollars":12078.5,"maxPerVote":0,"recycled":false,"excluded":[]},{"pool":"ETH+frxETH (0xa1F8…)","token":"FXS","gauge":"0x2932a86df44fe8d2a706d8e9c5d51c24883423f5","choice":80,"amount":428.26,"amountDollars":1199.128,"maxPerVote":0,"recycled":false,"excluded":[]},{"pool":"lend-crvUSD(sreUSD) (0xC32B…)","token":"RSUP","gauge":"0x29e9975561fad3a7988ca96361ab5c5317cb32af","choice":442,"amount":16878.54,"amountDollars":15579.668832840001,"maxPerVote":0,"recycled":false,"excluded":[]},{"pool":"alETH+frxETH (0xB657…)","token":"ALCX","gauge":"0x415f30505368fa1db82feea02eb778be04e75907","choice":116,"amount":2352,"amountDollars":23190.719999999998,"maxPerVote":0,"recycled":false,"excluded":[]},{"pool":"alETH+frxETH (0xB657…)","token":"FXS","gauge":"0x415f30505368fa1db82feea02eb778be04e75907","choice":116,"amount":746.8259917248412,"amountDollars":2091.112776829555,"maxPerVote":0,"recycled":false,"excluded":[]},{"pool":"WETH+frxETH (0x9c3B…)","token":"FXS","gauge":"0x4e21418095d32d15c6e2b96a9910772613a50d50","choice":167,"amount":2897.86,"amountDollars":8114.008,"maxPerVote":0,"recycled":false,"excluded":[]},{"pool":"frxUSD+sUSDS (0x81A2…)","token":"FXS","gauge":"0x52618c40ddba3cbbb69f3aaa4cb26ae649844b17","choice":358,"amount":6740.0872,"amountDollars":18872.24416,"maxPerVote":0,"recycled":false,"excluded":[]},{"pool":"fraxtal-lend-crvUSD(s… (0x279A…)","token":"FXS","gauge":"0x541f57ab2032a042ce6b02fd435347fbae1f6d0a","choice":568,"amount":686,"amountDollars":1920.8,"maxPerVote":0,"recycled":false,"excluded":[]},{"pool":"reUSD+sfrxUSD (0xed78…)","token":"RSUP","gauge":"0x5c0b03914f68f2717d779a0211fd98c2cc45a4dd","choice":378,"amount":8070.3,"amountDollars":7449.2581338,"maxPerVote":0,"recycled":false,"excluded":[]},{"pool":"FXN+cvxFXN (0x1062…)","token":"CVX","gauge":"0x724476f141ed2de4da22ebdf435905def1118317","choice":188,"amount":1654.24,"amountDollars":5938.7216,"maxPerVote":0,"recycled":false,"excluded":[]},{"pool":"alUSD+FRAXBP (0xB30d…)","token":"ALCX","gauge":"0x740ba8aa0052e07b925908b380248cb03f3de5cb","choice":63,"amount":1568,"amountDollars":15460.48,"maxPerVote":0,"recycled":false,"excluded":[]},{"pool":"alUSD+FRAXBP (0xB30d…)","token":"FXS","gauge":"0x740ba8aa0052e07b925908b380248cb03f3de5cb","choice":63,"amount":1012.8960637372625,"amountDollars":2836.1089784643345,"maxPerVote":0,"recycled":false,"excluded":[]},{"pool":"CVX+clevCVX (0xF907…)","token":"CVX","gauge":"0x7970489a543fb237abab63d62524d8a5ce165b86","choice":92,"amount":980,"amountDollars":3518.2,"maxPerVote":0,"recycled":false,"excluded":[]},{"pool":"WETH+CVX (0xB576…)","token":"CVX","gauge":"0x7e1444ba99dcdffe8fbdb42c02f0005d14f13be1","choice":33,"amount":11017.16,"amountDollars":39551.6044,"maxPerVote":0,"recycled":false,"excluded":[]},{"pool":"STG+FRAXBP (0x867f…)","token":"FXS","gauge":"0x8133e6b0b2420bba10574a6668ea275f5e7ed253","choice":96,"amount":337.86052485450676,"amountDollars":946.0094695926189,"maxPerVote":0,"recycled":false,"excluded":[]},{"pool":"stETH+frxETH (0x4d9f…)","token":"FXS","gauge":"0x821529bb07c83803c9cc7763e5974386e9efedc7","choice":114,"amount":3049.76,"amountDollars":8539.328,"maxPerVote":0,"recycled":false,"excluded":[]},{"pool":"reUSD+scrvUSD (0xc522…)","token":"RSUP","gauge":"0xaf01d68714e7ea67f43f08b5947e367126b889b1","choice":377,"amount":105079.52,"amountDollars":96993.23061792001,"maxPerVote":0,"recycled":false,"excluded":[]},{"pool":"arbi-alUSD+USDC (0x7848…)","token":"ALCX","gauge":"0xafcd73e242c6d880edfa87b8146825639bda3881","choice":504,"amount":245,"amountDollars":2415.7,"maxPerVote":0,"recycled":false,"excluded":[]},{"pool":"alETH+WETH (0x8eFD…)","token":"ALCX","gauge":"0xb251c0885c7c1975d773b57e67c138fbceaa6db4","choice":209,"amount":784,"amountDollars":7730.24,"maxPerVote":0,"recycled":false,"excluded":[]},{"pool":"FRAX+USDe (0x5dc1…)","token":"FXS","gauge":"0xb53c23d2cc6219adf78ea22bfd38bffc50ec54cb","choice":213,"amount":42982.8,"amountDollars":120351.84,"maxPerVote":0,"recycled":false,"excluded":[]},{"pool":"USDC+jUSD (0x6A0c…)","token":"USDC","gauge":"0xbe3cfba845fb3c4f5ced299ed668d6c0598af1ff","choice":409,"amount":2081.52,"amountDollars":2081.0932884,"maxPerVote":0,"recycled":false,"excluded":[]},{"pool":"frxETH+CVX (0x47D5…)","token":"CVX","gauge":"0xc2075702490f0426e84e00d8b328119027813ac5","choice":121,"amount":3878.84,"amountDollars":13925.0356,"maxPerVote":0,"recycled":false,"excluded":[]},{"pool":"frxETH+CVX (0x47D5…)","token":"FXS","gauge":"0xc2075702490f0426e84e00d8b328119027813ac5","choice":121,"amount":269.5237874157371,"amountDollars":754.6666047640639,"maxPerVote":0,"recycled":false,"excluded":[]},{"pool":"reUSD+sDOLA (0x48d6…)","token":"RSUP","gauge":"0xcb25249bfa8cdb6012a75070e5c2885151368bef","choice":389,"amount":7155.96,"amountDollars":6605.28025416,"maxPerVote":0,"recycled":false,"excluded":[]},{"pool":"msUSD+FRAXBP (0xc3b1…)","token":"FXS","gauge":"0xd5f2e6612e41be48461fdba20061e3c778fe6ec4","choice":95,"amount":2251.8088556592347,"amountDollars":6305.064795845857,"maxPerVote":0,"recycled":false,"excluded":[]},{"pool":"rETH+frxETH (0xe7c6…)","token":"FXS","gauge":"0xf20bd4d5a4112d5f9c64adf53726f3ef1b7d0d61","choice":118,