{"curve":{"statusCode":200,"epoch":{"id":"votium-cvx-crv-108","platform":"votium","protocol":"cvx-crv","round":108,"proposal":"0x1032053abe9915dfe4ea2445aebcc3403fae9341700f702daa206c34c33d13a8","end":1761609600,"scoresTotal":29336808.269280463,"bribed":{"alETH+frxETH (0xB657…)":522891.05873096123,"alETH+WETH (0x8eFD…)":158601.50404446962,"alUSD+FRAXBP (0xB30d…)":414715.6370510699,"arbi-alUSD+USDC (0x7848…)":49557.874639288435,"COIL+FRAXBP (0xAF42…)":162433.3528239018,"CRV+cvxCRV (0x971a…)":1861847.675660469,"CVX+clevCVX (0xF907…)":65781.66669185979,"DOLA+sUSDe (0x7447…)":3149079.255915159,"DOLA+USR (0x38De…)":717913.2714156552,"DOLA+wstUSR (0x6427…)":1471577.5593529667,"FRAX+USDe (0x5dc1…)":2562446.258744414,"fraxtal-CRV+frxUSD (0x89b4…)":19356.8176769974,"fraxtal-crvUSD+frxUSD (0x63Eb…)":38706.19127155048,"fraxtal-DKDEFI+BTCWIT… (0x9edd…)":62230.980155903075,"fraxtal-frxETH+sfrxETH (0xF2f4…)":116118.57381465143,"fraxtal-frxUSD+dUSD (0x9CA6…)":19356.8176769974,"fraxtal-frxUSD+frxETH… (0xa0D3…)":29027.782433051776,"fraxtal-frxUSD+FXB202… (0x15d1…)":58073.72163283918,"fraxtal-frxUSD+FXB202… (0xeE45…)":154835.47777049322,"fraxtal-frxUSD+FXB205… (0x4Cfc…)":126796.84766123106,"fraxtal-frxUSD+sUSDe (0x8b4E…)":30975.84707728176,"fraxtal-frxUSD+USDC (0xa8eB…)":19356.8176769974,"fraxtal-frxUSD+USDe (0x1e19…)":38706.19127155048,"fraxtal-frxUSD+USDT (0xcAEF…)":19356.8176769974,"fraxtal-FXB20251231+F… (0x2421…)":39528.154510733206,"fraxtal-lend-crvUSD(s… (0x0Edf…)":19376.502208881553,"fraxtal-lend-crvUSD(s… (0x279A…)":38706.19127155048,"fraxtal-lend-crvUSD(W… (0xa757…)":19356.8176769974,"fraxtal-scrvUSD+sfrxU… (0xaC5d…)":38706.19127155048,"fraxtal-WFRAX+cvxFXS (0x3a38…)":43659.10857494075,"frxETH+CVX (0x47D5…)":258136.4710377402,"frxUSD+crvUSD (0x13e1…)":2741495.0227733143,"frxUSD+sUSDS (0x81A2…)":409212.501198492,"FXN+cvxFXN (0x1062…)":118270.40930509311,"FXS+cvxFXS (0x6a90…)":8335.15731930516,"lend-crvUSD(sDOLA) (0x992B…)":277392.1502731632,"lend-crvUSD(sreUSD) (0xC32B…)":342077.86709401256,"msUSD+FRAXBP (0xc3b1…)":230863.28904355122,"rETH+frxETH (0xe7c6…)":18828.665928333096,"reUSD+fxUSD (0xb0ef…)":219425.2274889626,"reUSD+scrvUSD (0xc522…)":2626294.4338570503,"reUSD+sDOLA (0x48d6…)":218419.2274889626,"reUSD+sfrxUSD (0xed78…)":218419.2274889626,"sDOLA+alUSD (0x4606…)":248663.4077814581,"sfrxUSD+frxUSD (0xF292…)":135130.08819427906,"stETH+frxETH (0x4d9f…)":198667.7542140617,"STG+FRAXBP (0x867f…)":23041.94268974991,"USDC+crvUSD (0x4DEc…)":2255871.246837474,"USDC+jUSD (0x6A0c…)":19566.405491815265,"USDT+crvUSD (0x390f…)":2090888.5728240975,"WETH+CVX (0xB576…)":967554.9067732848,"WETH+frxETH (0x9c3B…)":122185.60354753974,"WETH+RSUP (0xEe35…)":410782.41852192197},"bribes":[{"pool":"fraxtal-frxUSD+dUSD (0x9CA6…)","token":"WFRAX","gauge":"0x05600c37d54a4f3cdc76e0867af1530becc332ca","choice":597,"amount":490,"amountDollars":721.833449805419,"maxPerVote":0,"recycled":false,"excluded":[]},{"pool":"COIL+FRAXBP (0xAF42…)","token":"FXS","gauge":"0x06b30d5f2341c2fb3f6b48b109685997022bd272","choice":123,"amount":260.62938359838057,"amountDollars":385.961858554085,"maxPerVote":0,"recycled":false,"excluded":[]},{"pool":"COIL+FRAXBP (0xAF42…)","token":"FXS","gauge":"0x06b30d5f2341c2fb3f6b48b109685997022bd272","choice":123,"amount":333.2,"amountDollars":493.430516140085,"maxPerVote":0,"recycled":false,"excluded":[]},{"pool":"COIL+FRAXBP (0xAF42…)","token":"CRV","gauge":"0x06b30d5f2341c2fb3f6b48b109685997022bd272","choice":123,"amount":9604,"amountDollars":5521.1629801831705,"maxPerVote":0,"recycled":false,"excluded":[]},{"pool":"fraxtal-WFRAX+cvxFXS (0x3a38…)","token":"CVX","gauge":"0x070ebc9f46d0a6a523d31eb4ae7901c56ad97ae2","choice":582,"amount":510.58,"amountDollars":1231.3375288683533,"maxPerVote":0,"recycled":false,"excluded":[]},{"pool":"WETH+RSUP (0xEe35…)","token":"RSUP","gauge":"0x09f62a6777032329c0d49f1fd4fbe9b3468cda56","choice":379,"amount":25856.32,"amountDollars":15743.641370920235,"maxPerVote":0,"recycled":false,"excluded":[]},{"pool":"FXS+cvxFXS (0x6a90…)","token":"CVX","gauge":"0x0c58c509305a8a7fe9a6a60ceaac6185b96ecbb7","choice":152,"amount":127.4,"amountDollars":307.24352927617264,"maxPerVote":0,"recycled":false,"excluded":[]},{"pool":"sDOLA+alUSD (0x4606…)","token":"ALCX","gauge":"0x19f9266f349158b54a6d95dce79297df670f7f14","choice":345,"amount":1225,"amountDollars":9593.609367893238,"maxPerVote":0,"recycled":false,"excluded":[]},{"pool":"frxUSD+crvUSD (0x13e1…)","token":"YB","gauge":"0x22804b0f6be741a9fa1bbaecdd6c8d4116e96944","choice":427,"amount":115086.003701965,"amountDollars":56666.66991318813,"maxPerVote":0,"recycled":false,"excluded":[]},{"pool":"frxUSD+crvUSD (0x13e1…)","token":"WFRAX","gauge":"0x22804b0f6be741a9fa1bbaecdd6c8d4116e96944","choice":427,"amount":13706.28,"amountDollars":20191.12525795718,"maxPerVote":0,"recycled":false,"excluded":[]},{"pool":"lend-crvUSD(sreUSD) (0xC32B…)","token":"RSUP","gauge":"0x29e9975561fad3a7988ca96361ab5c5317cb32af","choice":442,"amount":21592.34,"amountDollars":13147.348784319494,"maxPerVote":0,"recycled":false,"excluded":[]},{"pool":"fraxtal-CRV+frxUSD (0x89b4…)","token":"WFRAX","gauge":"0x304c0564b897e6e72b040f0445ab1bdf391726fe","choice":602,"amount":490,"amountDollars":721.833449805419,"maxPerVote":0,"recycled":false,"excluded":[]},{"pool":"alETH+frxETH (0xB657…)","token":"FXS","gauge":"0x415f30505368fa1db82feea02eb778be04e75907","choice":116,"amount":868.4979091337271,"amountDollars":1286.144572540335,"maxPerVote":0,"recycled":false,"excluded":[]},{"pool":"alETH+frxETH (0xB657…)","token":"ALCX","gauge":"0x415f30505368fa1db82feea02eb778be04e75907","choice":116,"amount":2352,"amountDollars":18419.729986355014,"maxPerVote":0,"recycled":false,"excluded":[]},{"pool":"fraxtal-frxUSD+FXB202… (0xeE45…)","token":"WFRAX","gauge":"0x48100238c4a3cf44cfbf6c7693ed5c216881face","choice":585,"amount":3920,"amountDollars":5774.667598443352,"maxPerVote":0,"recycled":false,"excluded":[]},{"pool":"WETH+frxETH (0x9c3B…)","token":"WFRAX","gauge":"0x4e21418095d32d15c6e2b96a9910772613a50d50","choice":167,"amount":3086.02,"amountDollars":4546.107066874529,"maxPerVote":0,"recycled":false,"excluded":[]},{"pool":"USDT+crvUSD (0x390f…)","token":"YB","gauge":"0x4e6bb6b7447b7b2aa268c16ab87f4bb48bf57939","choice":133,"amount":115086.003701965,"amountDollars":56666.66991318813,"maxPerVote":0,"recycled":false,"excluded":[]},{"pool":"frxUSD+sUSDS (0x81A2…)","token":"WFRAX","gauge":"0x52618c40ddba3cbbb69f3aaa4cb26ae649844b17","choice":358,"amount":7717.5,"amountDollars":11368.876834435348,"maxPerVote":0,"recycled":false,"excluded":[]},{"pool":"fraxtal-lend-crvUSD(s… (0x279A…)","token":"WFRAX","gauge":"0x541f57ab2032a042ce6b02fd435347fbae1f6d0a","choice":590,"amount":980,"amountDollars":1443.666899610838,"maxPerVote":0,"recycled":false,"excluded":[]},{"pool":"fraxtal-frxUSD+sUSDe (0x8b4E…)","token":"WFRAX","gauge":"0x59005665c5060d3abee291a21de0375cf1bbed03","choice":584,"amount":784,"amountDollars":1154.9335196886705,"maxPerVote":0,"recycled":false,"excluded":[]},{"pool":"reUSD+sfrxUSD (0xed78…)","token":"RSUP","gauge":"0x5c0b03914f68f2717d779a0211fd98c2cc45a4dd","choice":378,"amount":8175.16,"amountDollars":4977.768962864487,"maxPerVote":0,"recycled":false,"excluded":[]},{"pool":"fraxtal-scrvUSD+sfrxU… (0xaC5d…)","token":"WFRAX","gauge":"0x660622adba5339e62d800be440d6d0c8c1838559","choice":596,"amount":980,"amountDollars":1443.666899610838,"maxPerVote":0,"recycled":false,"excluded":[]},{"pool":"FXN+cvxFXN (0x1062…)","token":"CVX","gauge":"0x724476f141ed2de4da22ebdf435905def1118317","choice":188,"amount":1432.76,"amountDollars":3455.3079984751107,"maxPerVote":0,"recycled":false,"excluded":[]},{"pool":"alUSD+FRAXBP (0xB30d…)","token":"FXS","gauge":"0x740ba8aa0052e07b925908b380248cb03f3de5cb","choice":63,"amount":2178.80663993271,"amountDollars":3226.5596786057663,"maxPerVote":0,"recycled":false,"excluded":[]},{"pool":"alUSD+FRAXBP (0xB30d…)","token":"ALCX","gauge":"0x740ba8aa0052e07b925908b380248cb03f3de5cb","choice":63,"amount":1568,