{"curve":{"statusCode":200,"epoch":{"id":"votium-cvx-crv-109","platform":"votium","protocol":"cvx-crv","round":109,"proposal":"0x56c6fb87bef90a47e0bf39d9e5119d93679d53be85093dd09cca9365a86722f6","end":1762819200,"scoresTotal":23834694.717450738,"bribed":{"alETH+frxETH (0xB657…)":971874.5319803348,"alETH+WETH (0x8eFD…)":352056.68808207917,"alUSD+FRAXBP (0xB30d…)":600243.2303088398,"arbi-alUSD+USDC (0x7848…)":110022.22767120562,"COIL+FRAXBP (0xAF42…)":13795.877570653785,"CRV+cvxCRV (0x971a…)":2851978.969366545,"FRAX+USDe (0x5dc1…)":2411340.8324823515,"fraxtal-CRV+frxUSD (0x89b4…)":22936.242988925256,"fraxtal-crvUSD+frxUSD (0x63Eb…)":45872.48597785051,"fraxtal-frxETH+sfrxETH (0xF2f4…)":137606.35325424865,"fraxtal-frxUSD+dUSD (0x9CA6…)":22936.242988925256,"fraxtal-frxUSD+frxETH… (0xa0D3…)":34395.10693173125,"fraxtal-frxUSD+FXB202… (0x15d1…)":68803.17662712433,"fraxtal-frxUSD+FXB202… (0xeE45…)":183473.28689244777,"fraxtal-frxUSD+FXB205… (0x4Cfc…)":137606.35325424865,"fraxtal-frxUSD+sUSDe (0x8b4E…)":36689.47227302482,"fraxtal-frxUSD+USDe (0x1e19…)":45872.48597785051,"fraxtal-frxUSD+USDT (0xcAEF…)":34395.10693173125,"fraxtal-FXB20251231+F… (0x2421…)":34395.10693173125,"fraxtal-lend-crvUSD(s… (0x0Edf…)":45872.48597785051,"fraxtal-lend-crvUSD(s… (0x279A…)":45872.48597785051,"fraxtal-lend-crvUSD(W… (0xa757…)":22936.242988925256,"fraxtal-scrvUSD+sfrxU… (0xaC5d…)":45872.48597785051,"fraxtal-WFRAX+cvxFXS (0x3a38…)":34800.1847780983,"frxETH+CVX (0x47D5…)":268027.88785855984,"frxUSD+crvUSD (0x13e1…)":2315341.518046526,"frxUSD+sUSDS (0x81A2…)":288927.0475016114,"FXN+cvxFXN (0x1062…)":103712.54446786204,"FXS+cvxFXS (0x6a90…)":8036.913470336286,"lend-crvUSD(sreUSD) (0xC32B…)":478363.7663139606,"msUSD+FRAXBP (0xc3b1…)":215132.35679789152,"rETH+frxETH (0xe7c6…)":3927.7173895353135,"reUSD+fxUSD (0xb0ef…)":158326.8575506413,"reUSD+scrvUSD (0xc522…)":1329273.5963105187,"reUSD+sDOLA (0x48d6…)":87020.5134612088,"reUSD+sfrxUSD (0xed78…)":153888.14960577013,"sDOLA+alUSD (0x4606…)":550087.0709130634,"sfrxUSD+frxUSD (0xF292…)":144489.44927812935,"stETH+frxETH (0x4d9f…)":443599.4794574611,"STG+FRAXBP (0x867f…)":36354.451896154,"USDC+crvUSD (0x4DEc…)":1924086.7213221237,"USDT+crvUSD (0x390f…)":1922566.030019821,"WETH+CVX (0xB576…)":2781622.3307488994,"WETH+frxETH (0x9c3B…)":178330.87354111968,"WETH+RSUP (0xEe35…)":354783.10339051933},"bribes":[{"pool":"fraxtal-frxUSD+dUSD (0x9CA6…)","token":"WFRAX","gauge":"0x05600c37d54a4f3cdc76e0867af1530becc332ca","choice":606,"amount":490,"amountDollars":610.9866316982132,"maxPerVote":0,"recycled":false,"excluded":[]},{"pool":"COIL+FRAXBP (0xAF42…)","token":"FXS","gauge":"0x06b30d5f2341c2fb3f6b48b109685997022bd272","choice":123,"amount":303.17778257298403,"amountDollars":378.3226621202388,"maxPerVote":0,"recycled":false,"excluded":[]},{"pool":"fraxtal-WFRAX+cvxFXS (0x3a38…)","token":"CVX","gauge":"0x070ebc9f46d0a6a523d31eb4ae7901c56ad97ae2","choice":591,"amount":504.7,"amountDollars":1053.9164567410935,"maxPerVote":0,"recycled":false,"excluded":[]},{"pool":"WETH+RSUP (0xEe35…)","token":"RSUP","gauge":"0x09f62a6777032329c0d49f1fd4fbe9b3468cda56","choice":379,"amount":26038.6,"amountDollars":11444.296474235027,"maxPerVote":0,"recycled":false,"excluded":[]},{"pool":"FXS+cvxFXS (0x6a90…)","token":"CVX","gauge":"0x0c58c509305a8a7fe9a6a60ceaac6185b96ecbb7","choice":152,"amount":126.42,"amountDollars":263.99072411573025,"maxPerVote":0,"recycled":false,"excluded":[]},{"pool":"sDOLA+alUSD (0x4606…)","token":"ALCX","gauge":"0x19f9266f349158b54a6d95dce79297df670f7f14","choice":345,"amount":1225,"amountDollars":14522.193095796378,"maxPerVote":0,"recycled":false,"excluded":[]},{"pool":"frxUSD+crvUSD (0x13e1…)","token":"YB","gauge":"0x22804b0f6be741a9fa1bbaecdd6c8d4116e96944","choice":427,"amount":100814.89262848998,"amountDollars":51175.96056212858,"maxPerVote":0,"recycled":false,"excluded":[]},{"pool":"frxUSD+crvUSD (0x13e1…)","token":"WFRAX","gauge":"0x22804b0f6be741a9fa1bbaecdd6c8d4116e96944","choice":427,"amount":15433.04,"amountDollars":19243.634951966924,"maxPerVote":0,"recycled":false,"excluded":[]},{"pool":"lend-crvUSD(sreUSD) (0xC32B…)","token":"RSUP","gauge":"0x29e9975561fad3a7988ca96361ab5c5317cb32af","choice":442,"amount":30162.44,"amountDollars":13256.776698682937,"maxPerVote":0,"recycled":false,"excluded":[]},{"pool":"fraxtal-CRV+frxUSD (0x89b4…)","token":"WFRAX","gauge":"0x304c0564b897e6e72b040f0445ab1bdf391726fe","choice":611,"amount":490,"amountDollars":610.9866316982132,"maxPerVote":0,"recycled":false,"excluded":[]},{"pool":"alETH+frxETH (0xB657…)","token":"ALCX","gauge":"0x415f30505368fa1db82feea02eb778be04e75907","choice":116,"amount":2352,"amountDollars":27882.610743929043,"maxPerVote":0,"recycled":false,"excluded":[]},{"pool":"alETH+frxETH (0xB657…)","token":"FXS","gauge":"0x415f30505368fa1db82feea02eb778be04e75907","choice":116,"amount":1366.5892950547345,"amountDollars":1705.3086665599164,"maxPerVote":0,"recycled":false,"excluded":[]},{"pool":"fraxtal-frxUSD+FXB202… (0xeE45…)","token":"WFRAX","gauge":"0x48100238c4a3cf44cfbf6c7693ed5c216881face","choice":594,"amount":3920,"amountDollars":4887.893053585705,"maxPerVote":0,"recycled":false,"excluded":[]},{"pool":"WETH+frxETH (0x9c3B…)","token":"WFRAX","gauge":"0x4e21418095d32d15c6e2b96a9910772613a50d50","choice":167,"amount":3810.24,"amountDollars":4751.032048085306,"maxPerVote":0,"recycled":false,"excluded":[]},{"pool":"USDT+crvUSD (0x390f…)","token":"YB","gauge":"0x4e6bb6b7447b7b2aa268c16ab87f4bb48bf57939","choice":133,"amount":100814.89262848998,"amountDollars":51175.96056212858,"maxPerVote":0,"recycled":false,"excluded":[]},{"pool":"frxUSD+sUSDS (0x81A2…)","token":"WFRAX","gauge":"0x52618c40ddba3cbbb69f3aaa4cb26ae649844b17","choice":358,"amount":6173.02,"amountDollars":7697.20958613409,"maxPerVote":0,"recycled":false,"excluded":[]},{"pool":"fraxtal-lend-crvUSD(s… (0x279A…)","token":"WFRAX","gauge":"0x541f57ab2032a042ce6b02fd435347fbae1f6d0a","choice":599,"amount":980,"amountDollars":1221.9732633964263,"maxPerVote":0,"recycled":false,"excluded":[]},{"pool":"fraxtal-frxUSD+sUSDe (0x8b4E…)","token":"WFRAX","gauge":"0x59005665c5060d3abee291a21de0375cf1bbed03","choice":593,"amount":784,"amountDollars":977.5786107171411,"maxPerVote":0,"recycled":false,"excluded":[]},{"pool":"reUSD+sfrxUSD (0xed78…)","token":"RSUP","gauge":"0x5c0b03914f68f2717d779a0211fd98c2cc45a4dd","choice":378,"amount":9702.98,"amountDollars":4264.583341791532,"maxPerVote":0,"recycled":false,"excluded":[]},{"pool":"fraxtal-scrvUSD+sfrxU… (0xaC5d…)","token":"WFRAX","gauge":"0x660622adba5339e62d800be440d6d0c8c1838559","choice":605,"amount":980,"amountDollars":1221.9732633964263,"maxPerVote":0,"recycled":false,"excluded":[]},{"pool":"FXN+cvxFXN (0x1062…)","token":"CVX","gauge":"0x724476f141ed2de4da22ebdf435905def1118317","choice":188,"amount":1469.02,"amountDollars":3067.6131430192218,"maxPerVote":0,"recycled":false,"excluded":[]},{"pool":"alUSD+FRAXBP (0xB30d…)","token":"ALCX","gauge":"0x740ba8aa0052e07b925908b380248cb03f3de5cb","choice":63,"amount":1568,"amountDollars":18588.40716261936,"maxPerVote":0,"recycled":false,"excluded":[]},{"pool":"alUSD+FRAXBP (0xB30d…)","token":"FXS","gauge":"0x740ba8aa0052e07b925908b380248cb03f3de5cb","choice":63,"amount":2560.9482689810347,"amountDollars":3195.6984395447494,"maxPerVote":0,"recycled":false,"excluded":[]},{"pool":"fraxtal-frxUSD+FXB202… (0x15d1…)","token":"WFRAX","gauge":"0x7506a3e213c362b9e21895c2bd930df454d46573","choice":612,"amount":1470,"amountDollars":1832.9598950946397,"maxPerVote":0,"recycled":false,"excluded":[]},{"pool":"fraxtal-frxUSD+FXB205… (0x4Cfc…)","token":"WFRAX","gauge":"0x7ba1e40dae22847e6c521ba297d40ff1c5fd97dd","choice":595,"amount":2940,"amountDollars":3665.9197901892794,"maxPerVote":0,"recycled":false,"excluded":[]},{"pool":"WETH+CVX (0xB576…)","token":"CVX","gauge":"0x7e1444ba99dcdffe8fbdb42c02f0005d14f13be1","choice":33,"amount":11017.16,"amountDollars":23006.07535278325,"maxPerVote":0,"recycled":false,"excluded":[]},{"pool":"STG+FRAXBP (0x867f…)",