{"curve":{"statusCode":200,"epoch":{"id":"votium-cvx-crv-108","platform":"votium","protocol":"cvx-crv","round":108,"proposal":"0x1032053abe9915dfe4ea2445aebcc3403fae9341700f702daa206c34c33d13a8","end":1761609600,"scoresTotal":35304409.99392241,"bribed":{"alETH+frxETH (0xB657…)":628179.1889929753,"alETH+WETH (0x8eFD…)":195677.39293204385,"alUSD+FRAXBP (0xB30d…)":493765.07350622496,"arbi-alUSD+USDC (0x7848…)":61147.700188606956,"COIL+FRAXBP (0xAF42…)":198413.2548062805,"CRV+cvxCRV (0x971a…)":2295420.3931909828,"CVX+clevCVX (0xF907…)":81584.21087977938,"DOLA+sUSDe (0x7447…)":3937256.2554611457,"DOLA+USR (0x38De…)":894199.4791382198,"DOLA+wstUSR (0x6427…)":1788401.4051556701,"FRAX+USDe (0x5dc1…)":2503992.876450946,"fraxtal-CRV+frxUSD (0x89b4…)":22638.452323055142,"fraxtal-crvUSD+frxUSD (0x63Eb…)":45274.65358865846,"fraxtal-DKDEFI+BTCWIT… (0x9edd…)":80940.34931787915,"fraxtal-frxETH+sfrxETH (0xF2f4…)":135856.71599628424,"fraxtal-frxUSD+dUSD (0x9CA6…)":22638.452323055142,"fraxtal-frxUSD+frxETH… (0xa0D3…)":33969.5539848335,"fraxtal-frxUSD+FXB202… (0x15d1…)":67923.40849909386,"fraxtal-frxUSD+FXB202… (0xeE45…)":181154.225817155,"fraxtal-frxUSD+FXB205… (0x4Cfc…)":136330.01075576336,"fraxtal-frxUSD+sUSDe (0x8b4E…)":36221.269977000105,"fraxtal-frxUSD+USDC (0xa8eB…)":22638.452323055142,"fraxtal-frxUSD+USDe (0x1e19…)":45274.65358865846,"fraxtal-frxUSD+USDT (0xcAEF…)":22638.452323055142,"fraxtal-FXB20251231+F… (0x2421…)":40971.84264315701,"fraxtal-lend-crvUSD(s… (0x0Edf…)":22646.21483343886,"fraxtal-lend-crvUSD(s… (0x279A…)":45274.65358865846,"fraxtal-lend-crvUSD(W… (0xa757…)":22646.50385298356,"fraxtal-scrvUSD+sfrxU… (0xaC5d…)":45274.65358865846,"fraxtal-WFRAX+cvxFXS (0x3a38…)":44373.23706215431,"frxETH+CVX (0x47D5…)":339295.86479403306,"frxUSD+crvUSD (0x13e1…)":2888830.2028410477,"frxUSD+sUSDS (0x81A2…)":367191.9544820416,"FXN+cvxFXN (0x1062…)":125717.46158888206,"FXS+cvxFXS (0x6a90…)":11272.789728269476,"lend-crvUSD(sDOLA) (0x992B…)":357248.60516392183,"lend-crvUSD(sreUSD) (0xC32B…)":411433.6932810664,"msUSD+FRAXBP (0xc3b1…)":753241.6291670598,"rETH+frxETH (0xe7c6…)":19228.16924995422,"reUSD+fxUSD (0xb0ef…)":219425.2274889626,"reUSD+scrvUSD (0xc522…)":2626294.4338570503,"reUSD+sDOLA (0x48d6…)":218419.2274889626,"reUSD+sfrxUSD (0xed78…)":218419.2274889626,"sDOLA+alUSD (0x4606…)":305775.10269595304,"sfrxUSD+frxUSD (0xF292…)":148949.9719372162,"stETH+frxETH (0x4d9f…)":232876.1219684583,"STG+FRAXBP (0x867f…)":28592.45503943714,"USDC+crvUSD (0x4DEc…)":2257713.484581608,"USDC+jUSD (0x6A0c…)":21828.968881121185,"USDT+crvUSD (0x390f…)":2248914.0269979667,"WETH+CVX (0xB576…)":999861.6363501417,"WETH+frxETH (0x9c3B…)":142661.49495473967,"WETH+RSUP (0xEe35…)":492716.7631645468},"bribes":[{"pool":"fraxtal-frxUSD+dUSD (0x9CA6…)","token":"WFRAX","gauge":"0x05600c37d54a4f3cdc76e0867af1530becc332ca","choice":597,"amount":490,"amountDollars":709.4193538081404,"maxPerVote":0,"recycled":false,"excluded":[]},{"pool":"COIL+FRAXBP (0xAF42…)","token":"FXS","gauge":"0x06b30d5f2341c2fb3f6b48b109685997022bd272","choice":123,"amount":260.62938359838057,"amountDollars":377.9478939592669,"maxPerVote":0,"recycled":false,"excluded":[]},{"pool":"COIL+FRAXBP (0xAF42…)","token":"FXS","gauge":"0x06b30d5f2341c2fb3f6b48b109685997022bd272","choice":123,"amount":333.2,"amountDollars":483.18511339183556,"maxPerVote":0,"recycled":false,"excluded":[]},{"pool":"COIL+FRAXBP (0xAF42…)","token":"CRV","gauge":"0x06b30d5f2341c2fb3f6b48b109685997022bd272","choice":123,"amount":9604,"amountDollars":5343.574025100618,"maxPerVote":0,"recycled":false,"excluded":[]},{"pool":"fraxtal-WFRAX+cvxFXS (0x3a38…)","token":"CVX","gauge":"0x070ebc9f46d0a6a523d31eb4ae7901c56ad97ae2","choice":582,"amount":510.58,"amountDollars":1182.7378610138126,"maxPerVote":0,"recycled":false,"excluded":[]},{"pool":"WETH+RSUP (0xEe35…)","token":"RSUP","gauge":"0x09f62a6777032329c0d49f1fd4fbe9b3468cda56","choice":379,"amount":25856.32,"amountDollars":15310.965151147851,"maxPerVote":0,"recycled":false,"excluded":[]},{"pool":"FXS+cvxFXS (0x6a90…)","token":"CVX","gauge":"0x0c58c509305a8a7fe9a6a60ceaac6185b96ecbb7","choice":152,"amount":127.4,"amountDollars":295.1169326905866,"maxPerVote":0,"recycled":false,"excluded":[]},{"pool":"sDOLA+alUSD (0x4606…)","token":"ALCX","gauge":"0x19f9266f349158b54a6d95dce79297df670f7f14","choice":345,"amount":1225,"amountDollars":9358.23795585944,"maxPerVote":0,"recycled":false,"excluded":[]},{"pool":"frxUSD+crvUSD (0x13e1…)","token":"YB","gauge":"0x22804b0f6be741a9fa1bbaecdd6c8d4116e96944","choice":427,"amount":115086.003701965,"amountDollars":67747.48036156426,"maxPerVote":0,"recycled":false,"excluded":[]},{"pool":"frxUSD+crvUSD (0x13e1…)","token":"WFRAX","gauge":"0x22804b0f6be741a9fa1bbaecdd6c8d4116e96944","choice":427,"amount":13706.28,"amountDollars":19843.878164721304,"maxPerVote":0,"recycled":false,"excluded":[]},{"pool":"lend-crvUSD(sreUSD) (0xC32B…)","token":"RSUP","gauge":"0x29e9975561fad3a7988ca96361ab5c5317cb32af","choice":442,"amount":21592.34,"amountDollars":12786.025438721977,"maxPerVote":0,"recycled":false,"excluded":[]},{"pool":"fraxtal-CRV+frxUSD (0x89b4…)","token":"WFRAX","gauge":"0x304c0564b897e6e72b040f0445ab1bdf391726fe","choice":602,"amount":490,"amountDollars":709.4193538081404,"maxPerVote":0,"recycled":false,"excluded":[]},{"pool":"alETH+frxETH (0xB657…)","token":"FXS","gauge":"0x415f30505368fa1db82feea02eb778be04e75907","choice":116,"amount":868.4979091337271,"amountDollars":1259.439557939232,"maxPerVote":0,"recycled":false,"excluded":[]},{"pool":"alETH+frxETH (0xB657…)","token":"ALCX","gauge":"0x415f30505368fa1db82feea02eb778be04e75907","choice":116,"amount":2352,"amountDollars":17967.816875250122,"maxPerVote":0,"recycled":false,"excluded":[]},{"pool":"fraxtal-frxUSD+FXB202… (0xeE45…)","token":"WFRAX","gauge":"0x48100238c4a3cf44cfbf6c7693ed5c216881face","choice":585,"amount":3920,"amountDollars":5675.354830465123,"maxPerVote":0,"recycled":false,"excluded":[]},{"pool":"WETH+frxETH (0x9c3B…)","token":"WFRAX","gauge":"0x4e21418095d32d15c6e2b96a9910772613a50d50","choice":167,"amount":3086.02,"amountDollars":4467.923090283668,"maxPerVote":0,"recycled":false,"excluded":[]},{"pool":"USDT+crvUSD (0x390f…)","token":"YB","gauge":"0x4e6bb6b7447b7b2aa268c16ab87f4bb48bf57939","choice":133,"amount":115086.003701965,"amountDollars":67747.48036156426,"maxPerVote":0,"recycled":false,"excluded":[]},{"pool":"frxUSD+sUSDS (0x81A2…)","token":"WFRAX","gauge":"0x52618c40ddba3cbbb69f3aaa4cb26ae649844b17","choice":358,"amount":7717.5,"amountDollars":11173.354822478212,"maxPerVote":0,"recycled":false,"excluded":[]},{"pool":"fraxtal-lend-crvUSD(s… (0x279A…)","token":"WFRAX","gauge":"0x541f57ab2032a042ce6b02fd435347fbae1f6d0a","choice":590,"amount":980,"amountDollars":1418.8387076162808,"maxPerVote":0,"recycled":false,"excluded":[]},{"pool":"fraxtal-frxUSD+sUSDe (0x8b4E…)","token":"WFRAX","gauge":"0x59005665c5060d3abee291a21de0375cf1bbed03","choice":584,"amount":784,"amountDollars":1135.0709660930247,"maxPerVote":0,"recycled":false,"excluded":[]},{"pool":"reUSD+sfrxUSD (0xed78…)","token":"RSUP","gauge":"0x5c0b03914f68f2717d779a0211fd98c2cc45a4dd","choice":378,"amount":8175.16,"amountDollars":4840.966922789395,"maxPerVote":0,"recycled":false,"excluded":[]},{"pool":"fraxtal-scrvUSD+sfrxU… (0xaC5d…)","token":"WFRAX","gauge":"0x660622adba5339e62d800be440d6d0c8c1838559","choice":596,"amount":980,"amountDollars":1418.8387076162808,"maxPerVote":0,"recycled":false,"excluded":[]},{"pool":"FXN+cvxFXN (0x1062…)","token":"CVX","gauge":"0x724476f141ed2de4da22ebdf435905def1118317","choice":188,"amount":1432.76,"amountDollars":3318.930427643367,"maxPerVote":0,"recycled":false,"excluded":[]},{"pool":"alUSD+FRAXBP (0xB30d…)","token":"FXS","gauge":"0x740ba8aa0052e07b925908b380248cb03f3de5cb","choice":63,"amount":2178.80663993271,"amountDollars":3159.564625974702,"maxPerVote":0,"recycled":false,"excluded":[]},{"pool":"alUSD+FRAXBP (0xB30d…)","token":"ALCX","gauge":"0x740ba8aa0052e07b925908b380248cb03f3de5cb","choice":63,