{"curve":{"statusCode":200,"epoch":{"id":"votium-cvx-crv-109","platform":"votium","protocol":"cvx-crv","round":109,"proposal":"0x56c6fb87bef90a47e0bf39d9e5119d93679d53be85093dd09cca9365a86722f6","end":1762819200,"scoresTotal":23833740.836523723,"bribed":{"alETH+frxETH (0xB657…)":991069.788448299,"alETH+WETH (0x8eFD…)":359495.27572721045,"alUSD+FRAXBP (0xB30d…)":610839.3029686664,"arbi-alUSD+USDC (0x7848…)":112339.8419551542,"COIL+FRAXBP (0xAF42…)":13818.246496974512,"CRV+cvxCRV (0x971a…)":2851025.088439531,"FRAX+USDe (0x5dc1…)":2413428.553115022,"fraxtal-CRV+frxUSD (0x89b4…)":22959.826184786536,"fraxtal-crvUSD+frxUSD (0x63Eb…)":45901.17174015235,"fraxtal-frxETH+sfrxETH (0xF2f4…)":137729.4534561803,"fraxtal-frxUSD+dUSD (0x9CA6…)":22959.826184786536,"fraxtal-frxUSD+frxETH… (0xa0D3…)":34421.25864775908,"fraxtal-frxUSD+FXB202… (0x15d1…)":68873.9670428005,"fraxtal-frxUSD+FXB202… (0xeE45…)":183643.59431419428,"fraxtal-frxUSD+FXB205… (0x4Cfc…)":137729.4534561803,"fraxtal-frxUSD+sUSDe (0x8b4E…)":36734.61959334664,"fraxtal-frxUSD+USDe (0x1e19…)":45901.17174015235,"fraxtal-frxUSD+USDT (0xcAEF…)":34421.25864775908,"fraxtal-FXB20251231+F… (0x2421…)":34421.25864775908,"fraxtal-lend-crvUSD(s… (0x0Edf…)":45901.17174015235,"fraxtal-lend-crvUSD(s… (0x279A…)":45901.17174015235,"fraxtal-lend-crvUSD(W… (0xa757…)":22959.826184786536,"fraxtal-scrvUSD+sfrxU… (0xaC5d…)":45901.17174015235,"fraxtal-WFRAX+cvxFXS (0x3a38…)":33617.48990763057,"frxETH+CVX (0x47D5…)":268016.1839707345,"frxUSD+crvUSD (0x13e1…)":2310610.108319242,"frxUSD+sUSDS (0x81A2…)":289194.79296733584,"FXN+cvxFXN (0x1062…)":103691.89722923776,"FXS+cvxFXS (0x6a90…)":8040.853074213788,"lend-crvUSD(sreUSD) (0xC32B…)":478372.92520486796,"msUSD+FRAXBP (0xc3b1…)":215340.80099594174,"rETH+frxETH (0xe7c6…)":3929.6427120754474,"reUSD+fxUSD (0xb0ef…)":158329.76417788878,"reUSD+scrvUSD (0xc522…)":1326456.3702027854,"reUSD+sDOLA (0x48d6…)":87013.7689527511,"reUSD+sfrxUSD (0xed78…)":153890.44822100695,"sDOLA+alUSD (0x4606…)":561693.6982642119,"sfrxUSD+frxUSD (0xF292…)":144632.57503410152,"stETH+frxETH (0x4d9f…)":444012.6421750819,"STG+FRAXBP (0x867f…)":36401.65603238662,"USDC+crvUSD (0x4DEc…)":1918513.024169877,"USDT+crvUSD (0x390f…)":1917044.3076842143,"WETH+CVX (0xB576…)":2781622.3307488994,"WETH+frxETH (0x9c3B…)":178500.05380329723,"WETH+RSUP (0xEe35…)":354621.21661411494},"bribes":[{"pool":"fraxtal-frxUSD+dUSD (0x9CA6…)","token":"WFRAX","gauge":"0x05600c37d54a4f3cdc76e0867af1530becc332ca","choice":606,"amount":490,"amountDollars":610.9866316982132,"maxPerVote":0,"recycled":false,"excluded":[]},{"pool":"COIL+FRAXBP (0xAF42…)","token":"FXS","gauge":"0x06b30d5f2341c2fb3f6b48b109685997022bd272","choice":123,"amount":303.17778257298403,"amountDollars":378.7719498399794,"maxPerVote":0,"recycled":false,"excluded":[]},{"pool":"fraxtal-WFRAX+cvxFXS (0x3a38…)","token":"CVX","gauge":"0x070ebc9f46d0a6a523d31eb4ae7901c56ad97ae2","choice":591,"amount":504.7,"amountDollars":1055.8182529587125,"maxPerVote":0,"recycled":false,"excluded":[]},{"pool":"WETH+RSUP (0xEe35…)","token":"RSUP","gauge":"0x09f62a6777032329c0d49f1fd4fbe9b3468cda56","choice":379,"amount":26038.6,"amountDollars":11521.807020037117,"maxPerVote":0,"recycled":false,"excluded":[]},{"pool":"FXS+cvxFXS (0x6a90…)","token":"CVX","gauge":"0x0c58c509305a8a7fe9a6a60ceaac6185b96ecbb7","choice":152,"amount":126.42,"amountDollars":264.46709637218237,"maxPerVote":0,"recycled":false,"excluded":[]},{"pool":"sDOLA+alUSD (0x4606…)","token":"ALCX","gauge":"0x19f9266f349158b54a6d95dce79297df670f7f14","choice":345,"amount":1225,"amountDollars":15162.485538272593,"maxPerVote":0,"recycled":false,"excluded":[]},{"pool":"frxUSD+crvUSD (0x13e1…)","token":"YB","gauge":"0x22804b0f6be741a9fa1bbaecdd6c8d4116e96944","choice":427,"amount":100814.89262848998,"amountDollars":50518.29805931246,"maxPerVote":0,"recycled":false,"excluded":[]},{"pool":"frxUSD+crvUSD (0x13e1…)","token":"WFRAX","gauge":"0x22804b0f6be741a9fa1bbaecdd6c8d4116e96944","choice":427,"amount":15433.04,"amountDollars":19243.634951966924,"maxPerVote":0,"recycled":false,"excluded":[]},{"pool":"lend-crvUSD(sreUSD) (0xC32B…)","token":"RSUP","gauge":"0x29e9975561fad3a7988ca96361ab5c5317cb32af","choice":442,"amount":30162.44,"amountDollars":13346.56290789245,"maxPerVote":0,"recycled":false,"excluded":[]},{"pool":"fraxtal-CRV+frxUSD (0x89b4…)","token":"WFRAX","gauge":"0x304c0564b897e6e72b040f0445ab1bdf391726fe","choice":611,"amount":490,"amountDollars":610.9866316982132,"maxPerVote":0,"recycled":false,"excluded":[]},{"pool":"alETH+frxETH (0xB657…)","token":"ALCX","gauge":"0x415f30505368fa1db82feea02eb778be04e75907","choice":116,"amount":2352,"amountDollars":29111.972233483375,"maxPerVote":0,"recycled":false,"excluded":[]},{"pool":"alETH+frxETH (0xB657…)","token":"FXS","gauge":"0x415f30505368fa1db82feea02eb778be04e75907","choice":116,"amount":1366.5892950547345,"amountDollars":1707.3338538377777,"maxPerVote":0,"recycled":false,"excluded":[]},{"pool":"fraxtal-frxUSD+FXB202… (0xeE45…)","token":"WFRAX","gauge":"0x48100238c4a3cf44cfbf6c7693ed5c216881face","choice":594,"amount":3920,"amountDollars":4887.893053585705,"maxPerVote":0,"recycled":false,"excluded":[]},{"pool":"WETH+frxETH (0x9c3B…)","token":"WFRAX","gauge":"0x4e21418095d32d15c6e2b96a9910772613a50d50","choice":167,"amount":3810.24,"amountDollars":4751.032048085306,"maxPerVote":0,"recycled":false,"excluded":[]},{"pool":"USDT+crvUSD (0x390f…)","token":"YB","gauge":"0x4e6bb6b7447b7b2aa268c16ab87f4bb48bf57939","choice":133,"amount":100814.89262848998,"amountDollars":50518.29805931246,"maxPerVote":0,"recycled":false,"excluded":[]},{"pool":"frxUSD+sUSDS (0x81A2…)","token":"WFRAX","gauge":"0x52618c40ddba3cbbb69f3aaa4cb26ae649844b17","choice":358,"amount":6173.02,"amountDollars":7697.20958613409,"maxPerVote":0,"recycled":false,"excluded":[]},{"pool":"fraxtal-lend-crvUSD(s… (0x279A…)","token":"WFRAX","gauge":"0x541f57ab2032a042ce6b02fd435347fbae1f6d0a","choice":599,"amount":980,"amountDollars":1221.9732633964263,"maxPerVote":0,"recycled":false,"excluded":[]},{"pool":"fraxtal-frxUSD+sUSDe (0x8b4E…)","token":"WFRAX","gauge":"0x59005665c5060d3abee291a21de0375cf1bbed03","choice":593,"amount":784,"amountDollars":977.5786107171411,"maxPerVote":0,"recycled":false,"excluded":[]},{"pool":"reUSD+sfrxUSD (0xed78…)","token":"RSUP","gauge":"0x5c0b03914f68f2717d779a0211fd98c2cc45a4dd","choice":378,"amount":9702.98,"amountDollars":4293.466740887749,"maxPerVote":0,"recycled":false,"excluded":[]},{"pool":"fraxtal-scrvUSD+sfrxU… (0xaC5d…)","token":"WFRAX","gauge":"0x660622adba5339e62d800be440d6d0c8c1838559","choice":605,"amount":980,"amountDollars":1221.9732633964263,"maxPerVote":0,"recycled":false,"excluded":[]},{"pool":"FXN+cvxFXN (0x1062…)","token":"CVX","gauge":"0x724476f141ed2de4da22ebdf435905def1118317","choice":188,"amount":1469.02,"amountDollars":3073.1486624953595,"maxPerVote":0,"recycled":false,"excluded":[]},{"pool":"alUSD+FRAXBP (0xB30d…)","token":"ALCX","gauge":"0x740ba8aa0052e07b925908b380248cb03f3de5cb","choice":63,"amount":1568,"amountDollars":19407.981488988917,"maxPerVote":0,"recycled":false,"excluded":[]},{"pool":"alUSD+FRAXBP (0xB30d…)","token":"FXS","gauge":"0x740ba8aa0052e07b925908b380248cb03f3de5cb","choice":63,"amount":2560.9482689810347,"amountDollars":3199.4935811226687,"maxPerVote":0,"recycled":false,"excluded":[]},{"pool":"fraxtal-frxUSD+FXB202… (0x15d1…)","token":"WFRAX","gauge":"0x7506a3e213c362b9e21895c2bd930df454d46573","choice":612,"amount":1470,"amountDollars":1832.9598950946397,"maxPerVote":0,"recycled":false,"excluded":[]},{"pool":"fraxtal-frxUSD+FXB205… (0x4Cfc…)","token":"WFRAX","gauge":"0x7ba1e40dae22847e6c521ba297d40ff1c5fd97dd","choice":595,"amount":2940,"amountDollars":3665.9197901892794,"maxPerVote":0,"recycled":false,"excluded":[]},{"pool":"WETH+CVX (0xB576…)","token":"CVX","gauge":"0x7e1444ba99dcdffe8fbdb42c02f0005d14f13be1","choice":33,"amount":11017.16,"amountDollars":23047.58990245019,"maxPerVote":0,"recycled":false,"excluded":[]},{"pool":"STG+FRAXBP (0x867f…)",