{"curve":{"statusCode":200,"epoch":{"id":"votium-cvx-crv-102","platform":"votium","protocol":"cvx-crv","round":102,"proposal":"0x480b1012b64595a78885929ffe9762bded085f5cc81a9a3926d431ad08238d49","end":1754352000,"scoresTotal":30562973.3092848,"bribed":{"alETH+frxETH (0xB657…)":628658.7135982292,"alETH+WETH (0x8eFD…)":240249.09134414882,"alUSD+FRAXBP (0xB30d…)":583934.0444251181,"arbi-alUSD+USDC (0x7848…)":75060.45925042655,"COIL+FRAXBP (0xAF42…)":13765.401481392675,"CRV+cvxCRV (0x971a…)":3641209.0410364633,"ETH+frxETH (0xa1F8…)":97772.10864812162,"eUSD+FRAXBP (0xAEda…)":24808.74486675126,"FRAX+USDe (0x5dc1…)":4333424.040617099,"fraxtal-CRV+frxUSD (0x89b4…)":24629.664141562902,"fraxtal-crvUSD+frxUSD (0x63Eb…)":49294.049536491686,"fraxtal-dUSD+sfrxUSD (0x5eCF…)":24629.664141562902,"fraxtal-frxETH+sfrxETH (0xF2f4…)":138028.3363203125,"fraxtal-frxETH+SQUID (0x277F…)":49294.049536491686,"fraxtal-frxUSD+DAI (0x86d7…)":24629.664141562902,"fraxtal-frxUSD+dUSD (0x9CA6…)":24629.664141562902,"fraxtal-frxUSD+frxETH… (0xa0D3…)":73930.59019132928,"fraxtal-frxUSD+FXB202… (0x15d1…)":49294.049536491686,"fraxtal-frxUSD+FXB202… (0xeE45…)":295761.7792565303,"fraxtal-frxUSD+FXB205… (0x4Cfc…)":177450.12330324497,"fraxtal-frxUSD+PYUSD (0x35c6…)":24629.664141562902,"fraxtal-frxUSD+sUSDe (0x8b4E…)":49294.049536491686,"fraxtal-frxUSD+USDC (0xa8eB…)":24629.664141562902,"fraxtal-frxUSD+USDe (0x1e19…)":59138.46734995971,"fraxtal-frxUSD+USDT (0xcAEF…)":49294.049536491686,"fraxtal-FXB20251231+F… (0x2421…)":73930.59019132928,"fraxtal-lend-crvUSD(s… (0x0Edf…)":29588.94292058643,"fraxtal-lend-crvUSD(s… (0x279A…)":59138.46734995971,"fraxtal-lend-crvUSD(W… (0xa757…)":29588.94292058643,"fraxtal-scrvUSD+sfrxU… (0xaC5d…)":73930.59019132928,"fraxtal-WFRAX+cvxFXS (0x3a38…)":74778.66220406562,"frxETH+CVX (0x47D5…)":629271.3554573623,"frxUSD+sUSDS (0x81A2…)":666343.1482653534,"FXN+cvxFXN (0x1062…)":165960.01647196966,"FXS+cvxFXS (0x6a90…)":18354.173071040623,"msUSD+FRAXBP (0xc3b1…)":585398.357194734,"OHM+FRAXBP (0xFc1e…)":7679.11029268417,"rETH+frxETH (0xe7c6…)":21052.594897466224,"reUSD+fxUSD (0xb0ef…)":202042.8285226352,"reUSD+scrvUSD (0xc522…)":6464057.362330555,"reUSD+sDOLA (0x48d6…)":271554.7526256584,"reUSD+sfrxUSD (0xed78…)":423138.9524214759,"sDOLA+alUSD (0x4606…)":375404.28073680296,"stETH+frxETH (0x4d9f…)":243875.5807616848,"STG+FRAXBP (0x867f…)":29419.842358084716,"WETH+CVX (0xB576…)":1685845.4853706823,"WETH+frxETH (0x9c3B…)":261727.25600316195,"WETH+RSUP (0xEe35…)":1475871.3439338275},"bribes":[{"pool":"fraxtal-frxUSD+dUSD (0x9CA6…)","token":"FXS","gauge":"0x05600c37d54a4f3cdc76e0867af1530becc332ca","choice":562,"amount":245,"amountDollars":717.85,"maxPerVote":0,"recycled":false,"excluded":[]},{"pool":"COIL+FRAXBP (0xAF42…)","token":"FXS","gauge":"0x06b30d5f2341c2fb3f6b48b109685997022bd272","choice":123,"amount":130.07121107946318,"amountDollars":381.10864846282715,"maxPerVote":0,"recycled":false,"excluded":[]},{"pool":"OHM+FRAXBP (0xFc1e…)","token":"FXS","gauge":"0x06f691180f643b35e3644a2296a4097e1f577d0d","choice":86,"amount":72.57561046171419,"amountDollars":212.64653865282258,"maxPerVote":0,"recycled":false,"excluded":[]},{"pool":"fraxtal-WFRAX+cvxFXS (0x3a38…)","token":"CVX","gauge":"0x070ebc9f46d0a6a523d31eb4ae7901c56ad97ae2","choice":547,"amount":511.56,"amountDollars":2261.0951999999997,"maxPerVote":0,"recycled":false,"excluded":[]},{"pool":"WETH+RSUP (0xEe35…)","token":"RSUP","gauge":"0x09f62a6777032329c0d49f1fd4fbe9b3468cda56","choice":379,"amount":33054.42,"amountDollars":41648.5692,"maxPerVote":0,"recycled":false,"excluded":[]},{"pool":"FXS+cvxFXS (0x6a90…)","token":"CVX","gauge":"0x0c58c509305a8a7fe9a6a60ceaac6185b96ecbb7","choice":152,"amount":128.38,"amountDollars":567.4395999999999,"maxPerVote":0,"recycled":false,"excluded":[]},{"pool":"sDOLA+alUSD (0x4606…)","token":"ALCX","gauge":"0x19f9266f349158b54a6d95dce79297df670f7f14","choice":345,"amount":1225,"amountDollars":10927,"maxPerVote":0,"recycled":false,"excluded":[]},{"pool":"ETH+frxETH (0xa1F8…)","token":"CRV","gauge":"0x2932a86df44fe8d2a706d8e9c5d51c24883423f5","choice":80,"amount":3130.12,"amountDollars":2860.4257306799996,"maxPerVote":0,"recycled":false,"excluded":[]},{"pool":"fraxtal-CRV+frxUSD (0x89b4…)","token":"FXS","gauge":"0x304c0564b897e6e72b040f0445ab1bdf391726fe","choice":567,"amount":245,"amountDollars":717.85,"maxPerVote":0,"recycled":false,"excluded":[]},{"pool":"alETH+frxETH (0xB657…)","token":"ALCX","gauge":"0x415f30505368fa1db82feea02eb778be04e75907","choice":116,"amount":1764,"amountDollars":15734.88,"maxPerVote":0,"recycled":false,"excluded":[]},{"pool":"alETH+frxETH (0xB657…)","token":"FXS","gauge":"0x415f30505368fa1db82feea02eb778be04e75907","choice":116,"amount":1087.0360193944575,"amountDollars":3185.0155368257606,"maxPerVote":0,"recycled":false,"excluded":[]},{"pool":"fraxtal-frxUSD+FXB202… (0xeE45…)","token":"FXS","gauge":"0x48100238c4a3cf44cfbf6c7693ed5c216881face","choice":550,"amount":2940,"amountDollars":8614.2,"maxPerVote":0,"recycled":false,"excluded":[]},{"pool":"WETH+frxETH (0x9c3B…)","token":"CRV","gauge":"0x4e21418095d32d15c6e2b96a9910772613a50d50","choice":167,"amount":9005.22,"amountDollars":8229.321239579998,"maxPerVote":0,"recycled":false,"excluded":[]},{"pool":"frxUSD+sUSDS (0x81A2…)","token":"FXS","gauge":"0x52618c40ddba3cbbb69f3aaa4cb26ae649844b17","choice":358,"amount":6623.8788,"amountDollars":19407.964884,"maxPerVote":0,"recycled":false,"excluded":[]},{"pool":"fraxtal-lend-crvUSD(s… (0x279A…)","token":"FXS","gauge":"0x541f57ab2032a042ce6b02fd435347fbae1f6d0a","choice":555,"amount":588,"amountDollars":1722.8400000000001,"maxPerVote":0,"recycled":false,"excluded":[]},{"pool":"fraxtal-frxUSD+sUSDe (0x8b4E…)","token":"FXS","gauge":"0x59005665c5060d3abee291a21de0375cf1bbed03","choice":549,"amount":490,"amountDollars":1435.7,"maxPerVote":0,"recycled":false,"excluded":[]},{"pool":"reUSD+sfrxUSD (0xed78…)","token":"RSUP","gauge":"0x5c0b03914f68f2717d779a0211fd98c2cc45a4dd","choice":378,"amount":10162.6,"amountDollars":12804.876,"maxPerVote":0,"recycled":false,"excluded":[]},{"pool":"fraxtal-frxUSD+DAI (0x86d7…)","token":"FXS","gauge":"0x64100c172d5dc8007e3ee701ecd99468619b6583","choice":542,"amount":245,"amountDollars":717.85,"maxPerVote":0,"recycled":false,"excluded":[]},{"pool":"fraxtal-scrvUSD+sfrxU… (0xaC5d…)","token":"FXS","gauge":"0x660622adba5339e62d800be440d6d0c8c1838559","choice":561,"amount":735,"amountDollars":2153.55,"maxPerVote":0,"recycled":false,"excluded":[]},{"pool":"FXN+cvxFXN (0x1062…)","token":"CVX","gauge":"0x724476f141ed2de4da22ebdf435905def1118317","choice":188,"amount":1138.76,"amountDollars":5033.3192,"maxPerVote":0,"recycled":false,"excluded":[]},{"pool":"fraxtal-frxUSD+PYUSD (0x35c6…)","token":"FXS","gauge":"0x72bd89f2e3470fa5d188cf04eda17e8145eb4bf1","choice":543,"amount":245,"amountDollars":717.85,"maxPerVote":0,"recycled":false,"excluded":[]},{"pool":"alUSD+FRAXBP (0xB30d…)","token":"ALCX","gauge":"0x740ba8aa0052e07b925908b380248cb03f3de5cb","choice":63,"amount":1568,"amountDollars":13986.56,"maxPerVote":0,"recycled":false,"excluded":[]},{"pool":"alUSD+FRAXBP (0xB30d…)","token":"FXS","gauge":"0x740ba8aa0052e07b925908b380248cb03f3de5cb","choice":63,"amount":1243.9504989930574,"amountDollars":3644.7749620496584,"maxPerVote":0,"recycled":false,"excluded":[]},{"pool":"fraxtal-frxUSD+FXB202… (0x15d1…)","token":"FXS","gauge":"0x7506a3e213c362b9e21895c2bd930df454d46573","choice":568,"amount":490,"amountDollars":1435.7,"maxPerVote":0,"recycled":false,"excluded":[]},{"pool":"fraxtal-frxUSD+FXB205… (0x4Cfc…)","token":"FXS","gauge":"0x7ba1e40dae22847e6c521ba297d40ff1c5fd97dd","choice":551,"amount":1764,"amountDollars":5168.52,"maxPerVote":0,"recycled":false,"excluded":[]},{"pool":"WETH+CVX (0xB576…)","token":"CVX","gauge":"0x7e1444ba99dcdffe8fbdb42c02f0005d14f13be1","choice":33,"amount":11017.16,"amountDollars":48695.8472,"maxPerVote":0,"recycled":false,"excluded":[]},{"pool":"STG+FRAXBP (0x867f…)","token":"FXS",