{"curve":{"statusCode":200,"epoch":{"id":"votium-cvx-crv-107","platform":"votium","protocol":"cvx-crv","round":107,"proposal":"0xff831038cb3a743dcd144a6f3ff56cc13701fbe4c58a8ab6d542e6cfa6f2ce9a","end":1760400000,"scoresTotal":24296083.026577093,"bribed":{"alETH+frxETH (0xB657…)":590496.2505297402,"alETH+WETH (0x8eFD…)":184166.15742898404,"alUSD+FRAXBP (0xB30d…)":459917.12868721294,"arbi-alUSD+USDC (0x7848…)":57542.338574495654,"COIL+FRAXBP (0xAF42…)":174953.5150297616,"CRV+cvxCRV (0x971a…)":1939256.376101771,"CVX+clevCVX (0xF907…)":66865.22616098016,"DOLA+sUSDe (0x7447…)":2521989.531209853,"DOLA+sUSDS (0x8b83…)":963721.9278106167,"DOLA+USR (0x38De…)":1071593.1386851878,"DOLA+wstUSR (0x6427…)":1253470.0113997804,"FRAX+USDe (0x5dc1…)":2695549.881999209,"fraxtal-CRV+frxUSD (0x89b4…)":19679.216606613267,"fraxtal-crvUSD+frxUSD (0x63Eb…)":39401.796807030754,"fraxtal-DKDEFI+BTCWIT… (0x9edd…)":92247.56434377092,"fraxtal-frxETH+sfrxETH (0xF2f4…)":147900.15736085427,"fraxtal-frxUSD+DAI (0x86d7…)":19679.216606613267,"fraxtal-frxUSD+dUSD (0x9CA6…)":19679.216606613267,"fraxtal-frxUSD+frxETH… (0xa0D3…)":36948.55900774223,"fraxtal-frxUSD+FXB202… (0x15d1…)":73916.31215776135,"fraxtal-frxUSD+FXB202… (0xeE45…)":197206.607861898,"fraxtal-frxUSD+FXB205… (0x4Cfc…)":147900.15736085427,"fraxtal-frxUSD+PYUSD (0x35c6…)":19679.216606613267,"fraxtal-frxUSD+sUSDe (0x8b4E…)":39401.796807030754,"fraxtal-frxUSD+USDC (0xa8eB…)":19679.216606613267,"fraxtal-frxUSD+USDe (0x1e19…)":49263.0869072395,"fraxtal-frxUSD+USDT (0xcAEF…)":24609.861656717636,"fraxtal-FXB20251231+F… (0x2421…)":36948.55900774223,"fraxtal-lend-crvUSD(s… (0x0Edf…)":36948.55900774223,"fraxtal-lend-crvUSD(s… (0x279A…)":36948.55900774223,"fraxtal-lend-crvUSD(W… (0xa757…)":24609.861656717636,"fraxtal-scrvUSD+sfrxU… (0xaC5d…)":49263.0869072395,"fraxtal-WFRAX+cvxFXS (0x3a38…)":39452.74010080262,"frxETH+CVX (0x47D5…)":308350.6033750438,"frxUSD+sUSDS (0x81A2…)":408303.7589279965,"FXN+cvxFXN (0x1062…)":128510.3892208337,"FXS+cvxFXS (0x6a90…)":9760.719243927944,"lend-crvUSD(sreUSD) (0xC32B…)":361467.9297583912,"msUSD+FRAXBP (0xc3b1…)":314633.3817017295,"rETH+frxETH (0xe7c6…)":20304.61078219906,"reUSD+fxUSD (0xb0ef…)":143579.80215332258,"reUSD+scrvUSD (0xc522…)":3424515.727216541,"reUSD+sDOLA (0x48d6…)":202515.68454506848,"reUSD+sfrxUSD (0xed78…)":569789.2891016416,"sDOLA+alUSD (0x4606…)":287781.713572435,"sfrxUSD+frxUSD (0xF292…)":173571.5367858251,"stETH+frxETH (0x4d9f…)":186533.1406578103,"STG+FRAXBP (0x867f…)":28281.36511182458,"USDC+jUSD (0x6A0c…)":27797.26898655324,"WETH+CVX (0xB576…)":822512.9215496718,"WETH+frxETH (0x9c3B…)":113469.62545319591,"WETH+RSUP (0xEe35…)":478660.4171438053},"bribes":[{"pool":"fraxtal-frxUSD+dUSD (0x9CA6…)","token":"FXS","gauge":"0x05600c37d54a4f3cdc76e0867af1530becc332ca","choice":591,"amount":392,"amountDollars":686.777081928204,"maxPerVote":0,"recycled":false,"excluded":[]},{"pool":"COIL+FRAXBP (0xAF42…)","token":"CRV","gauge":"0x06b30d5f2341c2fb3f6b48b109685997022bd272","choice":123,"amount":9800,"amountDollars":5731.284208056309,"maxPerVote":0,"recycled":false,"excluded":[]},{"pool":"COIL+FRAXBP (0xAF42…)","token":"FXS","gauge":"0x06b30d5f2341c2fb3f6b48b109685997022bd272","choice":123,"amount":219.2110309642137,"amountDollars":384.05385758182615,"maxPerVote":0,"recycled":false,"excluded":[]},{"pool":"fraxtal-WFRAX+cvxFXS (0x3a38…)","token":"CVX","gauge":"0x070ebc9f46d0a6a523d31eb4ae7901c56ad97ae2","choice":576,"amount":520.38,"amountDollars":1352.9213117086133,"maxPerVote":0,"recycled":false,"excluded":[]},{"pool":"WETH+RSUP (0xEe35…)","token":"RSUP","gauge":"0x09f62a6777032329c0d49f1fd4fbe9b3468cda56","choice":379,"amount":25676,"amountDollars":16601.020474011784,"maxPerVote":0,"recycled":false,"excluded":[]},{"pool":"FXS+cvxFXS (0x6a90…)","token":"CVX","gauge":"0x0c58c509305a8a7fe9a6a60ceaac6185b96ecbb7","choice":152,"amount":130.34,"amountDollars":338.8672965296527,"maxPerVote":0,"recycled":false,"excluded":[]},{"pool":"sDOLA+alUSD (0x4606…)","token":"ALCX","gauge":"0x19f9266f349158b54a6d95dce79297df670f7f14","choice":345,"amount":1225,"amountDollars":9962.334981797958,"maxPerVote":0,"recycled":false,"excluded":[]},{"pool":"lend-crvUSD(sreUSD) (0xC32B…)","token":"RSUP","gauge":"0x29e9975561fad3a7988ca96361ab5c5317cb32af","choice":442,"amount":19441.24,"amountDollars":12569.88718181091,"maxPerVote":0,"recycled":false,"excluded":[]},{"pool":"fraxtal-CRV+frxUSD (0x89b4…)","token":"FXS","gauge":"0x304c0564b897e6e72b040f0445ab1bdf391726fe","choice":596,"amount":392,"amountDollars":686.777081928204,"maxPerVote":0,"recycled":false,"excluded":[]},{"pool":"alETH+frxETH (0xB657…)","token":"ALCX","gauge":"0x415f30505368fa1db82feea02eb778be04e75907","choice":116,"amount":2352,"amountDollars":19127.68316505208,"maxPerVote":0,"recycled":false,"excluded":[]},{"pool":"alETH+frxETH (0xB657…)","token":"FXS","gauge":"0x415f30505368fa1db82feea02eb778be04e75907","choice":116,"amount":778.7304301168316,"amountDollars":1364.3219704192163,"maxPerVote":0,"recycled":false,"excluded":[]},{"pool":"fraxtal-frxUSD+FXB202… (0xeE45…)","token":"FXS","gauge":"0x48100238c4a3cf44cfbf6c7693ed5c216881face","choice":579,"amount":3920,"amountDollars":6867.770819282039,"maxPerVote":0,"recycled":false,"excluded":[]},{"pool":"WETH+frxETH (0x9c3B…)","token":"FXS","gauge":"0x4e21418095d32d15c6e2b96a9910772613a50d50","choice":167,"amount":2727.34,"amountDollars":4778.25154751548,"maxPerVote":0,"recycled":false,"excluded":[]},{"pool":"frxUSD+sUSDS (0x81A2…)","token":"FXS","gauge":"0x52618c40ddba3cbbb69f3aaa4cb26ae649844b17","choice":358,"amount":8116.3404,"amountDollars":14219.685142469367,"maxPerVote":0,"recycled":false,"excluded":[]},{"pool":"fraxtal-lend-crvUSD(s… (0x279A…)","token":"FXS","gauge":"0x541f57ab2032a042ce6b02fd435347fbae1f6d0a","choice":584,"amount":735,"amountDollars":1287.7070286153823,"maxPerVote":0,"recycled":false,"excluded":[]},{"pool":"fraxtal-frxUSD+sUSDe (0x8b4E…)","token":"FXS","gauge":"0x59005665c5060d3abee291a21de0375cf1bbed03","choice":578,"amount":784,"amountDollars":1373.554163856408,"maxPerVote":0,"recycled":false,"excluded":[]},{"pool":"reUSD+sfrxUSD (0xed78…)","token":"RSUP","gauge":"0x5c0b03914f68f2717d779a0211fd98c2cc45a4dd","choice":378,"amount":4321.8,"amountDollars":2794.293904213434,"maxPerVote":0,"recycled":false,"excluded":[]},{"pool":"fraxtal-frxUSD+DAI (0x86d7…)","token":"FXS","gauge":"0x64100c172d5dc8007e3ee701ecd99468619b6583","choice":571,"amount":392,"amountDollars":686.777081928204,"maxPerVote":0,"recycled":false,"excluded":[]},{"pool":"fraxtal-scrvUSD+sfrxU… (0xaC5d…)","token":"FXS","gauge":"0x660622adba5339e62d800be440d6d0c8c1838559","choice":590,"amount":980,"amountDollars":1716.9427048205098,"maxPerVote":0,"recycled":false,"excluded":[]},{"pool":"FXN+cvxFXN (0x1062…)","token":"CVX","gauge":"0x724476f141ed2de4da22ebdf435905def1118317","choice":188,"amount":1668.94,"amountDollars":4339.030120225553,"maxPerVote":0,"recycled":false,"excluded":[]},{"pool":"fraxtal-frxUSD+PYUSD (0x35c6…)","token":"FXS","gauge":"0x72bd89f2e3470fa5d188cf04eda17e8145eb4bf1","choice":572,"amount":392,"amountDollars":686.777081928204,"maxPerVote":0,"recycled":false,"excluded":[]},{"pool":"alUSD+FRAXBP (0xB30d…)","token":"ALCX","gauge":"0x740ba8aa0052e07b925908b380248cb03f3de5cb","choice":63,"amount":1568,"amountDollars":12751.788776701385,"maxPerVote":0,"recycled":false,"excluded":[]},{"pool":"alUSD+FRAXBP (0xB30d…)","token":"FXS","gauge":"0x740ba8aa0052e07b925908b380248cb03f3de5cb","choice":63,"amount":1920.2786783284525,"amountDollars":3364.2943550800073,"maxPerVote":0,"recycled":false,"excluded":[]},{"pool":"fraxtal-frxUSD+FXB202… (0x15d1…)","token":"FXS","gauge":"0x7506a3e213c362b9e21895c2bd930df454d46573","choice":597,"amount":1470,"amountDollars":2575.4140572307647,"maxPerVote":0,"recycled":false,"excluded":[]},{"pool":"CVX+clevCVX (0xF907…)","token":"CVX","gauge":"0x7970489a543fb237abab63d62524d8a5ce165b86","choice":92,"amount":980,"amountDollars":2547.8744099973887,"maxPerVote":0,"recycled":false,