{"curve":{"statusCode":200,"epoch":{"id":"votium-cvx-crv-109","platform":"votium","protocol":"cvx-crv","round":109,"proposal":"0x56c6fb87bef90a47e0bf39d9e5119d93679d53be85093dd09cca9365a86722f6","end":1762819200,"scoresTotal":32929416.548200928,"bribed":{"alETH+frxETH (0xB657…)":893972.1687868515,"alETH+WETH (0x8eFD…)":247202.90845477834,"alUSD+FRAXBP (0xB30d…)":655598.4254598732,"arbi-alUSD+USDC (0x7848…)":77237.37818079718,"COIL+FRAXBP (0xAF42…)":10239.535450045858,"CRV+cvxCRV (0x971a…)":2954679.074325518,"CVX+clevCVX (0xF907…)":68118.05100936914,"DOLA+sUSDe (0x7447…)":4406586.978785323,"DOLA+wstUSR (0x6427…)":1962807.368518616,"FRAX+USDe (0x5dc1…)":2292472.5062464117,"fraxtal-CRV+frxUSD (0x89b4…)":17636.368604044485,"fraxtal-crvUSD+frxUSD (0x63Eb…)":35260.385536858514,"fraxtal-frxETH+sfrxETH (0xF2f4…)":105769.02969574768,"fraxtal-frxUSD+dUSD (0x9CA6…)":17450.644022782537,"fraxtal-frxUSD+frxETH… (0xa0D3…)":26442.201234836273,"fraxtal-frxUSD+FXB202… (0x15d1…)":52878.33901225861,"fraxtal-frxUSD+FXB202… (0xeE45…)":141035.7034464227,"fraxtal-frxUSD+FXB205… (0x4Cfc…)":105769.02969574768,"fraxtal-frxUSD+sUSDe (0x8b4E…)":28199.72968654627,"fraxtal-frxUSD+USDe (0x1e19…)":35260.385536858514,"fraxtal-frxUSD+USDT (0xcAEF…)":26442.201234836273,"fraxtal-FXB20251231+F… (0x2421…)":26442.201234836273,"fraxtal-lend-crvUSD(s… (0x0Edf…)":35260.385536858514,"fraxtal-lend-crvUSD(s… (0x279A…)":35260.385536858514,"fraxtal-lend-crvUSD(W… (0xa757…)":17636.368604044485,"fraxtal-scrvUSD+sfrxU… (0xaC5d…)":35260.385536858514,"fraxtal-WFRAX+cvxFXS (0x3a38…)":32408.225094815007,"frxETH+CVX (0x47D5…)":277475.0537659115,"frxUSD+crvUSD (0x13e1…)":2399941.407592599,"frxUSD+sUSDS (0x81A2…)":222113.7721452276,"FXN+cvxFXN (0x1062…)":110340.35717232608,"FXS+cvxFXS (0x6a90…)":8908.213724955733,"lend-crvUSD(sDOLA) (0x992B…)":1018952.2380053266,"lend-crvUSD(sreUSD) (0xC32B…)":470521.055364763,"msUSD+FRAXBP (0xc3b1…)":760959.3666489356,"rETH+frxETH (0xe7c6…)":11487.05424432165,"reUSD+fxUSD (0xb0ef…)":143577.660503101,"reUSD+scrvUSD (0xc522…)":1407286.3160260513,"reUSD+sDOLA (0x48d6…)":78916.52126801995,"reUSD+sfrxUSD (0xed78…)":139557.5336176479,"sDOLA+alUSD (0x4606…)":418737.26293055655,"sfrxUSD+frxUSD (0xF292…)":111078.44530816644,"stETH+frxETH (0x4d9f…)":370845.84946341184,"STG+FRAXBP (0x867f…)":28680.9953517288,"USDC+crvUSD (0x4DEc…)":1763541.141538388,"USDC+jUSD (0x6A0c…)":12302.264545531572,"USDT+crvUSD (0x390f…)":1757857.2723231807,"WETH+CVX (0xB576…)":2691794.668939052,"WETH+frxETH (0x9c3B…)":137089.0123191446,"WETH+RSUP (0xEe35…)":405497.91822854406},"bribes":[{"pool":"fraxtal-frxUSD+dUSD (0x9CA6…)","token":"WFRAX","gauge":"0x05600c37d54a4f3cdc76e0867af1530becc332ca","choice":606,"amount":490,"amountDollars":583.004397791525,"maxPerVote":0,"recycled":false,"excluded":[]},{"pool":"COIL+FRAXBP (0xAF42…)","token":"FXS","gauge":"0x06b30d5f2341c2fb3f6b48b109685997022bd272","choice":123,"amount":303.17778257298403,"amountDollars":359.75730690530906,"maxPerVote":0,"recycled":false,"excluded":[]},{"pool":"fraxtal-WFRAX+cvxFXS (0x3a38…)","token":"CVX","gauge":"0x070ebc9f46d0a6a523d31eb4ae7901c56ad97ae2","choice":591,"amount":504.7,"amountDollars":1042.9770693127311,"maxPerVote":0,"recycled":false,"excluded":[]},{"pool":"WETH+RSUP (0xEe35…)","token":"RSUP","gauge":"0x09f62a6777032329c0d49f1fd4fbe9b3468cda56","choice":379,"amount":26038.6,"amountDollars":12587.65547165627,"maxPerVote":0,"recycled":false,"excluded":[]},{"pool":"FXS+cvxFXS (0x6a90…)","token":"CVX","gauge":"0x0c58c509305a8a7fe9a6a60ceaac6185b96ecbb7","choice":152,"amount":126.42,"amountDollars":261.25056687639284,"maxPerVote":0,"recycled":false,"excluded":[]},{"pool":"sDOLA+alUSD (0x4606…)","token":"ALCX","gauge":"0x19f9266f349158b54a6d95dce79297df670f7f14","choice":345,"amount":1225,"amountDollars":12694.040833085717,"maxPerVote":0,"recycled":false,"excluded":[]},{"pool":"frxUSD+crvUSD (0x13e1…)","token":"YB","gauge":"0x22804b0f6be741a9fa1bbaecdd6c8d4116e96944","choice":427,"amount":100814.89262848998,"amountDollars":49299.83841085528,"maxPerVote":0,"recycled":false,"excluded":[]},{"pool":"frxUSD+crvUSD (0x13e1…)","token":"WFRAX","gauge":"0x22804b0f6be741a9fa1bbaecdd6c8d4116e96944","choice":427,"amount":15433.04,"amountDollars":18362.30651284187,"maxPerVote":0,"recycled":false,"excluded":[]},{"pool":"lend-crvUSD(sreUSD) (0xC32B…)","token":"RSUP","gauge":"0x29e9975561fad3a7988ca96361ab5c5317cb32af","choice":442,"amount":30162.44,"amountDollars":14581.214155311882,"maxPerVote":0,"recycled":false,"excluded":[]},{"pool":"fraxtal-CRV+frxUSD (0x89b4…)","token":"WFRAX","gauge":"0x304c0564b897e6e72b040f0445ab1bdf391726fe","choice":611,"amount":490,"amountDollars":583.004397791525,"maxPerVote":0,"recycled":false,"excluded":[]},{"pool":"alETH+frxETH (0xB657…)","token":"ALCX","gauge":"0x415f30505368fa1db82feea02eb778be04e75907","choice":116,"amount":2352,"amountDollars":24372.55839952458,"maxPerVote":0,"recycled":false,"excluded":[]},{"pool":"alETH+frxETH (0xB657…)","token":"FXS","gauge":"0x415f30505368fa1db82feea02eb778be04e75907","choice":116,"amount":1366.5892950547345,"amountDollars":1621.6243824402384,"maxPerVote":0,"recycled":false,"excluded":[]},{"pool":"fraxtal-frxUSD+FXB202… (0xeE45…)","token":"WFRAX","gauge":"0x48100238c4a3cf44cfbf6c7693ed5c216881face","choice":594,"amount":3920,"amountDollars":4664.0351823322,"maxPerVote":0,"recycled":false,"excluded":[]},{"pool":"WETH+frxETH (0x9c3B…)","token":"WFRAX","gauge":"0x4e21418095d32d15c6e2b96a9910772613a50d50","choice":167,"amount":3810.24,"amountDollars":4533.442197226897,"maxPerVote":0,"recycled":false,"excluded":[]},{"pool":"USDT+crvUSD (0x390f…)","token":"YB","gauge":"0x4e6bb6b7447b7b2aa268c16ab87f4bb48bf57939","choice":133,"amount":100814.89262848998,"amountDollars":49299.83841085528,"maxPerVote":0,"recycled":false,"excluded":[]},{"pool":"frxUSD+sUSDS (0x81A2…)","token":"WFRAX","gauge":"0x52618c40ddba3cbbb69f3aaa4cb26ae649844b17","choice":358,"amount":6173.02,"amountDollars":7344.689403377632,"maxPerVote":0,"recycled":false,"excluded":[]},{"pool":"fraxtal-lend-crvUSD(s… (0x279A…)","token":"WFRAX","gauge":"0x541f57ab2032a042ce6b02fd435347fbae1f6d0a","choice":599,"amount":980,"amountDollars":1166.00879558305,"maxPerVote":0,"recycled":false,"excluded":[]},{"pool":"fraxtal-frxUSD+sUSDe (0x8b4E…)","token":"WFRAX","gauge":"0x59005665c5060d3abee291a21de0375cf1bbed03","choice":593,"amount":784,"amountDollars":932.80703646644,"maxPerVote":0,"recycled":false,"excluded":[]},{"pool":"reUSD+sfrxUSD (0xed78…)","token":"RSUP","gauge":"0x5c0b03914f68f2717d779a0211fd98c2cc45a4dd","choice":378,"amount":9702.98,"amountDollars":4690.642710759079,"maxPerVote":0,"recycled":false,"excluded":[]},{"pool":"fraxtal-scrvUSD+sfrxU… (0xaC5d…)","token":"WFRAX","gauge":"0x660622adba5339e62d800be440d6d0c8c1838559","choice":605,"amount":980,"amountDollars":1166.00879558305,"maxPerVote":0,"recycled":false,"excluded":[]},{"pool":"FXN+cvxFXN (0x1062…)","token":"CVX","gauge":"0x724476f141ed2de4da22ebdf435905def1118317","choice":188,"amount":1469.02,"amountDollars":3035.7720910675416,"maxPerVote":0,"recycled":false,"excluded":[]},{"pool":"alUSD+FRAXBP (0xB30d…)","token":"ALCX","gauge":"0x740ba8aa0052e07b925908b380248cb03f3de5cb","choice":63,"amount":1568,"amountDollars":16248.37226634972,"maxPerVote":0,"recycled":false,"excluded":[]},{"pool":"alUSD+FRAXBP (0xB30d…)","token":"FXS","gauge":"0x740ba8aa0052e07b925908b380248cb03f3de5cb","choice":63,"amount":2560.9482689810347,"amountDollars":3038.876544822808,"maxPerVote":0,"recycled":false,"excluded":[]},{"pool":"fraxtal-frxUSD+FXB202… (0x15d1…)","token":"WFRAX","gauge":"0x7506a3e213c362b9e21895c2bd930df454d46573","choice":612,"amount":1470,"amountDollars":1749.013193374575,"maxPerVote":0,"recycled":false,"excluded":[]},{"pool":"CVX+clevCVX (0xF907…)","token":"CVX","gauge":"0x7970489a543fb237abab63d62524d8a5ce165b86","choice":92,"amount":980,"amountDollars":2025.1981928402545,"maxPerVote":0,"recycled":false,"excluded":[]},{"pool":"fraxtal-frxUSD+FXB205… (0x4Cfc…)",