{"curve":{"statusCode":200,"epoch":{"id":"votium-cvx-crv-102","platform":"votium","protocol":"cvx-crv","round":102,"proposal":"0x480b1012b64595a78885929ffe9762bded085f5cc81a9a3926d431ad08238d49","end":1754352000,"scoresTotal":30565113.521708626,"bribed":{"alETH+frxETH (0xB657…)":624359.8089114736,"alETH+WETH (0x8eFD…)":238718.7550724779,"alUSD+FRAXBP (0xB30d…)":580111.3597487333,"arbi-alUSD+USDC (0x7848…)":74609.33681573949,"COIL+FRAXBP (0xAF42…)":13589.12951388253,"CRV+cvxCRV (0x971a…)":3630569.161936175,"CVX+clevCVX (0xF907…)":18278.148910045216,"DOLA+sUSDe (0x7447…)":39.41849121315043,"DOLA+sUSDS (0x8b83…)":39.41849121315043,"DOLA+USR (0x38De…)":39.41849121315043,"ETH+frxETH (0xa1F8…)":96858.48280596026,"eUSD+FRAXBP (0xAEda…)":24544.64291552977,"FRAX+USDe (0x5dc1…)":4277630.561558267,"fraxtal-CRV+frxUSD (0x89b4…)":24322.13169855497,"fraxtal-crvUSD+frxUSD (0x63Eb…)":48639.51515925538,"fraxtal-dUSD+sfrxUSD (0x5eCF…)":24322.13169855497,"fraxtal-frxETH+sfrxETH (0xF2f4…)":136234.97015525136,"fraxtal-frxETH+SQUID (0x277F…)":48639.51515925538,"fraxtal-frxUSD+DAI (0x86d7…)":24322.13169855497,"fraxtal-frxUSD+dUSD (0x9CA6…)":24322.13169855497,"fraxtal-frxUSD+frxETH… (0xa0D3…)":72968.45537107534,"fraxtal-frxUSD+FXB202… (0x15d1…)":48639.51515925538,"fraxtal-frxUSD+FXB202… (0xeE45…)":291952.65846672765,"fraxtal-frxUSD+FXB205… (0x4Cfc…)":175172.54472760746,"fraxtal-frxUSD+PYUSD (0x35c6…)":24322.13169855497,"fraxtal-frxUSD+sUSDe (0x8b4E…)":48639.51515925538,"fraxtal-frxUSD+USDC (0xa8eB…)":24322.13169855497,"fraxtal-frxUSD+USDe (0x1e19…)":58392.43098848735,"fraxtal-frxUSD+USDT (0xcAEF…)":48639.51515925538,"fraxtal-FXB20251231+F… (0x2421…)":72968.45537107534,"fraxtal-lend-crvUSD(s… (0x0Edf…)":29196.215494243675,"fraxtal-lend-crvUSD(s… (0x279A…)":58392.43098848735,"fraxtal-lend-crvUSD(W… (0xa757…)":29196.215494243675,"fraxtal-scrvUSD+sfrxU… (0xaC5d…)":72968.45537107534,"fraxtal-WFRAX+cvxFXS (0x3a38…)":75777.41235410894,"frxETH+CVX (0x47D5…)":628561.7824102775,"frxUSD+sUSDS (0x81A2…)":657761.581865324,"FXN+cvxFXN (0x1062…)":165473.75051784128,"FXS+cvxFXS (0x6a90…)":18292.19557660393,"msUSD+FRAXBP (0xc3b1…)":569684.232572546,"OHM+FRAXBP (0xFc1e…)":7589.920308778488,"pxETH+stETH (0x6951…)":6514.736076878304,"rETH+frxETH (0xe7c6…)":20795.00394717512,"reUSD+fxUSD (0xb0ef…)":200689.70373302823,"reUSD+scrvUSD (0xc522…)":6446454.317127949,"reUSD+sDOLA (0x48d6…)":269724.15991201927,"reUSD+sfrxUSD (0xed78…)":420997.004618403,"sDOLA+alUSD (0x4606…)":372990.96059851017,"stETH+frxETH (0x4d9f…)":241591.43115626927,"STG+FRAXBP (0x867f…)":29064.69742269276,"WETH+CVX (0xB576…)":1678762.80580733,"WETH+frxETH (0x9c3B…)":259335.29344001866,"WETH+pxETH (0xC8Eb…)":9772.104115317454,"WETH+RSUP (0xEe35…)":1468924.1125493576},"bribes":[{"pool":"fraxtal-frxUSD+dUSD (0x9CA6…)","token":"FXS","gauge":"0x05600c37d54a4f3cdc76e0867af1530becc332ca","choice":562,"amount":245,"amountDollars":720.3,"maxPerVote":0,"recycled":false,"excluded":[]},{"pool":"COIL+FRAXBP (0xAF42…)","token":"FXS","gauge":"0x06b30d5f2341c2fb3f6b48b109685997022bd272","choice":123,"amount":130.07121107946318,"amountDollars":383.7100726844164,"maxPerVote":0,"recycled":false,"excluded":[]},{"pool":"OHM+FRAXBP (0xFc1e…)","token":"FXS","gauge":"0x06f691180f643b35e3644a2296a4097e1f577d0d","choice":86,"amount":72.57561046171419,"amountDollars":214.09805086205688,"maxPerVote":0,"recycled":false,"excluded":[]},{"pool":"fraxtal-WFRAX+cvxFXS (0x3a38…)","token":"CVX","gauge":"0x070ebc9f46d0a6a523d31eb4ae7901c56ad97ae2","choice":547,"amount":511.56,"amountDollars":2281.5576,"maxPerVote":0,"recycled":false,"excluded":[]},{"pool":"WETH+RSUP (0xEe35…)","token":"RSUP","gauge":"0x09f62a6777032329c0d49f1fd4fbe9b3468cda56","choice":379,"amount":33054.42,"amountDollars":42309.6576,"maxPerVote":0,"recycled":false,"excluded":[]},{"pool":"FXS+cvxFXS (0x6a90…)","token":"CVX","gauge":"0x0c58c509305a8a7fe9a6a60ceaac6185b96ecbb7","choice":152,"amount":128.38,"amountDollars":572.5748,"maxPerVote":0,"recycled":false,"excluded":[]},{"pool":"sDOLA+alUSD (0x4606…)","token":"ALCX","gauge":"0x19f9266f349158b54a6d95dce79297df670f7f14","choice":345,"amount":1225,"amountDollars":11147.5,"maxPerVote":0,"recycled":false,"excluded":[]},{"pool":"ETH+frxETH (0xa1F8…)","token":"CRV","gauge":"0x2932a86df44fe8d2a706d8e9c5d51c24883423f5","choice":80,"amount":3130.12,"amountDollars":2873.94158884,"maxPerVote":0,"recycled":false,"excluded":[]},{"pool":"fraxtal-CRV+frxUSD (0x89b4…)","token":"FXS","gauge":"0x304c0564b897e6e72b040f0445ab1bdf391726fe","choice":567,"amount":245,"amountDollars":722.75,"maxPerVote":0,"recycled":false,"excluded":[]},{"pool":"alETH+frxETH (0xB657…)","token":"ALCX","gauge":"0x415f30505368fa1db82feea02eb778be04e75907","choice":116,"amount":1764,"amountDollars":16052.4,"maxPerVote":0,"recycled":false,"excluded":[]},{"pool":"alETH+frxETH (0xB657…)","token":"FXS","gauge":"0x415f30505368fa1db82feea02eb778be04e75907","choice":116,"amount":1087.0360193944575,"amountDollars":3206.75625721365,"maxPerVote":0,"recycled":false,"excluded":[]},{"pool":"fraxtal-frxUSD+FXB202… (0xeE45…)","token":"FXS","gauge":"0x48100238c4a3cf44cfbf6c7693ed5c216881face","choice":550,"amount":2940,"amountDollars":8673,"maxPerVote":0,"recycled":false,"excluded":[]},{"pool":"WETH+frxETH (0x9c3B…)","token":"CRV","gauge":"0x4e21418095d32d15c6e2b96a9910772613a50d50","choice":167,"amount":9005.22,"amountDollars":8268.20577954,"maxPerVote":0,"recycled":false,"excluded":[]},{"pool":"frxUSD+sUSDS (0x81A2…)","token":"FXS","gauge":"0x52618c40ddba3cbbb69f3aaa4cb26ae649844b17","choice":358,"amount":6623.8788,"amountDollars":19540.442460000002,"maxPerVote":0,"recycled":false,"excluded":[]},{"pool":"fraxtal-lend-crvUSD(s… (0x279A…)","token":"FXS","gauge":"0x541f57ab2032a042ce6b02fd435347fbae1f6d0a","choice":555,"amount":588,"amountDollars":1734.6000000000001,"maxPerVote":0,"recycled":false,"excluded":[]},{"pool":"pxETH+stETH (0x6951…)","token":"DAI","gauge":"0x58215f083882a5eb7056ac34a0fdda9d3b5665d2","choice":206,"amount":9800,"amountDollars":9798.5986,"maxPerVote":0,"recycled":false,"excluded":[]},{"pool":"fraxtal-frxUSD+sUSDe (0x8b4E…)","token":"FXS","gauge":"0x59005665c5060d3abee291a21de0375cf1bbed03","choice":549,"amount":490,"amountDollars":1445.5,"maxPerVote":0,"recycled":false,"excluded":[]},{"pool":"reUSD+sfrxUSD (0xed78…)","token":"RSUP","gauge":"0x5c0b03914f68f2717d779a0211fd98c2cc45a4dd","choice":378,"amount":10162.6,"amountDollars":13008.128,"maxPerVote":0,"recycled":false,"excluded":[]},{"pool":"fraxtal-frxUSD+DAI (0x86d7…)","token":"FXS","gauge":"0x64100c172d5dc8007e3ee701ecd99468619b6583","choice":542,"amount":245,"amountDollars":722.75,"maxPerVote":0,"recycled":false,"excluded":[]},{"pool":"fraxtal-scrvUSD+sfrxU… (0xaC5d…)","token":"FXS","gauge":"0x660622adba5339e62d800be440d6d0c8c1838559","choice":561,"amount":735,"amountDollars":2168.25,"maxPerVote":0,"recycled":false,"excluded":[]},{"pool":"FXN+cvxFXN (0x1062…)","token":"CVX","gauge":"0x724476f141ed2de4da22ebdf435905def1118317","choice":188,"amount":1138.76,"amountDollars":5078.8696,"maxPerVote":0,"recycled":false,"excluded":[]},{"pool":"fraxtal-frxUSD+PYUSD (0x35c6…)","token":"FXS","gauge":"0x72bd89f2e3470fa5d188cf04eda17e8145eb4bf1","choice":543,"amount":245,"amountDollars":722.75,"maxPerVote":0,"recycled":false,"excluded":[]},{"pool":"alUSD+FRAXBP (0xB30d…)","token":"ALCX","gauge":"0x740ba8aa0052e07b925908b380248cb03f3de5cb","choice":63,"amount":1568,"amountDollars":14268.8,"maxPerVote":0,"recycled":false,"excluded":[]},{"pool":"alUSD+FRAXBP (0xB30d…)","token":"FXS","gauge":"0x740ba8aa0052e07b925908b380248cb03f3de5cb","choice":63,"amount":1243.9504989930574,"amountDollars":3669.6539720295195,"maxPerVote":0,"recycled":false,"excluded":[]},{"pool":"fraxtal-frxUSD+FXB202… (0x15d1…)","token":"FXS","gauge":"0x7506a3e213c362b9e21895c2bd930df454d46573","choice":568,"amount":490,"amountDollars":1445.5,"maxPerVote":0,"recycled":false,"excluded":[]},{"pool":"CVX+clevCVX (0xF907…)","token":"CVX",