{"curve":{"statusCode":200,"epoch":{"id":"votium-cvx-crv-98","platform":"votium","protocol":"cvx-crv","round":98,"proposal":"0x662c82169a3e7c0ff0baeb3ceb20f9d76115b2cd2d9b138cee48d8f8f80812b0","end":1749513600,"scoresTotal":40536910.19371479,"bribed":{"alETH+frxETH (0xB657…)":596314.2779238801,"alETH+WETH (0x8eFD…)":241912.81977191384,"alUSD+FRAXBP (0xB30d…)":558300.1346471629,"arbi-alUSD+USDC (0x7848…)":74695.88238007884,"COIL+FRAXBP (0xAF42…)":392518.478534364,"CRV+cvxCRV (0x971a…)":3342364.1718670195,"CVX+afCVX (0x7956…)":98198.65049045684,"CVX+clevCVX (0xF907…)":93676.22162111287,"DOLA+DBR+INV (0xC7DE…)":280818.64068463776,"DOLA+deUSD (0x6691…)":467989.7781681258,"DOLA+sUSDe (0x7447…)":2344964.785556294,"DOLA+sUSDS (0x8b83…)":1031777.4994710032,"DOLA+USR (0x38De…)":2344354.09440111,"ETH+frxETH (0xa1F8…)":64784.38474402935,"eUSD+FRAXBP (0xAEda…)":3165.4843881860916,"FRAX+USDe (0x5dc1…)":2269349.683487084,"fraxtal-CRV+frxUSD (0x89b4…)":23392.078989005644,"fraxtal-crvUSD+frxUSD (0x63Eb…)":42342.22545603218,"fraxtal-dUSD+sfrxUSD (0x5eCF…)":76198.01258823529,"fraxtal-frxETH+sfrxETH (0xF2f4…)":140241.6205087992,"fraxtal-frxETH+SQUID (0x277F…)":53701.57145553268,"fraxtal-frxUSD+DAI (0x86d7…)":28237.043946651476,"fraxtal-frxUSD+dUSD (0x9CA6…)":76198.01258823529,"fraxtal-frxUSD+frxETH… (0xa0D3…)":46917.900808645434,"fraxtal-frxUSD+FXB202… (0xeE45…)":282299.2091165195,"fraxtal-frxUSD+FXB205… (0x4Cfc…)":200890.46492087716,"fraxtal-frxUSD+PYUSD (0x35c6…)":27681.681620945456,"fraxtal-frxUSD+sUSDe (0x8b4E…)":56029.73806496536,"fraxtal-frxUSD+USDC (0xa8eB…)":22461.69616554056,"fraxtal-frxUSD+USDe (0x1e19…)":69540.13770420405,"fraxtal-frxUSD+USDT (0xcAEF…)":55969.294483757425,"fraxtal-FXB20251231+F… (0x2421…)":126996.68764705882,"fraxtal-lend-crvUSD(s… (0x0Edf…)":92939.90583478638,"fraxtal-lend-crvUSD(s… (0x279A…)":46917.900808645434,"fraxtal-lend-crvUSD(W… (0xa757…)":106102.68902461161,"fraxtal-scrvUSD+sfrxU… (0xaC5d…)":112717.80678602812,"fraxtal-WFRAX+cvxFXS (0x3a38…)":79027.82056841059,"frxETH+CVX (0x47D5…)":520959.649430286,"FXN+cvxFXN (0x1062…)":183347.34257880272,"FXS+cvxFXS (0x6a90…)":20054.738380492676,"lend-crvUSD(sDOLA) (0x992B…)":131308.27377853973,"msETH+frxETH (0x2d60…)":8996.01569748668,"msUSD+FRAXBP (0xc3b1…)":458742.53046285885,"OHM+FRAXBP (0xFc1e…)":26360.379316129645,"pxETH+stETH (0x6951…)":146170.06041514588,"rETH+frxETH (0xe7c6…)":3296.67752483447,"reUSD+scrvUSD (0xc522…)":8649310.829900067,"reUSD+sDOLA (0x48d6…)":310172.86664272036,"reUSD+sfrxUSD (0xed78…)":604585.8988475349,"sDOLA+alUSD (0x4606…)":378089.07448845665,"stETH+frxETH (0x4d9f…)":237349.91269967405,"STG+FRAXBP (0x867f…)":24525.576110319984,"USDaf+crv2pool (0x9559…)":394042.87967283715,"WETH+ASF (0x3D0d…)":1173877.3083526352,"WETH+CVX (0xB576…)":1456813.4396914935,"WETH+frxETH (0x9c3B…)":217113.07094519035,"WETH+pxETH (0xC8Eb…)":146170.06041514588,"WETH+RSUP (0xEe35…)":2277128.600778251},"bribes":[{"pool":"fraxtal-frxUSD+dUSD (0x9CA6…)","token":"FXS","gauge":"0x05600c37d54a4f3cdc76e0867af1530becc332ca","choice":560,"amount":245,"amountDollars":705.6,"maxPerVote":0,"recycled":false,"excluded":[]},{"pool":"COIL+FRAXBP (0xAF42…)","token":"FXS","gauge":"0x06b30d5f2341c2fb3f6b48b109685997022bd272","choice":123,"amount":107.24914677411063,"amountDollars":308.8775427094386,"maxPerVote":0,"recycled":false,"excluded":[]},{"pool":"OHM+FRAXBP (0xFc1e…)","token":"FXS","gauge":"0x06f691180f643b35e3644a2296a4097e1f577d0d","choice":86,"amount":59.105787884824146,"amountDollars":170.22466910829354,"maxPerVote":0,"recycled":false,"excluded":[]},{"pool":"fraxtal-WFRAX+cvxFXS (0x3a38…)","token":"CVX","gauge":"0x070ebc9f46d0a6a523d31eb4ae7901c56ad97ae2","choice":544,"amount":836.92,"amountDollars":2401.9604,"maxPerVote":0,"recycled":false,"excluded":[]},{"pool":"WETH+RSUP (0xEe35…)","token":"RSUP","gauge":"0x09f62a6777032329c0d49f1fd4fbe9b3468cda56","choice":396,"amount":28566.02,"amountDollars":68272.7878,"maxPerVote":0,"recycled":false,"excluded":[]},{"pool":"FXS+cvxFXS (0x6a90…)","token":"CVX","gauge":"0x0c58c509305a8a7fe9a6a60ceaac6185b96ecbb7","choice":152,"amount":209.72,"amountDollars":601.8964,"maxPerVote":0,"recycled":false,"excluded":[]},{"pool":"sDOLA+alUSD (0x4606…)","token":"ALCX","gauge":"0x19f9266f349158b54a6d95dce79297df670f7f14","choice":358,"amount":1225,"amountDollars":11355.75,"maxPerVote":0,"recycled":false,"excluded":[]},{"pool":"WETH+ASF (0x3D0d…)","token":"USDC","gauge":"0x1a38a26f1eb658f0caef3a5a722e56d44511279b","choice":351,"amount":29400,"amountDollars":29392.8852,"maxPerVote":0,"recycled":false,"excluded":[]},{"pool":"ETH+frxETH (0xa1F8…)","token":"CRV","gauge":"0x2932a86df44fe8d2a706d8e9c5d51c24883423f5","choice":80,"amount":2843.96,"amountDollars":1976.5521999999999,"maxPerVote":0,"recycled":false,"excluded":[]},{"pool":"fraxtal-CRV+frxUSD (0x89b4…)","token":"FXS","gauge":"0x304c0564b897e6e72b040f0445ab1bdf391726fe","choice":564,"amount":245,"amountDollars":705.6,"maxPerVote":0,"recycled":false,"excluded":[]},{"pool":"alETH+frxETH (0xB657…)","token":"ALCX","gauge":"0x415f30505368fa1db82feea02eb778be04e75907","choice":116,"amount":1764,"amountDollars":16352.279999999999,"maxPerVote":0,"recycled":false,"excluded":[]},{"pool":"alETH+frxETH (0xB657…)","token":"FXS","gauge":"0x415f30505368fa1db82feea02eb778be04e75907","choice":116,"amount":531.9744755874071,"amountDollars":1532.0864896917326,"maxPerVote":0,"recycled":false,"excluded":[]},{"pool":"fraxtal-frxUSD+FXB202… (0xeE45…)","token":"FXS","gauge":"0x48100238c4a3cf44cfbf6c7693ed5c216881face","choice":547,"amount":2940,"amountDollars":8467.199999999999,"maxPerVote":0,"recycled":false,"excluded":[]},{"pool":"WETH+frxETH (0x9c3B…)","token":"CRV","gauge":"0x4e21418095d32d15c6e2b96a9910772613a50d50","choice":167,"amount":9381.54,"amountDollars":6520.1703,"maxPerVote":0,"recycled":false,"excluded":[]},{"pool":"fraxtal-lend-crvUSD(s… (0x279A…)","token":"FXS","gauge":"0x541f57ab2032a042ce6b02fd435347fbae1f6d0a","choice":552,"amount":490,"amountDollars":1411.2,"maxPerVote":0,"recycled":false,"excluded":[]},{"pool":"pxETH+stETH (0x6951…)","token":"DINERO","gauge":"0x58215f083882a5eb7056ac34a0fdda9d3b5665d2","choice":207,"amount":490000,"amountDollars":4390.0276,"maxPerVote":0,"recycled":false,"excluded":[]},{"pool":"fraxtal-frxUSD+sUSDe (0x8b4E…)","token":"FXS","gauge":"0x59005665c5060d3abee291a21de0375cf1bbed03","choice":546,"amount":490,"amountDollars":1411.2,"maxPerVote":0,"recycled":false,"excluded":[]},{"pool":"reUSD+sfrxUSD (0xed78…)","token":"RSUP","gauge":"0x5c0b03914f68f2717d779a0211fd98c2cc45a4dd","choice":395,"amount":7586.18,"amountDollars":18130.970200000003,"maxPerVote":0,"recycled":false,"excluded":[]},{"pool":"DOLA+DBR+INV (0xC7DE…)","token":"INV","gauge":"0x5ccde4bec0f4006c3826b51edf0d227d12ea33fa","choice":202,"amount":294,"amountDollars":8437.8,"maxPerVote":0,"recycled":false,"excluded":[]},{"pool":"fraxtal-frxUSD+DAI (0x86d7…)","token":"FXS","gauge":"0x64100c172d5dc8007e3ee701ecd99468619b6583","choice":539,"amount":294,"amountDollars":846.7199999999999,"maxPerVote":0,"recycled":false,"excluded":[]},{"pool":"fraxtal-scrvUSD+sfrxU… (0xaC5d…)","token":"FXS","gauge":"0x660622adba5339e62d800be440d6d0c8c1838559","choice":559,"amount":1176,"amountDollars":3386.8799999999997,"maxPerVote":0,"recycled":false,"excluded":[]},{"pool":"FXN+cvxFXN (0x1062…)","token":"CVX","gauge":"0x724476f141ed2de4da22ebdf435905def1118317","choice":189,"amount":1924.72,"amountDollars":5523.946400000001,"maxPerVote":0,"recycled":false,"excluded":[]},{"pool":"fraxtal-frxUSD+PYUSD (0x35c6…)","token":"FXS","gauge":"0x72bd89f2e3470fa5d188cf04eda17e8145eb4bf1","choice":540,"amount":196,"amountDollars":564.48,"maxPerVote":0,"recycled":false,"excluded":[]},{"pool":"alUSD+FRAXBP (0xB30d…)","token":"ALCX","gauge":"0x740ba8aa0052e07b925908b380248cb03f3de5cb","choice":63,"amount":1568,"amountDollars":14535.359999999999,"maxPerVote":0,"recycled":false,"excluded":[]},{"pool":"alUSD+FRAXBP (0xB30d…)","token":"FXS",