{"curve":{"statusCode":200,"epoch":{"id":"votium-cvx-crv-98","platform":"votium","protocol":"cvx-crv","round":98,"proposal":"0x662c82169a3e7c0ff0baeb3ceb20f9d76115b2cd2d9b138cee48d8f8f80812b0","end":1749513600,"scoresTotal":40536910.19371479,"bribed":{"alETH+frxETH (0xB657…)":606512.7144625157,"alETH+WETH (0x8eFD…)":246763.3494513183,"alUSD+FRAXBP (0xB30d…)":568454.8142420718,"arbi-alUSD+USDC (0x7848…)":76705.02496282604,"COIL+FRAXBP (0xAF42…)":392518.478534364,"CRV+cvxCRV (0x971a…)":3392191.088888112,"CVX+afCVX (0x7956…)":99177.78361020434,"CVX+clevCVX (0xF907…)":95102.23164784134,"DOLA+DBR+INV (0xC7DE…)":283348.2457924577,"DOLA+deUSD (0x6691…)":473547.6197345468,"DOLA+sUSDe (0x7447…)":2368538.2549585877,"DOLA+sUSDS (0x8b83…)":1041276.4335874924,"DOLA+USR (0x38De…)":2368688.1692456864,"ETH+frxETH (0xa1F8…)":66238.56183917038,"eUSD+FRAXBP (0xAEda…)":3165.4843881860916,"FRAX+USDe (0x5dc1…)":2303947.812042741,"fraxtal-CRV+frxUSD (0x89b4…)":23500.167569630838,"fraxtal-crvUSD+frxUSD (0x63Eb…)":41789.988865212494,"fraxtal-dUSD+sfrxUSD (0x5eCF…)":76198.01258823529,"fraxtal-frxETH+sfrxETH (0xF2f4…)":142871.12750688498,"fraxtal-frxETH+SQUID (0x277F…)":52591.640480320355,"fraxtal-frxUSD+DAI (0x86d7…)":27790.167039670505,"fraxtal-frxUSD+dUSD (0x9CA6…)":76198.01258823529,"fraxtal-frxUSD+frxETH… (0xa0D3…)":47709.023835555134,"fraxtal-frxUSD+FXB202… (0xeE45…)":285767.98658798065,"fraxtal-frxUSD+FXB205… (0x4Cfc…)":196706.87893738458,"fraxtal-frxUSD+PYUSD (0x35c6…)":27681.681620945456,"fraxtal-frxUSD+sUSDe (0x8b4E…)":55304.01396578807,"fraxtal-frxUSD+USDC (0xa8eB…)":23102.040958932288,"fraxtal-frxUSD+USDe (0x1e19…)":71056.98483029102,"fraxtal-frxUSD+USDT (0xcAEF…)":57059.24508091659,"fraxtal-FXB20251231+F… (0x2421…)":126996.68764705882,"fraxtal-lend-crvUSD(s… (0x0Edf…)":94479.46223571298,"fraxtal-lend-crvUSD(s… (0x279A…)":47709.023835555134,"fraxtal-lend-crvUSD(W… (0xa757…)":106102.68902461161,"fraxtal-scrvUSD+sfrxU… (0xaC5d…)":114450.8310733655,"fraxtal-WFRAX+cvxFXS (0x3a38…)":80991.54460147854,"frxETH+CVX (0x47D5…)":529944.4569158233,"FXN+cvxFXN (0x1062…)":187462.80073777644,"FXS+cvxFXS (0x6a90…)":19499.772892886514,"lend-crvUSD(sDOLA) (0x992B…)":133382.81528901935,"msETH+frxETH (0x2d60…)":9166.774309057806,"msUSD+FRAXBP (0xc3b1…)":447173.63452891505,"OHM+FRAXBP (0xFc1e…)":26360.379316129645,"pxETH+stETH (0x6951…)":148201.9122727327,"rETH+frxETH (0xe7c6…)":3296.67752483447,"reUSD+scrvUSD (0xc522…)":8462330.150229683,"reUSD+sDOLA (0x48d6…)":315705.27003751526,"reUSD+sfrxUSD (0xed78…)":615141.1586991978,"sDOLA+alUSD (0x4606…)":385005.9589879814,"stETH+frxETH (0x4d9f…)":242052.39304234702,"STG+FRAXBP (0x867f…)":25208.61055660449,"USDaf+crv2pool (0x9559…)":400119.33296809235,"WETH+ASF (0x3D0d…)":1152447.1026004588,"WETH+CVX (0xB576…)":1421611.256870666,"WETH+frxETH (0x9c3B…)":221257.85690347067,"WETH+pxETH (0xC8Eb…)":148201.9122727327,"WETH+RSUP (0xEe35…)":2316361.2698872653},"bribes":[{"pool":"fraxtal-frxUSD+dUSD (0x9CA6…)","token":"FXS","gauge":"0x05600c37d54a4f3cdc76e0867af1530becc332ca","choice":560,"amount":245,"amountDollars":700.6999999999999,"maxPerVote":0,"recycled":false,"excluded":[]},{"pool":"COIL+FRAXBP (0xAF42…)","token":"FXS","gauge":"0x06b30d5f2341c2fb3f6b48b109685997022bd272","choice":123,"amount":107.24914677411063,"amountDollars":306.7325597739564,"maxPerVote":0,"recycled":false,"excluded":[]},{"pool":"OHM+FRAXBP (0xFc1e…)","token":"FXS","gauge":"0x06f691180f643b35e3644a2296a4097e1f577d0d","choice":86,"amount":59.105787884824146,"amountDollars":169.04255335059705,"maxPerVote":0,"recycled":false,"excluded":[]},{"pool":"fraxtal-WFRAX+cvxFXS (0x3a38…)","token":"CVX","gauge":"0x070ebc9f46d0a6a523d31eb4ae7901c56ad97ae2","choice":544,"amount":836.92,"amountDollars":2393.5912,"maxPerVote":0,"recycled":false,"excluded":[]},{"pool":"WETH+RSUP (0xEe35…)","token":"RSUP","gauge":"0x09f62a6777032329c0d49f1fd4fbe9b3468cda56","choice":396,"amount":28566.02,"amountDollars":67701.46740000001,"maxPerVote":0,"recycled":false,"excluded":[]},{"pool":"FXS+cvxFXS (0x6a90…)","token":"CVX","gauge":"0x0c58c509305a8a7fe9a6a60ceaac6185b96ecbb7","choice":152,"amount":209.72,"amountDollars":599.7991999999999,"maxPerVote":0,"recycled":false,"excluded":[]},{"pool":"sDOLA+alUSD (0x4606…)","token":"ALCX","gauge":"0x19f9266f349158b54a6d95dce79297df670f7f14","choice":358,"amount":1225,"amountDollars":11331.25,"maxPerVote":0,"recycled":false,"excluded":[]},{"pool":"WETH+ASF (0x3D0d…)","token":"USDC","gauge":"0x1a38a26f1eb658f0caef3a5a722e56d44511279b","choice":351,"amount":29400,"amountDollars":29392.1796,"maxPerVote":0,"recycled":false,"excluded":[]},{"pool":"ETH+frxETH (0xa1F8…)","token":"CRV","gauge":"0x2932a86df44fe8d2a706d8e9c5d51c24883423f5","choice":80,"amount":2843.96,"amountDollars":1972.0615871599998,"maxPerVote":0,"recycled":false,"excluded":[]},{"pool":"fraxtal-CRV+frxUSD (0x89b4…)","token":"FXS","gauge":"0x304c0564b897e6e72b040f0445ab1bdf391726fe","choice":564,"amount":245,"amountDollars":700.6999999999999,"maxPerVote":0,"recycled":false,"excluded":[]},{"pool":"alETH+frxETH (0xB657…)","token":"ALCX","gauge":"0x415f30505368fa1db82feea02eb778be04e75907","choice":116,"amount":1764,"amountDollars":16317,"maxPerVote":0,"recycled":false,"excluded":[]},{"pool":"alETH+frxETH (0xB657…)","token":"FXS","gauge":"0x415f30505368fa1db82feea02eb778be04e75907","choice":116,"amount":531.9744755874071,"amountDollars":1521.4470001799843,"maxPerVote":0,"recycled":false,"excluded":[]},{"pool":"fraxtal-frxUSD+FXB202… (0xeE45…)","token":"FXS","gauge":"0x48100238c4a3cf44cfbf6c7693ed5c216881face","choice":547,"amount":2940,"amountDollars":8408.4,"maxPerVote":0,"recycled":false,"excluded":[]},{"pool":"WETH+frxETH (0x9c3B…)","token":"CRV","gauge":"0x4e21418095d32d15c6e2b96a9910772613a50d50","choice":167,"amount":9381.54,"amountDollars":6505.35684834,"maxPerVote":0,"recycled":false,"excluded":[]},{"pool":"fraxtal-lend-crvUSD(s… (0x279A…)","token":"FXS","gauge":"0x541f57ab2032a042ce6b02fd435347fbae1f6d0a","choice":552,"amount":490,"amountDollars":1401.3999999999999,"maxPerVote":0,"recycled":false,"excluded":[]},{"pool":"pxETH+stETH (0x6951…)","token":"DINERO","gauge":"0x58215f083882a5eb7056ac34a0fdda9d3b5665d2","choice":207,"amount":490000,"amountDollars":4373.7988,"maxPerVote":0,"recycled":false,"excluded":[]},{"pool":"fraxtal-frxUSD+sUSDe (0x8b4E…)","token":"FXS","gauge":"0x59005665c5060d3abee291a21de0375cf1bbed03","choice":546,"amount":490,"amountDollars":1401.3999999999999,"maxPerVote":0,"recycled":false,"excluded":[]},{"pool":"reUSD+sfrxUSD (0xed78…)","token":"RSUP","gauge":"0x5c0b03914f68f2717d779a0211fd98c2cc45a4dd","choice":395,"amount":7586.18,"amountDollars":17979.246600000002,"maxPerVote":0,"recycled":false,"excluded":[]},{"pool":"DOLA+DBR+INV (0xC7DE…)","token":"INV","gauge":"0x5ccde4bec0f4006c3826b51edf0d227d12ea33fa","choice":202,"amount":294,"amountDollars":8352.54,"maxPerVote":0,"recycled":false,"excluded":[]},{"pool":"fraxtal-frxUSD+DAI (0x86d7…)","token":"FXS","gauge":"0x64100c172d5dc8007e3ee701ecd99468619b6583","choice":539,"amount":294,"amountDollars":840.8399999999999,"maxPerVote":0,"recycled":false,"excluded":[]},{"pool":"fraxtal-scrvUSD+sfrxU… (0xaC5d…)","token":"FXS","gauge":"0x660622adba5339e62d800be440d6d0c8c1838559","choice":559,"amount":1176,"amountDollars":3363.3599999999997,"maxPerVote":0,"recycled":false,"excluded":[]},{"pool":"FXN+cvxFXN (0x1062…)","token":"CVX","gauge":"0x724476f141ed2de4da22ebdf435905def1118317","choice":189,"amount":1924.72,"amountDollars":5504.6992,"maxPerVote":0,"recycled":false,"excluded":[]},{"pool":"fraxtal-frxUSD+PYUSD (0x35c6…)","token":"FXS","gauge":"0x72bd89f2e3470fa5d188cf04eda17e8145eb4bf1","choice":540,"amount":196,"amountDollars":560.56,"maxPerVote":0,"recycled":false,"excluded":[]},{"pool":"alUSD+FRAXBP (0xB30d…)","token":"ALCX","gauge":"0x740ba8aa0052e07b925908b380248cb03f3de5cb","choice":63,"amount":1568,"amountDollars":14504,"maxPerVote":0,"recycled":false,"excluded":[]},{"pool":"alUSD+FRAXBP (0xB30d…)","token":"FXS",