{"curve":{"statusCode":200,"epoch":{"id":"votium-cvx-crv-97","platform":"votium","protocol":"cvx-crv","round":97,"proposal":"0x498b96c213eff0cfe12fe3e8f4f09936d2ed331b96cc005c16a14a46d89ab3da","end":1748304000,"scoresTotal":35249619.12772974,"bribed":{"alETH+frxETH (0xB657…)":626959.919910724,"alETH+pxETH (0x30bf…)":25388.438296278455,"alETH+WETH (0x8eFD…)":252971.48148962524,"alUSD+FRAXBP (0xB30d…)":647390.2945939782,"COIL+FRAXBP (0xAF42…)":414292.9396551311,"CRV+cvxCRV (0x971a…)":3924188.6476181485,"CVX+afCVX (0x7956…)":112283.0057013995,"CVX+clevCVX (0xF907…)":109441.23251854551,"CVX+FRAXBP (0xBEc5…)":15799.812611093887,"DOLA+DBR+INV (0xC7DE…)":289789.6991660835,"DOLA+deUSD (0x6691…)":531891.4895910351,"DOLA+USR (0x38De…)":2323670.3038973026,"ETH+frxETH (0xa1F8…)":58963.95712414374,"eUSD+FRAXBP (0xAEda…)":3404.7590777015976,"FRAX+USDe (0x5dc1…)":2532177.205124264,"fraxtal-CRV+frxUSD (0x89b4…)":49797.58043376282,"fraxtal-crvUSD+frxUSD (0x63Eb…)":46403.462182716,"fraxtal-dUSD+sfrxUSD (0x5eCF…)":25332.684437298456,"fraxtal-frxETH+sfrxETH (0xF2f4…)":154419.0198169921,"fraxtal-frxETH+SQUID (0x277F…)":51488.04428310577,"fraxtal-frxUSD+DAI (0x86d7…)":31194.828913871876,"fraxtal-frxUSD+dUSD (0x9CA6…)":27191.54847365556,"fraxtal-frxUSD+frxETH… (0xa0D3…)":51488.04428310577,"fraxtal-frxUSD+FXB202… (0xeE45…)":316863.04255456274,"fraxtal-frxUSD+FXB205… (0x4Cfc…)":182010.9396748208,"fraxtal-frxUSD+PYUSD (0x35c6…)":20248.102336908672,"fraxtal-frxUSD+sUSDe (0x8b4E…)":41363.99311465144,"fraxtal-frxUSD+USDC (0xa8eB…)":25332.684437298456,"fraxtal-frxUSD+USDe (0x1e19…)":41363.99311465144,"fraxtal-frxUSD+USDT (0xcAEF…)":72558.82202852333,"fraxtal-FXB20251231+F… (0x2421…)":78420.96650509673,"fraxtal-lend-crvUSD(s… (0x0Edf…)":51488.04428310577,"fraxtal-lend-crvUSD(s… (0x279A…)":104576.32635090407,"fraxtal-lend-crvUSD(W… (0xa757…)":51488.04428310577,"fraxtal-scrvUSD+sfrxU… (0xaC5d…)":123179.07787079501,"fraxtal-WFRAX+cvxFXS (0x3a38…)":90728.60626329473,"frxETH+CVX (0x47D5…)":594058.0594663001,"FXN+cvxFXN (0x1062…)":140295.28424209083,"FXS+cvxFXS (0x6a90…)":23412.336038329428,"lend-crvUSD(sDOLA) (0x992B…)":386630.4153360641,"msETH+frxETH (0x2d60…)":10259.390265430018,"msUSD+FRAXBP (0xc3b1…)":343017.3956265909,"OHM+FRAXBP (0xFc1e…)":5445.486358991601,"pxETH+stETH (0x6951…)":474427.24338768976,"rETH+frxETH (0xe7c6…)":3494.985142352052,"reUSD+scrvUSD (0xc522…)":8605189.800454931,"reUSD+sDOLA (0x48d6…)":243355.12738796504,"reUSD+sfrxUSD (0xed78…)":390658.4907785802,"sDOLA+alUSD (0x4606…)":396496.978862928,"stETH+frxETH (0x4d9f…)":212803.15690824698,"STG+FRAXBP (0x867f…)":28105.86106244687,"WETH+CVG (0x004C…)":38687.36659730417,"WETH+CVX (0xB576…)":1601222.7712271407,"WETH+frxETH (0x9c3B…)":195121.68559917237,"WETH+pxETH (0xC8Eb…)":474427.24338768976,"WETH+RSUP (0xEe35…)":2370037.9681287855},"bribes":[{"pool":"fraxtal-frxUSD+dUSD (0x9CA6…)","token":"FXS","gauge":"0x05600c37d54a4f3cdc76e0867af1530becc332ca","choice":572,"amount":245,"amountDollars":788.9000000000001,"maxPerVote":0,"recycled":false,"excluded":[]},{"pool":"COIL+FRAXBP (0xAF42…)","token":"FXS","gauge":"0x06b30d5f2341c2fb3f6b48b109685997022bd272","choice":124,"amount":101.61884546914496,"amountDollars":327.2126824106468,"maxPerVote":0,"recycled":false,"excluded":[]},{"pool":"OHM+FRAXBP (0xFc1e…)","token":"FXS","gauge":"0x06f691180f643b35e3644a2296a4097e1f577d0d","choice":87,"amount":56.93113666488478,"amountDollars":183.31826006092902,"maxPerVote":0,"recycled":false,"excluded":[]},{"pool":"fraxtal-WFRAX+cvxFXS (0x3a38…)","token":"CVX","gauge":"0x070ebc9f46d0a6a523d31eb4ae7901c56ad97ae2","choice":556,"amount":801.64,"amountDollars":2557.2316,"maxPerVote":0,"recycled":false,"excluded":[]},{"pool":"WETH+RSUP (0xEe35…)","token":"RSUP","gauge":"0x09f62a6777032329c0d49f1fd4fbe9b3468cda56","choice":411,"amount":28367.08,"amountDollars":68932.0044,"maxPerVote":0,"recycled":false,"excluded":[]},{"pool":"FXS+cvxFXS (0x6a90…)","token":"CVX","gauge":"0x0c58c509305a8a7fe9a6a60ceaac6185b96ecbb7","choice":153,"amount":200.9,"amountDollars":640.871,"maxPerVote":0,"recycled":false,"excluded":[]},{"pool":"WETH+CVG (0x004C…)","token":"crvUSD","gauge":"0x16a3a047fc1d388d5846a73acdb475b11228c299","choice":261,"amount":833,"amountDollars":832.990837,"maxPerVote":0,"recycled":false,"excluded":[]},{"pool":"sDOLA+alUSD (0x4606…)","token":"ALCX","gauge":"0x19f9266f349158b54a6d95dce79297df670f7f14","choice":371,"amount":1225,"amountDollars":11845.75,"maxPerVote":0,"recycled":false,"excluded":[]},{"pool":"ETH+frxETH (0xa1F8…)","token":"CRV","gauge":"0x2932a86df44fe8d2a706d8e9c5d51c24883423f5","choice":81,"amount":2321.62,"amountDollars":1748.39344904,"maxPerVote":0,"recycled":false,"excluded":[]},{"pool":"fraxtal-CRV+frxUSD (0x89b4…)","token":"FXS","gauge":"0x304c0564b897e6e72b040f0445ab1bdf391726fe","choice":576,"amount":245,"amountDollars":788.9000000000001,"maxPerVote":0,"recycled":false,"excluded":[]},{"pool":"fraxtal-CRV+frxUSD (0x89b4…)","token":"FXS","gauge":"0x304c0564b897e6e72b040f0445ab1bdf391726fe","choice":576,"amount":245,"amountDollars":788.9000000000001,"maxPerVote":0,"recycled":false,"excluded":[]},{"pool":"alETH+frxETH (0xB657…)","token":"ALCX","gauge":"0x415f30505368fa1db82feea02eb778be04e75907","choice":117,"amount":1764,"amountDollars":17057.88,"maxPerVote":0,"recycled":false,"excluded":[]},{"pool":"alETH+frxETH (0xB657…)","token":"FXS","gauge":"0x415f30505368fa1db82feea02eb778be04e75907","choice":117,"amount":550.0623309345273,"amountDollars":1771.200705609178,"maxPerVote":0,"recycled":false,"excluded":[]},{"pool":"fraxtal-frxUSD+FXB202… (0xeE45…)","token":"FXS","gauge":"0x48100238c4a3cf44cfbf6c7693ed5c216881face","choice":559,"amount":2940,"amountDollars":9466.800000000001,"maxPerVote":0,"recycled":false,"excluded":[]},{"pool":"alETH+pxETH (0x30bf…)","token":"DINERO","gauge":"0x4c5a449c6b81b800938efccdb41970e9cf9ec478","choice":344,"amount":53900,"amountDollars":756.144235,"maxPerVote":0,"recycled":false,"excluded":[]},{"pool":"WETH+frxETH (0x9c3B…)","token":"CRV","gauge":"0x4e21418095d32d15c6e2b96a9910772613a50d50","choice":168,"amount":7773.36,"amountDollars":5854.055229119999,"maxPerVote":0,"recycled":false,"excluded":[]},{"pool":"fraxtal-lend-crvUSD(s… (0x279A…)","token":"FXS","gauge":"0x541f57ab2032a042ce6b02fd435347fbae1f6d0a","choice":564,"amount":980,"amountDollars":3155.6000000000004,"maxPerVote":0,"recycled":false,"excluded":[]},{"pool":"pxETH+stETH (0x6951…)","token":"DINERO","gauge":"0x58215f083882a5eb7056ac34a0fdda9d3b5665d2","choice":209,"amount":980000,"amountDollars":13748.077,"maxPerVote":0,"recycled":false,"excluded":[]},{"pool":"fraxtal-frxUSD+sUSDe (0x8b4E…)","token":"FXS","gauge":"0x59005665c5060d3abee291a21de0375cf1bbed03","choice":558,"amount":392,"amountDollars":1262.24,"maxPerVote":0,"recycled":false,"excluded":[]},{"pool":"reUSD+sfrxUSD (0xed78…)","token":"RSUP","gauge":"0x5c0b03914f68f2717d779a0211fd98c2cc45a4dd","choice":410,"amount":4628.54,"amountDollars":11247.352200000001,"maxPerVote":0,"recycled":false,"excluded":[]},{"pool":"DOLA+DBR+INV (0xC7DE…)","token":"INV","gauge":"0x5ccde4bec0f4006c3826b51edf0d227d12ea33fa","choice":203,"amount":294,"amountDollars":8320.2,"maxPerVote":0,"recycled":false,"excluded":[]},{"pool":"fraxtal-frxUSD+DAI (0x86d7…)","token":"FXS","gauge":"0x64100c172d5dc8007e3ee701ecd99468619b6583","choice":551,"amount":294,"amountDollars":946.6800000000001,"maxPerVote":0,"recycled":false,"excluded":[]},{"pool":"fraxtal-scrvUSD+sfrxU… (0xaC5d…)","token":"FXS","gauge":"0x660622adba5339e62d800be440d6d0c8c1838559","choice":571,"amount":1176,"amountDollars":3786.7200000000003,"maxPerVote":0,"recycled":false,"excluded":[]},{"pool":"FXN+cvxFXN (0x1062…)","token":"CVX","gauge":"0x724476f141ed2de4da22ebdf435905def1118317","choice":190,"amount":1259.3,"amountDollars":4017.167,"maxPerVote":0,"recycled":false,"excluded":[]},{"pool":"fraxtal-frxUSD+PYUSD (0x35c6…)","token":"FXS","gauge":"0x72bd89f2e3470fa5d188cf04eda17e8145eb4bf1","choice":552,"amount":196,"amountDollars":631.12,