{"curve":{"statusCode":200,"epoch":{"id":"votium-cvx-crv-108","platform":"votium","protocol":"cvx-crv","round":108,"proposal":"0x1032053abe9915dfe4ea2445aebcc3403fae9341700f702daa206c34c33d13a8","end":1761609600,"scoresTotal":23703376.69176797,"bribed":{"alETH+frxETH (0xB657…)":51977.97049936852,"alUSD+FRAXBP (0xB30d…)":219804.9595642645,"COIL+FRAXBP (0xAF42…)":33556.92313029789,"CRV+cvxCRV (0x971a…)":2216036.3557348023,"CVX+clevCVX (0xF907…)":70214.74761657046,"FRAX+USDe (0x5dc1…)":2293627.0930855763,"fraxtal-CRV+frxUSD (0x89b4…)":20960.830526590395,"fraxtal-crvUSD+frxUSD (0x63Eb…)":41932.83420378131,"fraxtal-DKDEFI+BTCWIT… (0x9edd…)":88227.80841548221,"fraxtal-frxETH+sfrxETH (0xF2f4…)":125820.84891254501,"fraxtal-frxUSD+dUSD (0x9CA6…)":20960.830526590395,"fraxtal-frxUSD+frxETH… (0xa0D3…)":31452.418940486117,"fraxtal-frxUSD+FXB202… (0x15d1…)":62904.837880972234,"fraxtal-frxUSD+FXB202… (0xeE45…)":167753.6831163263,"fraxtal-frxUSD+FXB205… (0x4Cfc…)":125820.84891254501,"fraxtal-frxUSD+sUSDe (0x8b4E…)":33541.798102784844,"fraxtal-frxUSD+USDC (0xa8eB…)":20960.830526590395,"fraxtal-frxUSD+USDe (0x1e19…)":41932.83420378131,"fraxtal-frxUSD+USDT (0xcAEF…)":20960.830526590395,"fraxtal-FXB20251231+F… (0x2421…)":31452.418940486117,"fraxtal-lend-crvUSD(s… (0x0Edf…)":20960.830526590395,"fraxtal-lend-crvUSD(s… (0x279A…)":41932.83420378131,"fraxtal-lend-crvUSD(W… (0xa757…)":20960.830526590395,"fraxtal-scrvUSD+sfrxU… (0xaC5d…)":41932.83420378131,"fraxtal-WFRAX+cvxFXS (0x3a38…)":39602.285591690095,"frxETH+CVX (0x47D5…)":323359.6660085133,"frxUSD+crvUSD (0x13e1…)":2627396.4996781196,"frxUSD+sUSDS (0x81A2…)":330278.33175160555,"FXN+cvxFXN (0x1062…)":121034.00749451923,"FXS+cvxFXS (0x6a90…)":8726.230619012313,"lend-crvUSD(sreUSD) (0xC32B…)":464696.65660355403,"msUSD+FRAXBP (0xc3b1…)":481482.36811319843,"rETH+frxETH (0xe7c6…)":23195.23589324457,"reUSD+fxUSD (0xb0ef…)":219932.16538123792,"reUSD+scrvUSD (0xc522…)":2877104.670654889,"reUSD+sDOLA (0x48d6…)":218419.2274889626,"reUSD+sfrxUSD (0xed78…)":233048.0066660501,"sfrxUSD+frxUSD (0xF292…)":137630.86909730305,"stETH+frxETH (0x4d9f…)":215228.40001796948,"STG+FRAXBP (0x867f…)":34700.002748000836,"USDC+crvUSD (0x4DEc…)":2043264.7979694784,"USDT+crvUSD (0x390f…)":2040437.661931871,"WETH+CVX (0xB576…)":1109163.452580057,"WETH+frxETH (0x9c3B…)":132066.20392183604,"WETH+RSUP (0xEe35…)":467592.96531577164},"bribes":[{"pool":"fraxtal-frxUSD+dUSD (0x9CA6…)","token":"WFRAX","gauge":"0x05600c37d54a4f3cdc76e0867af1530becc332ca","choice":597,"amount":490,"amountDollars":722.1744922230272,"maxPerVote":0,"recycled":false,"excluded":[]},{"pool":"COIL+FRAXBP (0xAF42…)","token":"FXS","gauge":"0x06b30d5f2341c2fb3f6b48b109685997022bd272","choice":123,"amount":260.62938359838057,"amountDollars":381.08157509560965,"maxPerVote":0,"recycled":false,"excluded":[]},{"pool":"COIL+FRAXBP (0xAF42…)","token":"FXS","gauge":"0x06b30d5f2341c2fb3f6b48b109685997022bd272","choice":123,"amount":333.2,"amountDollars":487.19134837659993,"maxPerVote":0,"recycled":false,"excluded":[]},{"pool":"fraxtal-WFRAX+cvxFXS (0x3a38…)","token":"CVX","gauge":"0x070ebc9f46d0a6a523d31eb4ae7901c56ad97ae2","choice":582,"amount":510.58,"amountDollars":1218.3403666012123,"maxPerVote":0,"recycled":false,"excluded":[]},{"pool":"WETH+RSUP (0xEe35…)","token":"RSUP","gauge":"0x09f62a6777032329c0d49f1fd4fbe9b3468cda56","choice":379,"amount":25856.32,"amountDollars":15900.162089329675,"maxPerVote":0,"recycled":false,"excluded":[]},{"pool":"FXS+cvxFXS (0x6a90…)","token":"CVX","gauge":"0x0c58c509305a8a7fe9a6a60ceaac6185b96ecbb7","choice":152,"amount":127.4,"amountDollars":304.0004753515501,"maxPerVote":0,"recycled":false,"excluded":[]},{"pool":"frxUSD+crvUSD (0x13e1…)","token":"YB","gauge":"0x22804b0f6be741a9fa1bbaecdd6c8d4116e96944","choice":427,"amount":115086.003701965,"amountDollars":59388.90309774622,"maxPerVote":0,"recycled":false,"excluded":[]},{"pool":"frxUSD+crvUSD (0x13e1…)","token":"WFRAX","gauge":"0x22804b0f6be741a9fa1bbaecdd6c8d4116e96944","choice":427,"amount":13706.28,"amountDollars":20200.664896462516,"maxPerVote":0,"recycled":false,"excluded":[]},{"pool":"lend-crvUSD(sreUSD) (0xC32B…)","token":"RSUP","gauge":"0x29e9975561fad3a7988ca96361ab5c5317cb32af","choice":442,"amount":21592.34,"amountDollars":13278.057584680137,"maxPerVote":0,"recycled":false,"excluded":[]},{"pool":"fraxtal-CRV+frxUSD (0x89b4…)","token":"WFRAX","gauge":"0x304c0564b897e6e72b040f0445ab1bdf391726fe","choice":602,"amount":490,"amountDollars":722.1744922230272,"maxPerVote":0,"recycled":false,"excluded":[]},{"pool":"alETH+frxETH (0xB657…)","token":"FXS","gauge":"0x415f30505368fa1db82feea02eb778be04e75907","choice":116,"amount":868.4979091337271,"amountDollars":1269.8819550213634,"maxPerVote":0,"recycled":false,"excluded":[]},{"pool":"fraxtal-frxUSD+FXB202… (0xeE45…)","token":"WFRAX","gauge":"0x48100238c4a3cf44cfbf6c7693ed5c216881face","choice":585,"amount":3920,"amountDollars":5777.3959377842175,"maxPerVote":0,"recycled":false,"excluded":[]},{"pool":"WETH+frxETH (0x9c3B…)","token":"WFRAX","gauge":"0x4e21418095d32d15c6e2b96a9910772613a50d50","choice":167,"amount":3086.02,"amountDollars":4548.254952020625,"maxPerVote":0,"recycled":false,"excluded":[]},{"pool":"USDT+crvUSD (0x390f…)","token":"YB","gauge":"0x4e6bb6b7447b7b2aa268c16ab87f4bb48bf57939","choice":133,"amount":115086.003701965,"amountDollars":59388.90309774622,"maxPerVote":0,"recycled":false,"excluded":[]},{"pool":"frxUSD+sUSDS (0x81A2…)","token":"WFRAX","gauge":"0x52618c40ddba3cbbb69f3aaa4cb26ae649844b17","choice":358,"amount":7717.5,"amountDollars":11374.248252512678,"maxPerVote":0,"recycled":false,"excluded":[]},{"pool":"fraxtal-lend-crvUSD(s… (0x279A…)","token":"WFRAX","gauge":"0x541f57ab2032a042ce6b02fd435347fbae1f6d0a","choice":590,"amount":980,"amountDollars":1444.3489844460544,"maxPerVote":0,"recycled":false,"excluded":[]},{"pool":"fraxtal-frxUSD+sUSDe (0x8b4E…)","token":"WFRAX","gauge":"0x59005665c5060d3abee291a21de0375cf1bbed03","choice":584,"amount":784,"amountDollars":1155.4791875568435,"maxPerVote":0,"recycled":false,"excluded":[]},{"pool":"reUSD+sfrxUSD (0xed78…)","token":"RSUP","gauge":"0x5c0b03914f68f2717d779a0211fd98c2cc45a4dd","choice":378,"amount":8175.16,"amountDollars":5027.257131185118,"maxPerVote":0,"recycled":false,"excluded":[]},{"pool":"fraxtal-scrvUSD+sfrxU… (0xaC5d…)","token":"WFRAX","gauge":"0x660622adba5339e62d800be440d6d0c8c1838559","choice":596,"amount":980,"amountDollars":1444.3489844460544,"maxPerVote":0,"recycled":false,"excluded":[]},{"pool":"FXN+cvxFXN (0x1062…)","token":"CVX","gauge":"0x724476f141ed2de4da22ebdf435905def1118317","choice":188,"amount":1432.76,"amountDollars":3418.8361151074323,"maxPerVote":0,"recycled":false,"excluded":[]},{"pool":"alUSD+FRAXBP (0xB30d…)","token":"FXS","gauge":"0x740ba8aa0052e07b925908b380248cb03f3de5cb","choice":63,"amount":2178.80663993271,"amountDollars":3185.761538897677,"maxPerVote":0,"recycled":false,"excluded":[]},{"pool":"fraxtal-frxUSD+FXB202… (0x15d1…)","token":"WFRAX","gauge":"0x7506a3e213c362b9e21895c2bd930df454d46573","choice":603,"amount":1470,"amountDollars":2166.5234766690814,"maxPerVote":0,"recycled":false,"excluded":[]},{"pool":"CVX+clevCVX (0xF907…)","token":"CVX","gauge":"0x7970489a543fb237abab63d62524d8a5ce165b86","choice":92,"amount":980,"amountDollars":2338.4651950119237,"maxPerVote":0,"recycled":false,"excluded":[]},{"pool":"fraxtal-frxUSD+FXB205… (0x4Cfc…)","token":"WFRAX","gauge":"0x7ba1e40dae22847e6c521ba297d40ff1c5fd97dd","choice":586,"amount":2940,"amountDollars":4333.046953338163,"maxPerVote":0,"recycled":false,"excluded":[]},{"pool":"WETH+CVX (0xB576…)","token":"CVX","gauge":"0x7e1444ba99dcdffe8fbdb42c02f0005d14f13be1","choice":33,"amount":11017.16,"amountDollars":26289.025722324044,"maxPerVote":0,"recycled":false,"excluded":[]},{"pool":"STG+FRAXBP (0x867f…)","token":"FXS","gauge":"0x8133e6b0b2420bba10574a6668ea275f5e7ed253","choice":96,"amount":614.1389882833051,"amountDollars":897.9687928943108,"maxPerVote":0,"recycled":false,