{"curve":{"statusCode":200,"epoch":{"id":"votium-cvx-crv-101","platform":"votium","protocol":"cvx-crv","round":101,"proposal":"0x8cf702baa8ca862c5c7aa9cd2309a784d30d89b7666cf44fdefcda79bef30f91","end":1753142400,"scoresTotal":40479782.06751035,"bribed":{"alETH+frxETH (0xB657…)":531921.790629409,"alETH+WETH (0x8eFD…)":218861.3786874826,"alUSD+FRAXBP (0xB30d…)":556926.6676191408,"arbi-alUSD+USDC (0x7848…)":78147.02499408691,"COIL+FRAXBP (0xAF42…)":442666.90522147645,"CRV+cvxCRV (0x971a…)":3463161.611602429,"CVX+clevCVX (0xF907…)":140558.3812698095,"DOLA+sUSDS (0x8b83…)":1336512.0717421314,"DOLA+USR (0x38De…)":2920832.191903743,"ETH+frxETH (0xa1F8…)":70454.68481855518,"eUSD+FRAXBP (0xAEda…)":30350.723989336406,"FRAX+sDAI (0xcE64…)":353511.7102246386,"FRAX+USDe (0x5dc1…)":4422472.106285698,"fraxtal-CRV+frxUSD (0x89b4…)":27762.022117279193,"fraxtal-crvUSD+frxUSD (0x63Eb…)":71964.78966666666,"fraxtal-dUSD+sfrxUSD (0x5eCF…)":27762.022117279193,"fraxtal-frxETH+sfrxETH (0xF2f4…)":151909.52564776802,"fraxtal-frxETH+SQUID (0x277F…)":71964.78966666666,"fraxtal-frxUSD+DAI (0x86d7…)":27762.022117279193,"fraxtal-frxUSD+dUSD (0x9CA6…)":27762.022117279193,"fraxtal-frxUSD+frxETH… (0xa0D3…)":83260.58197112112,"fraxtal-frxUSD+FXB202… (0xeE45…)":340081.4108924312,"fraxtal-frxUSD+FXB205… (0x4Cfc…)":237455.45731930394,"fraxtal-frxUSD+PYUSD (0x35c6…)":27762.022117279193,"fraxtal-frxUSD+sUSDe (0x8b4E…)":55498.549406512,"fraxtal-frxUSD+USDC (0xa8eB…)":27762.022117279193,"fraxtal-frxUSD+USDe (0x1e19…)":55498.549406512,"fraxtal-frxUSD+USDT (0xcAEF…)":55498.549406512,"fraxtal-FXB20251231+F… (0x2421…)":83260.58197112112,"fraxtal-lend-crvUSD(s… (0x0Edf…)":64727.62132628212,"fraxtal-lend-crvUSD(s… (0x279A…)":33283.83065761338,"fraxtal-lend-crvUSD(W… (0xa757…)":33283.83065761338,"fraxtal-scrvUSD+sfrxU… (0xaC5d…)":83260.58197112112,"fraxtal-WFRAX+cvxFXS (0x3a38…)":111754.11980612724,"frxETH+CVX (0x47D5…)":574818.8493707014,"frxUSD+sUSDS (0x81A2…)":692468.5934592056,"FXN+cvxFXN (0x1062…)":220547.35994625767,"FXS+cvxFXS (0x6a90…)":22549.81638720579,"msUSD+FRAXBP (0xc3b1…)":263978.9623949924,"OHM+FRAXBP (0xFc1e…)":7511.157335707692,"pxETH+stETH (0x6951…)":469675.6851625239,"rETH+frxETH (0xe7c6…)":28769.4073633344,"reUSD+fxUSD (0xb0ef…)":217060.2831683305,"reUSD+scrvUSD (0xc522…)":5922033.9505234305,"reUSD+sDOLA (0x48d6…)":299910.52468578547,"reUSD+sfrxUSD (0xed78…)":498378.7227509736,"sDOLA+alUSD (0x4606…)":349321.152807182,"stETH+frxETH (0x4d9f…)":368351.97523690446,"STG+FRAXBP (0x867f…)":31880.988275266063,"USDC+jUSD (0x6A0c…)":63951.5218557489,"WETH+CVX (0xB576…)":1593601.5187742936,"WETH+frxETH (0x9c3B…)":282439.6041206481,"WETH+pxETH (0xC8Eb…)":470700.1540990339,"WETH+RSUP (0xEe35…)":1707937.3023980397},"bribes":[{"pool":"fraxtal-frxUSD+dUSD (0x9CA6…)","token":"FXS","gauge":"0x05600c37d54a4f3cdc76e0867af1530becc332ca","choice":569,"amount":245,"amountDollars":874.65,"maxPerVote":0,"recycled":false,"excluded":[]},{"pool":"COIL+FRAXBP (0xAF42…)","token":"FXS","gauge":"0x06b30d5f2341c2fb3f6b48b109685997022bd272","choice":123,"amount":122.73647814179027,"amountDollars":438.1692269661913,"maxPerVote":0,"recycled":false,"excluded":[]},{"pool":"OHM+FRAXBP (0xFc1e…)","token":"FXS","gauge":"0x06f691180f643b35e3644a2296a4097e1f577d0d","choice":86,"amount":66.92692191893221,"amountDollars":238.92911125058797,"maxPerVote":0,"recycled":false,"excluded":[]},{"pool":"fraxtal-WFRAX+cvxFXS (0x3a38…)","token":"CVX","gauge":"0x070ebc9f46d0a6a523d31eb4ae7901c56ad97ae2","choice":553,"amount":640.92,"amountDollars":2755.9559999999997,"maxPerVote":0,"recycled":false,"excluded":[]},{"pool":"WETH+RSUP (0xEe35…)","token":"RSUP","gauge":"0x09f62a6777032329c0d49f1fd4fbe9b3468cda56","choice":384,"amount":32824.12,"amountDollars":51205.6272,"maxPerVote":0,"recycled":false,"excluded":[]},{"pool":"FXS+cvxFXS (0x6a90…)","token":"CVX","gauge":"0x0c58c509305a8a7fe9a6a60ceaac6185b96ecbb7","choice":152,"amount":159.74,"amountDollars":686.8820000000001,"maxPerVote":0,"recycled":false,"excluded":[]},{"pool":"sDOLA+alUSD (0x4606…)","token":"ALCX","gauge":"0x19f9266f349158b54a6d95dce79297df670f7f14","choice":347,"amount":1225,"amountDollars":12176.5,"maxPerVote":0,"recycled":false,"excluded":[]},{"pool":"ETH+frxETH (0xa1F8…)","token":"CRV","gauge":"0x2932a86df44fe8d2a706d8e9c5d51c24883423f5","choice":80,"amount":2349.06,"amountDollars":2236.23934632,"maxPerVote":0,"recycled":false,"excluded":[]},{"pool":"fraxtal-CRV+frxUSD (0x89b4…)","token":"FXS","gauge":"0x304c0564b897e6e72b040f0445ab1bdf391726fe","choice":574,"amount":245,"amountDollars":874.65,"maxPerVote":0,"recycled":false,"excluded":[]},{"pool":"alETH+frxETH (0xB657…)","token":"FXS","gauge":"0x415f30505368fa1db82feea02eb778be04e75907","choice":116,"amount":372.179902730852,"amountDollars":1328.6822527491415,"maxPerVote":0,"recycled":false,"excluded":[]},{"pool":"alETH+frxETH (0xB657…)","token":"ALCX","gauge":"0x415f30505368fa1db82feea02eb778be04e75907","choice":116,"amount":1764,"amountDollars":17534.16,"maxPerVote":0,"recycled":false,"excluded":[]},{"pool":"fraxtal-frxUSD+FXB202… (0xeE45…)","token":"FXS","gauge":"0x48100238c4a3cf44cfbf6c7693ed5c216881face","choice":556,"amount":2940,"amountDollars":10495.8,"maxPerVote":0,"recycled":false,"excluded":[]},{"pool":"WETH+frxETH (0x9c3B…)","token":"FXS","gauge":"0x4e21418095d32d15c6e2b96a9910772613a50d50","choice":167,"amount":2452.94,"amountDollars":8756.9958,"maxPerVote":0,"recycled":false,"excluded":[]},{"pool":"frxUSD+sUSDS (0x81A2…)","token":"FXS","gauge":"0x52618c40ddba3cbbb69f3aaa4cb26ae649844b17","choice":361,"amount":6021.708,"amountDollars":21497.497559999996,"maxPerVote":0,"recycled":false,"excluded":[]},{"pool":"fraxtal-lend-crvUSD(s… (0x279A…)","token":"FXS","gauge":"0x541f57ab2032a042ce6b02fd435347fbae1f6d0a","choice":561,"amount":294,"amountDollars":1049.58,"maxPerVote":0,"recycled":false,"excluded":[]},{"pool":"pxETH+stETH (0x6951…)","token":"DAI","gauge":"0x58215f083882a5eb7056ac34a0fdda9d3b5665d2","choice":206,"amount":13720,"amountDollars":13719.0396,"maxPerVote":0,"recycled":false,"excluded":[]},{"pool":"fraxtal-frxUSD+sUSDe (0x8b4E…)","token":"FXS","gauge":"0x59005665c5060d3abee291a21de0375cf1bbed03","choice":555,"amount":490,"amountDollars":1749.3,"maxPerVote":0,"recycled":false,"excluded":[]},{"pool":"reUSD+sfrxUSD (0xed78…)","token":"RSUP","gauge":"0x5c0b03914f68f2717d779a0211fd98c2cc45a4dd","choice":383,"amount":9666.72,"amountDollars":15080.0832,"maxPerVote":0,"recycled":false,"excluded":[]},{"pool":"fraxtal-frxUSD+DAI (0x86d7…)","token":"FXS","gauge":"0x64100c172d5dc8007e3ee701ecd99468619b6583","choice":548,"amount":245,"amountDollars":874.65,"maxPerVote":0,"recycled":false,"excluded":[]},{"pool":"fraxtal-scrvUSD+sfrxU… (0xaC5d…)","token":"FXS","gauge":"0x660622adba5339e62d800be440d6d0c8c1838559","choice":568,"amount":735,"amountDollars":2623.95,"maxPerVote":0,"recycled":false,"excluded":[]},{"pool":"FXN+cvxFXN (0x1062…)","token":"CVX","gauge":"0x724476f141ed2de4da22ebdf435905def1118317","choice":188,"amount":1555.26,"amountDollars":6687.6179999999995,"maxPerVote":0,"recycled":false,"excluded":[]},{"pool":"fraxtal-frxUSD+PYUSD (0x35c6…)","token":"FXS","gauge":"0x72bd89f2e3470fa5d188cf04eda17e8145eb4bf1","choice":549,"amount":245,"amountDollars":874.65,"maxPerVote":0,"recycled":false,"excluded":[]},{"pool":"alUSD+FRAXBP (0xB30d…)","token":"FXS","gauge":"0x740ba8aa0052e07b925908b380248cb03f3de5cb","choice":63,"amount":972.8011565098365,"amountDollars":3472.900128740116,"maxPerVote":0,"recycled":false,"excluded":[]},{"pool":"alUSD+FRAXBP (0xB30d…)","token":"ALCX","gauge":"0x740ba8aa0052e07b925908b380248cb03f3de5cb","choice":63,"amount":1568,"amountDollars":15585.92,"maxPerVote":0,"recycled":false,"excluded":[]},{"pool":"CVX+clevCVX (0xF907…)","token":"CVX","gauge":"0x7970489a543fb237abab63d62524d8a5ce165b86","choice":92,"amount":980,"amountDollars":4214,"maxPerVote":0,"recycled":false,"excluded":[]},{"pool":"fraxtal-frxUSD+FXB205… (0x4Cfc…)","token":"FXS",