{"curve":{"statusCode":200,"epoch":{"id":"votium-cvx-crv-100","platform":"votium","protocol":"cvx-crv","round":100,"proposal":"0x667e56ede56323a75f1e584185da9178d00615109ee3343e8f6580ee1a48ab1d","end":1751932800,"scoresTotal":40064302.20788831,"bribed":{"alETH+frxETH (0xB657…)":536237.0257346076,"alETH+WETH (0x8eFD…)":215346.03279944678,"alUSD+FRAXBP (0xB30d…)":539222.4199641224,"arbi-alUSD+USDC (0x7848…)":67288.21126819498,"COIL+FRAXBP (0xAF42…)":394530.43182301894,"CRV+cvxCRV (0x971a…)":2466065.577583589,"CVX+afCVX (0x7956…)":167773.0925710892,"CVX+clevCVX (0xF907…)":83889.34601683333,"DOLA+DBR+INV (0xC7DE…)":315355.8080060958,"DOLA+sUSDe (0x7447…)":2628001.0853468277,"DOLA+sUSDS (0x8b83…)":1156320.003909142,"DOLA+USR (0x38De…)":2680562.0251620538,"ETH+frxETH (0xa1F8…)":44683.05407983947,"eUSD+FRAXBP (0xAEda…)":26874.282584413642,"FRAX+USDe (0x5dc1…)":3067356.6581100943,"fraxtal-CRV+frxUSD (0x89b4…)":21375.6800990099,"fraxtal-crvUSD+frxUSD (0x63Eb…)":42751.3601980198,"fraxtal-dUSD+sfrxUSD (0x5eCF…)":64127.0402970297,"fraxtal-frxETH+sfrxETH (0xF2f4…)":107782.06128774695,"fraxtal-frxETH+SQUID (0x277F…)":42751.3601980198,"fraxtal-frxUSD+DAI (0x86d7…)":42751.3601980198,"fraxtal-frxUSD+dUSD (0x9CA6…)":64127.0402970297,"fraxtal-frxUSD+frxETH… (0xa0D3…)":71853.5774421256,"fraxtal-frxUSD+FXB202… (0xeE45…)":287417.8947919054,"fraxtal-frxUSD+FXB205… (0x4Cfc…)":251491.93286956497,"fraxtal-frxUSD+PYUSD (0x35c6…)":42751.3601980198,"fraxtal-frxUSD+sUSDe (0x8b4E…)":42751.3601980198,"fraxtal-frxUSD+USDC (0xa8eB…)":42751.3601980198,"fraxtal-frxUSD+USDe (0x1e19…)":64127.0402970297,"fraxtal-frxUSD+USDT (0xcAEF…)":57474.9087961649,"fraxtal-FXB20251231+F… (0x2421…)":85502.7203960396,"fraxtal-lend-crvUSD(s… (0x0Edf…)":85502.7203960396,"fraxtal-lend-crvUSD(s… (0x279A…)":35925.50041454922,"fraxtal-lend-crvUSD(W… (0xa757…)":85502.7203960396,"fraxtal-scrvUSD+sfrxU… (0xaC5d…)":86214.74507189196,"fraxtal-WFRAX+cvxFXS (0x3a38…)":57336.619638954355,"frxETH+CVX (0x47D5…)":360965.8957790053,"frxUSD+sUSDS (0x81A2…)":359273.49216533493,"FXN+cvxFXN (0x1062…)":147724.34572795432,"FXS+cvxFXS (0x6a90…)":26274.124411045475,"msETH+frxETH (0x2d60…)":5997.34143085472,"msUSD+FRAXBP (0xc3b1…)":492134.4537277749,"OHM+FRAXBP (0xFc1e…)":8883.231471885094,"pxETH+stETH (0x6951…)":510638.37629453064,"rETH+frxETH (0xe7c6…)":24373.900856936038,"reUSD+fxUSD (0xb0ef…)":186520.46817110383,"reUSD+scrvUSD (0xc522…)":7353609.452663138,"reUSD+sDOLA (0x48d6…)":453370.94784355676,"reUSD+sfrxUSD (0xed78…)":818935.7715988961,"sDOLA+alUSD (0x4606…)":336472.0661607238,"stETH+frxETH (0x4d9f…)":228710.70319589775,"STG+FRAXBP (0x867f…)":36132.0681875815,"USDC+jUSD (0x6A0c…)":36466.459137598584,"WETH+ASF (0x3D0d…)":729346.0065095706,"WETH+CVX (0xB576…)":1038792.7265436025,"WETH+frxETH (0x9c3B…)":544990.030475685,"WETH+pxETH (0xC8Eb…)":510635.3309472575,"WETH+RSUP (0xEe35…)":2098739.1653738725},"bribes":[{"pool":"fraxtal-frxUSD+dUSD (0x9CA6…)","token":"FXS","gauge":"0x05600c37d54a4f3cdc76e0867af1530becc332ca","choice":574,"amount":245,"amountDollars":482.65,"maxPerVote":0,"recycled":false,"excluded":[]},{"pool":"COIL+FRAXBP (0xAF42…)","token":"FXS","gauge":"0x06b30d5f2341c2fb3f6b48b109685997022bd272","choice":123,"amount":225.34175321295896,"amountDollars":443.92325382952913,"maxPerVote":0,"recycled":false,"excluded":[]},{"pool":"OHM+FRAXBP (0xFc1e…)","token":"FXS","gauge":"0x06f691180f643b35e3644a2296a4097e1f577d0d","choice":86,"amount":121.29070379063255,"amountDollars":238.9426864675461,"maxPerVote":0,"recycled":false,"excluded":[]},{"pool":"fraxtal-WFRAX+cvxFXS (0x3a38…)","token":"CVX","gauge":"0x070ebc9f46d0a6a523d31eb4ae7901c56ad97ae2","choice":558,"amount":582.12,"amountDollars":1338.876,"maxPerVote":0,"recycled":false,"excluded":[]},{"pool":"WETH+RSUP (0xEe35…)","token":"RSUP","gauge":"0x09f62a6777032329c0d49f1fd4fbe9b3468cda56","choice":384,"amount":32594.8,"amountDollars":56389.004,"maxPerVote":0,"recycled":false,"excluded":[]},{"pool":"FXS+cvxFXS (0x6a90…)","token":"CVX","gauge":"0x0c58c509305a8a7fe9a6a60ceaac6185b96ecbb7","choice":152,"amount":145.04,"amountDollars":333.5919999999999,"maxPerVote":0,"recycled":false,"excluded":[]},{"pool":"sDOLA+alUSD (0x4606…)","token":"ALCX","gauge":"0x19f9266f349158b54a6d95dce79297df670f7f14","choice":347,"amount":1225,"amountDollars":9040.5,"maxPerVote":0,"recycled":false,"excluded":[]},{"pool":"WETH+ASF (0x3D0d…)","token":"USDC","gauge":"0x1a38a26f1eb658f0caef3a5a722e56d44511279b","choice":340,"amount":19600,"amountDollars":19597.9224,"maxPerVote":0,"recycled":false,"excluded":[]},{"pool":"ETH+frxETH (0xa1F8…)","token":"CRV","gauge":"0x2932a86df44fe8d2a706d8e9c5d51c24883423f5","choice":80,"amount":2349.06,"amountDollars":1201.0814251799998,"maxPerVote":0,"recycled":false,"excluded":[]},{"pool":"fraxtal-CRV+frxUSD (0x89b4…)","token":"FXS","gauge":"0x304c0564b897e6e72b040f0445ab1bdf391726fe","choice":579,"amount":245,"amountDollars":482.65,"maxPerVote":0,"recycled":false,"excluded":[]},{"pool":"alETH+frxETH (0xB657…)","token":"FXS","gauge":"0x415f30505368fa1db82feea02eb778be04e75907","choice":116,"amount":705.286121080332,"amountDollars":1389.413658528254,"maxPerVote":0,"recycled":false,"excluded":[]},{"pool":"alETH+frxETH (0xB657…)","token":"ALCX","gauge":"0x415f30505368fa1db82feea02eb778be04e75907","choice":116,"amount":1764,"amountDollars":13018.32,"maxPerVote":0,"recycled":false,"excluded":[]},{"pool":"fraxtal-frxUSD+FXB202… (0xeE45…)","token":"FXS","gauge":"0x48100238c4a3cf44cfbf6c7693ed5c216881face","choice":561,"amount":3920,"amountDollars":7722.4,"maxPerVote":0,"recycled":false,"excluded":[]},{"pool":"WETH+frxETH (0x9c3B…)","token":"CRV","gauge":"0x4e21418095d32d15c6e2b96a9910772613a50d50","choice":167,"amount":9761.78,"amountDollars":4991.2273993399995,"maxPerVote":0,"recycled":false,"excluded":[]},{"pool":"WETH+frxETH (0x9c3B…)","token":"FXS","gauge":"0x4e21418095d32d15c6e2b96a9910772613a50d50","choice":167,"amount":4900,"amountDollars":9653,"maxPerVote":0,"recycled":false,"excluded":[]},{"pool":"frxUSD+sUSDS (0x81A2…)","token":"FXS","gauge":"0x52618c40ddba3cbbb69f3aaa4cb26ae649844b17","choice":361,"amount":4900,"amountDollars":9653,"maxPerVote":0,"recycled":false,"excluded":[]},{"pool":"fraxtal-lend-crvUSD(s… (0x279A…)","token":"FXS","gauge":"0x541f57ab2032a042ce6b02fd435347fbae1f6d0a","choice":566,"amount":490,"amountDollars":965.3,"maxPerVote":0,"recycled":false,"excluded":[]},{"pool":"pxETH+stETH (0x6951…)","token":"DAI","gauge":"0x58215f083882a5eb7056ac34a0fdda9d3b5665d2","choice":206,"amount":13720,"amountDollars":13720,"maxPerVote":0,"recycled":false,"excluded":[]},{"pool":"fraxtal-frxUSD+sUSDe (0x8b4E…)","token":"FXS","gauge":"0x59005665c5060d3abee291a21de0375cf1bbed03","choice":560,"amount":490,"amountDollars":965.3,"maxPerVote":0,"recycled":false,"excluded":[]},{"pool":"reUSD+sfrxUSD (0xed78…)","token":"RSUP","gauge":"0x5c0b03914f68f2717d779a0211fd98c2cc45a4dd","choice":383,"amount":11426.8,"amountDollars":19768.363999999998,"maxPerVote":0,"recycled":false,"excluded":[]},{"pool":"DOLA+DBR+INV (0xC7DE…)","token":"INV","gauge":"0x5ccde4bec0f4006c3826b51edf0d227d12ea33fa","choice":201,"amount":294,"amountDollars":8473.08,"maxPerVote":0,"recycled":false,"excluded":[]},{"pool":"fraxtal-frxUSD+DAI (0x86d7…)","token":"FXS","gauge":"0x64100c172d5dc8007e3ee701ecd99468619b6583","choice":553,"amount":294,"amountDollars":579.18,"maxPerVote":0,"recycled":false,"excluded":[]},{"pool":"fraxtal-scrvUSD+sfrxU… (0xaC5d…)","token":"FXS","gauge":"0x660622adba5339e62d800be440d6d0c8c1838559","choice":573,"amount":1176,"amountDollars":2316.72,"maxPerVote":0,"recycled":false,"excluded":[]},{"pool":"FXN+cvxFXN (0x1062…)","token":"CVX","gauge":"0x724476f141ed2de4da22ebdf435905def1118317","choice":188,"amount":1725.78,"amountDollars":3969.2939999999994,"maxPerVote":0,"recycled":false,"excluded":[]},{"pool":"fraxtal-frxUSD+PYUSD (0x35c6…)","token":"FXS","gauge":"0x72bd89f2e3470fa5d188cf04eda17e8145eb4bf1","choice":554,"amount":196,"amountDollars":386.12,"maxPerVote":0,