{"curve":{"statusCode":200,"epoch":{"id":"votium-cvx-crv-106","platform":"votium","protocol":"cvx-crv","round":106,"proposal":"0x2e473b718cd6ad0afd0241b55cb151dc796cfcfffe41f884240eea9fa1cf0a4d","end":1759190400,"scoresTotal":24868836.929144386,"bribed":{"alETH+frxETH (0xB657…)":1487329.7985698287,"alETH+WETH (0x8eFD…)":362624.2646130937,"alUSD+FRAXBP (0xB30d…)":646761.7409441333,"arbi-alUSD+USDC (0x7848…)":121881.68254883536,"COIL+FRAXBP (0xAF42…)":35.77888896222797,"CRV+cvxCRV (0x971a…)":2402587.9849054483,"CVX+clevCVX (0xF907…)":19443.018518535046,"DOLA+sUSDe (0x7447…)":120342.11363195826,"DOLA+sUSDS (0x8b83…)":44828.68675599366,"DOLA+USR (0x38De…)":61394.3123455052,"DOLA+wstUSR (0x6427…)":35454.61784788994,"ETH+frxETH (0xa1F8…)":35.77888896222797,"FRAX+USDe (0x5dc1…)":1380352.060671401,"fraxtal-CRV+frxUSD (0x89b4…)":35.77888896222797,"fraxtal-crvUSD+frxUSD (0x63Eb…)":35.77888896222797,"fraxtal-DKDEFI+BTCWIT… (0x9edd…)":54129.78345954964,"fraxtal-frxETH+sfrxETH (0xF2f4…)":35.77888896222797,"fraxtal-frxUSD+DAI (0x86d7…)":35.77888896222797,"fraxtal-frxUSD+dUSD (0x9CA6…)":35.77888896222797,"fraxtal-frxUSD+frxETH… (0xa0D3…)":35.77888896222797,"fraxtal-frxUSD+FXB202… (0x15d1…)":35.77888896222797,"fraxtal-frxUSD+FXB202… (0xeE45…)":35.77888896222797,"fraxtal-frxUSD+FXB205… (0x4Cfc…)":28537.350676456466,"fraxtal-frxUSD+PYUSD (0x35c6…)":35.77888896222797,"fraxtal-frxUSD+sUSDe (0x8b4E…)":35.77888896222797,"fraxtal-frxUSD+USDC (0xa8eB…)":35.77888896222797,"fraxtal-frxUSD+USDe (0x1e19…)":35.77888896222797,"fraxtal-frxUSD+USDT (0xcAEF…)":35.77888896222797,"fraxtal-FXB20251231+F… (0x2421…)":35.77888896222797,"fraxtal-lend-crvUSD(s… (0x0Edf…)":35.77888896222797,"fraxtal-lend-crvUSD(s… (0x279A…)":35.77888896222797,"fraxtal-lend-crvUSD(W… (0xa757…)":35.77888896222797,"fraxtal-scrvUSD+sfrxU… (0xaC5d…)":35.77888896222797,"fraxtal-WFRAX+cvxFXS (0x3a38…)":86266.00567711666,"frxETH+CVX (0x47D5…)":558863.505466447,"frxUSD+sUSDS (0x81A2…)":73546.76629406036,"FXN+cvxFXN (0x1062…)":246748.66135791322,"FXS+cvxFXS (0x6a90…)":19120.28111842361,"lend-crvUSD(sreUSD) (0xC32B…)":841723.3339352591,"msUSD+FRAXBP (0xc3b1…)":33975.74179871511,"rETH+frxETH (0xe7c6…)":35.77888896222797,"reUSD+fxUSD (0xb0ef…)":315341.02251418406,"reUSD+scrvUSD (0xc522…)":8178816.8790426105,"reUSD+sDOLA (0x48d6…)":268488.52321845776,"reUSD+sfrxUSD (0xed78…)":266268.13261936256,"sDOLA+alUSD (0x4606…)":559589.2561832411,"sfrxUSD+frxUSD (0xF292…)":172361.43073145655,"stETH+frxETH (0x4d9f…)":30433.631791454547,"STG+FRAXBP (0x867f…)":35.77888896222797,"USDC+jUSD (0x6A0c…)":15238.720873408547,"WETH+CVX (0xB576…)":1166763.7387077638,"WETH+frxETH (0x9c3B…)":74254.68030999503,"WETH+RSUP (0xEe35…)":1038981.2599563797},"bribes":[{"pool":"fraxtal-frxUSD+dUSD (0x9CA6…)","token":"FXS","gauge":"0x05600c37d54a4f3cdc76e0867af1530becc332ca","choice":587,"amount":294,"amountDollars":605.64,"maxPerVote":0,"recycled":false,"excluded":[]},{"pool":"COIL+FRAXBP (0xAF42…)","token":"FXS","gauge":"0x06b30d5f2341c2fb3f6b48b109685997022bd272","choice":123,"amount":211.1830808752925,"amountDollars":435.03714660310254,"maxPerVote":0,"recycled":false,"excluded":[]},{"pool":"fraxtal-WFRAX+cvxFXS (0x3a38…)","token":"CVX","gauge":"0x070ebc9f46d0a6a523d31eb4ae7901c56ad97ae2","choice":572,"amount":599.76,"amountDollars":1889.244,"maxPerVote":0,"recycled":false,"excluded":[]},{"pool":"WETH+RSUP (0xEe35…)","token":"RSUP","gauge":"0x09f62a6777032329c0d49f1fd4fbe9b3468cda56","choice":379,"amount":25496.66,"amountDollars":20541.23114904,"maxPerVote":0,"recycled":false,"excluded":[]},{"pool":"FXS+cvxFXS (0x6a90…)","token":"CVX","gauge":"0x0c58c509305a8a7fe9a6a60ceaac6185b96ecbb7","choice":152,"amount":149.94,"amountDollars":472.311,"maxPerVote":0,"recycled":false,"excluded":[]},{"pool":"sDOLA+alUSD (0x4606…)","token":"ALCX","gauge":"0x19f9266f349158b54a6d95dce79297df670f7f14","choice":345,"amount":1225,"amountDollars":10057.250000000002,"maxPerVote":0,"recycled":false,"excluded":[]},{"pool":"ETH+frxETH (0xa1F8…)","token":"FXS","gauge":"0x2932a86df44fe8d2a706d8e9c5d51c24883423f5","choice":80,"amount":220.5,"amountDollars":454.23,"maxPerVote":0,"recycled":false,"excluded":[]},{"pool":"lend-crvUSD(sreUSD) (0xC32B…)","token":"RSUP","gauge":"0x29e9975561fad3a7988ca96361ab5c5317cb32af","choice":442,"amount":16356.2,"amountDollars":13177.274392800002,"maxPerVote":0,"recycled":false,"excluded":[]},{"pool":"fraxtal-CRV+frxUSD (0x89b4…)","token":"FXS","gauge":"0x304c0564b897e6e72b040f0445ab1bdf391726fe","choice":592,"amount":294,"amountDollars":605.64,"maxPerVote":0,"recycled":false,"excluded":[]},{"pool":"alETH+frxETH (0xB657…)","token":"ALCX","gauge":"0x415f30505368fa1db82feea02eb778be04e75907","choice":116,"amount":2352,"amountDollars":19309.920000000002,"maxPerVote":0,"recycled":false,"excluded":[]},{"pool":"alETH+frxETH (0xB657…)","token":"FXS","gauge":"0x415f30505368fa1db82feea02eb778be04e75907","choice":116,"amount":764.5493413986819,"amountDollars":1574.9716432812847,"maxPerVote":0,"recycled":false,"excluded":[]},{"pool":"fraxtal-frxUSD+FXB202… (0xeE45…)","token":"FXS","gauge":"0x48100238c4a3cf44cfbf6c7693ed5c216881face","choice":575,"amount":2450,"amountDollars":5047,"maxPerVote":0,"recycled":false,"excluded":[]},{"pool":"WETH+frxETH (0x9c3B…)","token":"FXS","gauge":"0x4e21418095d32d15c6e2b96a9910772613a50d50","choice":167,"amount":2359.84,"amountDollars":4861.2704,"maxPerVote":0,"recycled":false,"excluded":[]},{"pool":"frxUSD+sUSDS (0x81A2…)","token":"FXS","gauge":"0x52618c40ddba3cbbb69f3aaa4cb26ae649844b17","choice":358,"amount":8892.3436,"amountDollars":18318.227816000002,"maxPerVote":0,"recycled":false,"excluded":[]},{"pool":"fraxtal-lend-crvUSD(s… (0x279A…)","token":"FXS","gauge":"0x541f57ab2032a042ce6b02fd435347fbae1f6d0a","choice":580,"amount":686,"amountDollars":1413.16,"maxPerVote":0,"recycled":false,"excluded":[]},{"pool":"fraxtal-frxUSD+sUSDe (0x8b4E…)","token":"FXS","gauge":"0x59005665c5060d3abee291a21de0375cf1bbed03","choice":574,"amount":490,"amountDollars":1009.4,"maxPerVote":0,"recycled":false,"excluded":[]},{"pool":"reUSD+sfrxUSD (0xed78…)","token":"RSUP","gauge":"0x5c0b03914f68f2717d779a0211fd98c2cc45a4dd","choice":378,"amount":6120.1,"amountDollars":4930.621844400001,"maxPerVote":0,"recycled":false,"excluded":[]},{"pool":"fraxtal-frxUSD+DAI (0x86d7…)","token":"FXS","gauge":"0x64100c172d5dc8007e3ee701ecd99468619b6583","choice":567,"amount":294,"amountDollars":605.64,"maxPerVote":0,"recycled":false,"excluded":[]},{"pool":"fraxtal-scrvUSD+sfrxU… (0xaC5d…)","token":"FXS","gauge":"0x660622adba5339e62d800be440d6d0c8c1838559","choice":586,"amount":980,"amountDollars":2018.8,"maxPerVote":0,"recycled":false,"excluded":[]},{"pool":"FXN+cvxFXN (0x1062…)","token":"CVX","gauge":"0x724476f141ed2de4da22ebdf435905def1118317","choice":188,"amount":1509.2,"amountDollars":4753.98,"maxPerVote":0,"recycled":false,"excluded":[]},{"pool":"fraxtal-frxUSD+PYUSD (0x35c6…)","token":"FXS","gauge":"0x72bd89f2e3470fa5d188cf04eda17e8145eb4bf1","choice":568,"amount":294,"amountDollars":605.64,"maxPerVote":0,"recycled":false,"excluded":[]},{"pool":"alUSD+FRAXBP (0xB30d…)","token":"ALCX","gauge":"0x740ba8aa0052e07b925908b380248cb03f3de5cb","choice":63,"amount":1568,"amountDollars":12873.28,"maxPerVote":0,"recycled":false,"excluded":[]},{"pool":"alUSD+FRAXBP (0xB30d…)","token":"FXS","gauge":"0x740ba8aa0052e07b925908b380248cb03f3de5cb","choice":63,"amount":1530.9080330068005,"amountDollars":3153.670547994009,"maxPerVote":0,"recycled":false,"excluded":[]},{"pool":"fraxtal-frxUSD+FXB202… (0x15d1…)","token":"FXS","gauge":"0x7506a3e213c362b9e21895c2bd930df454d46573","choice":593,"amount":980,"amountDollars":2018.8,"maxPerVote":0,"recycled":false,"excluded":[]},{"pool":"CVX+clevCVX (0xF907…)","token":"CVX","gauge":"0x7970489a543fb237abab63d62524d8a5ce165b86","choice":92,"amount":980,"amountDollars":3087,"maxPerVote":0,"recycled":false,"excluded":[]},{"pool":"fraxtal-frxUSD+FXB205… (0x4Cfc…)","token":"FXS","gauge":"0x7ba1e40dae22847e6c521ba297d40ff1c5fd97dd",