{"curve":{"statusCode":200,"epoch":{"id":"votium-cvx-crv-96","platform":"votium","protocol":"cvx-crv","round":96,"proposal":"0x8de4423aa66dfedf0faf7c29a9c433b7dfa62c86f229b02f330712e09bfb8122","end":1747094400,"scoresTotal":40010980.00685169,"bribed":{"alETH+frxETH (0xB657…)":734366.6998772327,"alETH+pxETH (0x30bf…)":27039.319902483046,"alETH+WETH (0x8eFD…)":300387.4786314004,"alUSD+FRAXBP (0xB30d…)":759481.7140314862,"COIL+FRAXBP (0xAF42…)":578669.3440710037,"CRV+cvxCRV (0x971a…)":4054718.1972336834,"CVX+clevCVX (0xF907…)":113416.31063785215,"CVX+FRAXBP (0xBEc5…)":23997.125885017518,"DOLA+DBR+INV (0xC7DE…)":305795.2478351071,"DOLA+deUSD (0x6691…)":602752.1566482666,"DOLA+USR (0x38De…)":1574559.6029452945,"ETH+frxETH (0xa1F8…)":79734.54996798013,"eUSD+FRAXBP (0xAEda…)":21062.865268292684,"FRAX+USDe (0x5dc1…)":2825840.1487289015,"fraxtal-crvUSD+frxUSD (0x63Eb…)":41233.798182871426,"fraxtal-dUSD+sfrxUSD (0x5eCF…)":63188.59580487805,"fraxtal-frxETH+sfrxETH (0xF2f4…)":139377.6378985672,"fraxtal-frxETH+SQUID (0x277F…)":92382.2787289272,"fraxtal-frxUSD+DAI (0x86d7…)":63188.59580487805,"fraxtal-frxUSD+dUSD (0x9CA6…)":84251.46107317074,"fraxtal-frxUSD+frxETH… (0xa0D3…)":160001.28205815598,"fraxtal-frxUSD+FXB202… (0xeE45…)":280050.5606854852,"fraxtal-frxUSD+FXB205… (0x4Cfc…)":186332.6776242294,"fraxtal-frxUSD+PYUSD (0x35c6…)":63188.59580487805,"fraxtal-frxUSD+sUSDe (0x8b4E…)":63188.59580487805,"fraxtal-frxUSD+USDC (0xa8eB…)":63188.59580487805,"fraxtal-frxUSD+USDe (0x1e19…)":63188.59580487805,"fraxtal-frxUSD+USDT (0xcAEF…)":64388.97028438641,"fraxtal-FXB20251231+F… (0x2421…)":166780.24682578057,"fraxtal-lend-crvUSD(s… (0x0Edf…)":45614.230221317455,"fraxtal-lend-crvUSD(s… (0x279A…)":46101.48402212756,"fraxtal-lend-crvUSD(W… (0xa757…)":45614.230221317455,"fraxtal-pxETH+frxETH (0x827d…)":21062.865268292684,"fraxtal-scrvUSD+sfrxU… (0xaC5d…)":139180.20166202466,"fraxtal-WFRAX+cvxFXS (0x3a38…)":113121.92231226372,"frxETH+CVX (0x47D5…)":651921.0114806129,"FXN+cvxFXN (0x1062…)":102060.82007056194,"FXS+cvxFXS (0x6a90…)":18841.74737657149,"lend-crvUSD(sDOLA) (0x992B…)":408737.09462072514,"msETH+frxETH (0x2d60…)":21062.865268292684,"msUSD+FRAXBP (0xc3b1…)":351028.98854986235,"OHM+FRAXBP (0xFc1e…)":21062.865268292684,"pxETH+stETH (0x6951…)":594581.6522514339,"rETH+frxETH (0xe7c6…)":21062.865268292684,"reUSD+scrvUSD (0xc522…)":8370490.037074194,"reUSD+sDOLA (0x48d6…)":231073.23674215467,"reUSD+sfrxUSD (0xed78…)":681598.8975245965,"sDOLA+alUSD (0x4606…)":469532.12183379906,"stETH+frxETH (0x4d9f…)":229211.9392763519,"STG+FRAXBP (0x867f…)":25471.450839663667,"USDC+USDf (0x7231…)":1703428.2770618757,"WETH+CVG (0x004C…)":38687.36659730417,"WETH+CVX (0xB576…)":1648796.274963361,"WETH+frxETH (0x9c3B…)":245501.76897036107,"WETH+pxETH (0xC8Eb…)":594330.7241076141,"WETH+RSUP (0xEe35…)":2321075.42342545},"bribes":[{"pool":"fraxtal-frxUSD+dUSD (0x9CA6…)","token":"FXS","gauge":"0x05600c37d54a4f3cdc76e0867af1530becc332ca","choice":566,"amount":245,"amountDollars":666.4000000000001,"maxPerVote":0,"recycled":false,"excluded":[]},{"pool":"COIL+FRAXBP (0xAF42…)","token":"FXS","gauge":"0x06b30d5f2341c2fb3f6b48b109685997022bd272","choice":124,"amount":94.78628671508838,"amountDollars":257.8186998650404,"maxPerVote":0,"recycled":false,"excluded":[]},{"pool":"COIL+FRAXBP (0xAF42…)","token":"CRV","gauge":"0x06b30d5f2341c2fb3f6b48b109685997022bd272","choice":124,"amount":21560,"amountDollars":16258.56848,"maxPerVote":0,"recycled":false,"excluded":[]},{"pool":"OHM+FRAXBP (0xFc1e…)","token":"FXS","gauge":"0x06f691180f643b35e3644a2296a4097e1f577d0d","choice":87,"amount":55.8568952165098,"amountDollars":151.93075498890667,"maxPerVote":0,"recycled":false,"excluded":[]},{"pool":"fraxtal-WFRAX+cvxFXS (0x3a38…)","token":"CVX","gauge":"0x070ebc9f46d0a6a523d31eb4ae7901c56ad97ae2","choice":550,"amount":665.42,"amountDollars":2209.1944,"maxPerVote":0,"recycled":false,"excluded":[]},{"pool":"WETH+RSUP (0xEe35…)","token":"RSUP","gauge":"0x09f62a6777032329c0d49f1fd4fbe9b3468cda56","choice":411,"amount":28169.12,"amountDollars":66197.432,"maxPerVote":0,"recycled":false,"excluded":[]},{"pool":"FXS+cvxFXS (0x6a90…)","token":"CVX","gauge":"0x0c58c509305a8a7fe9a6a60ceaac6185b96ecbb7","choice":153,"amount":166.6,"amountDollars":553.112,"maxPerVote":0,"recycled":false,"excluded":[]},{"pool":"USDC+USDf (0x7231…)","token":"USDf","gauge":"0x156527def9a2ab4f54c849575f23dc4bb439d9d9","choice":423,"amount":49000,"amountDollars":48836.634000000005,"maxPerVote":0,"recycled":false,"excluded":[]},{"pool":"WETH+CVG (0x004C…)","token":"crvUSD","gauge":"0x16a3a047fc1d388d5846a73acdb475b11228c299","choice":261,"amount":847.7,"amountDollars":847.5550433,"maxPerVote":0,"recycled":false,"excluded":[]},{"pool":"sDOLA+alUSD (0x4606…)","token":"ALCX","gauge":"0x19f9266f349158b54a6d95dce79297df670f7f14","choice":371,"amount":1225,"amountDollars":13401.5,"maxPerVote":0,"recycled":false,"excluded":[]},{"pool":"ETH+frxETH (0xa1F8…)","token":"CRV","gauge":"0x2932a86df44fe8d2a706d8e9c5d51c24883423f5","choice":81,"amount":3043.88,"amountDollars":2295.41425904,"maxPerVote":0,"recycled":false,"excluded":[]},{"pool":"alETH+frxETH (0xB657…)","token":"ALCX","gauge":"0x415f30505368fa1db82feea02eb778be04e75907","choice":117,"amount":1764,"amountDollars":19298.16,"maxPerVote":0,"recycled":false,"excluded":[]},{"pool":"alETH+frxETH (0xB657…)","token":"FXS","gauge":"0x415f30505368fa1db82feea02eb778be04e75907","choice":117,"amount":608.7392979483922,"amountDollars":1655.7708904196268,"maxPerVote":0,"recycled":false,"excluded":[]},{"pool":"fraxtal-frxUSD+FXB202… (0xeE45…)","token":"FXS","gauge":"0x48100238c4a3cf44cfbf6c7693ed5c216881face","choice":553,"amount":2940,"amountDollars":7996.8,"maxPerVote":0,"recycled":false,"excluded":[]},{"pool":"alETH+pxETH (0x30bf…)","token":"DINERO","gauge":"0x4c5a449c6b81b800938efccdb41970e9cf9ec478","choice":344,"amount":34300,"amountDollars":792.390025,"maxPerVote":0,"recycled":false,"excluded":[]},{"pool":"WETH+frxETH (0x9c3B…)","token":"CRV","gauge":"0x4e21418095d32d15c6e2b96a9910772613a50d50","choice":168,"amount":9279.62,"amountDollars":6997.83567896,"maxPerVote":0,"recycled":false,"excluded":[]},{"pool":"fraxtal-lend-crvUSD(s… (0x279A…)","token":"FXS","gauge":"0x541f57ab2032a042ce6b02fd435347fbae1f6d0a","choice":558,"amount":490,"amountDollars":1332.8000000000002,"maxPerVote":0,"recycled":false,"excluded":[]},{"pool":"pxETH+stETH (0x6951…)","token":"DINERO","gauge":"0x58215f083882a5eb7056ac34a0fdda9d3b5665d2","choice":209,"amount":735000,"amountDollars":16979.78625,"maxPerVote":0,"recycled":false,"excluded":[]},{"pool":"fraxtal-frxUSD+sUSDe (0x8b4E…)","token":"FXS","gauge":"0x59005665c5060d3abee291a21de0375cf1bbed03","choice":552,"amount":490,"amountDollars":1332.8000000000002,"maxPerVote":0,"recycled":false,"excluded":[]},{"pool":"reUSD+sfrxUSD (0xed78…)","token":"RSUP","gauge":"0x5c0b03914f68f2717d779a0211fd98c2cc45a4dd","choice":410,"amount":8275.12,"amountDollars":19446.532000000003,"maxPerVote":0,"recycled":false,"excluded":[]},{"pool":"DOLA+DBR+INV (0xC7DE…)","token":"INV","gauge":"0x5ccde4bec0f4006c3826b51edf0d227d12ea33fa","choice":203,"amount":294,"amountDollars":8749.44,"maxPerVote":0,"recycled":false,"excluded":[]},{"pool":"fraxtal-frxUSD+DAI (0x86d7…)","token":"FXS","gauge":"0x64100c172d5dc8007e3ee701ecd99468619b6583","choice":545,"amount":294,"amountDollars":799.6800000000001,"maxPerVote":0,"recycled":false,"excluded":[]},{"pool":"fraxtal-scrvUSD+sfrxU… (0xaC5d…)","token":"FXS","gauge":"0x660622adba5339e62d800be440d6d0c8c1838559","choice":565,"amount":1470,"amountDollars":3998.4,"maxPerVote":0,"recycled":false,"excluded":[]},{"pool":"fraxtal-pxETH+frxETH (0x827d…)","token":"FXS","gauge":"0x6b794c5e3188c2c8c1412dbf38fd70e9b20446a7","choice":557,"amount":147,"amountDollars":399.84000000000003,"maxPerVote":0,"recycled":false,"excluded":[]},{"pool":"FXN+cvxFXN (0x1062…)","token":"CVX","gauge":"0x724476f141ed2de4da22ebdf435905def1118317","choice":190,"amount":878.08,"amountDollars":2915.2256,