{"curve":{"statusCode":200,"epoch":{"id":"votium-cvx-crv-107","platform":"votium","protocol":"cvx-crv","round":107,"proposal":"0xff831038cb3a743dcd144a6f3ff56cc13701fbe4c58a8ab6d542e6cfa6f2ce9a","end":1760400000,"scoresTotal":34637115.012316585,"bribed":{"alETH+frxETH (0xB657…)":766333.2554062736,"alETH+WETH (0x8eFD…)":238762.22902997938,"alUSD+FRAXBP (0xB30d…)":600884.6665592327,"arbi-alUSD+USDC (0x7848…)":74606.82509051991,"COIL+FRAXBP (0xAF42…)":243092.592538844,"CRV+cvxCRV (0x971a…)":2786888.885081141,"CVX+clevCVX (0xF907…)":103459.23883107398,"DOLA+sUSDe (0x7447…)":3684435.3049981412,"DOLA+sUSDS (0x8b83…)":1257161.552515433,"DOLA+USR (0x38De…)":1634311.0232541084,"DOLA+wstUSR (0x6427…)":1634312.537082612,"FRAX+USDe (0x5dc1…)":3694141.843307525,"fraxtal-CRV+frxUSD (0x89b4…)":29427.345126918735,"fraxtal-crvUSD+frxUSD (0x63Eb…)":50353.3144193439,"fraxtal-DKDEFI+BTCWIT… (0x9edd…)":116742.37515019914,"fraxtal-frxETH+sfrxETH (0xF2f4…)":188842.08404433588,"fraxtal-frxUSD+DAI (0x86d7…)":25175.282627349035,"fraxtal-frxUSD+dUSD (0x9CA6…)":25172.832765572977,"fraxtal-frxUSD+frxETH… (0xa0D3…)":47203.507610361106,"fraxtal-frxUSD+FXB202… (0x15d1…)":94417.22656065597,"fraxtal-frxUSD+FXB202… (0xeE45…)":251788.2298211892,"fraxtal-frxUSD+FXB205… (0x4Cfc…)":188841.65148609073,"fraxtal-frxUSD+PYUSD (0x35c6…)":25175.282627349035,"fraxtal-frxUSD+sUSDe (0x8b4E…)":50353.3144193439,"fraxtal-frxUSD+USDC (0xa8eB…)":25175.282627349035,"fraxtal-frxUSD+USDe (0x1e19…)":62940.8592878247,"fraxtal-frxUSD+USDT (0xcAEF…)":31472.51332383746,"fraxtal-FXB20251231+F… (0x2421…)":47203.507610361106,"fraxtal-lend-crvUSD(s… (0x0Edf…)":47203.507610361106,"fraxtal-lend-crvUSD(s… (0x279A…)":47203.507610361106,"fraxtal-lend-crvUSD(W… (0xa757…)":36797.43654506468,"fraxtal-scrvUSD+sfrxU… (0xaC5d…)":62942.33031534133,"fraxtal-WFRAX+cvxFXS (0x3a38…)":54939.512457496334,"frxETH+CVX (0x47D5…)":431066.84897913324,"frxUSD+sUSDS (0x81A2…)":521334.1104766615,"FXN+cvxFXN (0x1062…)":176196.24989874655,"FXS+cvxFXS (0x6a90…)":13848.663350288436,"lend-crvUSD(sreUSD) (0xC32B…)":482090.72817311937,"msUSD+FRAXBP (0xc3b1…)":835772.3374110964,"rETH+frxETH (0xe7c6…)":25955.272154306807,"reUSD+fxUSD (0xb0ef…)":194608.01420128212,"reUSD+scrvUSD (0xc522…)":3966926.5068786247,"reUSD+sDOLA (0x48d6…)":191791.58411212484,"reUSD+sfrxUSD (0xed78…)":571651.1101798859,"scrvUSD+UNIT0 (0xF5c8…)":172372.9779407498,"sDOLA+alUSD (0x4606…)":373072.8494716255,"sfrxUSD+frxUSD (0xF292…)":221634.6363498018,"stETH+frxETH (0x4d9f…)":238195.36023834097,"STG+FRAXBP (0x867f…)":36130.87624389838,"USDC+jUSD (0x6A0c…)":35195.68625955197,"WETH+CVX (0xB576…)":1163171.5081654505,"WETH+frxETH (0x9c3B…)":175184.32718716344,"WETH+RSUP (0xEe35…)":636701.7723585877},"bribes":[{"pool":"fraxtal-frxUSD+dUSD (0x9CA6…)","token":"FXS","gauge":"0x05600c37d54a4f3cdc76e0867af1530becc332ca","choice":591,"amount":392,"amountDollars":684.2065752383343,"maxPerVote":0,"recycled":false,"excluded":[]},{"pool":"COIL+FRAXBP (0xAF42…)","token":"CRV","gauge":"0x06b30d5f2341c2fb3f6b48b109685997022bd272","choice":123,"amount":9800,"amountDollars":6206.537699684754,"maxPerVote":0,"recycled":false,"excluded":[]},{"pool":"COIL+FRAXBP (0xAF42…)","token":"FXS","gauge":"0x06b30d5f2341c2fb3f6b48b109685997022bd272","choice":123,"amount":219.2110309642137,"amountDollars":382.6163998736967,"maxPerVote":0,"recycled":false,"excluded":[]},{"pool":"fraxtal-WFRAX+cvxFXS (0x3a38…)","token":"CVX","gauge":"0x070ebc9f46d0a6a523d31eb4ae7901c56ad97ae2","choice":576,"amount":520.38,"amountDollars":1488.8823909163534,"maxPerVote":0,"recycled":false,"excluded":[]},{"pool":"WETH+RSUP (0xEe35…)","token":"RSUP","gauge":"0x09f62a6777032329c0d49f1fd4fbe9b3468cda56","choice":379,"amount":25676,"amountDollars":17244.133278276346,"maxPerVote":0,"recycled":false,"excluded":[]},{"pool":"FXS+cvxFXS (0x6a90…)","token":"CVX","gauge":"0x0c58c509305a8a7fe9a6a60ceaac6185b96ecbb7","choice":152,"amount":130.34,"amountDollars":372.92157813912434,"maxPerVote":0,"recycled":false,"excluded":[]},{"pool":"sDOLA+alUSD (0x4606…)","token":"ALCX","gauge":"0x19f9266f349158b54a6d95dce79297df670f7f14","choice":345,"amount":1225,"amountDollars":10099.319885633395,"maxPerVote":0,"recycled":false,"excluded":[]},{"pool":"lend-crvUSD(sreUSD) (0xC32B…)","token":"RSUP","gauge":"0x29e9975561fad3a7988ca96361ab5c5317cb32af","choice":442,"amount":19441.24,"amountDollars":13056.83648757428,"maxPerVote":0,"recycled":false,"excluded":[]},{"pool":"fraxtal-CRV+frxUSD (0x89b4…)","token":"FXS","gauge":"0x304c0564b897e6e72b040f0445ab1bdf391726fe","choice":596,"amount":392,"amountDollars":684.2065752383343,"maxPerVote":0,"recycled":false,"excluded":[]},{"pool":"alETH+frxETH (0xB657…)","token":"ALCX","gauge":"0x415f30505368fa1db82feea02eb778be04e75907","choice":116,"amount":2352,"amountDollars":19390.694180416118,"maxPerVote":0,"recycled":false,"excluded":[]},{"pool":"alETH+frxETH (0xB657…)","token":"FXS","gauge":"0x415f30505368fa1db82feea02eb778be04e75907","choice":116,"amount":778.7304301168316,"amountDollars":1359.215511796205,"maxPerVote":0,"recycled":false,"excluded":[]},{"pool":"fraxtal-frxUSD+FXB202… (0xeE45…)","token":"FXS","gauge":"0x48100238c4a3cf44cfbf6c7693ed5c216881face","choice":579,"amount":3920,"amountDollars":6842.065752383343,"maxPerVote":0,"recycled":false,"excluded":[]},{"pool":"WETH+frxETH (0x9c3B…)","token":"FXS","gauge":"0x4e21418095d32d15c6e2b96a9910772613a50d50","choice":167,"amount":2727.34,"amountDollars":4760.367247220711,"maxPerVote":0,"recycled":false,"excluded":[]},{"pool":"scrvUSD+UNIT0 (0xF5c8…)","token":"CRV","gauge":"0x4e89713e0a9971089447d2bee24b736f00672fea","choice":444,"amount":7376.46,"amountDollars":4671.660926552714,"maxPerVote":0,"recycled":false,"excluded":[]},{"pool":"frxUSD+sUSDS (0x81A2…)","token":"FXS","gauge":"0x52618c40ddba3cbbb69f3aaa4cb26ae649844b17","choice":358,"amount":8116.3404,"amountDollars":14166.46292998095,"maxPerVote":0,"recycled":false,"excluded":[]},{"pool":"fraxtal-lend-crvUSD(s… (0x279A…)","token":"FXS","gauge":"0x541f57ab2032a042ce6b02fd435347fbae1f6d0a","choice":584,"amount":735,"amountDollars":1282.8873285718769,"maxPerVote":0,"recycled":false,"excluded":[]},{"pool":"fraxtal-frxUSD+sUSDe (0x8b4E…)","token":"FXS","gauge":"0x59005665c5060d3abee291a21de0375cf1bbed03","choice":578,"amount":784,"amountDollars":1368.4131504766685,"maxPerVote":0,"recycled":false,"excluded":[]},{"pool":"reUSD+sfrxUSD (0xed78…)","token":"RSUP","gauge":"0x5c0b03914f68f2717d779a0211fd98c2cc45a4dd","choice":378,"amount":4321.8,"amountDollars":2902.5430441678886,"maxPerVote":0,"recycled":false,"excluded":[]},{"pool":"fraxtal-frxUSD+DAI (0x86d7…)","token":"FXS","gauge":"0x64100c172d5dc8007e3ee701ecd99468619b6583","choice":571,"amount":392,"amountDollars":684.2065752383343,"maxPerVote":0,"recycled":false,"excluded":[]},{"pool":"fraxtal-scrvUSD+sfrxU… (0xaC5d…)","token":"FXS","gauge":"0x660622adba5339e62d800be440d6d0c8c1838559","choice":590,"amount":980,"amountDollars":1710.5164380958358,"maxPerVote":0,"recycled":false,"excluded":[]},{"pool":"FXN+cvxFXN (0x1062…)","token":"CVX","gauge":"0x724476f141ed2de4da22ebdf435905def1118317","choice":188,"amount":1668.94,"amountDollars":4775.078553164878,"maxPerVote":0,"recycled":false,"excluded":[]},{"pool":"fraxtal-frxUSD+PYUSD (0x35c6…)","token":"FXS","gauge":"0x72bd89f2e3470fa5d188cf04eda17e8145eb4bf1","choice":572,"amount":392,"amountDollars":684.2065752383343,"maxPerVote":0,"recycled":false,"excluded":[]},{"pool":"alUSD+FRAXBP (0xB30d…)","token":"ALCX","gauge":"0x740ba8aa0052e07b925908b380248cb03f3de5cb","choice":63,"amount":1568,"amountDollars":12927.129453610745,"maxPerVote":0,"recycled":false,"excluded":[]},{"pool":"alUSD+FRAXBP (0xB30d…)","token":"FXS","gauge":"0x740ba8aa0052e07b925908b380248cb03f3de5cb","choice":63,"amount":1920.2786783284525,"amountDollars":3351.702290822208,"maxPerVote":0,"recycled":false,"excluded":[]},{"pool":"fraxtal-frxUSD+FXB202… (0x15d1…)","token":"FXS","gauge":"0x7506a3e213c362b9e21895c2bd930df454d46573","choice":597,"amount":1470,