{"curve":{"statusCode":200,"epoch":{"id":"votium-cvx-crv-99","platform":"votium","protocol":"cvx-crv","round":99,"proposal":"0xf7256c63e4a6473321a5e4cfd43d414568cb3fd67cfee6722a0941eb71d89809","end":1750723200,"scoresTotal":39481503.56395017,"bribed":{"alETH+frxETH (0xB657…)":597502.2448000292,"alETH+WETH (0x8eFD…)":233036.73600262188,"alUSD+FRAXBP (0xB30d…)":581198.25027412,"arbi-alUSD+USDC (0x7848…)":72787.09361984751,"COIL+FRAXBP (0xAF42…)":298834.67108533613,"CRV+cvxCRV (0x971a…)":2849213.2328135753,"CVX+clevCVX (0xF907…)":120496.80210824634,"DOLA+DBR+INV (0xC7DE…)":326291.5610935827,"DOLA+deUSD (0x6691…)":271915.1807730415,"DOLA+sUSDe (0x7447…)":2774571.8979828423,"DOLA+sUSDS (0x8b83…)":1224842.4639094232,"DOLA+USR (0x38De…)":2786229.8155400893,"ETH+frxETH (0xa1F8…)":78932.89324499012,"eUSD+FRAXBP (0xAEda…)":5615.024251547446,"FRAX+USDe (0x5dc1…)":2725562.0085223736,"fraxtal-CRV+frxUSD (0x89b4…)":23612.252261220794,"fraxtal-crvUSD+frxUSD (0x63Eb…)":42537.608475952744,"fraxtal-dUSD+sfrxUSD (0x5eCF…)":23612.252261220794,"fraxtal-frxETH+sfrxETH (0xF2f4…)":133454.2821994878,"fraxtal-frxETH+SQUID (0x277F…)":62277.22182692308,"fraxtal-frxUSD+DAI (0x86d7…)":28324.81653104214,"fraxtal-frxUSD+dUSD (0x9CA6…)":62277.22182692308,"fraxtal-frxUSD+frxETH… (0xa0D3…)":69375.13831832678,"fraxtal-frxUSD+FXB202… (0xeE45…)":357727.35970775463,"fraxtal-frxUSD+FXB205… (0x4Cfc…)":273289.3777849009,"fraxtal-frxUSD+PYUSD (0x35c6…)":62277.22182692308,"fraxtal-frxUSD+sUSDe (0x8b4E…)":83036.29576923077,"fraxtal-frxUSD+USDC (0xa8eB…)":62277.22182692308,"fraxtal-frxUSD+USDe (0x1e19…)":69375.13831832678,"fraxtal-frxUSD+USDT (0xcAEF…)":73569.63077822592,"fraxtal-FXB20251231+F… (0x2421…)":124554.44365384616,"fraxtal-lend-crvUSD(s… (0x0Edf…)":44893.07765596137,"fraxtal-lend-crvUSD(s… (0x279A…)":86032.6022847343,"fraxtal-lend-crvUSD(W… (0xa757…)":124554.44365384616,"fraxtal-scrvUSD+sfrxU… (0xaC5d…)":104327.87316455784,"fraxtal-WFRAX+cvxFXS (0x3a38…)":61807.588095624254,"frxETH+CVX (0x47D5…)":452840.7274400422,"FXN+cvxFXN (0x1062…)":225358.77653028027,"FXS+cvxFXS (0x6a90…)":23573.557993897677,"msETH+frxETH (0x2d60…)":9863.842007931315,"msUSD+FRAXBP (0xc3b1…)":374706.91158471693,"OHM+FRAXBP (0xFc1e…)":9099.063774523918,"pxETH+stETH (0x6951…)":562854.2084402192,"rETH+frxETH (0xe7c6…)":4098.6194854907335,"reUSD+fxUSD (0xb0ef…)":147134.21656365396,"reUSD+scrvUSD (0xc522…)":7220385.046111454,"reUSD+sDOLA (0x48d6…)":307840.08805886353,"reUSD+sfrxUSD (0xed78…)":704559.3216921452,"sDOLA+alUSD (0x4606…)":364123.85111603764,"stETH+frxETH (0x4d9f…)":263432.85860424093,"STG+FRAXBP (0x867f…)":37461.42987328934,"USDC+jUSD (0x6A0c…)":19893.761741346952,"WETH+CVX (0xB576…)":1170189.6240567805,"WETH+frxETH (0x9c3B…)":250061.76298908948,"WETH+pxETH (0xC8Eb…)":562854.2084402192,"WETH+RSUP (0xEe35…)":2055684.1258180833},"bribes":[{"pool":"fraxtal-frxUSD+dUSD (0x9CA6…)","token":"FXS","gauge":"0x05600c37d54a4f3cdc76e0867af1530becc332ca","choice":569,"amount":245,"amountDollars":556.15,"maxPerVote":0,"recycled":false,"excluded":[]},{"pool":"COIL+FRAXBP (0xAF42…)","token":"FXS","gauge":"0x06b30d5f2341c2fb3f6b48b109685997022bd272","choice":123,"amount":169.59996080549203,"amountDollars":384.9919110284669,"maxPerVote":0,"recycled":false,"excluded":[]},{"pool":"OHM+FRAXBP (0xFc1e…)","token":"FXS","gauge":"0x06f691180f643b35e3644a2296a4097e1f577d0d","choice":86,"amount":94.4738685533619,"amountDollars":214.4556816161315,"maxPerVote":0,"recycled":false,"excluded":[]},{"pool":"fraxtal-WFRAX+cvxFXS (0x3a38…)","token":"CVX","gauge":"0x070ebc9f46d0a6a523d31eb4ae7901c56ad97ae2","choice":553,"amount":587.02,"amountDollars":1479.2903999999999,"maxPerVote":0,"recycled":false,"excluded":[]},{"pool":"WETH+RSUP (0xEe35…)","token":"RSUP","gauge":"0x09f62a6777032329c0d49f1fd4fbe9b3468cda56","choice":388,"amount":28767.9,"amountDollars":48905.43,"maxPerVote":0,"recycled":false,"excluded":[]},{"pool":"FXS+cvxFXS (0x6a90…)","token":"CVX","gauge":"0x0c58c509305a8a7fe9a6a60ceaac6185b96ecbb7","choice":152,"amount":147,"amountDollars":370.44,"maxPerVote":0,"recycled":false,"excluded":[]},{"pool":"sDOLA+alUSD (0x4606…)","token":"ALCX","gauge":"0x19f9266f349158b54a6d95dce79297df670f7f14","choice":351,"amount":1225,"amountDollars":9016,"maxPerVote":0,"recycled":false,"excluded":[]},{"pool":"ETH+frxETH (0xa1F8…)","token":"CRV","gauge":"0x2932a86df44fe8d2a706d8e9c5d51c24883423f5","choice":80,"amount":3482.92,"amountDollars":1941.6059978,"maxPerVote":0,"recycled":false,"excluded":[]},{"pool":"fraxtal-CRV+frxUSD (0x89b4…)","token":"FXS","gauge":"0x304c0564b897e6e72b040f0445ab1bdf391726fe","choice":574,"amount":245,"amountDollars":556.15,"maxPerVote":0,"recycled":false,"excluded":[]},{"pool":"alETH+frxETH (0xB657…)","token":"ALCX","gauge":"0x415f30505368fa1db82feea02eb778be04e75907","choice":116,"amount":1764,"amountDollars":12983.04,"maxPerVote":0,"recycled":false,"excluded":[]},{"pool":"alETH+frxETH (0xB657…)","token":"FXS","gauge":"0x415f30505368fa1db82feea02eb778be04e75907","choice":116,"amount":722.8230251200996,"amountDollars":1640.808267022626,"maxPerVote":0,"recycled":false,"excluded":[]},{"pool":"fraxtal-frxUSD+FXB202… (0xeE45…)","token":"FXS","gauge":"0x48100238c4a3cf44cfbf6c7693ed5c216881face","choice":556,"amount":3920,"amountDollars":8898.4,"maxPerVote":0,"recycled":false,"excluded":[]},{"pool":"WETH+frxETH (0x9c3B…)","token":"CRV","gauge":"0x4e21418095d32d15c6e2b96a9910772613a50d50","choice":167,"amount":11067.14,"amountDollars":6169.5432001,"maxPerVote":0,"recycled":false,"excluded":[]},{"pool":"fraxtal-lend-crvUSD(s… (0x279A…)","token":"FXS","gauge":"0x541f57ab2032a042ce6b02fd435347fbae1f6d0a","choice":561,"amount":980,"amountDollars":2224.6,"maxPerVote":0,"recycled":false,"excluded":[]},{"pool":"pxETH+stETH (0x6951…)","token":"DAI","gauge":"0x58215f083882a5eb7056ac34a0fdda9d3b5665d2","choice":207,"amount":13720,"amountDollars":13717.530400000001,"maxPerVote":0,"recycled":false,"excluded":[]},{"pool":"fraxtal-frxUSD+sUSDe (0x8b4E…)","token":"FXS","gauge":"0x59005665c5060d3abee291a21de0375cf1bbed03","choice":555,"amount":490,"amountDollars":1112.3,"maxPerVote":0,"recycled":false,"excluded":[]},{"pool":"reUSD+sfrxUSD (0xed78…)","token":"RSUP","gauge":"0x5c0b03914f68f2717d779a0211fd98c2cc45a4dd","choice":387,"amount":7665.56,"amountDollars":13031.452000000001,"maxPerVote":0,"recycled":false,"excluded":[]},{"pool":"DOLA+DBR+INV (0xC7DE…)","token":"INV","gauge":"0x5ccde4bec0f4006c3826b51edf0d227d12ea33fa","choice":202,"amount":294,"amountDollars":7864.5,"maxPerVote":0,"recycled":false,"excluded":[]},{"pool":"fraxtal-frxUSD+DAI (0x86d7…)","token":"FXS","gauge":"0x64100c172d5dc8007e3ee701ecd99468619b6583","choice":548,"amount":294,"amountDollars":667.38,"maxPerVote":0,"recycled":false,"excluded":[]},{"pool":"fraxtal-scrvUSD+sfrxU… (0xaC5d…)","token":"FXS","gauge":"0x660622adba5339e62d800be440d6d0c8c1838559","choice":568,"amount":1176,"amountDollars":2669.52,"maxPerVote":0,"recycled":false,"excluded":[]},{"pool":"FXN+cvxFXN (0x1062…)","token":"CVX","gauge":"0x724476f141ed2de4da22ebdf435905def1118317","choice":189,"amount":2006.06,"amountDollars":5055.2712,"maxPerVote":0,"recycled":false,"excluded":[]},{"pool":"fraxtal-frxUSD+PYUSD (0x35c6…)","token":"FXS","gauge":"0x72bd89f2e3470fa5d188cf04eda17e8145eb4bf1","choice":549,"amount":196,"amountDollars":444.92,"maxPerVote":0,"recycled":false,"excluded":[]},{"pool":"alUSD+FRAXBP (0xB30d…)","token":"ALCX","gauge":"0x740ba8aa0052e07b925908b380248cb03f3de5cb","choice":63,"amount":1568,"amountDollars":11540.480000000001,"maxPerVote":0,"recycled":false,"excluded":[]},{"pool":"alUSD+FRAXBP (0xB30d…)","token":"FXS","gauge":"0x740ba8aa0052e07b925908b380248cb03f3de5cb","choice":63,"amount":1218.2772199444655,"amountDollars":2765.4892892739367,"maxPerVote":0,"recycled":false,"excluded":[]},{"pool":"CVX+clevCVX (0xF907…)","token":"CVX","gauge":"0x7970489a543fb237abab63d62524d8a5ce165b86","choice":92,"amount":980,"amountDollars":2469.6,"maxPerVote":0,"recycled":false,