{"curve":{"statusCode":200,"epoch":{"id":"votium-cvx-crv-106","platform":"votium","protocol":"cvx-crv","round":106,"proposal":"0x2e473b718cd6ad0afd0241b55cb151dc796cfcfffe41f884240eea9fa1cf0a4d","end":1759190400,"scoresTotal":34021699.99243323,"bribed":{"alETH+frxETH (0xB657…)":703743.459961947,"alETH+WETH (0x8eFD…)":184230.0399253365,"alUSD+FRAXBP (0xB30d…)":500725.47208691906,"arbi-alUSD+USDC (0x7848…)":56531.74769484869,"COIL+FRAXBP (0xAF42…)":12517.453545923707,"CRV+cvxCRV (0x971a…)":2451652.022398935,"CVX+clevCVX (0xF907…)":95024.08660387005,"DOLA+sUSDe (0x7447…)":3549622.769431186,"DOLA+sUSDS (0x8b83…)":1262468.0838990929,"DOLA+USR (0x38De…)":2407193.2097710907,"DOLA+wstUSR (0x6427…)":788815.8837762144,"ETH+frxETH (0xa1F8…)":13070.039485507821,"FRAX+USDe (0x5dc1…)":3855634.5478607523,"fraxtal-CRV+frxUSD (0x89b4…)":17454.023451401506,"fraxtal-crvUSD+frxUSD (0x63Eb…)":46542.49087499871,"fraxtal-DKDEFI+BTCWIT… (0x9edd…)":28219.511131385927,"fraxtal-frxETH+sfrxETH (0xF2f4…)":145445.42046845012,"fraxtal-frxUSD+DAI (0x86d7…)":17454.023451401506,"fraxtal-frxUSD+dUSD (0x9CA6…)":17579.668637624953,"fraxtal-frxUSD+frxETH… (0xa0D3…)":43604.457056665924,"fraxtal-frxUSD+FXB202… (0x15d1…)":58151.51059248096,"fraxtal-frxUSD+FXB202… (0xeE45…)":145165.63282087626,"fraxtal-frxUSD+FXB205… (0x4Cfc…)":174383.3681006532,"fraxtal-frxUSD+PYUSD (0x35c6…)":17454.023451401506,"fraxtal-frxUSD+sUSDe (0x8b4E…)":29088.46742359721,"fraxtal-frxUSD+USDC (0xa8eB…)":17454.023451401506,"fraxtal-frxUSD+USDe (0x1e19…)":29088.46742359721,"fraxtal-frxUSD+USDT (0xcAEF…)":29088.46742359721,"fraxtal-FXB20251231+F… (0x2421…)":43604.457056665924,"fraxtal-lend-crvUSD(s… (0x0Edf…)":23268.88794439141,"fraxtal-lend-crvUSD(s… (0x279A…)":40722.91139579291,"fraxtal-lend-crvUSD(W… (0xa757…)":23268.88794439141,"fraxtal-scrvUSD+sfrxU… (0xaC5d…)":58151.51059248096,"fraxtal-WFRAX+cvxFXS (0x3a38…)":55349.535957456916,"frxETH+CVX (0x47D5…)":379086.91552673036,"frxUSD+sUSDS (0x81A2…)":593186.3673207543,"FXN+cvxFXN (0x1062…)":165161.54274924006,"FXS+cvxFXS (0x6a90…)":13973.450580558258,"lend-crvUSD(sreUSD) (0xC32B…)":421982.76502204116,"msUSD+FRAXBP (0xc3b1…)":857521.4077579288,"rETH+frxETH (0xe7c6…)":4416.185053313873,"reUSD+fxUSD (0xb0ef…)":169995.29194357188,"reUSD+scrvUSD (0xc522…)":4392639.167068566,"reUSD+sDOLA (0x48d6…)":144202.10772955022,"reUSD+sfrxUSD (0xed78…)":143320.03788164537,"scrvUSD+UNIT0 (0xF5c8…)":83623.99463109703,"sDOLA+alUSD (0x4606…)":301700.4572573664,"sfrxUSD+frxUSD (0xF292…)":232247.46565951628,"stETH+frxETH (0x4d9f…)":221955.11282319095,"STG+FRAXBP (0x867f…)":33544.93382923234,"USDC+jUSD (0x6A0c…)":90213.47888432359,"WETH+CVX (0xB576…)":1173777.9935821486,"WETH+frxETH (0x9c3B…)":141129.9298682376,"WETH+RSUP (0xEe35…)":660720.3685061415},"bribes":[{"pool":"fraxtal-frxUSD+dUSD (0x9CA6…)","token":"FXS","gauge":"0x05600c37d54a4f3cdc76e0867af1530becc332ca","choice":587,"amount":294,"amountDollars":608.5799999999999,"maxPerVote":0,"recycled":false,"excluded":[]},{"pool":"COIL+FRAXBP (0xAF42…)","token":"FXS","gauge":"0x06b30d5f2341c2fb3f6b48b109685997022bd272","choice":123,"amount":211.1830808752925,"amountDollars":437.1489774118554,"maxPerVote":0,"recycled":false,"excluded":[]},{"pool":"fraxtal-WFRAX+cvxFXS (0x3a38…)","token":"CVX","gauge":"0x070ebc9f46d0a6a523d31eb4ae7901c56ad97ae2","choice":572,"amount":599.76,"amountDollars":1925.2296,"maxPerVote":0,"recycled":false,"excluded":[]},{"pool":"WETH+RSUP (0xEe35…)","token":"RSUP","gauge":"0x09f62a6777032329c0d49f1fd4fbe9b3468cda56","choice":379,"amount":25496.66,"amountDollars":20844.743389680003,"maxPerVote":0,"recycled":false,"excluded":[]},{"pool":"FXS+cvxFXS (0x6a90…)","token":"CVX","gauge":"0x0c58c509305a8a7fe9a6a60ceaac6185b96ecbb7","choice":152,"amount":149.94,"amountDollars":481.3074,"maxPerVote":0,"recycled":false,"excluded":[]},{"pool":"sDOLA+alUSD (0x4606…)","token":"ALCX","gauge":"0x19f9266f349158b54a6d95dce79297df670f7f14","choice":345,"amount":1225,"amountDollars":10179.75,"maxPerVote":0,"recycled":false,"excluded":[]},{"pool":"ETH+frxETH (0xa1F8…)","token":"FXS","gauge":"0x2932a86df44fe8d2a706d8e9c5d51c24883423f5","choice":80,"amount":220.5,"amountDollars":456.43499999999995,"maxPerVote":0,"recycled":false,"excluded":[]},{"pool":"lend-crvUSD(sreUSD) (0xC32B…)","token":"RSUP","gauge":"0x29e9975561fad3a7988ca96361ab5c5317cb32af","choice":442,"amount":16356.2,"amountDollars":13371.978597600002,"maxPerVote":0,"recycled":false,"excluded":[]},{"pool":"fraxtal-CRV+frxUSD (0x89b4…)","token":"FXS","gauge":"0x304c0564b897e6e72b040f0445ab1bdf391726fe","choice":592,"amount":294,"amountDollars":608.5799999999999,"maxPerVote":0,"recycled":false,"excluded":[]},{"pool":"alETH+frxETH (0xB657…)","token":"ALCX","gauge":"0x415f30505368fa1db82feea02eb778be04e75907","choice":116,"amount":2352,"amountDollars":19545.120000000003,"maxPerVote":0,"recycled":false,"excluded":[]},{"pool":"alETH+frxETH (0xB657…)","token":"FXS","gauge":"0x415f30505368fa1db82feea02eb778be04e75907","choice":116,"amount":764.5493413986819,"amountDollars":1582.6171366952715,"maxPerVote":0,"recycled":false,"excluded":[]},{"pool":"fraxtal-frxUSD+FXB202… (0xeE45…)","token":"FXS","gauge":"0x48100238c4a3cf44cfbf6c7693ed5c216881face","choice":575,"amount":2450,"amountDollars":5071.5,"maxPerVote":0,"recycled":false,"excluded":[]},{"pool":"WETH+frxETH (0x9c3B…)","token":"FXS","gauge":"0x4e21418095d32d15c6e2b96a9910772613a50d50","choice":167,"amount":2359.84,"amountDollars":4884.8688,"maxPerVote":0,"recycled":false,"excluded":[]},{"pool":"scrvUSD+UNIT0 (0xF5c8…)","token":"CRV","gauge":"0x4e89713e0a9971089447d2bee24b736f00672fea","choice":444,"amount":4272.8,"amountDollars":2932.8328288000002,"maxPerVote":0,"recycled":false,"excluded":[]},{"pool":"frxUSD+sUSDS (0x81A2…)","token":"FXS","gauge":"0x52618c40ddba3cbbb69f3aaa4cb26ae649844b17","choice":358,"amount":8892.3436,"amountDollars":18407.151252,"maxPerVote":0,"recycled":false,"excluded":[]},{"pool":"fraxtal-lend-crvUSD(s… (0x279A…)","token":"FXS","gauge":"0x541f57ab2032a042ce6b02fd435347fbae1f6d0a","choice":580,"amount":686,"amountDollars":1420.02,"maxPerVote":0,"recycled":false,"excluded":[]},{"pool":"fraxtal-frxUSD+sUSDe (0x8b4E…)","token":"FXS","gauge":"0x59005665c5060d3abee291a21de0375cf1bbed03","choice":574,"amount":490,"amountDollars":1014.3,"maxPerVote":0,"recycled":false,"excluded":[]},{"pool":"reUSD+sfrxUSD (0xed78…)","token":"RSUP","gauge":"0x5c0b03914f68f2717d779a0211fd98c2cc45a4dd","choice":378,"amount":6120.1,"amountDollars":5003.4755148,"maxPerVote":0,"recycled":false,"excluded":[]},{"pool":"fraxtal-frxUSD+DAI (0x86d7…)","token":"FXS","gauge":"0x64100c172d5dc8007e3ee701ecd99468619b6583","choice":567,"amount":294,"amountDollars":608.5799999999999,"maxPerVote":0,"recycled":false,"excluded":[]},{"pool":"fraxtal-scrvUSD+sfrxU… (0xaC5d…)","token":"FXS","gauge":"0x660622adba5339e62d800be440d6d0c8c1838559","choice":586,"amount":980,"amountDollars":2028.6,"maxPerVote":0,"recycled":false,"excluded":[]},{"pool":"FXN+cvxFXN (0x1062…)","token":"CVX","gauge":"0x724476f141ed2de4da22ebdf435905def1118317","choice":188,"amount":1509.2,"amountDollars":4844.532,"maxPerVote":0,"recycled":false,"excluded":[]},{"pool":"fraxtal-frxUSD+PYUSD (0x35c6…)","token":"FXS","gauge":"0x72bd89f2e3470fa5d188cf04eda17e8145eb4bf1","choice":568,"amount":294,"amountDollars":608.5799999999999,"maxPerVote":0,"recycled":false,"excluded":[]},{"pool":"alUSD+FRAXBP (0xB30d…)","token":"ALCX","gauge":"0x740ba8aa0052e07b925908b380248cb03f3de5cb","choice":63,"amount":1568,"amountDollars":13030.08,"maxPerVote":0,"recycled":false,"excluded":[]},{"pool":"alUSD+FRAXBP (0xB30d…)","token":"FXS","gauge":"0x740ba8aa0052e07b925908b380248cb03f3de5cb","choice":63,"amount":1530.9080330068005,"amountDollars":3168.9796283240767,"maxPerVote":0,"recycled":false,"excluded":[]},{"pool":"fraxtal-frxUSD+FXB202… (0x15d1…)","token":"FXS","gauge":"0x7506a3e213c362b9e21895c2bd930df454d46573","choice":593,"amount":980,"amountDollars":2028.6,"maxPerVote":0,"recycled":false,