{"curve":{"statusCode":200,"epoch":{"id":"votium-cvx-crv-98","platform":"votium","protocol":"cvx-crv","round":98,"proposal":"0x662c82169a3e7c0ff0baeb3ceb20f9d76115b2cd2d9b138cee48d8f8f80812b0","end":1749513600,"scoresTotal":31080140.25337023,"bribed":{"alETH+frxETH (0xB657…)":639094.1131317853,"alETH+WETH (0x8eFD…)":224478.3079994143,"alUSD+FRAXBP (0xB30d…)":498712.357936606,"arbi-alUSD+USDC (0x7848…)":70044.82060324357,"COIL+FRAXBP (0xAF42…)":10406.884241191747,"CRV+cvxCRV (0x971a…)":3093207.277448411,"CVX+afCVX (0x7956…)":94076.3139879261,"CVX+clevCVX (0xF907…)":88664.01937334935,"DOLA+DBR+INV (0xC7DE…)":42.689652892781545,"DOLA+deUSD (0x6691…)":42.689652892781545,"DOLA+sUSDe (0x7447…)":42.689652892781545,"DOLA+sUSDS (0x8b83…)":42.689652892781545,"DOLA+USR (0x38De…)":42.689652892781545,"ETH+frxETH (0xa1F8…)":61848.89844276235,"eUSD+FRAXBP (0xAEda…)":3211.237849314568,"FRAX+USDe (0x5dc1…)":2423849.1275679353,"fraxtal-CRV+frxUSD (0x89b4…)":24456.65980180385,"fraxtal-crvUSD+frxUSD (0x63Eb…)":44331.25592054615,"fraxtal-dUSD+sfrxUSD (0x5eCF…)":24456.65980180385,"fraxtal-frxETH+sfrxETH (0xF2f4…)":148243.6105444264,"fraxtal-frxETH+SQUID (0x277F…)":48956.00925650048,"fraxtal-frxUSD+DAI (0x86d7…)":29081.41313775819,"fraxtal-frxUSD+dUSD (0x9CA6…)":24456.65980180385,"fraxtal-frxUSD+frxETH… (0xa0D3…)":48956.00925650048,"fraxtal-frxUSD+FXB202… (0xeE45…)":297217.7021292081,"fraxtal-frxUSD+FXB205… (0x4Cfc…)":197887.4111883894,"fraxtal-frxUSD+PYUSD (0x35c6…)":19144.115078387036,"fraxtal-frxUSD+sUSDe (0x8b4E…)":48956.00925650048,"fraxtal-frxUSD+USDC (0xa8eB…)":24456.65980180385,"fraxtal-frxUSD+USDe (0x1e19…)":74100.46044576682,"fraxtal-frxUSD+USDT (0xcAEF…)":58850.61766297886,"fraxtal-FXB20251231+F… (0x2421…)":74100.46044576682,"fraxtal-lend-crvUSD(s… (0x0Edf…)":99830.4640936843,"fraxtal-lend-crvUSD(s… (0x279A…)":48956.00925650048,"fraxtal-lend-crvUSD(W… (0xa757…)":48956.00925650048,"fraxtal-scrvUSD+sfrxU… (0xaC5d…)":118431.71636631299,"fraxtal-WFRAX+cvxFXS (0x3a38…)":73414.28561815554,"frxETH+CVX (0x47D5…)":501383.5628782793,"FXN+cvxFXN (0x1062…)":172193.75267455072,"FXS+cvxFXS (0x6a90…)":17915.80033135411,"lend-crvUSD(sDOLA) (0x992B…)":42.689652892781545,"msETH+frxETH (0x2d60…)":9979.987712263932,"msUSD+FRAXBP (0xc3b1…)":336778.67167115357,"OHM+FRAXBP (0xFc1e…)":5824.8205581301945,"rETH+frxETH (0xe7c6…)":3253.9275022073493,"reUSD+scrvUSD (0xc522…)":8749122.099727824,"reUSD+sDOLA (0x48d6…)":318004.2132191804,"reUSD+sfrxUSD (0xed78…)":598915.0739823198,"sDOLA+alUSD (0x4606…)":351039.96336235874,"stETH+frxETH (0x4d9f…)":219612.41602453377,"STG+FRAXBP (0x867f…)":27027.552857726696,"USDaf+crv2pool (0x9559…)":189194.87302684586,"WETH+ASF (0x3D0d…)":1091688.6022175183,"WETH+CVX (0xB576…)":1502964.1919600826,"WETH+frxETH (0x9c3B…)":195067.46406347654,"WETH+RSUP (0xEe35…)":2270711.9031511922},"bribes":[{"pool":"fraxtal-frxUSD+dUSD (0x9CA6…)","token":"FXS","gauge":"0x05600c37d54a4f3cdc76e0867af1530becc332ca","choice":560,"amount":245,"amountDollars":666.4000000000001,"maxPerVote":0,"recycled":false,"excluded":[]},{"pool":"COIL+FRAXBP (0xAF42…)","token":"FXS","gauge":"0x06b30d5f2341c2fb3f6b48b109685997022bd272","choice":123,"amount":107.24914677411063,"amountDollars":291.7176792255809,"maxPerVote":0,"recycled":false,"excluded":[]},{"pool":"OHM+FRAXBP (0xFc1e…)","token":"FXS","gauge":"0x06f691180f643b35e3644a2296a4097e1f577d0d","choice":86,"amount":59.105787884824146,"amountDollars":160.76774304672168,"maxPerVote":0,"recycled":false,"excluded":[]},{"pool":"fraxtal-WFRAX+cvxFXS (0x3a38…)","token":"CVX","gauge":"0x070ebc9f46d0a6a523d31eb4ae7901c56ad97ae2","choice":544,"amount":836.92,"amountDollars":2293.1608,"maxPerVote":0,"recycled":false,"excluded":[]},{"pool":"WETH+RSUP (0xEe35…)","token":"RSUP","gauge":"0x09f62a6777032329c0d49f1fd4fbe9b3468cda56","choice":396,"amount":28566.02,"amountDollars":65130.52559999999,"maxPerVote":0,"recycled":false,"excluded":[]},{"pool":"FXS+cvxFXS (0x6a90…)","token":"CVX","gauge":"0x0c58c509305a8a7fe9a6a60ceaac6185b96ecbb7","choice":152,"amount":209.72,"amountDollars":574.6328000000001,"maxPerVote":0,"recycled":false,"excluded":[]},{"pool":"sDOLA+alUSD (0x4606…)","token":"ALCX","gauge":"0x19f9266f349158b54a6d95dce79297df670f7f14","choice":358,"amount":1225,"amountDollars":10902.5,"maxPerVote":0,"recycled":false,"excluded":[]},{"pool":"WETH+ASF (0x3D0d…)","token":"USDC","gauge":"0x1a38a26f1eb658f0caef3a5a722e56d44511279b","choice":351,"amount":29400,"amountDollars":29393.7378,"maxPerVote":0,"recycled":false,"excluded":[]},{"pool":"ETH+frxETH (0xa1F8…)","token":"CRV","gauge":"0x2932a86df44fe8d2a706d8e9c5d51c24883423f5","choice":80,"amount":2843.96,"amountDollars":1897.65221772,"maxPerVote":0,"recycled":false,"excluded":[]},{"pool":"fraxtal-CRV+frxUSD (0x89b4…)","token":"FXS","gauge":"0x304c0564b897e6e72b040f0445ab1bdf391726fe","choice":564,"amount":245,"amountDollars":666.4000000000001,"maxPerVote":0,"recycled":false,"excluded":[]},{"pool":"alETH+frxETH (0xB657…)","token":"ALCX","gauge":"0x415f30505368fa1db82feea02eb778be04e75907","choice":116,"amount":1764,"amountDollars":15699.6,"maxPerVote":0,"recycled":false,"excluded":[]},{"pool":"alETH+frxETH (0xB657…)","token":"FXS","gauge":"0x415f30505368fa1db82feea02eb778be04e75907","choice":116,"amount":531.9744755874071,"amountDollars":1446.9705735977475,"maxPerVote":0,"recycled":false,"excluded":[]},{"pool":"fraxtal-frxUSD+FXB202… (0xeE45…)","token":"FXS","gauge":"0x48100238c4a3cf44cfbf6c7693ed5c216881face","choice":547,"amount":2940,"amountDollars":7996.8,"maxPerVote":0,"recycled":false,"excluded":[]},{"pool":"WETH+frxETH (0x9c3B…)","token":"CRV","gauge":"0x4e21418095d32d15c6e2b96a9910772613a50d50","choice":167,"amount":9381.54,"amountDollars":6259.8982357800005,"maxPerVote":0,"recycled":false,"excluded":[]},{"pool":"fraxtal-lend-crvUSD(s… (0x279A…)","token":"FXS","gauge":"0x541f57ab2032a042ce6b02fd435347fbae1f6d0a","choice":552,"amount":490,"amountDollars":1332.8000000000002,"maxPerVote":0,"recycled":false,"excluded":[]},{"pool":"fraxtal-frxUSD+sUSDe (0x8b4E…)","token":"FXS","gauge":"0x59005665c5060d3abee291a21de0375cf1bbed03","choice":546,"amount":490,"amountDollars":1332.8000000000002,"maxPerVote":0,"recycled":false,"excluded":[]},{"pool":"reUSD+sfrxUSD (0xed78…)","token":"RSUP","gauge":"0x5c0b03914f68f2717d779a0211fd98c2cc45a4dd","choice":395,"amount":7586.18,"amountDollars":17296.4904,"maxPerVote":0,"recycled":false,"excluded":[]},{"pool":"DOLA+DBR+INV (0xC7DE…)","token":"INV","gauge":"0x5ccde4bec0f4006c3826b51edf0d227d12ea33fa","choice":202,"amount":294,"amountDollars":8040.900000000001,"maxPerVote":0,"recycled":false,"excluded":[]},{"pool":"fraxtal-frxUSD+DAI (0x86d7…)","token":"FXS","gauge":"0x64100c172d5dc8007e3ee701ecd99468619b6583","choice":539,"amount":294,"amountDollars":799.6800000000001,"maxPerVote":0,"recycled":false,"excluded":[]},{"pool":"fraxtal-scrvUSD+sfrxU… (0xaC5d…)","token":"FXS","gauge":"0x660622adba5339e62d800be440d6d0c8c1838559","choice":559,"amount":1176,"amountDollars":3198.7200000000003,"maxPerVote":0,"recycled":false,"excluded":[]},{"pool":"FXN+cvxFXN (0x1062…)","token":"CVX","gauge":"0x724476f141ed2de4da22ebdf435905def1118317","choice":189,"amount":1924.72,"amountDollars":5273.732800000001,"maxPerVote":0,"recycled":false,"excluded":[]},{"pool":"fraxtal-frxUSD+PYUSD (0x35c6…)","token":"FXS","gauge":"0x72bd89f2e3470fa5d188cf04eda17e8145eb4bf1","choice":540,"amount":196,"amountDollars":533.12,"maxPerVote":0,"recycled":false,"excluded":[]},{"pool":"alUSD+FRAXBP (0xB30d…)","token":"ALCX","gauge":"0x740ba8aa0052e07b925908b380248cb03f3de5cb","choice":63,"amount":1568,"amountDollars":13955.2,"maxPerVote":0,"recycled":false,"excluded":[]},{"pool":"alUSD+FRAXBP (0xB30d…)","token":"FXS","gauge":"0x740ba8aa0052e07b925908b380248cb03f3de5cb","choice":63,"amount":767.1545435496869,"amountDollars":2086.6603584551485,"maxPerVote":0,"recycled":false,"excluded":[]},{"pool":"CVX+clevCVX (0xF907…)","token":"CVX","gauge":"0x7970489a543fb237abab63d62524d8a5ce165b86","choice":92,