{"curve":{"statusCode":200,"epoch":{"id":"votium-cvx-crv-105","platform":"votium","protocol":"cvx-crv","round":105,"proposal":"0x89f831d44f235428a18e8dac887b46d72009b98e16f7442035822e9c3a5a5321","end":1757980800,"scoresTotal":24436943.52984544,"bribed":{"alETH+frxETH (0xB657…)":769987.438998298,"alETH+WETH (0x8eFD…)":237319.50674736526,"alUSD+FRAXBP (0xB30d…)":553678.9181752589,"arbi-alUSD+USDC (0x7848…)":74265.92145547253,"COIL+FRAXBP (0xAF42…)":12704.024822901283,"CRV+cvxCRV (0x971a…)":2961322.2739263307,"CVX+clevCVX (0xF907…)":107741.04057285107,"ETH+frxETH (0xa1F8…)":37383.20631380412,"FRAX+USDe (0x5dc1…)":3704317.3502963423,"fraxtal-CRV+frxUSD (0x89b4…)":27371.943729437357,"fraxtal-crvUSD+frxUSD (0x63Eb…)":73012.81255147839,"fraxtal-frxETH+sfrxETH (0xF2f4…)":136900.48696434993,"fraxtal-frxUSD+DAI (0x86d7…)":27371.943729437357,"fraxtal-frxUSD+dUSD (0x9CA6…)":27371.943729437357,"fraxtal-frxUSD+frxETH… (0xa0D3…)":68451.11115377076,"fraxtal-frxUSD+FXB202… (0x15d1…)":68451.11115377076,"fraxtal-frxUSD+FXB202… (0xeE45…)":228170.29718594954,"fraxtal-frxUSD+FXB205… (0x4Cfc…)":182541.35578639095,"fraxtal-frxUSD+PYUSD (0x35c6…)":27371.943729437357,"fraxtal-frxUSD+sUSDe (0x8b4E…)":45630.67674275025,"fraxtal-frxUSD+USDC (0xa8eB…)":27371.943729437357,"fraxtal-frxUSD+USDe (0x1e19…)":45630.67674275025,"fraxtal-frxUSD+USDT (0xcAEF…)":45630.67674275025,"fraxtal-FXB20251231+F… (0x2421…)":68451.11115377076,"fraxtal-lend-crvUSD(s… (0x0Edf…)":33052.993590159305,"fraxtal-lend-crvUSD(s… (0x279A…)":61069.57649618225,"fraxtal-lend-crvUSD(W… (0xa757…)":34894.701125123334,"fraxtal-scrvUSD+sfrxU… (0xaC5d…)":91234.02795415248,"fraxtal-WFRAX+cvxFXS (0x3a38…)":71823.83544553521,"frxETH+CVX (0x47D5…)":448613.9500914778,"frxUSD+sUSDS (0x81A2…)":592376.9244284797,"FXN+cvxFXN (0x1062…)":184200.9807278202,"FXS+cvxFXS (0x6a90…)":18109.206199534663,"lend-crvUSD(sreUSD) (0xC32B…)":479635.0714223859,"msUSD+FRAXBP (0xc3b1…)":300703.64926991076,"rETH+frxETH (0xe7c6…)":27098.492931777957,"reUSD+fxUSD (0xb0ef…)":178571.6263968826,"reUSD+scrvUSD (0xc522…)":2987033.4226205535,"reUSD+sDOLA (0x48d6…)":203331.0491386379,"reUSD+sfrxUSD (0xed78…)":229355.9943078467,"sDOLA+alUSD (0x4606…)":370688.71921588964,"stETH+frxETH (0x4d9f…)":266385.7593007925,"STG+FRAXBP (0x867f…)":30073.847139327405,"USDC+jUSD (0x6A0c…)":66271.29511223738,"WETH+CVX (0xB576…)":3881983.0876838164,"WETH+frxETH (0x9c3B…)":246083.34459546418,"WETH+RSUP (0xEe35…)":720587.7324560991,"WETH+SQUILL (0x2034…)":1414.0936512896897},"bribes":[{"pool":"WETH+SQUILL (0x2034…)","token":"CRV","gauge":"0x016c0930757671358eda5704ac0c156cec70ec30","choice":406,"amount":49,"amountDollars":38.672221,"maxPerVote":0,"recycled":false,"excluded":[]},{"pool":"fraxtal-frxUSD+dUSD (0x9CA6…)","token":"FXS","gauge":"0x05600c37d54a4f3cdc76e0867af1530becc332ca","choice":575,"amount":294,"amountDollars":826.14,"maxPerVote":0,"recycled":false,"excluded":[]},{"pool":"COIL+FRAXBP (0xAF42…)","token":"FXS","gauge":"0x06b30d5f2341c2fb3f6b48b109685997022bd272","choice":123,"amount":142.5127438407108,"amountDollars":400.4608101923974,"maxPerVote":0,"recycled":false,"excluded":[]},{"pool":"fraxtal-WFRAX+cvxFXS (0x3a38…)","token":"CVX","gauge":"0x070ebc9f46d0a6a523d31eb4ae7901c56ad97ae2","choice":560,"amount":652.68,"amountDollars":2317.0139999999997,"maxPerVote":0,"recycled":false,"excluded":[]},{"pool":"WETH+RSUP (0xEe35…)","token":"RSUP","gauge":"0x09f62a6777032329c0d49f1fd4fbe9b3468cda56","choice":379,"amount":25318.3,"amountDollars":23495.584946400002,"maxPerVote":0,"recycled":false,"excluded":[]},{"pool":"FXS+cvxFXS (0x6a90…)","token":"CVX","gauge":"0x0c58c509305a8a7fe9a6a60ceaac6185b96ecbb7","choice":152,"amount":162.68,"amountDollars":577.514,"maxPerVote":0,"recycled":false,"excluded":[]},{"pool":"sDOLA+alUSD (0x4606…)","token":"ALCX","gauge":"0x19f9266f349158b54a6d95dce79297df670f7f14","choice":345,"amount":1225,"amountDollars":11992.749999999998,"maxPerVote":0,"recycled":false,"excluded":[]},{"pool":"ETH+frxETH (0xa1F8…)","token":"FXS","gauge":"0x2932a86df44fe8d2a706d8e9c5d51c24883423f5","choice":80,"amount":428.26,"amountDollars":1203.4106,"maxPerVote":0,"recycled":false,"excluded":[]},{"pool":"lend-crvUSD(sreUSD) (0xC32B…)","token":"RSUP","gauge":"0x29e9975561fad3a7988ca96361ab5c5317cb32af","choice":442,"amount":16878.54,"amountDollars":15663.420148320001,"maxPerVote":0,"recycled":false,"excluded":[]},{"pool":"fraxtal-CRV+frxUSD (0x89b4…)","token":"FXS","gauge":"0x304c0564b897e6e72b040f0445ab1bdf391726fe","choice":580,"amount":294,"amountDollars":826.14,"maxPerVote":0,"recycled":false,"excluded":[]},{"pool":"alETH+frxETH (0xB657…)","token":"ALCX","gauge":"0x415f30505368fa1db82feea02eb778be04e75907","choice":116,"amount":2352,"amountDollars":23026.079999999998,"maxPerVote":0,"recycled":false,"excluded":[]},{"pool":"alETH+frxETH (0xB657…)","token":"FXS","gauge":"0x415f30505368fa1db82feea02eb778be04e75907","choice":116,"amount":746.8259917248412,"amountDollars":2098.581036746804,"maxPerVote":0,"recycled":false,"excluded":[]},{"pool":"fraxtal-frxUSD+FXB202… (0xeE45…)","token":"FXS","gauge":"0x48100238c4a3cf44cfbf6c7693ed5c216881face","choice":563,"amount":2450,"amountDollars":6884.5,"maxPerVote":0,"recycled":false,"excluded":[]},{"pool":"WETH+frxETH (0x9c3B…)","token":"FXS","gauge":"0x4e21418095d32d15c6e2b96a9910772613a50d50","choice":167,"amount":2897.86,"amountDollars":8142.9866,"maxPerVote":0,"recycled":false,"excluded":[]},{"pool":"frxUSD+sUSDS (0x81A2…)","token":"FXS","gauge":"0x52618c40ddba3cbbb69f3aaa4cb26ae649844b17","choice":358,"amount":6740.0872,"amountDollars":18939.645032,"maxPerVote":0,"recycled":false,"excluded":[]},{"pool":"fraxtal-lend-crvUSD(s… (0x279A…)","token":"FXS","gauge":"0x541f57ab2032a042ce6b02fd435347fbae1f6d0a","choice":568,"amount":686,"amountDollars":1927.66,"maxPerVote":0,"recycled":false,"excluded":[]},{"pool":"fraxtal-frxUSD+sUSDe (0x8b4E…)","token":"FXS","gauge":"0x59005665c5060d3abee291a21de0375cf1bbed03","choice":562,"amount":490,"amountDollars":1376.9,"maxPerVote":0,"recycled":false,"excluded":[]},{"pool":"reUSD+sfrxUSD (0xed78…)","token":"RSUP","gauge":"0x5c0b03914f68f2717d779a0211fd98c2cc45a4dd","choice":378,"amount":8070.3,"amountDollars":7489.302962400001,"maxPerVote":0,"recycled":false,"excluded":[]},{"pool":"fraxtal-frxUSD+DAI (0x86d7…)","token":"FXS","gauge":"0x64100c172d5dc8007e3ee701ecd99468619b6583","choice":555,"amount":294,"amountDollars":826.14,"maxPerVote":0,"recycled":false,"excluded":[]},{"pool":"fraxtal-scrvUSD+sfrxU… (0xaC5d…)","token":"FXS","gauge":"0x660622adba5339e62d800be440d6d0c8c1838559","choice":574,"amount":980,"amountDollars":2753.8,"maxPerVote":0,"recycled":false,"excluded":[]},{"pool":"FXN+cvxFXN (0x1062…)","token":"CVX","gauge":"0x724476f141ed2de4da22ebdf435905def1118317","choice":188,"amount":1654.24,"amountDollars":5872.552,"maxPerVote":0,"recycled":false,"excluded":[]},{"pool":"fraxtal-frxUSD+PYUSD (0x35c6…)","token":"FXS","gauge":"0x72bd89f2e3470fa5d188cf04eda17e8145eb4bf1","choice":556,"amount":294,"amountDollars":826.14,"maxPerVote":0,"recycled":false,"excluded":[]},{"pool":"alUSD+FRAXBP (0xB30d…)","token":"ALCX","gauge":"0x740ba8aa0052e07b925908b380248cb03f3de5cb","choice":63,"amount":1568,"amountDollars":15350.72,"maxPerVote":0,"recycled":false,"excluded":[]},{"pool":"alUSD+FRAXBP (0xB30d…)","token":"FXS","gauge":"0x740ba8aa0052e07b925908b380248cb03f3de5cb","choice":63,"amount":1012.8960637372625,"amountDollars":2846.2379391017075,"maxPerVote":0,"recycled":false,"excluded":[]},{"pool":"fraxtal-frxUSD+FXB202… (0x15d1…)","token":"FXS","gauge":"0x7506a3e213c362b9e21895c2bd930df454d46573","choice":581,"amount":735,"amountDollars":2065.35,"maxPerVote":0,"recycled":false,"excluded":[]},{"pool":"CVX+clevCVX (0xF907…)","token":"CVX","gauge":"0x7970489a543fb237abab63d62524d8a5ce165b86","choice":92,"amount":980,"amountDollars":3479,"maxPerVote":0,"recycled":false,"excluded":[]},{"pool":"fraxtal-frxUSD+FXB205… (0x4Cfc…)","token":"FXS","gauge":"0x7ba1e40dae22847e6c521ba297d40ff1c5fd97dd",