{"curve":{"statusCode":200,"epoch":{"id":"votium-cvx-crv-102","platform":"votium","protocol":"cvx-crv","round":102,"proposal":"0x480b1012b64595a78885929ffe9762bded085f5cc81a9a3926d431ad08238d49","end":1754352000,"scoresTotal":30565113.521708626,"bribed":{"alETH+frxETH (0xB657…)":626884.8814936375,"alETH+WETH (0x8eFD…)":239776.069449591,"alUSD+FRAXBP (0xB30d…)":582160.2123205264,"arbi-alUSD+USDC (0x7848…)":74942.2037767871,"COIL+FRAXBP (0xAF42…)":13647.146007753223,"CRV+cvxCRV (0x971a…)":3658575.76744753,"CVX+clevCVX (0xF907…)":18396.404383684665,"ETH+frxETH (0xa1F8…)":97969.20110418736,"eUSD+FRAXBP (0xAEda…)":24808.74486675126,"FRAX+USDe (0x5dc1…)":4301455.644243234,"fraxtal-CRV+frxUSD (0x89b4…)":24432.57168549715,"fraxtal-crvUSD+frxUSD (0x63Eb…)":48899.86462436018,"fraxtal-dUSD+sfrxUSD (0x5eCF…)":24432.57168549715,"fraxtal-frxETH+sfrxETH (0xF2f4…)":137003.45554877058,"fraxtal-frxETH+SQUID (0x277F…)":48899.86462436018,"fraxtal-frxUSD+DAI (0x86d7…)":24432.57168549715,"fraxtal-frxUSD+dUSD (0x9CA6…)":24432.57168549715,"fraxtal-frxUSD+frxETH… (0xa0D3…)":73378.73131434518,"fraxtal-frxUSD+FXB202… (0x15d1…)":48899.86462436018,"fraxtal-frxUSD+FXB202… (0xeE45…)":293554.3437485939,"fraxtal-frxUSD+FXB205… (0x4Cfc…)":176149.313093211,"fraxtal-frxUSD+PYUSD (0x35c6…)":24432.57168549715,"fraxtal-frxUSD+sUSDe (0x8b4E…)":48899.86462436018,"fraxtal-frxUSD+USDC (0xa8eB…)":24432.57168549715,"fraxtal-frxUSD+USDe (0x1e19…)":58704.863946615056,"fraxtal-frxUSD+USDT (0xcAEF…)":48899.86462436018,"fraxtal-FXB20251231+F… (0x2421…)":73378.73131434518,"fraxtal-lend-crvUSD(s… (0x0Edf…)":29352.431973307528,"fraxtal-lend-crvUSD(s… (0x279A…)":58704.863946615056,"fraxtal-lend-crvUSD(W… (0xa757…)":29352.431973307528,"fraxtal-scrvUSD+sfrxU… (0xaC5d…)":73378.73131434518,"fraxtal-WFRAX+cvxFXS (0x3a38…)":76406.43424211917,"frxETH+CVX (0x47D5…)":631439.3724740855,"frxUSD+sUSDS (0x81A2…)":661455.2553549227,"FXN+cvxFXN (0x1062…)":170582.66497061675,"FXS+cvxFXS (0x6a90…)":18433.010053466925,"msUSD+FRAXBP (0xc3b1…)":574690.3809566161,"OHM+FRAXBP (0xFc1e…)":7600.2733102578695,"rETH+frxETH (0xe7c6…)":23245.663673150317,"reUSD+fxUSD (0xb0ef…)":201569.80662807738,"reUSD+scrvUSD (0xc522…)":6444620.983532643,"reUSD+sDOLA (0x48d6…)":270924.056766248,"reUSD+sfrxUSD (0xed78…)":422192.9086323603,"sDOLA+alUSD (0x4606…)":374655.3294037531,"stETH+frxETH (0x4d9f…)":244348.6026562426,"STG+FRAXBP (0x867f…)":29222.74990201896,"WETH+CVX (0xB576…)":1685658.217807385,"WETH+frxETH (0x9c3B…)":266192.23053695646,"WETH+RSUP (0xEe35…)":1472481.3536894966},"bribes":[{"pool":"fraxtal-frxUSD+dUSD (0x9CA6…)","token":"FXS","gauge":"0x05600c37d54a4f3cdc76e0867af1530becc332ca","choice":562,"amount":245,"amountDollars":722.75,"maxPerVote":0,"recycled":false,"excluded":[]},{"pool":"COIL+FRAXBP (0xAF42…)","token":"FXS","gauge":"0x06b30d5f2341c2fb3f6b48b109685997022bd272","choice":123,"amount":130.07121107946318,"amountDollars":383.7100726844164,"maxPerVote":0,"recycled":false,"excluded":[]},{"pool":"OHM+FRAXBP (0xFc1e…)","token":"FXS","gauge":"0x06f691180f643b35e3644a2296a4097e1f577d0d","choice":86,"amount":72.57561046171419,"amountDollars":214.09805086205688,"maxPerVote":0,"recycled":false,"excluded":[]},{"pool":"fraxtal-WFRAX+cvxFXS (0x3a38…)","token":"CVX","gauge":"0x070ebc9f46d0a6a523d31eb4ae7901c56ad97ae2","choice":547,"amount":511.56,"amountDollars":2307.1356,"maxPerVote":0,"recycled":false,"excluded":[]},{"pool":"WETH+RSUP (0xEe35…)","token":"RSUP","gauge":"0x09f62a6777032329c0d49f1fd4fbe9b3468cda56","choice":379,"amount":33054.42,"amountDollars":42309.6576,"maxPerVote":0,"recycled":false,"excluded":[]},{"pool":"FXS+cvxFXS (0x6a90…)","token":"CVX","gauge":"0x0c58c509305a8a7fe9a6a60ceaac6185b96ecbb7","choice":152,"amount":128.38,"amountDollars":578.9938,"maxPerVote":0,"recycled":false,"excluded":[]},{"pool":"sDOLA+alUSD (0x4606…)","token":"ALCX","gauge":"0x19f9266f349158b54a6d95dce79297df670f7f14","choice":345,"amount":1225,"amountDollars":11049.5,"maxPerVote":0,"recycled":false,"excluded":[]},{"pool":"ETH+frxETH (0xa1F8…)","token":"CRV","gauge":"0x2932a86df44fe8d2a706d8e9c5d51c24883423f5","choice":80,"amount":3130.12,"amountDollars":2911.4623372799997,"maxPerVote":0,"recycled":false,"excluded":[]},{"pool":"fraxtal-CRV+frxUSD (0x89b4…)","token":"FXS","gauge":"0x304c0564b897e6e72b040f0445ab1bdf391726fe","choice":567,"amount":245,"amountDollars":722.75,"maxPerVote":0,"recycled":false,"excluded":[]},{"pool":"alETH+frxETH (0xB657…)","token":"ALCX","gauge":"0x415f30505368fa1db82feea02eb778be04e75907","choice":116,"amount":1764,"amountDollars":15911.279999999999,"maxPerVote":0,"recycled":false,"excluded":[]},{"pool":"alETH+frxETH (0xB657…)","token":"FXS","gauge":"0x415f30505368fa1db82feea02eb778be04e75907","choice":116,"amount":1087.0360193944575,"amountDollars":3206.75625721365,"maxPerVote":0,"recycled":false,"excluded":[]},{"pool":"fraxtal-frxUSD+FXB202… (0xeE45…)","token":"FXS","gauge":"0x48100238c4a3cf44cfbf6c7693ed5c216881face","choice":550,"amount":2940,"amountDollars":8673,"maxPerVote":0,"recycled":false,"excluded":[]},{"pool":"WETH+frxETH (0x9c3B…)","token":"CRV","gauge":"0x4e21418095d32d15c6e2b96a9910772613a50d50","choice":167,"amount":9005.22,"amountDollars":8376.151351679999,"maxPerVote":0,"recycled":false,"excluded":[]},{"pool":"frxUSD+sUSDS (0x81A2…)","token":"FXS","gauge":"0x52618c40ddba3cbbb69f3aaa4cb26ae649844b17","choice":358,"amount":6623.8788,"amountDollars":19540.442460000002,"maxPerVote":0,"recycled":false,"excluded":[]},{"pool":"fraxtal-lend-crvUSD(s… (0x279A…)","token":"FXS","gauge":"0x541f57ab2032a042ce6b02fd435347fbae1f6d0a","choice":555,"amount":588,"amountDollars":1734.6000000000001,"maxPerVote":0,"recycled":false,"excluded":[]},{"pool":"pxETH+stETH (0x6951…)","token":"DAI","gauge":"0x58215f083882a5eb7056ac34a0fdda9d3b5665d2","choice":206,"amount":9800,"amountDollars":9797.9812,"maxPerVote":0,"recycled":false,"excluded":[]},{"pool":"fraxtal-frxUSD+sUSDe (0x8b4E…)","token":"FXS","gauge":"0x59005665c5060d3abee291a21de0375cf1bbed03","choice":549,"amount":490,"amountDollars":1445.5,"maxPerVote":0,"recycled":false,"excluded":[]},{"pool":"reUSD+sfrxUSD (0xed78…)","token":"RSUP","gauge":"0x5c0b03914f68f2717d779a0211fd98c2cc45a4dd","choice":378,"amount":10162.6,"amountDollars":13008.128,"maxPerVote":0,"recycled":false,"excluded":[]},{"pool":"fraxtal-frxUSD+DAI (0x86d7…)","token":"FXS","gauge":"0x64100c172d5dc8007e3ee701ecd99468619b6583","choice":542,"amount":245,"amountDollars":722.75,"maxPerVote":0,"recycled":false,"excluded":[]},{"pool":"fraxtal-scrvUSD+sfrxU… (0xaC5d…)","token":"FXS","gauge":"0x660622adba5339e62d800be440d6d0c8c1838559","choice":561,"amount":735,"amountDollars":2168.25,"maxPerVote":0,"recycled":false,"excluded":[]},{"pool":"FXN+cvxFXN (0x1062…)","token":"CVX","gauge":"0x724476f141ed2de4da22ebdf435905def1118317","choice":188,"amount":1138.76,"amountDollars":5135.8076,"maxPerVote":0,"recycled":false,"excluded":[]},{"pool":"fraxtal-frxUSD+PYUSD (0x35c6…)","token":"FXS","gauge":"0x72bd89f2e3470fa5d188cf04eda17e8145eb4bf1","choice":543,"amount":245,"amountDollars":722.75,"maxPerVote":0,"recycled":false,"excluded":[]},{"pool":"alUSD+FRAXBP (0xB30d…)","token":"ALCX","gauge":"0x740ba8aa0052e07b925908b380248cb03f3de5cb","choice":63,"amount":1568,"amountDollars":14143.359999999999,"maxPerVote":0,"recycled":false,"excluded":[]},{"pool":"alUSD+FRAXBP (0xB30d…)","token":"FXS","gauge":"0x740ba8aa0052e07b925908b380248cb03f3de5cb","choice":63,"amount":1243.9504989930574,"amountDollars":3669.6539720295195,"maxPerVote":0,"recycled":false,"excluded":[]},{"pool":"fraxtal-frxUSD+FXB202… (0x15d1…)","token":"FXS","gauge":"0x7506a3e213c362b9e21895c2bd930df454d46573","choice":568,"amount":490,"amountDollars":1445.5,"maxPerVote":0,"recycled":false,"excluded":[]},{"pool":"CVX+clevCVX (0xF907…)","token":"CVX","gauge":"0x7970489a543fb237abab63d62524d8a5ce165b86","choice":92,"amount":980,"amountDollars":4419.8,"maxPerVote":0,"recycled":false,"excluded":[]},{"pool":"fraxtal-frxUSD+FXB205… (0x4Cfc…)","token":"FXS",