{"curve":{"statusCode":200,"epoch":{"id":"votium-cvx-crv-125","platform":"votium","protocol":"cvx-crv","round":125,"proposal":"0xa7540e2eea2bad3a3239d8492c3cc996069663c471e5153265f4532ae6e768b4","end":1782172800,"scoresTotal":44823239.03378481,"bribed":{"alETH+frxETH (0xB657…)":1071200.5183810012,"alETH+WETH (0x8eFD…)":357060.97563231766,"alUSD+frxUSD (0x17F9…)":535687.337343879,"alUSD+USDC (0x1Edd…)":89258.29349094818,"arbi-alETH+WETH (0xBeb1…)":223181.81609133625,"arbi-alUSD+USDC (0x7848…)":223161.38844679424,"CRV+cvxCRV (0x971a…)":2876492.8068440957,"CVX+clevCVX (0xF907…)":147470.43348886413,"DOLA+sUSDS (0x8b83…)":945019.3675393525,"evaUSDC+avUSD (0x6C38…)":24669.724764335802,"evaUSDT+evaUSDC (0x3C09…)":494932.3575674611,"FRAX+USDe (0x5dc1…)":4730365.855180328,"fraxtal-WFRAX+cvxFXS (0x3a38…)":24985.213769855905,"frxETH+CVX (0x47D5…)":497911.475992713,"frxUSD+crvUSD (0x13e1…)":778660.0851858577,"frxUSD+USPC (0x96BC…)":606717.0226860651,"ftUSD+USDC (0xaFEc…)":153783.59203702494,"FXN+cvxFXN (0x1062…)":124639.12780326906,"lend-crvUSD(sreUSD) (0xC32B…)":712168.7248225271,"pmUSD+crvUSD (0xEcb0…)":2643082.8119160016,"reUSD+scrvUSD (0xc522…)":1765338.7582763936,"reUSD+sfrxUSD (0xed78…)":1322719.2264206274,"sDOLA+alUSD (0x4606…)":557913.9036546274,"sfrxUSD+frxUSD (0xF292…)":497747.85570101975,"stETH+frxETH (0x4d9f…)":418803.9960082567,"USDC+crvUSD (0x4DEc…)":778219.5579565833,"USDT+crvUSD (0x390f…)":778017.8954266167,"USG+sDOLA (0x3178…)":367923.4637334217,"USST+USDC (0x2877…)":123427.80005172524,"WETH+CVX (0xB576…)":1411362.3864717414,"WETH+frxETH (0x9c3B…)":85538.4593018337,"WETH+RSUP (0xEe35…)":316241.63591908675},"bribes":[{"pool":"fraxtal-WFRAX+cvxFXS (0x3a38…)","token":"CVX","gauge":"0x070ebc9f46d0a6a523d31eb4ae7901c56ad97ae2","choice":636,"amount":166.6,"amountDollars":198.5484745002181,"maxPerVote":0,"recycled":false,"excluded":[]},{"pool":"WETH+RSUP (0xEe35…)","token":"RSUP","gauge":"0x09f62a6777032329c0d49f1fd4fbe9b3468cda56","choice":352,"amount":32377.23702968375,"amountDollars":2512.6168380075337,"maxPerVote":0,"recycled":false,"excluded":[]},{"pool":"sDOLA+alUSD (0x4606…)","token":"ALCX","gauge":"0x19f9266f349158b54a6d95dce79297df670f7f14","choice":324,"amount":1225,"amountDollars":4437.749826530034,"maxPerVote":0,"recycled":false,"excluded":[]},{"pool":"frxUSD+crvUSD (0x13e1…)","token":"YB","gauge":"0x22804b0f6be741a9fa1bbaecdd6c8d4116e96944","choice":392,"amount":80823.6810178322,"amountDollars":6180.597906554698,"maxPerVote":0,"recycled":false,"excluded":[]},{"pool":"lend-crvUSD(sreUSD) (0xC32B…)","token":"RSUP","gauge":"0x29e9975561fad3a7988ca96361ab5c5317cb32af","choice":406,"amount":72921.70502181025,"amountDollars":5659.046932449401,"maxPerVote":0,"recycled":false,"excluded":[]},{"pool":"evaUSDC+avUSD (0x6C38…)","token":"USDC","gauge":"0x3285987bbd0b695ac48dc8571f519065b50aba07","choice":495,"amount":196,"amountDollars":195.9629890030165,"maxPerVote":0,"recycled":false,"excluded":[]},{"pool":"alETH+frxETH (0xB657…)","token":"ALCX","gauge":"0x415f30505368fa1db82feea02eb778be04e75907","choice":108,"amount":2352,"amountDollars":8520.479666937665,"maxPerVote":0,"recycled":false,"excluded":[]},{"pool":"WETH+frxETH (0x9c3B…)","token":"WFRAX","gauge":"0x4e21418095d32d15c6e2b96a9910772613a50d50","choice":157,"amount":2591.12,"amountDollars":679.8212414956082,"maxPerVote":0,"recycled":false,"excluded":[]},{"pool":"USDT+crvUSD (0x390f…)","token":"YB","gauge":"0x4e6bb6b7447b7b2aa268c16ab87f4bb48bf57939","choice":124,"amount":80823.6810178322,"amountDollars":6180.597906554698,"maxPerVote":0,"recycled":false,"excluded":[]},{"pool":"frxUSD+USPC (0x96BC…)","token":"USDC","gauge":"0x5bec8a3c2d316a05fa231bdddd23c7e24cb421a6","choice":498,"amount":2352,"amountDollars":2351.5558680361983,"maxPerVote":0,"recycled":false,"excluded":[]},{"pool":"frxUSD+USPC (0x96BC…)","token":"WFRAX","gauge":"0x5bec8a3c2d316a05fa231bdddd23c7e24cb421a6","choice":498,"amount":9422.7,"amountDollars":2472.1941138352017,"maxPerVote":0,"recycled":false,"excluded":[]},{"pool":"reUSD+sfrxUSD (0xed78…)","token":"RSUP","gauge":"0x5c0b03914f68f2717d779a0211fd98c2cc45a4dd","choice":351,"amount":22715.111114293893,"amountDollars":1762.7931194579883,"maxPerVote":0,"recycled":false,"excluded":[]},{"pool":"FXN+cvxFXN (0x1062…)","token":"CVX","gauge":"0x724476f141ed2de4da22ebdf435905def1118317","choice":177,"amount":831.04,"amountDollars":990.4065080952056,"maxPerVote":0,"recycled":false,"excluded":[]},{"pool":"CVX+clevCVX (0xF907…)","token":"CVX","gauge":"0x7970489a543fb237abab63d62524d8a5ce165b86","choice":84,"amount":980,"amountDollars":1167.9322029424595,"maxPerVote":0,"recycled":false,"excluded":[]},{"pool":"WETH+CVX (0xB576…)","token":"CVX","gauge":"0x7e1444ba99dcdffe8fbdb42c02f0005d14f13be1","choice":30,"amount":9419.76,"amountDollars":11226.16433468292,"maxPerVote":0,"recycled":false,"excluded":[]},{"pool":"stETH+frxETH (0x4d9f…)","token":"WFRAX","gauge":"0x821529bb07c83803c9cc7763e5974386e9efedc7","choice":106,"amount":12686.1,"amountDollars":3328.3986275191564,"maxPerVote":0,"recycled":false,"excluded":[]},{"pool":"alUSD+USDC (0x1Edd…)","token":"ALCX","gauge":"0x83f12b0506a115e610c3e76292885192731e9b53","choice":478,"amount":196,"amountDollars":710.0399722448054,"maxPerVote":0,"recycled":false,"excluded":[]},{"pool":"ftUSD+USDC (0xaFEc…)","token":"USDC","gauge":"0x8abf0a7e4b59ace59cb214fcb158285cd7cf7c3f","choice":524,"amount":1223.04,"amountDollars":1222.809051378823,"maxPerVote":0,"recycled":false,"excluded":[]},{"pool":"DOLA+sUSDS (0x8b83…)","token":"DOLA","gauge":"0x8b0abcfc78a5c14520682fcd76a0e52b71126079","choice":317,"amount":7546,"amountDollars":7508.564435651605,"maxPerVote":0,"recycled":false,"excluded":[]},{"pool":"USDC+crvUSD (0x4DEc…)","token":"YB","gauge":"0x95f00391cb5eebcd190eb58728b4ce23dbfa6ac1","choice":125,"amount":80847.93054709048,"amountDollars":6182.452271363145,"maxPerVote":0,"recycled":false,"excluded":[]},{"pool":"sfrxUSD+frxUSD (0xF292…)","token":"WFRAX","gauge":"0x9a356132605ad599aba34651aa2a606730bacaaa","choice":409,"amount":15077.3,"amountDollars":3955.7677006089,"maxPerVote":0,"recycled":false,"excluded":[]},{"pool":"reUSD+scrvUSD (0xc522…)","token":"RSUP","gauge":"0xaf01d68714e7ea67f43f08b5947e367126b889b1","choice":350,"amount":54290.20938873773,"amountDollars":4213.160441208578,"maxPerVote":0,"recycled":false,"excluded":[]},{"pool":"arbi-alUSD+USDC (0x7848…)","token":"ALCX","gauge":"0xafcd73e242c6d880edfa87b8146825639bda3881","choice":579,"amount":490,"amountDollars":1775.0999306120136,"maxPerVote":0,"recycled":false,"excluded":[]},{"pool":"alUSD+frxUSD (0x17F9…)","token":"ALCX","gauge":"0xb069d59fddfe8e2e6e624951e306d4fdc056fa82","choice":479,"amount":1176,"amountDollars":4260.239833468832,"maxPerVote":0,"recycled":false,"excluded":[]},{"pool":"USST+USDC (0x2877…)","token":"USDC","gauge":"0xb0c633eb467f721d4d02891edca629387fcff99b","choice":505,"amount":980,"amountDollars":979.8149450150826,"maxPerVote":0,"recycled":false,"excluded":[]},{"pool":"USG+sDOLA (0x3178…)","token":"DOLA","gauge":"0xb110cdd5a25023e2a74542d7dc0644d2171bf556","choice":515,"amount":2940,"amountDollars":2925.414715188937,"maxPerVote":0,"recycled":false,"excluded":[]},{"pool":"alETH+WETH (0x8eFD…)","token":"ALCX","gauge":"0xb251c0885c7c1975d773b57e67c138fbceaa6db4","choice":198,"amount":784,"amountDollars":2840.1598889792217,"maxPerVote":0,"recycled":false,"excluded":[]},{"pool":"arbi-alETH+WETH (0xBeb1…)","token":"ALCX","gauge":"0xb49ec875dc7e1ddce5c5da17249a5ea3904b5eb3","choice":583,"amount":490,"amountDollars":1775.0999306120136,"maxPerVote":0,"recycled":false,"excluded":[]},{"pool":"FRAX+USDe (0x5dc1…)","token":"WFRAX","gauge":"0xb53c23d2cc6219adf78ea22bfd38bffc50ec54cb","choice":202,"amount":143244.64,"amountDollars":37582.49289974663,"maxPerVote":0,"recycled":false,"excluded":[]},{"pool":"evaUSDT+evaUSDC (0x3C09…)","token":"USDC","gauge":"0xbe6228125448e40f5dcbb2dbdf7ff3f5721000b4","choice":494,"amount":3920,"amountDollars":3919.2597800603303,"maxPerVote":0,