{"curve":{"statusCode":200,"epoch":{"id":"votium-cvx-crv-104","platform":"votium","protocol":"cvx-crv","round":104,"proposal":"0x454d3ceb61b1fcd78b6a885325153ef804148ece3d2bb968f20fe2a905ff8307","end":1756771200,"scoresTotal":26651408.790566698,"bribed":{"alETH+frxETH (0xB657…)":603671.3193912734,"alETH+WETH (0x8eFD…)":249112.57712148136,"alUSD+FRAXBP (0xB30d…)":564866.7822100364,"arbi-alUSD+USDC (0x7848…)":75204.53808627985,"COIL+FRAXBP (0xAF42…)":17366.656430631985,"CRV+cvxCRV (0x971a…)":3427345.3243434126,"CVX+clevCVX (0xF907…)":119373.19906280155,"ETH+frxETH (0xa1F8…)":82652.90675899101,"FRAX+USDe (0x5dc1…)":4190207.098548516,"fraxtal-CRV+frxUSD (0x89b4…)":26873.65290066722,"fraxtal-crvUSD+frxUSD (0x63Eb…)":53707.67639741114,"fraxtal-frxETH+sfrxETH (0xF2f4…)":127455.47394465361,"fraxtal-frxUSD+DAI (0x86d7…)":26873.65290066722,"fraxtal-frxUSD+dUSD (0x9CA6…)":26873.65290066722,"fraxtal-frxUSD+frxETH… (0xa0D3…)":67144.50284774475,"fraxtal-frxUSD+FXB202… (0x15d1…)":67144.50284774475,"fraxtal-frxUSD+FXB202… (0xeE45…)":259311.52938311046,"fraxtal-frxUSD+FXB205… (0x4Cfc…)":215255.99998059825,"fraxtal-frxUSD+PYUSD (0x35c6…)":26873.65290066722,"fraxtal-frxUSD+sUSDe (0x8b4E…)":44776.21169980426,"fraxtal-frxUSD+USDC (0xa8eB…)":26873.65290066722,"fraxtal-frxUSD+USDe (0x1e19…)":44776.21169980426,"fraxtal-frxUSD+USDT (0xcAEF…)":44776.21169980426,"fraxtal-FXB20251231+F… (0x2421…)":67144.50284774475,"fraxtal-lend-crvUSD(s… (0x0Edf…)":35805.11759827409,"fraxtal-lend-crvUSD(s… (0x279A…)":62678.77049894131,"fraxtal-lend-crvUSD(W… (0xa757…)":35805.11759827409,"fraxtal-scrvUSD+sfrxU… (0xaC5d…)":89552.42339960852,"fraxtal-WFRAX+cvxFXS (0x3a38…)":75857.21702360225,"frxETH+CVX (0x47D5…)":501594.93742235814,"frxUSD+sUSDS (0x81A2…)":663313.6267091613,"FXN+cvxFXN (0x1062…)":258246.44659426593,"FXS+cvxFXS (0x6a90…)":19016.76403786632,"lend-crvUSD(fxSAVE) (0x7430…)":221327.24430195015,"msUSD+FRAXBP (0xc3b1…)":346915.8019446131,"pxETH+stETH (0x6951…)":345413.81876898074,"rETH+frxETH (0xe7c6…)":27858.60986887553,"reUSD+fxUSD (0xb0ef…)":251153.0522042851,"reUSD+scrvUSD (0xc522…)":3797320.160927424,"reUSD+sDOLA (0x48d6…)":231076.42338337225,"reUSD+sfrxUSD (0xed78…)":316731.7180538408,"sDOLA+alUSD (0x4606…)":393479.23494285124,"stETH+frxETH (0x4d9f…)":257026.62698067084,"STG+FRAXBP (0x867f…)":33735.94906894112,"USDC+jUSD (0x6A0c…)":167555.50915427244,"WETH+CVX (0xB576…)":1353481.4136169322,"WETH+frxETH (0x9c3B…)":245645.65032637637,"WETH+pxETH (0xC8Eb…)":345413.81876898074,"WETH+RSUP (0xEe35…)":1139451.558339066},"bribes":[{"pool":"fraxtal-frxUSD+dUSD (0x9CA6…)","token":"FXS","gauge":"0x05600c37d54a4f3cdc76e0867af1530becc332ca","choice":572,"amount":294,"amountDollars":746.76,"maxPerVote":0,"recycled":false,"excluded":[]},{"pool":"COIL+FRAXBP (0xAF42…)","token":"FXS","gauge":"0x06b30d5f2341c2fb3f6b48b109685997022bd272","choice":123,"amount":190.29073859498715,"amountDollars":483.33847603126736,"maxPerVote":0,"recycled":false,"excluded":[]},{"pool":"fraxtal-WFRAX+cvxFXS (0x3a38…)","token":"CVX","gauge":"0x070ebc9f46d0a6a523d31eb4ae7901c56ad97ae2","choice":557,"amount":617.4,"amountDollars":2099.16,"maxPerVote":0,"recycled":false,"excluded":[]},{"pool":"WETH+RSUP (0xEe35…)","token":"RSUP","gauge":"0x09f62a6777032329c0d49f1fd4fbe9b3468cda56","choice":379,"amount":33521.88,"amountDollars":31940.11657032,"maxPerVote":0,"recycled":false,"excluded":[]},{"pool":"FXS+cvxFXS (0x6a90…)","token":"CVX","gauge":"0x0c58c509305a8a7fe9a6a60ceaac6185b96ecbb7","choice":152,"amount":154.84,"amountDollars":526.456,"maxPerVote":0,"recycled":false,"excluded":[]},{"pool":"sDOLA+alUSD (0x4606…)","token":"ALCX","gauge":"0x19f9266f349158b54a6d95dce79297df670f7f14","choice":345,"amount":1225,"amountDollars":11662,"maxPerVote":0,"recycled":false,"excluded":[]},{"pool":"ETH+frxETH (0xa1F8…)","token":"FXS","gauge":"0x2932a86df44fe8d2a706d8e9c5d51c24883423f5","choice":80,"amount":904.54,"amountDollars":2297.5316,"maxPerVote":0,"recycled":false,"excluded":[]},{"pool":"fraxtal-CRV+frxUSD (0x89b4…)","token":"FXS","gauge":"0x304c0564b897e6e72b040f0445ab1bdf391726fe","choice":577,"amount":294,"amountDollars":746.76,"maxPerVote":0,"recycled":false,"excluded":[]},{"pool":"alETH+frxETH (0xB657…)","token":"FXS","gauge":"0x415f30505368fa1db82feea02eb778be04e75907","choice":116,"amount":790.7044910123161,"amountDollars":2008.389407171283,"maxPerVote":0,"recycled":false,"excluded":[]},{"pool":"alETH+frxETH (0xB657…)","token":"ALCX","gauge":"0x415f30505368fa1db82feea02eb778be04e75907","choice":116,"amount":1764,"amountDollars":16793.28,"maxPerVote":0,"recycled":false,"excluded":[]},{"pool":"fraxtal-frxUSD+FXB202… (0xeE45…)","token":"FXS","gauge":"0x48100238c4a3cf44cfbf6c7693ed5c216881face","choice":560,"amount":2940,"amountDollars":7467.6,"maxPerVote":0,"recycled":false,"excluded":[]},{"pool":"WETH+frxETH (0x9c3B…)","token":"FXS","gauge":"0x4e21418095d32d15c6e2b96a9910772613a50d50","choice":167,"amount":2783.2,"amountDollars":7069.3279999999995,"maxPerVote":0,"recycled":false,"excluded":[]},{"pool":"frxUSD+sUSDS (0x81A2…)","token":"FXS","gauge":"0x52618c40ddba3cbbb69f3aaa4cb26ae649844b17","choice":358,"amount":7331.6936,"amountDollars":18622.501744,"maxPerVote":0,"recycled":false,"excluded":[]},{"pool":"fraxtal-lend-crvUSD(s… (0x279A…)","token":"FXS","gauge":"0x541f57ab2032a042ce6b02fd435347fbae1f6d0a","choice":565,"amount":686,"amountDollars":1742.44,"maxPerVote":0,"recycled":false,"excluded":[]},{"pool":"pxETH+stETH (0x6951…)","token":"USDC","gauge":"0x58215f083882a5eb7056ac34a0fdda9d3b5665d2","choice":206,"amount":9564.8,"amountDollars":9563.489622399999,"maxPerVote":0,"recycled":false,"excluded":[]},{"pool":"fraxtal-frxUSD+sUSDe (0x8b4E…)","token":"FXS","gauge":"0x59005665c5060d3abee291a21de0375cf1bbed03","choice":559,"amount":490,"amountDollars":1244.6,"maxPerVote":0,"recycled":false,"excluded":[]},{"pool":"reUSD+sfrxUSD (0xed78…)","token":"RSUP","gauge":"0x5c0b03914f68f2717d779a0211fd98c2cc45a4dd","choice":378,"amount":9255.12,"amountDollars":8818.40790768,"maxPerVote":0,"recycled":false,"excluded":[]},{"pool":"fraxtal-frxUSD+DAI (0x86d7…)","token":"FXS","gauge":"0x64100c172d5dc8007e3ee701ecd99468619b6583","choice":552,"amount":294,"amountDollars":746.76,"maxPerVote":0,"recycled":false,"excluded":[]},{"pool":"fraxtal-scrvUSD+sfrxU… (0xaC5d…)","token":"FXS","gauge":"0x660622adba5339e62d800be440d6d0c8c1838559","choice":571,"amount":980,"amountDollars":2489.2,"maxPerVote":0,"recycled":false,"excluded":[]},{"pool":"FXN+cvxFXN (0x1062…)","token":"CVX","gauge":"0x724476f141ed2de4da22ebdf435905def1118317","choice":188,"amount":2093.28,"amountDollars":7117.152,"maxPerVote":0,"recycled":false,"excluded":[]},{"pool":"fraxtal-frxUSD+PYUSD (0x35c6…)","token":"FXS","gauge":"0x72bd89f2e3470fa5d188cf04eda17e8145eb4bf1","choice":553,"amount":294,"amountDollars":746.76,"maxPerVote":0,"recycled":false,"excluded":[]},{"pool":"alUSD+FRAXBP (0xB30d…)","token":"FXS","gauge":"0x740ba8aa0052e07b925908b380248cb03f3de5cb","choice":63,"amount":1232.705972093349,"amountDollars":3131.0731691171063,"maxPerVote":0,"recycled":false,"excluded":[]},{"pool":"alUSD+FRAXBP (0xB30d…)","token":"ALCX","gauge":"0x740ba8aa0052e07b925908b380248cb03f3de5cb","choice":63,"amount":1568,"amountDollars":14927.359999999999,"maxPerVote":0,"recycled":false,"excluded":[]},{"pool":"fraxtal-frxUSD+FXB202… (0x15d1…)","token":"FXS","gauge":"0x7506a3e213c362b9e21895c2bd930df454d46573","choice":578,"amount":735,"amountDollars":1866.9,"maxPerVote":0,"recycled":false,"excluded":[]},{"pool":"CVX+clevCVX (0xF907…)","token":"CVX","gauge":"0x7970489a543fb237abab63d62524d8a5ce165b86","choice":92,"amount":980,"amountDollars":3332,"maxPerVote":0,"recycled":false,"excluded":[]},{"pool":"fraxtal-frxUSD+FXB205… (0x4Cfc…)","token":"FXS","gauge":"0x7ba1e40dae22847e6c521ba297d40ff1c5fd97dd","choice":561,"amount":2450,"amountDollars":6223,"maxPerVote":0,"recycled":false,"excluded":[]},{"pool":"WETH+CVX (0xB576…)","token":"CVX","gauge":"0x7e1444ba99dcdffe8fbdb42c02f0005d14f13be1",