{"curve":{"statusCode":200,"epoch":{"id":"votium-cvx-crv-106","platform":"votium","protocol":"cvx-crv","round":106,"proposal":"0x2e473b718cd6ad0afd0241b55cb151dc796cfcfffe41f884240eea9fa1cf0a4d","end":1759190400,"scoresTotal":35248198.467266016,"bribed":{"alETH+frxETH (0xB657…)":695084.968833088,"alETH+WETH (0x8eFD…)":210576.37337591336,"alUSD+FRAXBP (0xB30d…)":526544.1495857756,"arbi-alUSD+USDC (0x7848…)":65749.75118231951,"COIL+FRAXBP (0xAF42…)":14489.739586776903,"CRV+cvxCRV (0x971a…)":2735062.3860125835,"CVX+clevCVX (0xF907…)":100659.45203481521,"DOLA+sUSDe (0x7447…)":3766386.0232252907,"DOLA+sUSDS (0x8b83…)":1353226.4728733997,"DOLA+USR (0x38De…)":2537493.8438302716,"DOLA+wstUSR (0x6427…)":845745.993100939,"ETH+frxETH (0xa1F8…)":15168.082659765108,"FRAX+USDe (0x5dc1…)":3938063.2885373216,"fraxtal-CRV+frxUSD (0x89b4…)":20181.594287801105,"fraxtal-crvUSD+frxUSD (0x63Eb…)":53943.90987654057,"fraxtal-DKDEFI+BTCWIT… (0x9edd…)":31503.496775327963,"fraxtal-frxETH+sfrxETH (0xF2f4…)":168602.4352408124,"fraxtal-frxUSD+DAI (0x86d7…)":20227.925273615547,"fraxtal-frxUSD+dUSD (0x9CA6…)":20224.283780404137,"fraxtal-frxUSD+frxETH… (0xa0D3…)":50576.70802079346,"fraxtal-frxUSD+FXB202… (0x15d1…)":67395.21113332301,"fraxtal-frxUSD+FXB202… (0xeE45…)":168528.60117845924,"fraxtal-frxUSD+FXB205… (0x4Cfc…)":202315.28657880626,"fraxtal-frxUSD+PYUSD (0x35c6…)":20227.925273615547,"fraxtal-frxUSD+sUSDe (0x8b4E…)":33713.186008098,"fraxtal-frxUSD+USDC (0xa8eB…)":20227.925273615547,"fraxtal-frxUSD+USDe (0x1e19…)":33713.186008098,"fraxtal-frxUSD+USDT (0xcAEF…)":33713.186008098,"fraxtal-FXB20251231+F… (0x2421…)":50467.88081463093,"fraxtal-lend-crvUSD(s… (0x0Edf…)":26969.258657925348,"fraxtal-lend-crvUSD(s… (0x279A…)":47201.0407084433,"fraxtal-lend-crvUSD(W… (0xa757…)":26969.258657925348,"fraxtal-scrvUSD+sfrxU… (0xaC5d…)":67392.03658709687,"fraxtal-WFRAX+cvxFXS (0x3a38…)":61544.42616985668,"frxETH+CVX (0x47D5…)":420399.6788405177,"frxUSD+sUSDS (0x81A2…)":612879.4468837602,"FXN+cvxFXN (0x1062…)":155125.75149985723,"FXS+cvxFXS (0x6a90…)":15392.512486935439,"lend-crvUSD(sreUSD) (0xC32B…)":432509.68572918803,"msUSD+FRAXBP (0xc3b1…)":743029.4311718611,"rETH+frxETH (0xe7c6…)":4783.83608162846,"reUSD+fxUSD (0xb0ef…)":191130.1689411068,"reUSD+scrvUSD (0xc522…)":4341871.274004013,"reUSD+sDOLA (0x48d6…)":162578.5519845947,"reUSD+sfrxUSD (0xed78…)":161675.16438894067,"scrvUSD+UNIT0 (0xF5c8…)":93571.46778631672,"sDOLA+alUSD (0x4606…)":328850.2377004941,"sfrxUSD+frxUSD (0xF292…)":236246.45968033225,"stETH+frxETH (0x4d9f…)":230484.49379653233,"STG+FRAXBP (0x867f…)":38855.80650405744,"USDC+jUSD (0x6A0c…)":99361.67103501821,"WETH+CVX (0xB576…)":1165932.0595498222,"WETH+frxETH (0x9c3B…)":162447.0910681709,"WETH+RSUP (0xEe35…)":674364.7658077235},"bribes":[{"pool":"fraxtal-frxUSD+dUSD (0x9CA6…)","token":"FXS","gauge":"0x05600c37d54a4f3cdc76e0867af1530becc332ca","choice":587,"amount":294,"amountDollars":632.1,"maxPerVote":0,"recycled":false,"excluded":[]},{"pool":"COIL+FRAXBP (0xAF42…)","token":"FXS","gauge":"0x06b30d5f2341c2fb3f6b48b109685997022bd272","choice":123,"amount":211.1830808752925,"amountDollars":454.04362388187883,"maxPerVote":0,"recycled":false,"excluded":[]},{"pool":"fraxtal-WFRAX+cvxFXS (0x3a38…)","token":"CVX","gauge":"0x070ebc9f46d0a6a523d31eb4ae7901c56ad97ae2","choice":572,"amount":599.76,"amountDollars":1931.2272,"maxPerVote":0,"recycled":false,"excluded":[]},{"pool":"WETH+RSUP (0xEe35…)","token":"RSUP","gauge":"0x09f62a6777032329c0d49f1fd4fbe9b3468cda56","choice":379,"amount":25496.66,"amountDollars":21140.98908222,"maxPerVote":0,"recycled":false,"excluded":[]},{"pool":"FXS+cvxFXS (0x6a90…)","token":"CVX","gauge":"0x0c58c509305a8a7fe9a6a60ceaac6185b96ecbb7","choice":152,"amount":149.94,"amountDollars":482.8068,"maxPerVote":0,"recycled":false,"excluded":[]},{"pool":"sDOLA+alUSD (0x4606…)","token":"ALCX","gauge":"0x19f9266f349158b54a6d95dce79297df670f7f14","choice":345,"amount":1225,"amountDollars":10290,"maxPerVote":0,"recycled":false,"excluded":[]},{"pool":"ETH+frxETH (0xa1F8…)","token":"FXS","gauge":"0x2932a86df44fe8d2a706d8e9c5d51c24883423f5","choice":80,"amount":220.5,"amountDollars":474.075,"maxPerVote":0,"recycled":false,"excluded":[]},{"pool":"lend-crvUSD(sreUSD) (0xC32B…)","token":"RSUP","gauge":"0x29e9975561fad3a7988ca96361ab5c5317cb32af","choice":442,"amount":16356.2,"amountDollars":13562.0212854,"maxPerVote":0,"recycled":false,"excluded":[]},{"pool":"fraxtal-CRV+frxUSD (0x89b4…)","token":"FXS","gauge":"0x304c0564b897e6e72b040f0445ab1bdf391726fe","choice":592,"amount":294,"amountDollars":632.1,"maxPerVote":0,"recycled":false,"excluded":[]},{"pool":"alETH+frxETH (0xB657…)","token":"ALCX","gauge":"0x415f30505368fa1db82feea02eb778be04e75907","choice":116,"amount":2352,"amountDollars":19756.8,"maxPerVote":0,"recycled":false,"excluded":[]},{"pool":"alETH+frxETH (0xB657…)","token":"FXS","gauge":"0x415f30505368fa1db82feea02eb778be04e75907","choice":116,"amount":764.5493413986819,"amountDollars":1643.781084007166,"maxPerVote":0,"recycled":false,"excluded":[]},{"pool":"fraxtal-frxUSD+FXB202… (0xeE45…)","token":"FXS","gauge":"0x48100238c4a3cf44cfbf6c7693ed5c216881face","choice":575,"amount":2450,"amountDollars":5267.5,"maxPerVote":0,"recycled":false,"excluded":[]},{"pool":"WETH+frxETH (0x9c3B…)","token":"FXS","gauge":"0x4e21418095d32d15c6e2b96a9910772613a50d50","choice":167,"amount":2359.84,"amountDollars":5073.656,"maxPerVote":0,"recycled":false,"excluded":[]},{"pool":"scrvUSD+UNIT0 (0xF5c8…)","token":"CRV","gauge":"0x4e89713e0a9971089447d2bee24b736f00672fea","choice":444,"amount":4272.8,"amountDollars":2932.5209144,"maxPerVote":0,"recycled":false,"excluded":[]},{"pool":"frxUSD+sUSDS (0x81A2…)","token":"FXS","gauge":"0x52618c40ddba3cbbb69f3aaa4cb26ae649844b17","choice":358,"amount":8892.3436,"amountDollars":19118.53874,"maxPerVote":0,"recycled":false,"excluded":[]},{"pool":"fraxtal-lend-crvUSD(s… (0x279A…)","token":"FXS","gauge":"0x541f57ab2032a042ce6b02fd435347fbae1f6d0a","choice":580,"amount":686,"amountDollars":1474.8999999999999,"maxPerVote":0,"recycled":false,"excluded":[]},{"pool":"fraxtal-frxUSD+sUSDe (0x8b4E…)","token":"FXS","gauge":"0x59005665c5060d3abee291a21de0375cf1bbed03","choice":574,"amount":490,"amountDollars":1053.5,"maxPerVote":0,"recycled":false,"excluded":[]},{"pool":"reUSD+sfrxUSD (0xed78…)","token":"RSUP","gauge":"0x5c0b03914f68f2717d779a0211fd98c2cc45a4dd","choice":378,"amount":6120.1,"amountDollars":5074.5849567000005,"maxPerVote":0,"recycled":false,"excluded":[]},{"pool":"fraxtal-frxUSD+DAI (0x86d7…)","token":"FXS","gauge":"0x64100c172d5dc8007e3ee701ecd99468619b6583","choice":567,"amount":294,"amountDollars":632.1,"maxPerVote":0,"recycled":false,"excluded":[]},{"pool":"fraxtal-scrvUSD+sfrxU… (0xaC5d…)","token":"FXS","gauge":"0x660622adba5339e62d800be440d6d0c8c1838559","choice":586,"amount":980,"amountDollars":2107,"maxPerVote":0,"recycled":false,"excluded":[]},{"pool":"FXN+cvxFXN (0x1062…)","token":"CVX","gauge":"0x724476f141ed2de4da22ebdf435905def1118317","choice":188,"amount":1509.2,"amountDollars":4859.624000000001,"maxPerVote":0,"recycled":false,"excluded":[]},{"pool":"fraxtal-frxUSD+PYUSD (0x35c6…)","token":"FXS","gauge":"0x72bd89f2e3470fa5d188cf04eda17e8145eb4bf1","choice":568,"amount":294,"amountDollars":632.1,"maxPerVote":0,"recycled":false,"excluded":[]},{"pool":"alUSD+FRAXBP (0xB30d…)","token":"ALCX","gauge":"0x740ba8aa0052e07b925908b380248cb03f3de5cb","choice":63,"amount":1568,"amountDollars":13171.2,"maxPerVote":0,"recycled":false,"excluded":[]},{"pool":"alUSD+FRAXBP (0xB30d…)","token":"FXS","gauge":"0x740ba8aa0052e07b925908b380248cb03f3de5cb","choice":63,"amount":1530.9080330068005,"amountDollars":3291.4522709646208,"maxPerVote":0,"recycled":false,"excluded":[]},{"pool":"fraxtal-frxUSD+FXB202… (0x15d1…)","token":"FXS","gauge":"0x7506a3e213c362b9e21895c2bd930df454d46573","choice":593,"amount":980,"amountDollars":2107,"maxPerVote":0,"recycled":false,"excluded":[]},{"pool":"CVX+clevCVX (0xF907…)","token":"CVX",