{"statusCode":200,"epoch":{"id":"votium-cvx-crv-96","platform":"votium","protocol":"cvx-crv","round":96,"proposal":"0x8de4423aa66dfedf0faf7c29a9c433b7dfa62c86f229b02f330712e09bfb8122","end":1747094400,"scoresTotal":33953063.44259732,"bribed":{"alETH+frxETH (0xB657…)":791726.7203126855,"alETH+WETH (0x8eFD…)":320570.00211403286,"alUSD+FRAXBP (0xB30d…)":819657.008602999,"COIL+FRAXBP (0xAF42…)":7891.480178066811,"CRV+cvxCRV (0x971a…)":3640971.0292478087,"CVX+clevCVX (0xF907…)":113512.49395918738,"CVX+FRAXBP (0xBEc5…)":16289.240405717976,"DOLA+DBR+INV (0xC7DE…)":148949.36492304213,"DOLA+deUSD (0x6691…)":295418.14140873484,"DOLA+USR (0x38De…)":791521.6028596631,"ETH+frxETH (0xa1F8…)":77160.03611263998,"eUSD+FRAXBP (0xAEda…)":2982.0321441539872,"FRAX+USDe (0x5dc1…)":3018849.6877639103,"fraxtal-crvUSD+frxUSD (0x63Eb…)":45.93682291387826,"fraxtal-frxETH+sfrxETH (0xF2f4…)":3257.368038439152,"fraxtal-frxETH+SQUID (0x277F…)":45.93682291387826,"fraxtal-frxUSD+frxETH… (0xa0D3…)":45.93682291387826,"fraxtal-frxUSD+FXB202… (0xeE45…)":6514.736076878304,"fraxtal-frxUSD+FXB205… (0x4Cfc…)":12766.290381611949,"fraxtal-frxUSD+USDe (0x1e19…)":45.93682291387826,"fraxtal-FXB20251231+F… (0x2421…)":45.93682291387826,"fraxtal-lend-crvUSD(s… (0x279A…)":45.93682291387826,"fraxtal-scrvUSD+sfrxU… (0xaC5d…)":8999.470902673933,"fraxtal-WFRAX+cvxFXS (0x3a38…)":113275.54532024905,"frxETH+CVX (0x47D5…)":623007.504407553,"FXN+cvxFXN (0x1062…)":102341.84467764078,"FXS+cvxFXS (0x6a90…)":18041.64430365843,"lend-crvUSD(sDOLA) (0x992B…)":201716.12542822462,"msETH+frxETH (0x2d60…)":12065.939045357583,"msUSD+FRAXBP (0xc3b1…)":301667.1160754385,"OHM+FRAXBP (0xFc1e…)":4679.7639193434325,"pxETH+stETH (0x6951…)":45.93682291387826,"rETH+frxETH (0xe7c6…)":3027.9689670678654,"reUSD+scrvUSD (0xc522…)":9221946.668596888,"reUSD+sDOLA (0x48d6…)":231241.28065574812,"reUSD+sfrxUSD (0xed78…)":677130.9676460029,"sDOLA+alUSD (0x4606…)":503824.05742486386,"stETH+frxETH (0x4d9f…)":219488.68407542753,"STG+FRAXBP (0x867f…)":23994.067621973532,"USDC+USDf (0x7231…)":2046226.0748440598,"WETH+CVG (0x004C…)":38687.36659730417,"WETH+CVX (0xB576…)":1613697.2747130573,"WETH+frxETH (0x9c3B…)":234597.63831919216,"WETH+pxETH (0xC8Eb…)":45.93682291387826,"WETH+RSUP (0xEe35…)":2351005.192152549},"bribes":[{"pool":"fraxtal-frxUSD+dUSD (0x9CA6…)","token":"FXS","gauge":"0x05600c37d54a4f3cdc76e0867af1530becc332ca","choice":566,"amount":245,"amountDollars":663.95,"maxPerVote":0,"recycled":false,"excluded":[]},{"pool":"COIL+FRAXBP (0xAF42…)","token":"FXS","gauge":"0x06b30d5f2341c2fb3f6b48b109685997022bd272","choice":124,"amount":94.78628671508838,"amountDollars":256.8708369978895,"maxPerVote":0,"recycled":false,"excluded":[]},{"pool":"OHM+FRAXBP (0xFc1e…)","token":"FXS","gauge":"0x06f691180f643b35e3644a2296a4097e1f577d0d","choice":87,"amount":55.8568952165098,"amountDollars":151.37218603674154,"maxPerVote":0,"recycled":false,"excluded":[]},{"pool":"fraxtal-WFRAX+cvxFXS (0x3a38…)","token":"CVX","gauge":"0x070ebc9f46d0a6a523d31eb4ae7901c56ad97ae2","choice":550,"amount":665.42,"amountDollars":2262.428,"maxPerVote":0,"recycled":false,"excluded":[]},{"pool":"WETH+RSUP (0xEe35…)","token":"RSUP","gauge":"0x09f62a6777032329c0d49f1fd4fbe9b3468cda56","choice":411,"amount":28169.12,"amountDollars":71267.87359999999,"maxPerVote":0,"recycled":false,"excluded":[]},{"pool":"FXS+cvxFXS (0x6a90…)","token":"CVX","gauge":"0x0c58c509305a8a7fe9a6a60ceaac6185b96ecbb7","choice":153,"amount":166.6,"amountDollars":566.4399999999999,"maxPerVote":0,"recycled":false,"excluded":[]},{"pool":"USDC+USDf (0x7231…)","token":"USDf","gauge":"0x156527def9a2ab4f54c849575f23dc4bb439d9d9","choice":423,"amount":49000,"amountDollars":48979.322,"maxPerVote":0,"recycled":false,"excluded":[]},{"pool":"WETH+CVG (0x004C…)","token":"crvUSD","gauge":"0x16a3a047fc1d388d5846a73acdb475b11228c299","choice":261,"amount":847.7,"amountDollars":847.7,"maxPerVote":0,"recycled":false,"excluded":[]},{"pool":"sDOLA+alUSD (0x4606…)","token":"ALCX","gauge":"0x19f9266f349158b54a6d95dce79297df670f7f14","choice":371,"amount":1225,"amountDollars":13830.249999999998,"maxPerVote":0,"recycled":false,"excluded":[]},{"pool":"ETH+frxETH (0xa1F8…)","token":"CRV","gauge":"0x2932a86df44fe8d2a706d8e9c5d51c24883423f5","choice":81,"amount":3043.88,"amountDollars":2360.72374832,"maxPerVote":0,"recycled":false,"excluded":[]},{"pool":"alETH+frxETH (0xB657…)","token":"ALCX","gauge":"0x415f30505368fa1db82feea02eb778be04e75907","choice":117,"amount":1764,"amountDollars":19915.559999999998,"maxPerVote":0,"recycled":false,"excluded":[]},{"pool":"alETH+frxETH (0xB657…)","token":"FXS","gauge":"0x415f30505368fa1db82feea02eb778be04e75907","choice":117,"amount":608.7392979483922,"amountDollars":1649.6834974401427,"maxPerVote":0,"recycled":false,"excluded":[]},{"pool":"fraxtal-frxUSD+FXB202… (0xeE45…)","token":"FXS","gauge":"0x48100238c4a3cf44cfbf6c7693ed5c216881face","choice":553,"amount":2940,"amountDollars":7967.4,"maxPerVote":0,"recycled":false,"excluded":[]},{"pool":"WETH+frxETH (0x9c3B…)","token":"CRV","gauge":"0x4e21418095d32d15c6e2b96a9910772613a50d50","choice":168,"amount":9279.62,"amountDollars":7196.939205680001,"maxPerVote":0,"recycled":false,"excluded":[]},{"pool":"fraxtal-lend-crvUSD(s… (0x279A…)","token":"FXS","gauge":"0x541f57ab2032a042ce6b02fd435347fbae1f6d0a","choice":558,"amount":490,"amountDollars":1327.9,"maxPerVote":0,"recycled":false,"excluded":[]},{"pool":"pxETH+stETH (0x6951…)","token":"DINERO","gauge":"0x58215f083882a5eb7056ac34a0fdda9d3b5665d2","choice":209,"amount":735000,"amountDollars":19558.960049999998,"maxPerVote":0,"recycled":false,"excluded":[]},{"pool":"fraxtal-frxUSD+sUSDe (0x8b4E…)","token":"FXS","gauge":"0x59005665c5060d3abee291a21de0375cf1bbed03","choice":552,"amount":490,"amountDollars":1327.9,"maxPerVote":0,"recycled":false,"excluded":[]},{"pool":"reUSD+sfrxUSD (0xed78…)","token":"RSUP","gauge":"0x5c0b03914f68f2717d779a0211fd98c2cc45a4dd","choice":410,"amount":8275.12,"amountDollars":20936.0536,"maxPerVote":0,"recycled":false,"excluded":[]},{"pool":"DOLA+DBR+INV (0xC7DE…)","token":"INV","gauge":"0x5ccde4bec0f4006c3826b51edf0d227d12ea33fa","choice":203,"amount":294,"amountDollars":8628.9,"maxPerVote":0,"recycled":false,"excluded":[]},{"pool":"fraxtal-frxUSD+DAI (0x86d7…)","token":"FXS","gauge":"0x64100c172d5dc8007e3ee701ecd99468619b6583","choice":545,"amount":294,"amountDollars":796.74,"maxPerVote":0,"recycled":false,"excluded":[]},{"pool":"fraxtal-scrvUSD+sfrxU… (0xaC5d…)","token":"FXS","gauge":"0x660622adba5339e62d800be440d6d0c8c1838559","choice":565,"amount":1470,"amountDollars":3983.7,"maxPerVote":0,"recycled":false,"excluded":[]},{"pool":"fraxtal-pxETH+frxETH (0x827d…)","token":"FXS","gauge":"0x6b794c5e3188c2c8c1412dbf38fd70e9b20446a7","choice":557,"amount":147,"amountDollars":398.37,"maxPerVote":0,"recycled":false,"excluded":[]},{"pool":"FXN+cvxFXN (0x1062…)","token":"CVX","gauge":"0x724476f141ed2de4da22ebdf435905def1118317","choice":190,"amount":878.08,"amountDollars":2985.472,"maxPerVote":0,"recycled":false,"excluded":[]},{"pool":"fraxtal-frxUSD+PYUSD (0x35c6…)","token":"FXS","gauge":"0x72bd89f2e3470fa5d188cf04eda17e8145eb4bf1","choice":546,"amount":245,"amountDollars":663.95,"maxPerVote":0,"recycled":false,"excluded":[]},{"pool":"alUSD+FRAXBP (0xB30d…)","token":"ALCX","gauge":"0x740ba8aa0052e07b925908b380248cb03f3de5cb","choice":64,"amount":1764,"amountDollars":19915.559999999998,"maxPerVote":0,"recycled":false,"excluded":[]},{"pool":"alUSD+FRAXBP (0xB30d…)","token":"FXS","gauge":"0x740ba8aa0052e07b925908b380248cb03f3de5cb","choice":64,"amount":868.929176742489,"amountDollars":2354.798068972145,"maxPerVote":0,"recycled":false,"excluded":[]},{"pool":"CVX+clevCVX (0xF907…)","token":"CVX","gauge":"0x7970489a543fb237abab63d62524d8a5ce165b86","choice":93,"amount":980,"amountDollars":3332,"maxPerVote":0,"recycled":false,"excluded":[]},{"pool":"fraxtal-frxUSD+FXB205… (0x4Cfc…)","token":"FXS","gauge":"0x7ba1e40dae22847e6c521ba297d40ff1c5fd97dd","choice":554,"amount":1960,