{"curve":{"statusCode":200,"epoch":{"id":"votium-cvx-crv-101","platform":"votium","protocol":"cvx-crv","round":101,"proposal":"0x8cf702baa8ca862c5c7aa9cd2309a784d30d89b7666cf44fdefcda79bef30f91","end":1753142400,"scoresTotal":28893805.088274714,"bribed":{"alETH+frxETH (0xB657…)":44169.07155977692,"alUSD+FRAXBP (0xB30d…)":219804.9595642645,"COIL+FRAXBP (0xAF42…)":14543.72286666576,"CRV+cvxCRV (0x971a…)":3645242.060040398,"CVX+clevCVX (0xF907…)":131455.3528148807,"ETH+frxETH (0xa1F8…)":74052.29838759126,"eUSD+FRAXBP (0xAEda…)":32037.594457297688,"FRAX+sDAI (0xcE64…)":364752.4708527463,"FRAX+USDe (0x5dc1…)":4570268.304736962,"fraxtal-CRV+frxUSD (0x89b4…)":29582.75868266742,"fraxtal-crvUSD+frxUSD (0x63Eb…)":59182.7871767164,"fraxtal-dUSD+sfrxUSD (0x5eCF…)":29582.75868266742,"fraxtal-frxETH+sfrxETH (0xF2f4…)":154443.5751633873,"fraxtal-frxETH+SQUID (0x277F…)":59182.7871767164,"fraxtal-frxUSD+DAI (0x86d7…)":29582.75868266742,"fraxtal-frxUSD+dUSD (0x9CA6…)":29582.75868266742,"fraxtal-frxUSD+frxETH… (0xa0D3…)":88782.81567076538,"fraxtal-frxUSD+FXB202… (0xeE45…)":327207.58872829867,"fraxtal-frxUSD+FXB205… (0x4Cfc…)":200110.12681841027,"fraxtal-frxUSD+PYUSD (0x35c6…)":29582.75868266742,"fraxtal-frxUSD+sUSDe (0x8b4E…)":59182.7871767164,"fraxtal-frxUSD+USDC (0xa8eB…)":29582.75868266742,"fraxtal-frxUSD+USDe (0x1e19…)":59182.7871767164,"fraxtal-frxUSD+USDT (0xcAEF…)":59182.7871767164,"fraxtal-FXB20251231+F… (0x2421…)":88782.81567076538,"fraxtal-lend-crvUSD(s… (0x0Edf…)":66661.44031992363,"fraxtal-lend-crvUSD(s… (0x279A…)":35502.76438147721,"fraxtal-lend-crvUSD(W… (0xa757…)":35502.76438147721,"fraxtal-scrvUSD+sfrxU… (0xaC5d…)":88782.81567076538,"fraxtal-WFRAX+cvxFXS (0x3a38…)":88652.38494047645,"frxETH+CVX (0x47D5…)":565791.2841011878,"frxUSD+sUSDS (0x81A2…)":720786.0466751283,"FXN+cvxFXN (0x1062…)":215160.800078145,"FXS+cvxFXS (0x6a90…)":22075.112286893374,"msUSD+FRAXBP (0xc3b1…)":279627.22198533255,"OHM+FRAXBP (0xFc1e…)":7953.80199949108,"rETH+frxETH (0xe7c6…)":30399.200080634335,"reUSD+fxUSD (0xb0ef…)":213208.02101806275,"reUSD+scrvUSD (0xc522…)":5567178.80230572,"reUSD+sDOLA (0x48d6…)":292334.5661603958,"reUSD+sfrxUSD (0xed78…)":486322.561679067,"stETH+frxETH (0x4d9f…)":375118.3871162037,"STG+FRAXBP (0x867f…)":33671.64628925186,"WETH+CVX (0xB576…)":1541930.0385015549,"WETH+frxETH (0x9c3B…)":274858.3794628979,"WETH+RSUP (0xEe35…)":1587124.5821318466},"bribes":[{"pool":"fraxtal-frxUSD+dUSD (0x9CA6…)","token":"FXS","gauge":"0x05600c37d54a4f3cdc76e0867af1530becc332ca","choice":569,"amount":245,"amountDollars":918.75,"maxPerVote":0,"recycled":false,"excluded":[]},{"pool":"COIL+FRAXBP (0xAF42…)","token":"FXS","gauge":"0x06b30d5f2341c2fb3f6b48b109685997022bd272","choice":123,"amount":122.73647814179027,"amountDollars":460.2617930317135,"maxPerVote":0,"recycled":false,"excluded":[]},{"pool":"OHM+FRAXBP (0xFc1e…)","token":"FXS","gauge":"0x06f691180f643b35e3644a2296a4097e1f577d0d","choice":86,"amount":66.92692191893221,"amountDollars":250.9759571959958,"maxPerVote":0,"recycled":false,"excluded":[]},{"pool":"fraxtal-WFRAX+cvxFXS (0x3a38…)","token":"CVX","gauge":"0x070ebc9f46d0a6a523d31eb4ae7901c56ad97ae2","choice":553,"amount":640.92,"amountDollars":2813.6387999999997,"maxPerVote":0,"recycled":false,"excluded":[]},{"pool":"WETH+RSUP (0xEe35…)","token":"RSUP","gauge":"0x09f62a6777032329c0d49f1fd4fbe9b3468cda56","choice":384,"amount":32824.12,"amountDollars":52518.592000000004,"maxPerVote":0,"recycled":false,"excluded":[]},{"pool":"FXS+cvxFXS (0x6a90…)","token":"CVX","gauge":"0x0c58c509305a8a7fe9a6a60ceaac6185b96ecbb7","choice":152,"amount":159.74,"amountDollars":701.2586,"maxPerVote":0,"recycled":false,"excluded":[]},{"pool":"ETH+frxETH (0xa1F8…)","token":"CRV","gauge":"0x2932a86df44fe8d2a706d8e9c5d51c24883423f5","choice":80,"amount":2349.06,"amountDollars":2337.08214306,"maxPerVote":0,"recycled":false,"excluded":[]},{"pool":"fraxtal-CRV+frxUSD (0x89b4…)","token":"FXS","gauge":"0x304c0564b897e6e72b040f0445ab1bdf391726fe","choice":574,"amount":245,"amountDollars":918.75,"maxPerVote":0,"recycled":false,"excluded":[]},{"pool":"alETH+frxETH (0xB657…)","token":"FXS","gauge":"0x415f30505368fa1db82feea02eb778be04e75907","choice":116,"amount":372.179902730852,"amountDollars":1395.6746352406951,"maxPerVote":0,"recycled":false,"excluded":[]},{"pool":"fraxtal-frxUSD+FXB202… (0xeE45…)","token":"FXS","gauge":"0x48100238c4a3cf44cfbf6c7693ed5c216881face","choice":556,"amount":2940,"amountDollars":11025,"maxPerVote":0,"recycled":false,"excluded":[]},{"pool":"WETH+frxETH (0x9c3B…)","token":"FXS","gauge":"0x4e21418095d32d15c6e2b96a9910772613a50d50","choice":167,"amount":2452.94,"amountDollars":9198.525,"maxPerVote":0,"recycled":false,"excluded":[]},{"pool":"frxUSD+sUSDS (0x81A2…)","token":"FXS","gauge":"0x52618c40ddba3cbbb69f3aaa4cb26ae649844b17","choice":361,"amount":6021.708,"amountDollars":22581.405,"maxPerVote":0,"recycled":false,"excluded":[]},{"pool":"fraxtal-lend-crvUSD(s… (0x279A…)","token":"FXS","gauge":"0x541f57ab2032a042ce6b02fd435347fbae1f6d0a","choice":561,"amount":294,"amountDollars":1102.5,"maxPerVote":0,"recycled":false,"excluded":[]},{"pool":"fraxtal-frxUSD+sUSDe (0x8b4E…)","token":"FXS","gauge":"0x59005665c5060d3abee291a21de0375cf1bbed03","choice":555,"amount":490,"amountDollars":1837.5,"maxPerVote":0,"recycled":false,"excluded":[]},{"pool":"reUSD+sfrxUSD (0xed78…)","token":"RSUP","gauge":"0x5c0b03914f68f2717d779a0211fd98c2cc45a4dd","choice":383,"amount":9666.72,"amountDollars":15466.752,"maxPerVote":0,"recycled":false,"excluded":[]},{"pool":"fraxtal-frxUSD+DAI (0x86d7…)","token":"FXS","gauge":"0x64100c172d5dc8007e3ee701ecd99468619b6583","choice":548,"amount":245,"amountDollars":918.75,"maxPerVote":0,"recycled":false,"excluded":[]},{"pool":"fraxtal-scrvUSD+sfrxU… (0xaC5d…)","token":"FXS","gauge":"0x660622adba5339e62d800be440d6d0c8c1838559","choice":568,"amount":735,"amountDollars":2756.25,"maxPerVote":0,"recycled":false,"excluded":[]},{"pool":"FXN+cvxFXN (0x1062…)","token":"CVX","gauge":"0x724476f141ed2de4da22ebdf435905def1118317","choice":188,"amount":1555.26,"amountDollars":6827.591399999999,"maxPerVote":0,"recycled":false,"excluded":[]},{"pool":"fraxtal-frxUSD+PYUSD (0x35c6…)","token":"FXS","gauge":"0x72bd89f2e3470fa5d188cf04eda17e8145eb4bf1","choice":549,"amount":245,"amountDollars":918.75,"maxPerVote":0,"recycled":false,"excluded":[]},{"pool":"alUSD+FRAXBP (0xB30d…)","token":"FXS","gauge":"0x740ba8aa0052e07b925908b380248cb03f3de5cb","choice":63,"amount":972.8011565098365,"amountDollars":3648.0043369118866,"maxPerVote":0,"recycled":false,"excluded":[]},{"pool":"CVX+clevCVX (0xF907…)","token":"CVX","gauge":"0x7970489a543fb237abab63d62524d8a5ce165b86","choice":92,"amount":980,"amountDollars":4302.2,"maxPerVote":0,"recycled":false,"excluded":[]},{"pool":"fraxtal-frxUSD+FXB205… (0x4Cfc…)","token":"FXS","gauge":"0x7ba1e40dae22847e6c521ba297d40ff1c5fd97dd","choice":557,"amount":1764,"amountDollars":6615,"maxPerVote":0,"recycled":false,"excluded":[]},{"pool":"WETH+CVX (0xB576…)","token":"CVX","gauge":"0x7e1444ba99dcdffe8fbdb42c02f0005d14f13be1","choice":33,"amount":11017.16,"amountDollars":48365.3324,"maxPerVote":0,"recycled":false,"excluded":[]},{"pool":"STG+FRAXBP (0x867f…)","token":"FXS","gauge":"0x8133e6b0b2420bba10574a6668ea275f5e7ed253","choice":96,"amount":283.7393811800351,"amountDollars":1064.0226794251316,"maxPerVote":0,"recycled":false,"excluded":[]},{"pool":"stETH+frxETH (0x4d9f…)","token":"CRV","gauge":"0x821529bb07c83803c9cc7763e5974386e9efedc7","choice":114,"amount":12021.66,"amountDollars":11960.36155566,"maxPerVote":0,"recycled":false,"excluded":[]},{"pool":"eUSD+FRAXBP (0xAEda…)","token":"CRV","gauge":"0x8605dc0c339a2e7e85eea043bd29d42da2c6d784","choice":105,"amount":882,"amountDollars":877.502682,"maxPerVote":0,"recycled":false,"excluded":[]},{"pool":"eUSD+FRAXBP (0xAEda…)","token":"FXS","gauge":"0x8605dc0c339a2e7e85eea043bd29d42da2c6d784","choice":105,"amount":35.489641166326706,"amountDollars":133.08615437372515,"maxPerVote":0,"recycled":false,