{"statusCode":200,"epoch":{"id":"votium-cvx-crv-95","platform":"votium","protocol":"cvx-crv","round":95,"proposal":"0x3016b4856269e94064a8ddd5bd6d229a03f08471c011b6fa4ddbccd225b4e6aa","end":1745884800,"scoresTotal":38689678.32644712,"bribed":{"fraxtal-frxUSD+dUSD (0x9CA6…)":77528.08988764045,"COIL+FRAXBP (0xAF42…)":291664.0097791031,"OHM+FRAXBP (0xFc1e…)":5433.72781587637,"fraxtal-FXS+cvxFXS (0x3a38…)":105130.09601630826,"WETH+RSUP (0xEe35…)":2054767.002923257,"fraxtal-lend-crvUSD(S… (0x5071…)":103370.78651685393,"USD3+sUSDe (0x9645…)":60989.13664392644,"FXS+cvxFXS (0x6a90…)":19260.66883272926,"USDC+USDf (0x7231…)":1596329.2992495438,"WETH+CVG (0x004C…)":29015.524947978123,"sDOLA+alUSD (0x4606…)":392995.1155961063,"CRV+sdCRV (0xCA02…)":32990.74668660221,"ETH+frxETH (0xa1F8…)":70834.66825938188,"USD3+sDAI (0x0E84…)":60989.13664392644,"OETH+WETH (0xcc7d…)":657670.9487771805,"alETH+frxETH (0xB657…)":616288.1619957796,"ETH+CLEV (0x342D…)":50766.56501285947,"fraxtal-frxUSD+FXB202… (0xeE45…)":246417.0078906414,"EBTC+tBTC (0x272B…)":4071.0984411976933,"alETH+pxETH (0x30bf…)":13273.537143367874,"WETH+frxETH (0x9c3B…)":218886.58200641352,"msETH+WETH (0xa4c5…)":110064.78097472215,"frxUSD+sUSDS (0x81A2…)":2520962.938317661,"fraxtal-lend-crvUSD(s… (0x279A…)":103370.78651685393,"pxETH+stETH (0x6951…)":435447.692987315,"fraxtal-frxUSD+sUSDe (0x8b4E…)":103370.78651685393,"reUSD+sfrxUSD (0xed78…)":1343851.7546741813,"WETH+T (0x752e…)":143951.93746506228,"fraxtal-frxUSD+DAI (0x86d7…)":24172.622960171964,"fraxtal-scrvUSD+sfrxU… (0xaC5d…)":122930.01074998842,"fraxtal-pxETH+wfrxETH (0x827d…)":25842.696629213482,"ynETHx+OETH (0xbEB1…)":47.81267635739451,"FXN+cvxFXN (0x1062…)":77923.66661471181,"fraxtal-frxUSD+PYUSD (0x35c6…)":77528.08988764045,"alUSD+FRAXBP (0xB30d…)":623708.3781849376,"ETH+ETHx (0x59Ab…)":160421.92407055455,"frxETH+IQ (0xa795…)":103370.78651685393,"CVX+clevCVX (0xF907…)":88382.15684334774,"WETH+CVX (0xB576…)":1293716.221926989,"fraxtal-frxUSD+FXB205… (0x4Cfc…)":304185.8308611946,"STG+FRAXBP (0x867f…)":27518.775507629012,"stETH+frxETH (0x4d9f…)":212955.91764884104,"frxETH+OETH (0xfa0B…)":47.81267635739451,"eUSD+FRAXBP (0xAEda…)":3967.7173401031387,"fraxtal-frxUSD+USDe (0x1e19…)":77528.08988764045,"eUSD+USDC (0x08Bf…)":867517.8919179192,"fraxtal-frxUSD+wfrxET… (0xa0D3…)":61315.7245142615,"DOLA+sUSDS (0x8b83…)":1273469.1719344913,"DOLA+sUSDe (0x7447…)":552240.5737090292,"OGN+OUSD+OETH (0xB8ac…)":63399.60884990511,"CVX+afCVX (0x7956…)":60277.228687681294,"USD3+USDM (0x8999…)":60989.13664392644,"fraxtal-crvUSD+frxUSD (0x63Eb…)":77528.08988764045,"lend-crvUSD(sfrxUSD) (0x8E30…)":458586.8496432263,"base-WETH+superOETHb (0x302A…)":245740.5284751384,"lend-crvUSD(sDOLA) (0x992B…)":391302.3086689909,"fraxtal-frxUSD+USDC (0xa8eB…)":77528.08988764045,"WETH+pxETH (0xC8Eb…)":435447.692987315,"alETH+WETH (0x8eFD…)":251659.62051634828,"msETH+frxETH (0x2d60…)":11759.71399123724,"arbi-WBTC+tBTC (0x186c…)":58332.80195582061,"fraxtal-FXB20251231+F… (0x2421…)":129213.48314606742,"reUSD+sDOLA (0x48d6…)":1020079.2478300182,"fraxtal-wfrxETH+sfrxE… (0xF2f4…)":122930.01074998842,"ETH+xETH (0x053D…)":62805.16879666956,"ALCX+FRAXBP (0x4149…)":146536.63970950968,"arbi-crvUSD+WETH+GMAC (0x96AA…)":11235.97894398771,"fraxtal-frxUSD+USDT (0xcAEF…)":77528.08988764045,"rETH+frxETH (0xe7c6…)":2549.5195406873063,"fraxtal-dUSD+sfrxUSD (0x5eCF…)":77528.08988764045,"fraxtal-lend-crvUSD(F… (0xa757…)":155056.1797752809,"ETH+TOKE (0xe0e9…)":144716.28839585165,"fraxtal-FXS+sdFXS (0x3df1…)":77528.08988764045,"cvxCRV+FRAXBP (0x31c3…)":2723.5458964212626,"DOLA+deUSD (0x6691…)":320137.05288724415,"crvUSD+CJPY (0xca54…)":1538.3478785533714,"reUSD+scrvUSD (0xc522…)":7354888.932165347,"CVX+FRAXBP (0xBEc5…)":13110.776805840986,"VeFunder-vyper":742796.7348478942,"tBTC+cbBTC (0xAE6E…)":33840.45631468165,"frxETH+CVX (0x47D5…)":514285.4301530733,"BOBO+WETH (0x7a4A…)":53360.81448151209,"fraxtal-InsfrxETH+sfr… (0xF25E…)":51685.393258426964,"ETH+OETH (0x94B1…)":354388.6780673953,"DOLA+USR (0x38De…)":979394.0265791635,"DOLA+scrvUSD (0xff17…)":293411.1902535024,"msUSD+FRAXBP (0xc3b1…)":699499.4551086817,"MIM+3Crv (0x5a6A…)":2077200.0419908187,"fraxtal-wfrxETH+SQUID (0x277F…)":103370.78651685393,"CVX1+cvgCVX (0xc50E…)":19343.683298652086,"zunETH+pxETH (0x17D9…)":12087.51705679347,"fraxtal-lend-crvUSD(s… (0x0Edf…)":103370.78651685393,"CRV+cvxCRV (0x971a…)":3290501.758045995},"bribes":[{"pool":"fraxtal-frxUSD+dUSD (0x9CA6…)","token":"FXS","gauge":"0x05600c37d54a4f3cdc76e0867af1530becc332ca","choice":562,"amount":294,"amountDollars":726.1800000000001,"maxPerVote":0,"recycled":false,"excluded":[]},{"pool":"COIL+FRAXBP (0xAF42…)","token":"FXS","gauge":"0x06b30d5f2341c2fb3f6b48b109685997022bd272","choice":124,"amount":130.19800580980004,"amountDollars":321.5890743502061,"maxPerVote":0,"recycled":false,"excluded":[]},{"pool":"OHM+FRAXBP (0xFc1e…)","token":"FXS","gauge":"0x06f691180f643b35e3644a2296a4097e1f577d0d","choice":87,"amount":71.07227902694905,"amountDollars":175.54852919656417,"maxPerVote":0,"recycled":false,"excluded":[]},{"pool":"fraxtal-FXS+cvxFXS (0x3a38…)","token":"CVX","gauge":"0x070ebc9f46d0a6a523d31eb4ae7901c56ad97ae2","choice":546,"amount":809.48,"amountDollars":2177.5012,"maxPerVote":0,"recycled":false,"excluded":[]},{"pool":"WETH+RSUP (0xEe35…)","token":"RSUP","gauge":"0x09f62a6777032329c0d49f1fd4fbe9b3468cda56","choice":411,"amount":27694.938515840808,"amountDollars":60098.01657937455,"maxPerVote":0,"recycled":false,"excluded":[]},{"pool":"FXS+cvxFXS (0x6a90…)","token":"CVX","gauge":"0x0c58c509305a8a7fe9a6a60ceaac6185b96ecbb7","choice":153,"amount":201.88,"amountDollars":543.0572,"maxPerVote":0,"recycled":false,"excluded":[]},{"pool":"WETH+CVG (0x004C…)","token":"crvUSD","gauge":"0x16a3a047fc1d388d5846a73acdb475b11228c299","choice":261,"amount":686,"amountDollars":686,"maxPerVote":0,"recycled":false,"excluded":[]},{"pool":"sDOLA+alUSD (0x4606…)","token":"ALCX","gauge":"0x19f9266f349158b54a6d95dce79297df670f7f14","choice":371,"amount":1225,"amountDollars":11600.75,"maxPerVote":0,"recycled":false,"excluded":[]},{"pool":"ETH+frxETH (0xa1F8…)","token":"CRV","gauge":"0x2932a86df44fe8d2a706d8e9c5d51c24883423f5","choice":81,"amount":3252.62,"amountDollars":2104.14915158,"maxPerVote":0,"recycled":false,"excluded":[]},{"pool":"alETH+frxETH (0xB657…)","token":"FXS","gauge":"0x415f30505368fa1db82feea02eb778be04e75907","choice":117,"amount":598.9223039216022,"amountDollars":1479.3380906863574,"maxPerVote":0,"recycled":false,"excluded":[]},{"pool":"alETH+frxETH (0xB657…)","token":"ALCX","gauge":"0x415f30505368fa1db82feea02eb778be04e75907","choice":117,"amount":1764,"amountDollars":16705.08,"maxPerVote":0,"recycled":false,"excluded":[]},{"pool":"fraxtal-frxUSD+FXB202… (0xeE45…)","token":"FXS","gauge":"0x48100238c4a3cf44cfbf6c7693ed5c216881face","choice":549,"amount":2940,"amountDollars":7261.8,"maxPerVote":0,"recycled":false,"excluded":[]},{"pool":"alETH+pxETH (0x30bf…)","token":"DINERO","gauge":"0x4c5a449c6b81b800938efccdb41970e9cf9ec478","choice":344,"amount":28420,"amountDollars":415.1832328,"maxPerVote":0,"recycled":false,"excluded":[]},{"pool":"WETH+frxETH (0x9c3B…)","token":"CRV","gauge":"0x4e21418095d32d15c6e2b96a9910772613a50d50","choice":168,"amount":10009.72,"amountDollars":6475.377955479999,"maxPerVote":0,"recycled":false,"excluded":[]},{"pool":"frxUSD+sUSDS (0x81A2…)","token":"FXS","gauge":"0x52618c40ddba3cbbb69f3aaa4cb26ae649844b17","choice":387,"amount":30012.5,"amountDollars":74130.875,"maxPerVote":0,"recycled":false,"excluded":[]},{"pool":"fraxtal-lend-crvUSD(s… (0x279A…)","token":"FXS","gauge":"0x541f57ab2032a042ce6b02fd435347fbae1f6d0a","choice":554,"amount":980,"amountDollars":2420.6000000000004,"maxPerVote":0,"recycled":false,"excluded":[]},{"pool":"pxETH+stETH (0x6951…)","token":"DINERO","gauge":"0x58215f083882a5eb7056ac34a0fdda9d3b5665d2","choice":209,"amount":882000,"amountDollars":12884.99688,"maxPerVote":0,"recycled":false,"excluded":[]},{"pool":"fraxtal-frxUSD+sUSDe (0x8b4E…)",