{"curve":{"statusCode":200,"epoch":{"id":"votium-cvx-crv-124","platform":"votium","protocol":"cvx-crv","round":124,"proposal":"0x2976ad71ae0b007b8108f9b0e3c9405b5b50630eed35364e4aee00c1af0b364e","end":1780963200,"scoresTotal":31141877.49433761,"bribed":{"alETH+frxETH (0xB657…)":100631.61982803389,"alETH+WETH (0x8eFD…)":109383.89797552934,"alUSD+frxUSD (0x17F9…)":295064.8726551808,"alUSD+USDC (0x1Edd…)":16560.62088747381,"arbi-alETH+WETH (0xBeb1…)":35290.685139133755,"arbi-alUSD+USDC (0x7848…)":35290.68544476189,"CRV+cvxCRV (0x971a…)":4085503.6305385293,"CVX+clevCVX (0xF907…)":28886.36897057256,"evaUSDC+avUSD (0x6C38…)":30791.081243814824,"evaUSDT+evaUSDC (0x3C09…)":567617.3752081171,"FRAX+USDe (0x5dc1…)":4819570.270380975,"fraxtal-WFRAX+cvxFXS (0x3a38…)":27608.093978146997,"frxETH+CVX (0x47D5…)":588089.372995875,"frxETH+evaETH (0xe3E3…)":15089.151781989338,"frxUSD+crvUSD (0x13e1…)":1425762.7693568664,"frxUSD+USPC (0x96BC…)":333831.7024484505,"FXN+cvxFXN (0x1062…)":142419.51949994484,"lend-crvUSD(sreUSD) (0xC32B…)":720889.7141080004,"LINK+stLINK (0x7E13…)":245.46945482662082,"pmUSD+crvUSD (0xEcb0…)":3189084.961873534,"reUSD+fxUSD (0xb0ef…)":46725.83269523206,"reUSD+scrvUSD (0xc522…)":506580.4406646647,"reUSD+sDOLA (0x48d6…)":1328.422932002889,"reUSD+sfrxUSD (0xed78…)":246927.83217588486,"sDOLA+alUSD (0x4606…)":64904.99777537457,"sfrxUSD+frxUSD (0xF292…)":562052.8546544831,"stETH+frxETH (0x4d9f…)":576853.2188425589,"USDC+crvUSD (0x4DEc…)":1499780.7384509216,"USDT+crvUSD (0x390f…)":1425762.7693568664,"WETH+CVX (0xB576…)":1948420.5791921886,"WETH+frxETH (0x9c3B…)":134791.60945920617,"WETH+RSUP (0xEe35…)":262811.14984113676},"bribes":[{"pool":"fraxtal-WFRAX+cvxFXS (0x3a38…)","token":"CVX","gauge":"0x070ebc9f46d0a6a523d31eb4ae7901c56ad97ae2","choice":633,"amount":142.1,"amountDollars":180.2053436600623,"maxPerVote":0,"recycled":false,"excluded":[]},{"pool":"WETH+RSUP (0xEe35…)","token":"RSUP","gauge":"0x09f62a6777032329c0d49f1fd4fbe9b3468cda56","choice":357,"amount":27209.196838595068,"amountDollars":1873.7922589394434,"maxPerVote":0,"recycled":false,"excluded":[]},{"pool":"frxETH+evaETH (0xe3E3…)","token":"USDT","gauge":"0x14fbe18cab1f9cc8b1b6bd5416be225a43fbd995","choice":509,"amount":98,"amountDollars":97.92828453971093,"maxPerVote":0,"recycled":false,"excluded":[]},{"pool":"sDOLA+alUSD (0x4606…)","token":"ALCX","gauge":"0x19f9266f349158b54a6d95dce79297df670f7f14","choice":328,"amount":1225,"amountDollars":4256.42732046973,"maxPerVote":0,"recycled":false,"excluded":[]},{"pool":"frxUSD+crvUSD (0x13e1…)","token":"YB","gauge":"0x22804b0f6be741a9fa1bbaecdd6c8d4116e96944","choice":399,"amount":102072.35390566134,"amountDollars":9228.7738681185,"maxPerVote":0,"recycled":false,"excluded":[]},{"pool":"lend-crvUSD(sreUSD) (0xC32B…)","token":"RSUP","gauge":"0x29e9975561fad3a7988ca96361ab5c5317cb32af","choice":413,"amount":72557.85823625352,"amountDollars":4996.77935717185,"maxPerVote":0,"recycled":false,"excluded":[]},{"pool":"evaUSDC+avUSD (0x6C38…)","token":"USDC","gauge":"0x3285987bbd0b695ac48dc8571f519065b50aba07","choice":502,"amount":196,"amountDollars":195.95256771420426,"maxPerVote":0,"recycled":false,"excluded":[]},{"pool":"alETH+frxETH (0xB657…)","token":"ALCX","gauge":"0x415f30505368fa1db82feea02eb778be04e75907","choice":108,"amount":2352,"amountDollars":8172.340455301883,"maxPerVote":0,"recycled":false,"excluded":[]},{"pool":"WETH+frxETH (0x9c3B…)","token":"WFRAX","gauge":"0x4e21418095d32d15c6e2b96a9910772613a50d50","choice":157,"amount":3380.02,"amountDollars":988.9162427389282,"maxPerVote":0,"recycled":false,"excluded":[]},{"pool":"USDT+crvUSD (0x390f…)","token":"YB","gauge":"0x4e6bb6b7447b7b2aa268c16ab87f4bb48bf57939","choice":124,"amount":102072.35390566134,"amountDollars":9228.7738681185,"maxPerVote":0,"recycled":false,"excluded":[]},{"pool":"frxUSD+USPC (0x96BC…)","token":"USDC","gauge":"0x5bec8a3c2d316a05fa231bdddd23c7e24cb421a6","choice":505,"amount":2352,"amountDollars":2351.430812570451,"maxPerVote":0,"recycled":false,"excluded":[]},{"pool":"reUSD+sfrxUSD (0xed78…)","token":"RSUP","gauge":"0x5c0b03914f68f2717d779a0211fd98c2cc45a4dd","choice":356,"amount":25612.923957397492,"amountDollars":1763.863113081663,"maxPerVote":0,"recycled":false,"excluded":[]},{"pool":"FXN+cvxFXN (0x1062…)","token":"CVX","gauge":"0x724476f141ed2de4da22ebdf435905def1118317","choice":177,"amount":807.52,"amountDollars":1024.0634701785611,"maxPerVote":0,"recycled":false,"excluded":[]},{"pool":"CVX+clevCVX (0xF907…)","token":"CVX","gauge":"0x7970489a543fb237abab63d62524d8a5ce165b86","choice":84,"amount":980,"amountDollars":1242.795473517671,"maxPerVote":0,"recycled":false,"excluded":[]},{"pool":"WETH+CVX (0xB576…)","token":"CVX","gauge":"0x7e1444ba99dcdffe8fbdb42c02f0005d14f13be1","choice":30,"amount":9419.76,"amountDollars":11945.750091451855,"maxPerVote":0,"recycled":false,"excluded":[]},{"pool":"stETH+frxETH (0x4d9f…)","token":"WFRAX","gauge":"0x821529bb07c83803c9cc7763e5974386e9efedc7","choice":106,"amount":13863.08,"amountDollars":4056.018895269608,"maxPerVote":0,"recycled":false,"excluded":[]},{"pool":"alUSD+USDC (0x1Edd…)","token":"ALCX","gauge":"0x83f12b0506a115e610c3e76292885192731e9b53","choice":485,"amount":196,"amountDollars":681.0283712751568,"maxPerVote":0,"recycled":false,"excluded":[]},{"pool":"USDC+crvUSD (0x4DEc…)","token":"YB","gauge":"0x95f00391cb5eebcd190eb58728b4ce23dbfa6ac1","choice":125,"amount":102102.97867430991,"amountDollars":9231.542777169843,"maxPerVote":0,"recycled":false,"excluded":[]},{"pool":"LINK+stLINK (0x7E13…)","token":"WETH","gauge":"0x985ca600257bfc1adc2b630b8a7e2110b834a20e","choice":372,"amount":0.00098,"amountDollars":1.6590980546358653,"maxPerVote":0,"recycled":false,"excluded":[]},{"pool":"sfrxUSD+frxUSD (0xF292…)","token":"WFRAX","gauge":"0x9a356132605ad599aba34651aa2a606730bacaaa","choice":416,"amount":13517.14,"amountDollars":3954.8047944615932,"maxPerVote":0,"recycled":false,"excluded":[]},{"pool":"reUSD+scrvUSD (0xc522…)","token":"RSUP","gauge":"0xaf01d68714e7ea67f43f08b5947e367126b889b1","choice":355,"amount":51461.660954062805,"amountDollars":3543.965759074134,"maxPerVote":0,"recycled":false,"excluded":[]},{"pool":"arbi-alUSD+USDC (0x7848…)","token":"ALCX","gauge":"0xafcd73e242c6d880edfa87b8146825639bda3881","choice":576,"amount":490,"amountDollars":1702.5709281878922,"maxPerVote":0,"recycled":false,"excluded":[]},{"pool":"alUSD+frxUSD (0x17F9…)","token":"ALCX","gauge":"0xb069d59fddfe8e2e6e624951e306d4fdc056fa82","choice":486,"amount":1176,"amountDollars":4086.1702276509413,"maxPerVote":0,"recycled":false,"excluded":[]},{"pool":"USG+sDOLA (0x3178…)","token":"DOLA","gauge":"0xb110cdd5a25023e2a74542d7dc0644d2171bf556","choice":522,"amount":2940,"amountDollars":2923.7357352148288,"maxPerVote":0,"recycled":false,"excluded":[]},{"pool":"alETH+WETH (0x8eFD…)","token":"ALCX","gauge":"0xb251c0885c7c1975d773b57e67c138fbceaa6db4","choice":198,"amount":784,"amountDollars":2724.1134851006273,"maxPerVote":0,"recycled":false,"excluded":[]},{"pool":"arbi-alETH+WETH (0xBeb1…)","token":"ALCX","gauge":"0xb49ec875dc7e1ddce5c5da17249a5ea3904b5eb3","choice":580,"amount":490,"amountDollars":1702.5709281878922,"maxPerVote":0,"recycled":false,"excluded":[]},{"pool":"FRAX+USDe (0x5dc1…)","token":"WFRAX","gauge":"0xb53c23d2cc6219adf78ea22bfd38bffc50ec54cb","choice":202,"amount":115776.22,"amountDollars":33873.463612912215,"maxPerVote":0,"recycled":false,"excluded":[]},{"pool":"evaUSDT+evaUSDC (0x3C09…)","token":"USDC","gauge":"0xbe6228125448e40f5dcbb2dbdf7ff3f5721000b4","choice":501,"amount":3920,"amountDollars":3919.051354284085,"maxPerVote":0,"recycled":false,"excluded":[]},{"pool":"frxETH+CVX (0x47D5…)","token":"CVX","gauge":"0xc2075702490f0426e84e00d8b328119027813ac5","choice":113,"amount":3316.32,"amountDollars":4205.619882383799,"maxPerVote":0,"recycled":false,"excluded":[]},{"pool":"reUSD+sDOLA (0x48d6…)","token":"RSUP","gauge":"0xcb25249bfa8cdb6012a75070e5c2885151368bef","choice":367,"amount":126.97625191344366,