{"curve":{"statusCode":200,"epoch":{"id":"votium-cvx-crv-98","platform":"votium","protocol":"cvx-crv","round":98,"proposal":"0x662c82169a3e7c0ff0baeb3ceb20f9d76115b2cd2d9b138cee48d8f8f80812b0","end":1749513600,"scoresTotal":27472236.87374254,"bribed":{"alETH+frxETH (0xB657…)":638546.5178863963,"alETH+WETH (0x8eFD…)":226280.11771157177,"alUSD+FRAXBP (0xB30d…)":503308.3102833709,"arbi-alUSD+USDC (0x7848…)":70598.82977681853,"COIL+FRAXBP (0xAF42…)":10444.454301929125,"CRV+cvxCRV (0x971a…)":3095019.6123926765,"CVX+afCVX (0x7956…)":88921.22141424358,"CVX+clevCVX (0xF907…)":87619.32291306084,"ETH+frxETH (0xa1F8…)":60436.860099511694,"eUSD+FRAXBP (0xAEda…)":3185.3810213314346,"FRAX+USDe (0x5dc1…)":2365925.602874134,"fraxtal-CRV+frxUSD (0x89b4…)":24578.39398708947,"fraxtal-crvUSD+frxUSD (0x63Eb…)":44528.13022730652,"fraxtal-dUSD+sfrxUSD (0x5eCF…)":24578.39398708947,"fraxtal-frxETH+sfrxETH (0xF2f4…)":148862.77952237142,"fraxtal-frxETH+SQUID (0x277F…)":49156.78797417894,"fraxtal-frxUSD+DAI (0x86d7…)":29207.05173396189,"fraxtal-frxUSD+dUSD (0x9CA6…)":24578.39398708947,"fraxtal-frxUSD+frxETH… (0xa0D3…)":49156.78797417894,"fraxtal-frxUSD+FXB202… (0xeE45…)":298443.11167110654,"fraxtal-frxUSD+FXB205… (0x4Cfc…)":198737.12012291406,"fraxtal-frxUSD+PYUSD (0x35c6…)":19232.183613853358,"fraxtal-frxUSD+sUSDe (0x8b4E…)":49156.78797417894,"fraxtal-frxUSD+USDC (0xa8eB…)":24578.39398708947,"fraxtal-frxUSD+USDe (0x1e19…)":74410.04493473933,"fraxtal-frxUSD+USDT (0xcAEF…)":59131.65609428748,"fraxtal-FXB20251231+F… (0x2421…)":74410.04493473933,"fraxtal-lend-crvUSD(s… (0x0Edf…)":98988.4389218288,"fraxtal-lend-crvUSD(s… (0x279A…)":49156.78797417894,"fraxtal-lend-crvUSD(W… (0xa757…)":49156.78797417894,"fraxtal-scrvUSD+sfrxU… (0xaC5d…)":118938.17516204585,"fraxtal-WFRAX+cvxFXS (0x3a38…)":72396.66116708747,"frxETH+CVX (0x47D5…)":472056.4029349113,"FXN+cvxFXN (0x1062…)":166700.09097461283,"FXS+cvxFXS (0x6a90…)":17752.850541619144,"msETH+frxETH (0x2d60…)":10017.557773001308,"msUSD+FRAXBP (0xc3b1…)":355562.11894397746,"OHM+FRAXBP (0xFc1e…)":5858.486207949491,"rETH+frxETH (0xe7c6…)":3270.760327116998,"reUSD+scrvUSD (0xc522…)":8368067.534162666,"reUSD+sDOLA (0x48d6…)":282373.1815635534,"reUSD+sfrxUSD (0xed78…)":551549.2189308675,"sDOLA+alUSD (0x4606…)":353839.7704691347,"stETH+frxETH (0x4d9f…)":211702.49445188048,"STG+FRAXBP (0x867f…)":27166.119867921967,"USDaf+crv2pool (0x9559…)":186683.01000938052,"WETH+ASF (0x3D0d…)":1084553.354278237,"WETH+CVX (0xB576…)":1414386.6938141463,"WETH+frxETH (0x9c3B…)":189601.03142403116,"WETH+RSUP (0xEe35…)":2068419.6946481734},"bribes":[{"pool":"fraxtal-frxUSD+dUSD (0x9CA6…)","token":"FXS","gauge":"0x05600c37d54a4f3cdc76e0867af1530becc332ca","choice":560,"amount":245,"amountDollars":676.1999999999999,"maxPerVote":0,"recycled":false,"excluded":[]},{"pool":"COIL+FRAXBP (0xAF42…)","token":"FXS","gauge":"0x06b30d5f2341c2fb3f6b48b109685997022bd272","choice":123,"amount":107.24914677411063,"amountDollars":296.00764509654533,"maxPerVote":0,"recycled":false,"excluded":[]},{"pool":"OHM+FRAXBP (0xFc1e…)","token":"FXS","gauge":"0x06f691180f643b35e3644a2296a4097e1f577d0d","choice":86,"amount":59.105787884824146,"amountDollars":163.13197456211464,"maxPerVote":0,"recycled":false,"excluded":[]},{"pool":"fraxtal-WFRAX+cvxFXS (0x3a38…)","token":"CVX","gauge":"0x070ebc9f46d0a6a523d31eb4ae7901c56ad97ae2","choice":544,"amount":836.92,"amountDollars":2268.0532,"maxPerVote":0,"recycled":false,"excluded":[]},{"pool":"WETH+RSUP (0xEe35…)","token":"RSUP","gauge":"0x09f62a6777032329c0d49f1fd4fbe9b3468cda56","choice":396,"amount":28566.02,"amountDollars":64559.2052,"maxPerVote":0,"recycled":false,"excluded":[]},{"pool":"FXS+cvxFXS (0x6a90…)","token":"CVX","gauge":"0x0c58c509305a8a7fe9a6a60ceaac6185b96ecbb7","choice":152,"amount":209.72,"amountDollars":568.3412,"maxPerVote":0,"recycled":false,"excluded":[]},{"pool":"sDOLA+alUSD (0x4606…)","token":"ALCX","gauge":"0x19f9266f349158b54a6d95dce79297df670f7f14","choice":358,"amount":1225,"amountDollars":11000.5,"maxPerVote":0,"recycled":false,"excluded":[]},{"pool":"WETH+ASF (0x3D0d…)","token":"USDC","gauge":"0x1a38a26f1eb658f0caef3a5a722e56d44511279b","choice":351,"amount":29400,"amountDollars":29394.12,"maxPerVote":0,"recycled":false,"excluded":[]},{"pool":"ETH+frxETH (0xa1F8…)","token":"CRV","gauge":"0x2932a86df44fe8d2a706d8e9c5d51c24883423f5","choice":80,"amount":2843.96,"amountDollars":1826.6470684,"maxPerVote":0,"recycled":false,"excluded":[]},{"pool":"fraxtal-CRV+frxUSD (0x89b4…)","token":"FXS","gauge":"0x304c0564b897e6e72b040f0445ab1bdf391726fe","choice":564,"amount":245,"amountDollars":676.1999999999999,"maxPerVote":0,"recycled":false,"excluded":[]},{"pool":"alETH+frxETH (0xB657…)","token":"ALCX","gauge":"0x415f30505368fa1db82feea02eb778be04e75907","choice":116,"amount":1764,"amountDollars":15840.720000000001,"maxPerVote":0,"recycled":false,"excluded":[]},{"pool":"alETH+frxETH (0xB657…)","token":"FXS","gauge":"0x415f30505368fa1db82feea02eb778be04e75907","choice":116,"amount":531.9744755874071,"amountDollars":1468.2495526212435,"maxPerVote":0,"recycled":false,"excluded":[]},{"pool":"fraxtal-frxUSD+FXB202… (0xeE45…)","token":"FXS","gauge":"0x48100238c4a3cf44cfbf6c7693ed5c216881face","choice":547,"amount":2940,"amountDollars":8114.4,"maxPerVote":0,"recycled":false,"excluded":[]},{"pool":"WETH+frxETH (0x9c3B…)","token":"CRV","gauge":"0x4e21418095d32d15c6e2b96a9910772613a50d50","choice":167,"amount":9381.54,"amountDollars":6025.669326600001,"maxPerVote":0,"recycled":false,"excluded":[]},{"pool":"fraxtal-lend-crvUSD(s… (0x279A…)","token":"FXS","gauge":"0x541f57ab2032a042ce6b02fd435347fbae1f6d0a","choice":552,"amount":490,"amountDollars":1352.3999999999999,"maxPerVote":0,"recycled":false,"excluded":[]},{"pool":"fraxtal-frxUSD+sUSDe (0x8b4E…)","token":"FXS","gauge":"0x59005665c5060d3abee291a21de0375cf1bbed03","choice":546,"amount":490,"amountDollars":1352.3999999999999,"maxPerVote":0,"recycled":false,"excluded":[]},{"pool":"reUSD+sfrxUSD (0xed78…)","token":"RSUP","gauge":"0x5c0b03914f68f2717d779a0211fd98c2cc45a4dd","choice":395,"amount":7586.18,"amountDollars":17144.766799999998,"maxPerVote":0,"recycled":false,"excluded":[]},{"pool":"fraxtal-frxUSD+DAI (0x86d7…)","token":"FXS","gauge":"0x64100c172d5dc8007e3ee701ecd99468619b6583","choice":539,"amount":294,"amountDollars":811.4399999999999,"maxPerVote":0,"recycled":false,"excluded":[]},{"pool":"fraxtal-scrvUSD+sfrxU… (0xaC5d…)","token":"FXS","gauge":"0x660622adba5339e62d800be440d6d0c8c1838559","choice":559,"amount":1176,"amountDollars":3245.7599999999998,"maxPerVote":0,"recycled":false,"excluded":[]},{"pool":"FXN+cvxFXN (0x1062…)","token":"CVX","gauge":"0x724476f141ed2de4da22ebdf435905def1118317","choice":189,"amount":1924.72,"amountDollars":5215.9912,"maxPerVote":0,"recycled":false,"excluded":[]},{"pool":"fraxtal-frxUSD+PYUSD (0x35c6…)","token":"FXS","gauge":"0x72bd89f2e3470fa5d188cf04eda17e8145eb4bf1","choice":540,"amount":196,"amountDollars":540.9599999999999,"maxPerVote":0,"recycled":false,"excluded":[]},{"pool":"alUSD+FRAXBP (0xB30d…)","token":"ALCX","gauge":"0x740ba8aa0052e07b925908b380248cb03f3de5cb","choice":63,"amount":1568,"amountDollars":14080.640000000001,"maxPerVote":0,"recycled":false,"excluded":[]},{"pool":"alUSD+FRAXBP (0xB30d…)","token":"FXS","gauge":"0x740ba8aa0052e07b925908b380248cb03f3de5cb","choice":63,"amount":767.1545435496869,"amountDollars":2117.3465401971357,"maxPerVote":0,"recycled":false,"excluded":[]},{"pool":"CVX+clevCVX (0xF907…)","token":"CVX","gauge":"0x7970489a543fb237abab63d62524d8a5ce165b86","choice":92,"amount":980,"amountDollars":2655.8,"maxPerVote":0,"recycled":false,"excluded":[]},{"pool":"fraxtal-frxUSD+FXB205… (0x4Cfc…)","token":"FXS","gauge":"0x7ba1e40dae22847e6c521ba297d40ff1c5fd97dd","choice":548,"amount":1960,"amountDollars":5409.599999999999,"maxPerVote":0,"recycled":false,"excluded":[]},{"pool":"WETH+CVX (0xB576…)","token":"CVX","gauge":"0x7e1444ba99dcdffe8fbdb42c02f0005d14f13be1","choice":33,"amount":14496.16,"amountDollars":39284.5936,