{"curve":{"statusCode":200,"epoch":{"id":"votium-cvx-crv-100","platform":"votium","protocol":"cvx-crv","round":100,"proposal":"0x667e56ede56323a75f1e584185da9178d00615109ee3343e8f6580ee1a48ab1d","end":1751932800,"scoresTotal":31189124.879049063,"bribed":{"alETH+frxETH (0xB657…)":69872.89147530199,"alUSD+FRAXBP (0xB30d…)":219804.9595642645,"COIL+FRAXBP (0xAF42…)":22310.797061790006,"CRV+cvxCRV (0x971a…)":3265846.9191764416,"CVX+afCVX (0x7956…)":225322.51751157292,"ETH+frxETH (0xa1F8…)":58801.01659488894,"eUSD+FRAXBP (0xAEda…)":7515.717452544135,"FRAX+USDe (0x5dc1…)":4283541.40486809,"fraxtal-CRV+frxUSD (0x89b4…)":24217.532930319263,"fraxtal-crvUSD+frxUSD (0x63Eb…)":48476.77561872837,"fraxtal-dUSD+sfrxUSD (0x5eCF…)":24217.532930319263,"fraxtal-frxETH+sfrxETH (0xF2f4…)":145406.4913519929,"fraxtal-frxETH+SQUID (0x277F…)":48476.77561872837,"fraxtal-frxUSD+DAI (0x86d7…)":29093.613122614777,"fraxtal-frxUSD+dUSD (0x9CA6…)":24217.532930319263,"fraxtal-frxUSD+frxETH… (0xa0D3…)":96953.55123745673,"fraxtal-frxUSD+FXB202… (0xeE45…)":387790.3694456347,"fraxtal-frxUSD+FXB205… (0x4Cfc…)":339299.6905742098,"fraxtal-frxUSD+PYUSD (0x35c6…)":19383.16249611359,"fraxtal-frxUSD+sUSDe (0x8b4E…)":48476.77561872837,"fraxtal-frxUSD+USDC (0xa8eB…)":24217.532930319263,"fraxtal-frxUSD+USDe (0x1e19…)":72694.30854904762,"fraxtal-frxUSD+USDT (0xcAEF…)":77570.38874134314,"fraxtal-FXB20251231+F… (0x2421…)":72694.30854904762,"fraxtal-lend-crvUSD(s… (0x0Edf…)":96953.55123745673,"fraxtal-lend-crvUSD(s… (0x279A…)":48476.77561872837,"fraxtal-lend-crvUSD(W… (0xa757…)":48476.77561872837,"fraxtal-scrvUSD+sfrxU… (0xaC5d…)":116350.61698626693,"fraxtal-WFRAX+cvxFXS (0x3a38…)":68524.92202267973,"frxETH+CVX (0x47D5…)":486423.75748649595,"frxUSD+sUSDS (0x81A2…)":505057.8888359403,"FXN+cvxFXN (0x1062…)":202923.95094335746,"FXS+cvxFXS (0x6a90…)":16614.443954366077,"msETH+frxETH (0x2d60…)":8081.779811904164,"msUSD+FRAXBP (0xc3b1…)":496566.5631425689,"OHM+FRAXBP (0xFc1e…)":11978.671065142347,"rETH+frxETH (0xe7c6…)":4240.5015694524245,"reUSD+fxUSD (0xb0ef…)":179116.70274781575,"reUSD+scrvUSD (0xc522…)":7293874.8161796145,"reUSD+sDOLA (0x48d6…)":437207.43611380877,"reUSD+sfrxUSD (0xed78…)":760831.1946860964,"stETH+frxETH (0x4d9f…)":302270.9870188326,"STG+FRAXBP (0x867f…)":48764.77292415616,"USDC+jUSD (0x6A0c…)":47849.195980202414,"WETH+ASF (0x3D0d…)":967413.7012194996,"WETH+CVX (0xB576…)":1386346.3286759472,"WETH+frxETH (0x9c3B…)":670666.3079481695,"WETH+RSUP (0xEe35…)":2086924.5671852229},"bribes":[{"pool":"fraxtal-frxUSD+dUSD (0x9CA6…)","token":"FXS","gauge":"0x05600c37d54a4f3cdc76e0867af1530becc332ca","choice":574,"amount":245,"amountDollars":480.2,"maxPerVote":0,"recycled":false,"excluded":[]},{"pool":"COIL+FRAXBP (0xAF42…)","token":"FXS","gauge":"0x06b30d5f2341c2fb3f6b48b109685997022bd272","choice":123,"amount":225.34175321295896,"amountDollars":441.66983629739957,"maxPerVote":0,"recycled":false,"excluded":[]},{"pool":"OHM+FRAXBP (0xFc1e…)","token":"FXS","gauge":"0x06f691180f643b35e3644a2296a4097e1f577d0d","choice":86,"amount":121.29070379063255,"amountDollars":237.7297794296398,"maxPerVote":0,"recycled":false,"excluded":[]},{"pool":"fraxtal-WFRAX+cvxFXS (0x3a38…)","token":"CVX","gauge":"0x070ebc9f46d0a6a523d31eb4ae7901c56ad97ae2","choice":558,"amount":582.12,"amountDollars":1367.982,"maxPerVote":0,"recycled":false,"excluded":[]},{"pool":"WETH+RSUP (0xEe35…)","token":"RSUP","gauge":"0x09f62a6777032329c0d49f1fd4fbe9b3468cda56","choice":384,"amount":32594.8,"amountDollars":41069.448,"maxPerVote":0,"recycled":false,"excluded":[]},{"pool":"FXS+cvxFXS (0x6a90…)","token":"CVX","gauge":"0x0c58c509305a8a7fe9a6a60ceaac6185b96ecbb7","choice":152,"amount":145.04,"amountDollars":340.844,"maxPerVote":0,"recycled":false,"excluded":[]},{"pool":"WETH+ASF (0x3D0d…)","token":"USDC","gauge":"0x1a38a26f1eb658f0caef3a5a722e56d44511279b","choice":340,"amount":19600,"amountDollars":19597.0796,"maxPerVote":0,"recycled":false,"excluded":[]},{"pool":"ETH+frxETH (0xa1F8…)","token":"CRV","gauge":"0x2932a86df44fe8d2a706d8e9c5d51c24883423f5","choice":80,"amount":2349.06,"amountDollars":1201.07907612,"maxPerVote":0,"recycled":false,"excluded":[]},{"pool":"fraxtal-CRV+frxUSD (0x89b4…)","token":"FXS","gauge":"0x304c0564b897e6e72b040f0445ab1bdf391726fe","choice":579,"amount":245,"amountDollars":480.2,"maxPerVote":0,"recycled":false,"excluded":[]},{"pool":"alETH+frxETH (0xB657…)","token":"FXS","gauge":"0x415f30505368fa1db82feea02eb778be04e75907","choice":116,"amount":705.286121080332,"amountDollars":1382.3607973174508,"maxPerVote":0,"recycled":false,"excluded":[]},{"pool":"fraxtal-frxUSD+FXB202… (0xeE45…)","token":"FXS","gauge":"0x48100238c4a3cf44cfbf6c7693ed5c216881face","choice":561,"amount":3920,"amountDollars":7683.2,"maxPerVote":0,"recycled":false,"excluded":[]},{"pool":"WETH+frxETH (0x9c3B…)","token":"CRV","gauge":"0x4e21418095d32d15c6e2b96a9910772613a50d50","choice":167,"amount":9761.78,"amountDollars":4991.217637560001,"maxPerVote":0,"recycled":false,"excluded":[]},{"pool":"WETH+frxETH (0x9c3B…)","token":"FXS","gauge":"0x4e21418095d32d15c6e2b96a9910772613a50d50","choice":167,"amount":4900,"amountDollars":9604,"maxPerVote":0,"recycled":false,"excluded":[]},{"pool":"frxUSD+sUSDS (0x81A2…)","token":"FXS","gauge":"0x52618c40ddba3cbbb69f3aaa4cb26ae649844b17","choice":361,"amount":4900,"amountDollars":9604,"maxPerVote":0,"recycled":false,"excluded":[]},{"pool":"fraxtal-lend-crvUSD(s… (0x279A…)","token":"FXS","gauge":"0x541f57ab2032a042ce6b02fd435347fbae1f6d0a","choice":566,"amount":490,"amountDollars":960.4,"maxPerVote":0,"recycled":false,"excluded":[]},{"pool":"fraxtal-frxUSD+sUSDe (0x8b4E…)","token":"FXS","gauge":"0x59005665c5060d3abee291a21de0375cf1bbed03","choice":560,"amount":490,"amountDollars":960.4,"maxPerVote":0,"recycled":false,"excluded":[]},{"pool":"reUSD+sfrxUSD (0xed78…)","token":"RSUP","gauge":"0x5c0b03914f68f2717d779a0211fd98c2cc45a4dd","choice":383,"amount":11426.8,"amountDollars":14397.768,"maxPerVote":0,"recycled":false,"excluded":[]},{"pool":"fraxtal-frxUSD+DAI (0x86d7…)","token":"FXS","gauge":"0x64100c172d5dc8007e3ee701ecd99468619b6583","choice":553,"amount":294,"amountDollars":576.24,"maxPerVote":0,"recycled":false,"excluded":[]},{"pool":"fraxtal-scrvUSD+sfrxU… (0xaC5d…)","token":"FXS","gauge":"0x660622adba5339e62d800be440d6d0c8c1838559","choice":573,"amount":1176,"amountDollars":2304.96,"maxPerVote":0,"recycled":false,"excluded":[]},{"pool":"FXN+cvxFXN (0x1062…)","token":"CVX","gauge":"0x724476f141ed2de4da22ebdf435905def1118317","choice":188,"amount":1725.78,"amountDollars":4055.583,"maxPerVote":0,"recycled":false,"excluded":[]},{"pool":"fraxtal-frxUSD+PYUSD (0x35c6…)","token":"FXS","gauge":"0x72bd89f2e3470fa5d188cf04eda17e8145eb4bf1","choice":554,"amount":196,"amountDollars":384.15999999999997,"maxPerVote":0,"recycled":false,"excluded":[]},{"pool":"alUSD+FRAXBP (0xB30d…)","token":"FXS","gauge":"0x740ba8aa0052e07b925908b380248cb03f3de5cb","choice":63,"amount":1480.2705431736229,"amountDollars":2901.3302646203006,"maxPerVote":0,"recycled":false,"excluded":[]},{"pool":"fraxtal-frxUSD+FXB205… (0x4Cfc…)","token":"FXS","gauge":"0x7ba1e40dae22847e6c521ba297d40ff1c5fd97dd","choice":562,"amount":3430,"amountDollars":6722.8,"maxPerVote":0,"recycled":false,"excluded":[]},{"pool":"WETH+CVX (0xB576…)","token":"CVX","gauge":"0x7e1444ba99dcdffe8fbdb42c02f0005d14f13be1","choice":33,"amount":11017.16,"amountDollars":25890.326,"maxPerVote":0,"recycled":false,"excluded":[]},{"pool":"STG+FRAXBP (0x867f…)","token":"FXS","gauge":"0x8133e6b0b2420bba10574a6668ea275f5e7ed253","choice":96,"amount":492.9087490917564,"amountDollars":966.1011482198426,"maxPerVote":0,"recycled":false,"excluded":[]},{"pool":"stETH+frxETH (0x4d9f…)","token":"CRV","gauge":"0x821529bb07c83803c9cc7763e5974386e9efedc7","choice":114,"amount":12021.66,"amountDollars":6146.698801320001,"maxPerVote":0,"recycled":false,"excluded":[]},{"pool":"eUSD+FRAXBP (0xAEda…)","token":"FXS","gauge":"0x8605dc0c339a2e7e85eea043bd29d42da2c6d784","choice":105,