{"curve":{"statusCode":200,"epoch":{"id":"votium-cvx-crv-97","platform":"votium","protocol":"cvx-crv","round":97,"proposal":"0x498b96c213eff0cfe12fe3e8f4f09936d2ed331b96cc005c16a14a46d89ab3da","end":1748304000,"scoresTotal":28455809.910867378,"bribed":{"alETH+frxETH (0xB657…)":681656.248462484,"alETH+WETH (0x8eFD…)":288454.39605443756,"alUSD+FRAXBP (0xB30d…)":559036.4672254594,"COIL+FRAXBP (0xAF42…)":45.11303232522743,"CRV+cvxCRV (0x971a…)":2597483.7771050306,"CVX+FRAXBP (0xBEc5…)":17954.496653976268,"ETH+frxETH (0xa1F8…)":45.11303232522743,"eUSD+FRAXBP (0xAEda…)":45.11303232522743,"FRAX+USDe (0x5dc1…)":1814468.558124207,"fraxtal-CRV+frxUSD (0x89b4…)":40726.841522399875,"fraxtal-crvUSD+frxUSD (0x63Eb…)":45.11303232522743,"fraxtal-dUSD+sfrxUSD (0x5eCF…)":45.11303232522743,"fraxtal-frxETH+sfrxETH (0xF2f4…)":24189.815037344677,"fraxtal-frxETH+SQUID (0x277F…)":45.11303232522743,"fraxtal-frxUSD+DAI (0x86d7…)":45.11303232522743,"fraxtal-frxUSD+dUSD (0x9CA6…)":45.11303232522743,"fraxtal-frxUSD+frxETH… (0xa0D3…)":45.11303232522743,"fraxtal-frxUSD+FXB202… (0xeE45…)":61152.519291441145,"fraxtal-frxUSD+FXB205… (0x4Cfc…)":25768.77116872764,"fraxtal-frxUSD+PYUSD (0x35c6…)":45.11303232522743,"fraxtal-frxUSD+sUSDe (0x8b4E…)":45.11303232522743,"fraxtal-frxUSD+USDC (0xa8eB…)":45.11303232522743,"fraxtal-frxUSD+USDe (0x1e19…)":45.11303232522743,"fraxtal-frxUSD+USDT (0xcAEF…)":45.11303232522743,"fraxtal-FXB20251231+F… (0x2421…)":45.11303232522743,"fraxtal-lend-crvUSD(s… (0x0Edf…)":45.11303232522743,"fraxtal-lend-crvUSD(s… (0x279A…)":45.11303232522743,"fraxtal-lend-crvUSD(W… (0xa757…)":45.11303232522743,"fraxtal-scrvUSD+sfrxU… (0xaC5d…)":21663.485227131943,"fraxtal-WFRAX+cvxFXS (0x3a38…)":101161.15287678172,"frxETH+CVX (0x47D5…)":660027.5339238166,"FXN+cvxFXN (0x1062…)":174296.47557267995,"FXS+cvxFXS (0x6a90…)":23845.915823218158,"msETH+frxETH (0x2d60…)":45.11303232522743,"msUSD+FRAXBP (0xc3b1…)":321159.6771232941,"OHM+FRAXBP (0xFc1e…)":45.11303232522743,"rETH+frxETH (0xe7c6…)":45.11303232522743,"reUSD+scrvUSD (0xc522…)":12160084.904285569,"reUSD+sDOLA (0x48d6…)":252788.01732894036,"reUSD+sfrxUSD (0xed78…)":414311.2515134567,"sDOLA+alUSD (0x4606…)":451123.72186197276,"stETH+frxETH (0x4d9f…)":56088.82855291341,"STG+FRAXBP (0x867f…)":45.11303232522743,"WETH+CVX (0xB576…)":1161391.3066994324,"WETH+frxETH (0x9c3B…)":83017.2866066221,"WETH+RSUP (0xEe35…)":2533472.8438400147},"bribes":[{"pool":"fraxtal-frxUSD+dUSD (0x9CA6…)","token":"FXS","gauge":"0x05600c37d54a4f3cdc76e0867af1530becc332ca","choice":572,"amount":245,"amountDollars":769.3000000000001,"maxPerVote":0,"recycled":false,"excluded":[]},{"pool":"COIL+FRAXBP (0xAF42…)","token":"FXS","gauge":"0x06b30d5f2341c2fb3f6b48b109685997022bd272","choice":124,"amount":101.61884546914496,"amountDollars":319.08317477311516,"maxPerVote":0,"recycled":false,"excluded":[]},{"pool":"OHM+FRAXBP (0xFc1e…)","token":"FXS","gauge":"0x06f691180f643b35e3644a2296a4097e1f577d0d","choice":87,"amount":56.93113666488478,"amountDollars":178.76376912773821,"maxPerVote":0,"recycled":false,"excluded":[]},{"pool":"fraxtal-WFRAX+cvxFXS (0x3a38…)","token":"CVX","gauge":"0x070ebc9f46d0a6a523d31eb4ae7901c56ad97ae2","choice":556,"amount":801.64,"amountDollars":2597.3136,"maxPerVote":0,"recycled":false,"excluded":[]},{"pool":"WETH+RSUP (0xEe35…)","token":"RSUP","gauge":"0x09f62a6777032329c0d49f1fd4fbe9b3468cda56","choice":411,"amount":28367.08,"amountDollars":69499.346,"maxPerVote":0,"recycled":false,"excluded":[]},{"pool":"FXS+cvxFXS (0x6a90…)","token":"CVX","gauge":"0x0c58c509305a8a7fe9a6a60ceaac6185b96ecbb7","choice":153,"amount":200.9,"amountDollars":650.916,"maxPerVote":0,"recycled":false,"excluded":[]},{"pool":"sDOLA+alUSD (0x4606…)","token":"ALCX","gauge":"0x19f9266f349158b54a6d95dce79297df670f7f14","choice":371,"amount":1225,"amountDollars":11833.5,"maxPerVote":0,"recycled":false,"excluded":[]},{"pool":"ETH+frxETH (0xa1F8…)","token":"CRV","gauge":"0x2932a86df44fe8d2a706d8e9c5d51c24883423f5","choice":81,"amount":2321.62,"amountDollars":1782.56769544,"maxPerVote":0,"recycled":false,"excluded":[]},{"pool":"fraxtal-CRV+frxUSD (0x89b4…)","token":"FXS","gauge":"0x304c0564b897e6e72b040f0445ab1bdf391726fe","choice":576,"amount":245,"amountDollars":769.3000000000001,"maxPerVote":0,"recycled":false,"excluded":[]},{"pool":"fraxtal-CRV+frxUSD (0x89b4…)","token":"FXS","gauge":"0x304c0564b897e6e72b040f0445ab1bdf391726fe","choice":576,"amount":245,"amountDollars":769.3000000000001,"maxPerVote":0,"recycled":false,"excluded":[]},{"pool":"alETH+frxETH (0xB657…)","token":"ALCX","gauge":"0x415f30505368fa1db82feea02eb778be04e75907","choice":117,"amount":1764,"amountDollars":17040.24,"maxPerVote":0,"recycled":false,"excluded":[]},{"pool":"alETH+frxETH (0xB657…)","token":"FXS","gauge":"0x415f30505368fa1db82feea02eb778be04e75907","choice":117,"amount":550.0623309345273,"amountDollars":1727.1957191344156,"maxPerVote":0,"recycled":false,"excluded":[]},{"pool":"fraxtal-frxUSD+FXB202… (0xeE45…)","token":"FXS","gauge":"0x48100238c4a3cf44cfbf6c7693ed5c216881face","choice":559,"amount":2940,"amountDollars":9231.6,"maxPerVote":0,"recycled":false,"excluded":[]},{"pool":"WETH+frxETH (0x9c3B…)","token":"CRV","gauge":"0x4e21418095d32d15c6e2b96a9910772613a50d50","choice":168,"amount":7773.36,"amountDollars":5968.47908832,"maxPerVote":0,"recycled":false,"excluded":[]},{"pool":"fraxtal-lend-crvUSD(s… (0x279A…)","token":"FXS","gauge":"0x541f57ab2032a042ce6b02fd435347fbae1f6d0a","choice":564,"amount":980,"amountDollars":3077.2000000000003,"maxPerVote":0,"recycled":false,"excluded":[]},{"pool":"fraxtal-frxUSD+sUSDe (0x8b4E…)","token":"FXS","gauge":"0x59005665c5060d3abee291a21de0375cf1bbed03","choice":558,"amount":392,"amountDollars":1230.88,"maxPerVote":0,"recycled":false,"excluded":[]},{"pool":"reUSD+sfrxUSD (0xed78…)","token":"RSUP","gauge":"0x5c0b03914f68f2717d779a0211fd98c2cc45a4dd","choice":410,"amount":4628.54,"amountDollars":11339.923,"maxPerVote":0,"recycled":false,"excluded":[]},{"pool":"fraxtal-frxUSD+DAI (0x86d7…)","token":"FXS","gauge":"0x64100c172d5dc8007e3ee701ecd99468619b6583","choice":551,"amount":294,"amountDollars":923.1600000000001,"maxPerVote":0,"recycled":false,"excluded":[]},{"pool":"fraxtal-scrvUSD+sfrxU… (0xaC5d…)","token":"FXS","gauge":"0x660622adba5339e62d800be440d6d0c8c1838559","choice":571,"amount":1176,"amountDollars":3692.6400000000003,"maxPerVote":0,"recycled":false,"excluded":[]},{"pool":"FXN+cvxFXN (0x1062…)","token":"CVX","gauge":"0x724476f141ed2de4da22ebdf435905def1118317","choice":190,"amount":1259.3,"amountDollars":4080.132,"maxPerVote":0,"recycled":false,"excluded":[]},{"pool":"fraxtal-frxUSD+PYUSD (0x35c6…)","token":"FXS","gauge":"0x72bd89f2e3470fa5d188cf04eda17e8145eb4bf1","choice":552,"amount":196,"amountDollars":615.44,"maxPerVote":0,"recycled":false,"excluded":[]},{"pool":"alUSD+FRAXBP (0xB30d…)","token":"ALCX","gauge":"0x740ba8aa0052e07b925908b380248cb03f3de5cb","choice":64,"amount":1764,"amountDollars":17040.24,"maxPerVote":0,"recycled":false,"excluded":[]},{"pool":"alUSD+FRAXBP (0xB30d…)","token":"FXS","gauge":"0x740ba8aa0052e07b925908b380248cb03f3de5cb","choice":64,"amount":812.1614897124558,"amountDollars":2550.1870776971114,"maxPerVote":0,"recycled":false,"excluded":[]},{"pool":"fraxtal-frxUSD+FXB205… (0x4Cfc…)","token":"FXS","gauge":"0x7ba1e40dae22847e6c521ba297d40ff1c5fd97dd","choice":560,"amount":1666,"amountDollars":5231.24,"maxPerVote":0,"recycled":false,"excluded":[]},{"pool":"WETH+CVX (0xB576…)","token":"CVX","gauge":"0x7e1444ba99dcdffe8fbdb42c02f0005d14f13be1","choice":34,"amount":14169.82,"amountDollars":45910.2168,"maxPerVote":0,"recycled":false,"excluded":[]},{"pool":"STG+FRAXBP (0x867f…)","token":"FXS","gauge":"0x8133e6b0b2420bba10574a6668ea275f5e7ed253","choice":97,"amount":266.8384615921266,"amountDollars":837.8727693992774,"maxPerVote":0,"recycled":false,"excluded":[]},{"pool":"stETH+frxETH (0x4d9f…)","token":"CRV","gauge":"0x821529bb07c83803c9cc7763e5974386e9efedc7","choice":115,"amount":8520.12,