{"curve":{"statusCode":200,"epoch":{"id":"votium-cvx-crv-101","platform":"votium","protocol":"cvx-crv","round":101,"proposal":"0x8cf702baa8ca862c5c7aa9cd2309a784d30d89b7666cf44fdefcda79bef30f91","end":1753142400,"scoresTotal":28854196.48930734,"bribed":{"alETH+frxETH (0xB657…)":47422.31449326233,"alUSD+FRAXBP (0xB30d…)":219804.9595642645,"COIL+FRAXBP (0xAF42…)":15644.383581893555,"CRV+cvxCRV (0x971a…)":3802840.41412037,"CVX+clevCVX (0xF907…)":135752.35227732456,"ETH+frxETH (0xa1F8…)":80145.38948153479,"eUSD+FRAXBP (0xAEda…)":34626.81480979673,"FRAX+sDAI (0xcE64…)":391344.99714185245,"FRAX+USDe (0x5dc1…)":4911848.194907454,"fraxtal-CRV+frxUSD (0x89b4…)":38.247465734555135,"fraxtal-crvUSD+frxUSD (0x63Eb…)":38.247465734555135,"fraxtal-dUSD+sfrxUSD (0x5eCF…)":38.247465734555135,"fraxtal-frxETH+sfrxETH (0xF2f4…)":38.247465734555135,"fraxtal-frxETH+SQUID (0x277F…)":38.247465734555135,"fraxtal-frxUSD+DAI (0x86d7…)":38.247465734555135,"fraxtal-frxUSD+dUSD (0x9CA6…)":38.247465734555135,"fraxtal-frxUSD+frxETH… (0xa0D3…)":38.247465734555135,"fraxtal-frxUSD+FXB202… (0xeE45…)":38.247465734555135,"fraxtal-frxUSD+FXB205… (0x4Cfc…)":38.247465734555135,"fraxtal-frxUSD+PYUSD (0x35c6…)":38.247465734555135,"fraxtal-frxUSD+sUSDe (0x8b4E…)":38.247465734555135,"fraxtal-frxUSD+USDC (0xa8eB…)":38.247465734555135,"fraxtal-frxUSD+USDe (0x1e19…)":38.247465734555135,"fraxtal-frxUSD+USDT (0xcAEF…)":38.247465734555135,"fraxtal-FXB20251231+F… (0x2421…)":38.247465734555135,"fraxtal-lend-crvUSD(s… (0x0Edf…)":9214.720840603108,"fraxtal-lend-crvUSD(s… (0x279A…)":38.247465734555135,"fraxtal-lend-crvUSD(W… (0xa757…)":38.247465734555135,"fraxtal-scrvUSD+sfrxU… (0xaC5d…)":38.247465734555135,"fraxtal-WFRAX+cvxFXS (0x3a38…)":94608.67871702363,"frxETH+CVX (0x47D5…)":603924.3831089435,"frxUSD+sUSDS (0x81A2…)":778109.721087836,"FXN+cvxFXN (0x1062…)":229661.4565169684,"FXS+cvxFXS (0x6a90…)":23590.621743925312,"msUSD+FRAXBP (0xc3b1…)":311410.8660107479,"OHM+FRAXBP (0xFc1e…)":8507.021037561111,"rETH+frxETH (0xe7c6…)":32616.4973357945,"reUSD+fxUSD (0xb0ef…)":232369.1901611964,"reUSD+scrvUSD (0xc522…)":5916174.916218996,"reUSD+sDOLA (0x48d6…)":316123.685656131,"reUSD+sfrxUSD (0xed78…)":526572.7435071091,"stETH+frxETH (0x4d9f…)":387420.7552655969,"STG+FRAXBP (0x867f…)":36155.38596606983,"WETH+CVX (0xB576…)":1655318.542496921,"WETH+frxETH (0x9c3B…)":275892.78586340055,"WETH+RSUP (0xEe35…)":1639584.3214396113},"bribes":[{"pool":"fraxtal-frxUSD+dUSD (0x9CA6…)","token":"FXS","gauge":"0x05600c37d54a4f3cdc76e0867af1530becc332ca","choice":569,"amount":245,"amountDollars":884.4499999999999,"maxPerVote":0,"recycled":false,"excluded":[]},{"pool":"COIL+FRAXBP (0xAF42…)","token":"FXS","gauge":"0x06b30d5f2341c2fb3f6b48b109685997022bd272","choice":123,"amount":122.73647814179027,"amountDollars":443.0786860918629,"maxPerVote":0,"recycled":false,"excluded":[]},{"pool":"OHM+FRAXBP (0xFc1e…)","token":"FXS","gauge":"0x06f691180f643b35e3644a2296a4097e1f577d0d","choice":86,"amount":66.92692191893221,"amountDollars":241.60618812734526,"maxPerVote":0,"recycled":false,"excluded":[]},{"pool":"fraxtal-WFRAX+cvxFXS (0x3a38…)","token":"CVX","gauge":"0x070ebc9f46d0a6a523d31eb4ae7901c56ad97ae2","choice":553,"amount":640.92,"amountDollars":2736.7283999999995,"maxPerVote":0,"recycled":false,"excluded":[]},{"pool":"WETH+RSUP (0xEe35…)","token":"RSUP","gauge":"0x09f62a6777032329c0d49f1fd4fbe9b3468cda56","choice":384,"amount":32824.12,"amountDollars":52846.83320000001,"maxPerVote":0,"recycled":false,"excluded":[]},{"pool":"FXS+cvxFXS (0x6a90…)","token":"CVX","gauge":"0x0c58c509305a8a7fe9a6a60ceaac6185b96ecbb7","choice":152,"amount":159.74,"amountDollars":682.0898,"maxPerVote":0,"recycled":false,"excluded":[]},{"pool":"ETH+frxETH (0xa1F8…)","token":"CRV","gauge":"0x2932a86df44fe8d2a706d8e9c5d51c24883423f5","choice":80,"amount":2349.06,"amountDollars":2307.43230774,"maxPerVote":0,"recycled":false,"excluded":[]},{"pool":"fraxtal-CRV+frxUSD (0x89b4…)","token":"FXS","gauge":"0x304c0564b897e6e72b040f0445ab1bdf391726fe","choice":574,"amount":245,"amountDollars":884.4499999999999,"maxPerVote":0,"recycled":false,"excluded":[]},{"pool":"alETH+frxETH (0xB657…)","token":"FXS","gauge":"0x415f30505368fa1db82feea02eb778be04e75907","choice":116,"amount":372.179902730852,"amountDollars":1343.5694488583756,"maxPerVote":0,"recycled":false,"excluded":[]},{"pool":"fraxtal-frxUSD+FXB202… (0xeE45…)","token":"FXS","gauge":"0x48100238c4a3cf44cfbf6c7693ed5c216881face","choice":556,"amount":2940,"amountDollars":10613.4,"maxPerVote":0,"recycled":false,"excluded":[]},{"pool":"WETH+frxETH (0x9c3B…)","token":"FXS","gauge":"0x4e21418095d32d15c6e2b96a9910772613a50d50","choice":167,"amount":2452.94,"amountDollars":8855.1134,"maxPerVote":0,"recycled":false,"excluded":[]},{"pool":"frxUSD+sUSDS (0x81A2…)","token":"FXS","gauge":"0x52618c40ddba3cbbb69f3aaa4cb26ae649844b17","choice":361,"amount":6021.708,"amountDollars":21738.365879999998,"maxPerVote":0,"recycled":false,"excluded":[]},{"pool":"fraxtal-lend-crvUSD(s… (0x279A…)","token":"FXS","gauge":"0x541f57ab2032a042ce6b02fd435347fbae1f6d0a","choice":561,"amount":294,"amountDollars":1061.34,"maxPerVote":0,"recycled":false,"excluded":[]},{"pool":"fraxtal-frxUSD+sUSDe (0x8b4E…)","token":"FXS","gauge":"0x59005665c5060d3abee291a21de0375cf1bbed03","choice":555,"amount":490,"amountDollars":1768.8999999999999,"maxPerVote":0,"recycled":false,"excluded":[]},{"pool":"reUSD+sfrxUSD (0xed78…)","token":"RSUP","gauge":"0x5c0b03914f68f2717d779a0211fd98c2cc45a4dd","choice":383,"amount":9666.72,"amountDollars":15563.4192,"maxPerVote":0,"recycled":false,"excluded":[]},{"pool":"fraxtal-frxUSD+DAI (0x86d7…)","token":"FXS","gauge":"0x64100c172d5dc8007e3ee701ecd99468619b6583","choice":548,"amount":245,"amountDollars":884.4499999999999,"maxPerVote":0,"recycled":false,"excluded":[]},{"pool":"fraxtal-scrvUSD+sfrxU… (0xaC5d…)","token":"FXS","gauge":"0x660622adba5339e62d800be440d6d0c8c1838559","choice":568,"amount":735,"amountDollars":2653.35,"maxPerVote":0,"recycled":false,"excluded":[]},{"pool":"FXN+cvxFXN (0x1062…)","token":"CVX","gauge":"0x724476f141ed2de4da22ebdf435905def1118317","choice":188,"amount":1555.26,"amountDollars":6640.9601999999995,"maxPerVote":0,"recycled":false,"excluded":[]},{"pool":"fraxtal-frxUSD+PYUSD (0x35c6…)","token":"FXS","gauge":"0x72bd89f2e3470fa5d188cf04eda17e8145eb4bf1","choice":549,"amount":245,"amountDollars":884.4499999999999,"maxPerVote":0,"recycled":false,"excluded":[]},{"pool":"alUSD+FRAXBP (0xB30d…)","token":"FXS","gauge":"0x740ba8aa0052e07b925908b380248cb03f3de5cb","choice":63,"amount":972.8011565098365,"amountDollars":3511.8121750005093,"maxPerVote":0,"recycled":false,"excluded":[]},{"pool":"CVX+clevCVX (0xF907…)","token":"CVX","gauge":"0x7970489a543fb237abab63d62524d8a5ce165b86","choice":92,"amount":980,"amountDollars":4184.599999999999,"maxPerVote":0,"recycled":false,"excluded":[]},{"pool":"fraxtal-frxUSD+FXB205… (0x4Cfc…)","token":"FXS","gauge":"0x7ba1e40dae22847e6c521ba297d40ff1c5fd97dd","choice":557,"amount":1764,"amountDollars":6368.04,"maxPerVote":0,"recycled":false,"excluded":[]},{"pool":"WETH+CVX (0xB576…)","token":"CVX","gauge":"0x7e1444ba99dcdffe8fbdb42c02f0005d14f13be1","choice":33,"amount":11017.16,"amountDollars":47043.273199999996,"maxPerVote":0,"recycled":false,"excluded":[]},{"pool":"STG+FRAXBP (0x867f…)","token":"FXS","gauge":"0x8133e6b0b2420bba10574a6668ea275f5e7ed253","choice":96,"amount":283.7393811800351,"amountDollars":1024.2991660599266,"maxPerVote":0,"recycled":false,"excluded":[]},{"pool":"stETH+frxETH (0x4d9f…)","token":"CRV","gauge":"0x821529bb07c83803c9cc7763e5974386e9efedc7","choice":114,"amount":12021.66,"amountDollars":11808.62416314,"maxPerVote":0,"recycled":false,"excluded":[]},{"pool":"eUSD+FRAXBP (0xAEda…)","token":"CRV","gauge":"0x8605dc0c339a2e7e85eea043bd29d42da2c6d784","choice":105,"amount":882,"amountDollars":866.370078,"maxPerVote":0,"recycled":false,"excluded":[]},{"pool":"eUSD+FRAXBP (0xAEda…)","token":"FXS","gauge":"0x8605dc0c339a2e7e85eea043bd29d42da2c6d784",