{"curve":{"statusCode":200,"epoch":{"id":"votium-cvx-crv-103","platform":"votium","protocol":"cvx-crv","round":103,"proposal":"0xde6dd14a7d7a26f4bf5029ac4dfcc1d077d8a1052e40aae8d477733df6cfdddb","end":1755561600,"scoresTotal":38164441.39970593,"bribed":{"alETH+frxETH (0xB657…)":589386.0580198009,"alETH+WETH (0x8eFD…)":241005.73474091198,"alUSD+FRAXBP (0xB30d…)":566060.6228025667,"arbi-alUSD+USDC (0x7848…)":73255.90575392576,"COIL+FRAXBP (0xAF42…)":13262.999839228782,"CRV+cvxCRV (0x971a…)":3172691.161819875,"CVX+clevCVX (0xF907…)":116627.57873975536,"DOLA+sUSDe (0x7447…)":4165032.5622529825,"DOLA+USR (0x38De…)":4221809.492867206,"ETH+frxETH (0xa1F8…)":70783.94365231798,"FRAX+USDe (0x5dc1…)":3541933.7928250968,"fraxtal-CRV+frxUSD (0x89b4…)":24200.45327493036,"fraxtal-crvUSD+frxUSD (0x63Eb…)":67466.9903125,"fraxtal-frxETH+sfrxETH (0xF2f4…)":121080.57433409493,"fraxtal-frxETH+SQUID (0x277F…)":45330.37935916076,"fraxtal-frxUSD+DAI (0x86d7…)":24200.45327493036,"fraxtal-frxUSD+dUSD (0x9CA6…)":67466.9903125,"fraxtal-frxUSD+frxETH… (0xa0D3…)":60564.04424119744,"fraxtal-frxUSD+FXB202… (0x15d1…)":60564.04424119744,"fraxtal-frxUSD+FXB202… (0xeE45…)":257728.62553496443,"fraxtal-frxUSD+FXB205… (0x4Cfc…)":214751.40048192855,"fraxtal-frxUSD+PYUSD (0x35c6…)":24200.45327493036,"fraxtal-frxUSD+sUSDe (0x8b4E…)":45330.37935916076,"fraxtal-frxUSD+USDC (0xa8eB…)":24200.45327493036,"fraxtal-frxUSD+USDe (0x1e19…)":45330.37935916076,"fraxtal-frxUSD+USDT (0xcAEF…)":40385.12130834715,"fraxtal-FXB20251231+F… (0x2421…)":112444.98385416667,"fraxtal-lend-crvUSD(s… (0x0Edf…)":44977.99354166666,"fraxtal-lend-crvUSD(s… (0x279A…)":67466.9903125,"fraxtal-lend-crvUSD(W… (0xa757…)":89955.98708333333,"fraxtal-scrvUSD+sfrxU… (0xaC5d…)":80734.60700546934,"fraxtal-WFRAX+cvxFXS (0x3a38…)":79534.29266780542,"frxETH+CVX (0x47D5…)":489474.0340605314,"frxUSD+sUSDS (0x81A2…)":561211.1798958314,"FXN+cvxFXN (0x1062…)":276133.49613071437,"FXS+cvxFXS (0x6a90…)":18061.990556535595,"msUSD+FRAXBP (0xc3b1…)":462724.6067015552,"pxETH+stETH (0x6951…)":137601.2000548722,"rETH+frxETH (0xe7c6…)":20684.858226992972,"reUSD+fxUSD (0xb0ef…)":221511.98818587087,"reUSD+scrvUSD (0xc522…)":3907305.351143374,"reUSD+sDOLA (0x48d6…)":222636.59693499078,"reUSD+sfrxUSD (0xed78…)":327345.74174555036,"sDOLA+alUSD (0x4606…)":368757.8083630065,"stETH+frxETH (0x4d9f…)":216717.71891244838,"STG+FRAXBP (0x867f…)":28008.169949660656,"USDC+jUSD (0x6A0c…)":170061.14219729122,"WETH+CVX (0xB576…)":3761985.4324549404,"WETH+frxETH (0x9c3B…)":213855.4637341423,"WETH+pxETH (0xC8Eb…)":137601.2000548722,"WETH+RSUP (0xEe35…)":1181587.8543999596},"bribes":[{"pool":"fraxtal-frxUSD+dUSD (0x9CA6…)","token":"FXS","gauge":"0x05600c37d54a4f3cdc76e0867af1530becc332ca","choice":569,"amount":294,"amountDollars":808.5,"maxPerVote":0,"recycled":false,"excluded":[]},{"pool":"COIL+FRAXBP (0xAF42…)","token":"FXS","gauge":"0x06b30d5f2341c2fb3f6b48b109685997022bd272","choice":123,"amount":161.05923068643997,"amountDollars":442.91288438770994,"maxPerVote":0,"recycled":false,"excluded":[]},{"pool":"fraxtal-WFRAX+cvxFXS (0x3a38…)","token":"CVX","gauge":"0x070ebc9f46d0a6a523d31eb4ae7901c56ad97ae2","choice":554,"amount":593.88,"amountDollars":2428.9692,"maxPerVote":0,"recycled":false,"excluded":[]},{"pool":"WETH+RSUP (0xEe35…)","token":"RSUP","gauge":"0x09f62a6777032329c0d49f1fd4fbe9b3468cda56","choice":379,"amount":33287.66,"amountDollars":37282.179200000006,"maxPerVote":0,"recycled":false,"excluded":[]},{"pool":"FXS+cvxFXS (0x6a90…)","token":"CVX","gauge":"0x0c58c509305a8a7fe9a6a60ceaac6185b96ecbb7","choice":152,"amount":147.98,"amountDollars":605.2381999999999,"maxPerVote":0,"recycled":false,"excluded":[]},{"pool":"sDOLA+alUSD (0x4606…)","token":"ALCX","gauge":"0x19f9266f349158b54a6d95dce79297df670f7f14","choice":345,"amount":1225,"amountDollars":12838,"maxPerVote":0,"recycled":false,"excluded":[]},{"pool":"ETH+frxETH (0xa1F8…)","token":"CRV","gauge":"0x2932a86df44fe8d2a706d8e9c5d51c24883423f5","choice":80,"amount":2686.18,"amountDollars":2354.56839282,"maxPerVote":0,"recycled":false,"excluded":[]},{"pool":"fraxtal-CRV+frxUSD (0x89b4…)","token":"FXS","gauge":"0x304c0564b897e6e72b040f0445ab1bdf391726fe","choice":574,"amount":294,"amountDollars":808.5,"maxPerVote":0,"recycled":false,"excluded":[]},{"pool":"alETH+frxETH (0xB657…)","token":"FXS","gauge":"0x415f30505368fa1db82feea02eb778be04e75907","choice":116,"amount":756.7071978448953,"amountDollars":2080.944794073462,"maxPerVote":0,"recycled":false,"excluded":[]},{"pool":"alETH+frxETH (0xB657…)","token":"ALCX","gauge":"0x415f30505368fa1db82feea02eb778be04e75907","choice":116,"amount":1764,"amountDollars":18486.72,"maxPerVote":0,"recycled":false,"excluded":[]},{"pool":"fraxtal-frxUSD+FXB202… (0xeE45…)","token":"FXS","gauge":"0x48100238c4a3cf44cfbf6c7693ed5c216881face","choice":557,"amount":2940,"amountDollars":8085,"maxPerVote":0,"recycled":false,"excluded":[]},{"pool":"WETH+frxETH (0x9c3B…)","token":"CRV","gauge":"0x4e21418095d32d15c6e2b96a9910772613a50d50","choice":167,"amount":8218.28,"amountDollars":7203.725115720001,"maxPerVote":0,"recycled":false,"excluded":[]},{"pool":"frxUSD+sUSDS (0x81A2…)","token":"FXS","gauge":"0x52618c40ddba3cbbb69f3aaa4cb26ae649844b17","choice":358,"amount":6402.34,"amountDollars":17606.435,"maxPerVote":0,"recycled":false,"excluded":[]},{"pool":"fraxtal-lend-crvUSD(s… (0x279A…)","token":"FXS","gauge":"0x541f57ab2032a042ce6b02fd435347fbae1f6d0a","choice":562,"amount":686,"amountDollars":1886.5,"maxPerVote":0,"recycled":false,"excluded":[]},{"pool":"pxETH+stETH (0x6951…)","token":"USDC","gauge":"0x58215f083882a5eb7056ac34a0fdda9d3b5665d2","choice":206,"amount":4782.4,"amountDollars":4781.567862399999,"maxPerVote":0,"recycled":false,"excluded":[]},{"pool":"fraxtal-frxUSD+sUSDe (0x8b4E…)","token":"FXS","gauge":"0x59005665c5060d3abee291a21de0375cf1bbed03","choice":556,"amount":490,"amountDollars":1347.5,"maxPerVote":0,"recycled":false,"excluded":[]},{"pool":"reUSD+sfrxUSD (0xed78…)","token":"RSUP","gauge":"0x5c0b03914f68f2717d779a0211fd98c2cc45a4dd","choice":378,"amount":9149.28,"amountDollars":10247.193600000002,"maxPerVote":0,"recycled":false,"excluded":[]},{"pool":"fraxtal-frxUSD+DAI (0x86d7…)","token":"FXS","gauge":"0x64100c172d5dc8007e3ee701ecd99468619b6583","choice":549,"amount":294,"amountDollars":808.5,"maxPerVote":0,"recycled":false,"excluded":[]},{"pool":"fraxtal-scrvUSD+sfrxU… (0xaC5d…)","token":"FXS","gauge":"0x660622adba5339e62d800be440d6d0c8c1838559","choice":568,"amount":980,"amountDollars":2695,"maxPerVote":0,"recycled":false,"excluded":[]},{"pool":"FXN+cvxFXN (0x1062…)","token":"CVX","gauge":"0x724476f141ed2de4da22ebdf435905def1118317","choice":188,"amount":2119.74,"amountDollars":8669.736599999998,"maxPerVote":0,"recycled":false,"excluded":[]},{"pool":"fraxtal-frxUSD+PYUSD (0x35c6…)","token":"FXS","gauge":"0x72bd89f2e3470fa5d188cf04eda17e8145eb4bf1","choice":550,"amount":294,"amountDollars":808.5,"maxPerVote":0,"recycled":false,"excluded":[]},{"pool":"alUSD+FRAXBP (0xB30d…)","token":"FXS","gauge":"0x740ba8aa0052e07b925908b380248cb03f3de5cb","choice":63,"amount":1117.6201176313612,"amountDollars":3073.4553234862433,"maxPerVote":0,"recycled":false,"excluded":[]},{"pool":"alUSD+FRAXBP (0xB30d…)","token":"ALCX","gauge":"0x740ba8aa0052e07b925908b380248cb03f3de5cb","choice":63,"amount":1568,"amountDollars":16432.64,"maxPerVote":0,"recycled":false,"excluded":[]},{"pool":"fraxtal-frxUSD+FXB202… (0x15d1…)","token":"FXS","gauge":"0x7506a3e213c362b9e21895c2bd930df454d46573","choice":575,"amount":735,"amountDollars":2021.25,"maxPerVote":0,"recycled":false,"excluded":[]},{"pool":"CVX+clevCVX (0xF907…)","token":"CVX","gauge":"0x7970489a543fb237abab63d62524d8a5ce165b86","choice":92,"amount":980,"amountDollars":4008.2,"maxPerVote":0,"recycled":false,"excluded":[]},{"pool":"fraxtal-frxUSD+FXB205… (0x4Cfc…)","token":"FXS","gauge":"0x7ba1e40dae22847e6c521ba297d40ff1c5fd97dd","choice":558,"amount":2450,"amountDollars":6737.5,"maxPerVote":0,"recycled":false,