{"curve":{"statusCode":200,"epoch":{"id":"votium-cvx-crv-109","platform":"votium","protocol":"cvx-crv","round":109,"proposal":"0x56c6fb87bef90a47e0bf39d9e5119d93679d53be85093dd09cca9365a86722f6","end":1762819200,"scoresTotal":23834694.717450738,"bribed":{"alETH+frxETH (0xB657…)":935986.3337437338,"alETH+WETH (0x8eFD…)":311711.9741866407,"alUSD+FRAXBP (0xB30d…)":656234.6271030258,"arbi-alUSD+USDC (0x7848…)":97412.87819659204,"COIL+FRAXBP (0xAF42…)":13115.013314771417,"CRV+cvxCRV (0x971a…)":2852282.3662056285,"CVX+clevCVX (0xF907…)":26032.457594678905,"DOLA+sUSDe (0x7447…)":321222.04449544114,"DOLA+wstUSR (0x6427…)":210162.27272564993,"FRAX+USDe (0x5dc1…)":2296471.448236411,"fraxtal-CRV+frxUSD (0x89b4…)":21302.77208521964,"fraxtal-crvUSD+frxUSD (0x63Eb…)":42618.42568499608,"fraxtal-frxETH+sfrxETH (0xF2f4…)":127881.04008410183,"fraxtal-frxUSD+dUSD (0x9CA6…)":21302.77208521964,"fraxtal-frxUSD+frxETH… (0xa0D3…)":31957.82399363181,"fraxtal-frxUSD+FXB202… (0x15d1…)":63934.07928477251,"fraxtal-frxUSD+FXB202… (0xeE45…)":170486.5842545411,"fraxtal-frxUSD+FXB205… (0x4Cfc…)":127881.04008410183,"fraxtal-frxUSD+sUSDe (0x8b4E…)":34102.11306700042,"fraxtal-frxUSD+USDe (0x1e19…)":42618.42568499608,"fraxtal-frxUSD+USDT (0xcAEF…)":31957.82399363181,"fraxtal-FXB20251231+F… (0x2421…)":31957.82399363181,"fraxtal-lend-crvUSD(s… (0x0Edf…)":42618.42568499608,"fraxtal-lend-crvUSD(s… (0x279A…)":42618.42568499608,"fraxtal-lend-crvUSD(W… (0xa757…)":21302.77208521964,"fraxtal-scrvUSD+sfrxU… (0xaC5d…)":42618.42568499608,"fraxtal-WFRAX+cvxFXS (0x3a38…)":38377.372062812145,"frxETH+CVX (0x47D5…)":286691.9156310693,"frxUSD+crvUSD (0x13e1…)":2336504.884823767,"frxUSD+sUSDS (0x81A2…)":268478.58227969153,"FXN+cvxFXN (0x1062…)":105247.98176036641,"FXS+cvxFXS (0x6a90…)":14188.063400825657,"lend-crvUSD(sreUSD) (0xC32B…)":455481.2740820696,"msUSD+FRAXBP (0xc3b1…)":204521.31766205613,"rETH+frxETH (0xe7c6…)":15460.415164783542,"reUSD+fxUSD (0xb0ef…)":150750.3220048788,"reUSD+scrvUSD (0xc522…)":1322528.8509609113,"reUSD+sDOLA (0x48d6…)":82848.07094133469,"reUSD+sfrxUSD (0xed78…)":146515.05186502138,"sDOLA+alUSD (0x4606…)":487079.0544461697,"sfrxUSD+frxUSD (0xF292…)":134258.61341168097,"stETH+frxETH (0x4d9f…)":412201.3945406132,"STG+FRAXBP (0x867f…)":34565.38623276051,"USDC+crvUSD (0x4DEc…)":1808388.4760502088,"USDC+jUSD (0x6A0c…)":16088.657291744134,"USDT+crvUSD (0x390f…)":1813178.8564704743,"WETH+CVX (0xB576…)":2710075.1367663336,"WETH+frxETH (0x9c3B…)":165710.2905032983,"WETH+RSUP (0xEe35…)":364475.81739360944},"bribes":[{"pool":"fraxtal-frxUSD+dUSD (0x9CA6…)","token":"WFRAX","gauge":"0x05600c37d54a4f3cdc76e0867af1530becc332ca","choice":606,"amount":490,"amountDollars":610.7918342431619,"maxPerVote":0,"recycled":false,"excluded":[]},{"pool":"COIL+FRAXBP (0xAF42…)","token":"FXS","gauge":"0x06b30d5f2341c2fb3f6b48b109685997022bd272","choice":123,"amount":303.17778257298403,"amountDollars":378.3387714429105,"maxPerVote":0,"recycled":false,"excluded":[]},{"pool":"fraxtal-WFRAX+cvxFXS (0x3a38…)","token":"CVX","gauge":"0x070ebc9f46d0a6a523d31eb4ae7901c56ad97ae2","choice":591,"amount":504.7,"amountDollars":1063.8313647657847,"maxPerVote":0,"recycled":false,"excluded":[]},{"pool":"WETH+RSUP (0xEe35…)","token":"RSUP","gauge":"0x09f62a6777032329c0d49f1fd4fbe9b3468cda56","choice":379,"amount":26038.6,"amountDollars":11534.891808697059,"maxPerVote":0,"recycled":false,"excluded":[]},{"pool":"FXS+cvxFXS (0x6a90…)","token":"CVX","gauge":"0x0c58c509305a8a7fe9a6a60ceaac6185b96ecbb7","choice":152,"amount":126.42,"amountDollars":266.4742641840509,"maxPerVote":0,"recycled":false,"excluded":[]},{"pool":"sDOLA+alUSD (0x4606…)","token":"ALCX","gauge":"0x19f9266f349158b54a6d95dce79297df670f7f14","choice":345,"amount":1225,"amountDollars":13076.301117865634,"maxPerVote":0,"recycled":false,"excluded":[]},{"pool":"frxUSD+crvUSD (0x13e1…)","token":"YB","gauge":"0x22804b0f6be741a9fa1bbaecdd6c8d4116e96944","choice":427,"amount":100814.89262848998,"amountDollars":51410.370903730494,"maxPerVote":0,"recycled":false,"excluded":[]},{"pool":"frxUSD+crvUSD (0x13e1…)","token":"WFRAX","gauge":"0x22804b0f6be741a9fa1bbaecdd6c8d4116e96944","choice":427,"amount":15433.04,"amountDollars":19237.49961132263,"maxPerVote":0,"recycled":false,"excluded":[]},{"pool":"lend-crvUSD(sreUSD) (0xC32B…)","token":"RSUP","gauge":"0x29e9975561fad3a7988ca96361ab5c5317cb32af","choice":442,"amount":30162.44,"amountDollars":13361.71998826037,"maxPerVote":0,"recycled":false,"excluded":[]},{"pool":"fraxtal-CRV+frxUSD (0x89b4…)","token":"WFRAX","gauge":"0x304c0564b897e6e72b040f0445ab1bdf391726fe","choice":611,"amount":490,"amountDollars":610.7918342431619,"maxPerVote":0,"recycled":false,"excluded":[]},{"pool":"alETH+frxETH (0xB657…)","token":"ALCX","gauge":"0x415f30505368fa1db82feea02eb778be04e75907","choice":116,"amount":2352,"amountDollars":25106.49814630202,"maxPerVote":0,"recycled":false,"excluded":[]},{"pool":"alETH+frxETH (0xB657…)","token":"FXS","gauge":"0x415f30505368fa1db82feea02eb778be04e75907","choice":116,"amount":1366.5892950547345,"amountDollars":1705.381280152268,"maxPerVote":0,"recycled":false,"excluded":[]},{"pool":"fraxtal-frxUSD+FXB202… (0xeE45…)","token":"WFRAX","gauge":"0x48100238c4a3cf44cfbf6c7693ed5c216881face","choice":594,"amount":3920,"amountDollars":4886.334673945295,"maxPerVote":0,"recycled":false,"excluded":[]},{"pool":"WETH+frxETH (0x9c3B…)","token":"WFRAX","gauge":"0x4e21418095d32d15c6e2b96a9910772613a50d50","choice":167,"amount":3810.24,"amountDollars":4749.517303074827,"maxPerVote":0,"recycled":false,"excluded":[]},{"pool":"USDT+crvUSD (0x390f…)","token":"YB","gauge":"0x4e6bb6b7447b7b2aa268c16ab87f4bb48bf57939","choice":133,"amount":100814.89262848998,"amountDollars":51410.370903730494,"maxPerVote":0,"recycled":false,"excluded":[]},{"pool":"frxUSD+sUSDS (0x81A2…)","token":"WFRAX","gauge":"0x52618c40ddba3cbbb69f3aaa4cb26ae649844b17","choice":358,"amount":6173.02,"amountDollars":7694.755527795355,"maxPerVote":0,"recycled":false,"excluded":[]},{"pool":"fraxtal-lend-crvUSD(s… (0x279A…)","token":"WFRAX","gauge":"0x541f57ab2032a042ce6b02fd435347fbae1f6d0a","choice":599,"amount":980,"amountDollars":1221.5836684863239,"maxPerVote":0,"recycled":false,"excluded":[]},{"pool":"fraxtal-frxUSD+sUSDe (0x8b4E…)","token":"WFRAX","gauge":"0x59005665c5060d3abee291a21de0375cf1bbed03","choice":593,"amount":784,"amountDollars":977.2669347890592,"maxPerVote":0,"recycled":false,"excluded":[]},{"pool":"reUSD+sfrxUSD (0xed78…)","token":"RSUP","gauge":"0x5c0b03914f68f2717d779a0211fd98c2cc45a4dd","choice":378,"amount":9702.98,"amountDollars":4298.342634471569,"maxPerVote":0,"recycled":false,"excluded":[]},{"pool":"fraxtal-scrvUSD+sfrxU… (0xaC5d…)","token":"WFRAX","gauge":"0x660622adba5339e62d800be440d6d0c8c1838559","choice":605,"amount":980,"amountDollars":1221.5836684863239,"maxPerVote":0,"recycled":false,"excluded":[]},{"pool":"FXN+cvxFXN (0x1062…)","token":"CVX","gauge":"0x724476f141ed2de4da22ebdf435905def1118317","choice":188,"amount":1469.02,"amountDollars":3096.4722636580805,"maxPerVote":0,"recycled":false,"excluded":[]},{"pool":"alUSD+FRAXBP (0xB30d…)","token":"ALCX","gauge":"0x740ba8aa0052e07b925908b380248cb03f3de5cb","choice":63,"amount":1568,"amountDollars":16737.66543086801,"maxPerVote":0,"recycled":false,"excluded":[]},{"pool":"alUSD+FRAXBP (0xB30d…)","token":"FXS","gauge":"0x740ba8aa0052e07b925908b380248cb03f3de5cb","choice":63,"amount":2560.9482689810347,"amountDollars":3195.834515287703,"maxPerVote":0,"recycled":false,"excluded":[]},{"pool":"fraxtal-frxUSD+FXB202… (0x15d1…)","token":"WFRAX","gauge":"0x7506a3e213c362b9e21895c2bd930df454d46573","choice":612,"amount":1470,"amountDollars":1832.3755027294858,"maxPerVote":0,"recycled":false,"excluded":[]},{"pool":"CVX+clevCVX (0xF907…)","token":"CVX","gauge":"0x7970489a543fb237abab63d62524d8a5ce165b86","choice":92,"amount":980,"amountDollars":2065.6919704189995,"maxPerVote":0,"recycled":false,"excluded":[]},{"pool":"fraxtal-frxUSD+FXB205… (0x4Cfc…)","token":"WFRAX",