{"curve":{"statusCode":200,"epoch":{"id":"votium-cvx-crv-109","platform":"votium","protocol":"cvx-crv","round":109,"proposal":"0x56c6fb87bef90a47e0bf39d9e5119d93679d53be85093dd09cca9365a86722f6","end":1762819200,"scoresTotal":23834694.717450738,"bribed":{"alETH+frxETH (0xB657…)":990379.8456640956,"alETH+WETH (0x8eFD…)":330319.2741029998,"alUSD+FRAXBP (0xB30d…)":692698.938714656,"arbi-alUSD+USDC (0x7848…)":103224.21344629445,"COIL+FRAXBP (0xAF42…)":13527.99052486027,"CRV+cvxCRV (0x971a…)":2864324.769688212,"FRAX+USDe (0x5dc1…)":2371270.0963534736,"fraxtal-CRV+frxUSD (0x89b4…)":21999.645147057658,"fraxtal-crvUSD+frxUSD (0x63Eb…)":44012.17496663998,"fraxtal-frxETH+sfrxETH (0xF2f4…)":132025.31558607888,"fraxtal-frxUSD+dUSD (0x9CA6…)":21999.645147057658,"fraxtal-frxUSD+frxETH… (0xa0D3…)":33012.35239311115,"fraxtal-frxUSD+FXB202… (0x15d1…)":66006.2154567771,"fraxtal-frxUSD+FXB202… (0xeE45…)":176024.60588019417,"fraxtal-frxUSD+FXB205… (0x4Cfc…)":132025.31558607888,"fraxtal-frxUSD+sUSDe (0x8b4E…)":35194.94850975582,"fraxtal-frxUSD+USDe (0x1e19…)":44012.17496663998,"fraxtal-frxUSD+USDT (0xcAEF…)":33012.35239311115,"fraxtal-FXB20251231+F… (0x2421…)":33012.35239311115,"fraxtal-lend-crvUSD(s… (0x0Edf…)":44012.17496663998,"fraxtal-lend-crvUSD(s… (0x279A…)":44012.17496663998,"fraxtal-lend-crvUSD(W… (0xa757…)":21999.645147057658,"fraxtal-scrvUSD+sfrxU… (0xaC5d…)":44012.17496663998,"fraxtal-WFRAX+cvxFXS (0x3a38…)":38929.06079828437,"frxETH+CVX (0x47D5…)":294413.2159350638,"frxUSD+crvUSD (0x13e1…)":2428077.9000297226,"frxUSD+sUSDS (0x81A2…)":277200.00050167774,"FXN+cvxFXN (0x1062…)":106986.426501023,"FXS+cvxFXS (0x6a90…)":14190.346611594749,"lend-crvUSD(sreUSD) (0xC32B…)":470400.74549059727,"msUSD+FRAXBP (0xc3b1…)":210867.56764891965,"rETH+frxETH (0xe7c6…)":15946.319277334289,"reUSD+fxUSD (0xb0ef…)":155691.9536714795,"reUSD+scrvUSD (0xc522…)":1365947.519993341,"reUSD+sDOLA (0x48d6…)":85564.07682979056,"reUSD+sfrxUSD (0xed78…)":151324.50749863678,"sDOLA+alUSD (0x4606…)":516135.6272626806,"sfrxUSD+frxUSD (0xF292…)":138628.57192434848,"stETH+frxETH (0x4d9f…)":425612.72790312994,"STG+FRAXBP (0x867f…)":35654.10768975964,"USDC+crvUSD (0x4DEc…)":1870707.0136973823,"USDC+jUSD (0x6A0c…)":16594.542585730196,"USDT+crvUSD (0x390f…)":1875670.5543170925,"WETH+CVX (0xB576…)":2719731.4177102395,"WETH+frxETH (0x9c3B…)":171097.5141318704,"WETH+RSUP (0xEe35…)":376438.01648727874},"bribes":[{"pool":"fraxtal-frxUSD+dUSD (0x9CA6…)","token":"WFRAX","gauge":"0x05600c37d54a4f3cdc76e0867af1530becc332ca","choice":606,"amount":490,"amountDollars":612.4315114129361,"maxPerVote":0,"recycled":false,"excluded":[]},{"pool":"COIL+FRAXBP (0xAF42…)","token":"FXS","gauge":"0x06b30d5f2341c2fb3f6b48b109685997022bd272","choice":123,"amount":303.17778257298403,"amountDollars":380.4984723297348,"maxPerVote":0,"recycled":false,"excluded":[]},{"pool":"fraxtal-WFRAX+cvxFXS (0x3a38…)","token":"CVX","gauge":"0x070ebc9f46d0a6a523d31eb4ae7901c56ad97ae2","choice":591,"amount":504.7,"amountDollars":1056.9534729634347,"maxPerVote":0,"recycled":false,"excluded":[]},{"pool":"WETH+RSUP (0xEe35…)","token":"RSUP","gauge":"0x09f62a6777032329c0d49f1fd4fbe9b3468cda56","choice":379,"amount":26038.6,"amountDollars":11404.330100870979,"maxPerVote":0,"recycled":false,"excluded":[]},{"pool":"FXS+cvxFXS (0x6a90…)","token":"CVX","gauge":"0x0c58c509305a8a7fe9a6a60ceaac6185b96ecbb7","choice":152,"amount":126.42,"amountDollars":264.7514524510351,"maxPerVote":0,"recycled":false,"excluded":[]},{"pool":"sDOLA+alUSD (0x4606…)","token":"ALCX","gauge":"0x19f9266f349158b54a6d95dce79297df670f7f14","choice":345,"amount":1225,"amountDollars":13693.176081089165,"maxPerVote":0,"recycled":false,"excluded":[]},{"pool":"frxUSD+crvUSD (0x13e1…)","token":"YB","gauge":"0x22804b0f6be741a9fa1bbaecdd6c8d4116e96944","choice":427,"amount":100814.89262848998,"amountDollars":51796.21772390883,"maxPerVote":0,"recycled":false,"excluded":[]},{"pool":"frxUSD+crvUSD (0x13e1…)","token":"WFRAX","gauge":"0x22804b0f6be741a9fa1bbaecdd6c8d4116e96944","choice":427,"amount":15433.04,"amountDollars":19289.142883461835,"maxPerVote":0,"recycled":false,"excluded":[]},{"pool":"lend-crvUSD(sreUSD) (0xC32B…)","token":"RSUP","gauge":"0x29e9975561fad3a7988ca96361ab5c5317cb32af","choice":442,"amount":30162.44,"amountDollars":13210.480686661911,"maxPerVote":0,"recycled":false,"excluded":[]},{"pool":"fraxtal-CRV+frxUSD (0x89b4…)","token":"WFRAX","gauge":"0x304c0564b897e6e72b040f0445ab1bdf391726fe","choice":611,"amount":490,"amountDollars":612.4315114129361,"maxPerVote":0,"recycled":false,"excluded":[]},{"pool":"alETH+frxETH (0xB657…)","token":"ALCX","gauge":"0x415f30505368fa1db82feea02eb778be04e75907","choice":116,"amount":2352,"amountDollars":26290.898075691195,"maxPerVote":0,"recycled":false,"excluded":[]},{"pool":"alETH+frxETH (0xB657…)","token":"FXS","gauge":"0x415f30505368fa1db82feea02eb778be04e75907","choice":116,"amount":1366.5892950547345,"amountDollars":1715.1162418879412,"maxPerVote":0,"recycled":false,"excluded":[]},{"pool":"fraxtal-frxUSD+FXB202… (0xeE45…)","token":"WFRAX","gauge":"0x48100238c4a3cf44cfbf6c7693ed5c216881face","choice":594,"amount":3920,"amountDollars":4899.4520913034885,"maxPerVote":0,"recycled":false,"excluded":[]},{"pool":"WETH+frxETH (0x9c3B…)","token":"WFRAX","gauge":"0x4e21418095d32d15c6e2b96a9910772613a50d50","choice":167,"amount":3810.24,"amountDollars":4762.26743274699,"maxPerVote":0,"recycled":false,"excluded":[]},{"pool":"USDT+crvUSD (0x390f…)","token":"YB","gauge":"0x4e6bb6b7447b7b2aa268c16ab87f4bb48bf57939","choice":133,"amount":100814.89262848998,"amountDollars":51796.21772390883,"maxPerVote":0,"recycled":false,"excluded":[]},{"pool":"frxUSD+sUSDS (0x81A2…)","token":"WFRAX","gauge":"0x52618c40ddba3cbbb69f3aaa4cb26ae649844b17","choice":358,"amount":6173.02,"amountDollars":7715.4121807801685,"maxPerVote":0,"recycled":false,"excluded":[]},{"pool":"fraxtal-lend-crvUSD(s… (0x279A…)","token":"WFRAX","gauge":"0x541f57ab2032a042ce6b02fd435347fbae1f6d0a","choice":599,"amount":980,"amountDollars":1224.8630228258721,"maxPerVote":0,"recycled":false,"excluded":[]},{"pool":"fraxtal-frxUSD+sUSDe (0x8b4E…)","token":"WFRAX","gauge":"0x59005665c5060d3abee291a21de0375cf1bbed03","choice":593,"amount":784,"amountDollars":979.8904182606976,"maxPerVote":0,"recycled":false,"excluded":[]},{"pool":"reUSD+sfrxUSD (0xed78…)","token":"RSUP","gauge":"0x5c0b03914f68f2717d779a0211fd98c2cc45a4dd","choice":378,"amount":9702.98,"amountDollars":4249.690339808941,"maxPerVote":0,"recycled":false,"excluded":[]},{"pool":"fraxtal-scrvUSD+sfrxU… (0xaC5d…)","token":"WFRAX","gauge":"0x660622adba5339e62d800be440d6d0c8c1838559","choice":605,"amount":980,"amountDollars":1224.8630228258721,"maxPerVote":0,"recycled":false,"excluded":[]},{"pool":"FXN+cvxFXN (0x1062…)","token":"CVX","gauge":"0x724476f141ed2de4da22ebdf435905def1118317","choice":188,"amount":1469.02,"amountDollars":3076.452924217842,"maxPerVote":0,"recycled":false,"excluded":[]},{"pool":"alUSD+FRAXBP (0xB30d…)","token":"ALCX","gauge":"0x740ba8aa0052e07b925908b380248cb03f3de5cb","choice":63,"amount":1568,"amountDollars":17527.26538379413,"maxPerVote":0,"recycled":false,"excluded":[]},{"pool":"alUSD+FRAXBP (0xB30d…)","token":"FXS","gauge":"0x740ba8aa0052e07b925908b380248cb03f3de5cb","choice":63,"amount":2560.9482689810347,"amountDollars":3214.077548140211,"maxPerVote":0,"recycled":false,"excluded":[]},{"pool":"fraxtal-frxUSD+FXB202… (0x15d1…)","token":"WFRAX","gauge":"0x7506a3e213c362b9e21895c2bd930df454d46573","choice":612,"amount":1470,"amountDollars":1837.294534238808,"maxPerVote":0,"recycled":false,"excluded":[]},{"pool":"fraxtal-frxUSD+FXB205… (0x4Cfc…)","token":"WFRAX","gauge":"0x7ba1e40dae22847e6c521ba297d40ff1c5fd97dd","choice":595,"amount":2940,"amountDollars":3674.589068477616,"maxPerVote":0,"recycled":false,"excluded":[]},{"pool":"WETH+CVX (0xB576…)","token":"CVX","gauge":"0x7e1444ba99dcdffe8fbdb42c02f0005d14f13be1","choice":33,"amount":11017.16,"amountDollars":23072.37076321346,"maxPerVote":0,"recycled":false,