{"statusCode":200,"epoch":{"id":"votium-cvx-crv-96","platform":"votium","protocol":"cvx-crv","round":96,"proposal":"0x8de4423aa66dfedf0faf7c29a9c433b7dfa62c86f229b02f330712e09bfb8122","end":1747094400,"scoresTotal":36653167.03190005,"bribed":{"alETH+frxETH (0xB657…)":798356.8483219736,"alETH+pxETH (0x30bf…)":45.93682291387826,"alETH+WETH (0x8eFD…)":322253.421652336,"alUSD+FRAXBP (0xB30d…)":827917.6782214075,"COIL+FRAXBP (0xAF42…)":64063.32511042656,"CRV+cvxCRV (0x971a…)":3669915.5981540657,"CVX+clevCVX (0xF907…)":114048.2322417968,"CVX+FRAXBP (0xBEc5…)":17681.16281008048,"DOLA+DBR+INV (0xC7DE…)":189624.13443506416,"DOLA+deUSD (0x6691…)":376078.62808907067,"DOLA+USR (0x38De…)":1030470.83741305,"ETH+frxETH (0xa1F8…)":77306.45688213325,"eUSD+FRAXBP (0xAEda…)":2987.6637122114207,"FRAX+USDe (0x5dc1…)":3366871.5671028867,"fraxtal-crvUSD+frxUSD (0x63Eb…)":45.93682291387826,"fraxtal-frxETH+sfrxETH (0xF2f4…)":26760.247187061555,"fraxtal-frxETH+SQUID (0x277F…)":45.93682291387826,"fraxtal-frxUSD+dUSD (0x9CA6…)":3257.368038439152,"fraxtal-frxUSD+frxETH… (0xa0D3…)":31738.198245043666,"fraxtal-frxUSD+FXB202… (0xeE45…)":75919.25892564791,"fraxtal-frxUSD+FXB205… (0x4Cfc…)":48445.01210394737,"fraxtal-frxUSD+USDe (0x1e19…)":45.93682291387826,"fraxtal-frxUSD+USDT (0xcAEF…)":3257.368038439152,"fraxtal-FXB20251231+F… (0x2421…)":32280.95871361935,"fraxtal-lend-crvUSD(s… (0x279A…)":45.93682291387826,"fraxtal-scrvUSD+sfrxU… (0xaC5d…)":45550.99226037304,"fraxtal-WFRAX+cvxFXS (0x3a38…)":114151.32368830693,"frxETH+CVX (0x47D5…)":633642.3630497786,"FXN+cvxFXN (0x1062…)":103272.6302959557,"FXS+cvxFXS (0x6a90…)":19453.71933544916,"lend-crvUSD(sDOLA) (0x992B…)":261074.554071358,"msETH+frxETH (0x2d60…)":12134.402140501195,"msUSD+FRAXBP (0xc3b1…)":386307.4518352433,"OHM+FRAXBP (0xFc1e…)":4711.179682886522,"pxETH+stETH (0x6951…)":117172.20745846638,"rETH+frxETH (0xe7c6…)":3033.600535125299,"reUSD+scrvUSD (0xc522…)":9023551.667111512,"reUSD+sDOLA (0x48d6…)":254718.3526921969,"reUSD+sfrxUSD (0xed78…)":734875.5670030365,"sDOLA+alUSD (0x4606…)":506454.69715906266,"stETH+frxETH (0x4d9f…)":220037.59901236184,"STG+FRAXBP (0x867f…)":24176.930635174635,"USDC+USDf (0x7231…)":2069639.520297844,"WETH+CVG (0x004C…)":38687.36659730417,"WETH+CVX (0xB576…)":1578638.1222626904,"WETH+frxETH (0x9c3B…)":235489.14792240624,"WETH+pxETH (0xC8Eb…)":131376.00371236663,"WETH+RSUP (0xEe35…)":2520811.1305118212},"bribes":[{"pool":"fraxtal-frxUSD+dUSD (0x9CA6…)","token":"FXS","gauge":"0x05600c37d54a4f3cdc76e0867af1530becc332ca","choice":566,"amount":245,"amountDollars":663.95,"maxPerVote":0,"recycled":false,"excluded":[]},{"pool":"COIL+FRAXBP (0xAF42…)","token":"FXS","gauge":"0x06b30d5f2341c2fb3f6b48b109685997022bd272","choice":124,"amount":94.78628671508838,"amountDollars":256.8708369978895,"maxPerVote":0,"recycled":false,"excluded":[]},{"pool":"COIL+FRAXBP (0xAF42…)","token":"CRV","gauge":"0x06b30d5f2341c2fb3f6b48b109685997022bd272","choice":124,"amount":21560,"amountDollars":16467.18304,"maxPerVote":0,"recycled":false,"excluded":[]},{"pool":"OHM+FRAXBP (0xFc1e…)","token":"FXS","gauge":"0x06f691180f643b35e3644a2296a4097e1f577d0d","choice":87,"amount":55.8568952165098,"amountDollars":151.37218603674154,"maxPerVote":0,"recycled":false,"excluded":[]},{"pool":"fraxtal-WFRAX+cvxFXS (0x3a38…)","token":"CVX","gauge":"0x070ebc9f46d0a6a523d31eb4ae7901c56ad97ae2","choice":550,"amount":665.42,"amountDollars":2209.1944,"maxPerVote":0,"recycled":false,"excluded":[]},{"pool":"WETH+RSUP (0xEe35…)","token":"RSUP","gauge":"0x09f62a6777032329c0d49f1fd4fbe9b3468cda56","choice":411,"amount":28169.12,"amountDollars":66760.8144,"maxPerVote":0,"recycled":false,"excluded":[]},{"pool":"FXS+cvxFXS (0x6a90…)","token":"CVX","gauge":"0x0c58c509305a8a7fe9a6a60ceaac6185b96ecbb7","choice":153,"amount":166.6,"amountDollars":553.112,"maxPerVote":0,"recycled":false,"excluded":[]},{"pool":"USDC+USDf (0x7231…)","token":"USDf","gauge":"0x156527def9a2ab4f54c849575f23dc4bb439d9d9","choice":423,"amount":49000,"amountDollars":48965.945,"maxPerVote":0,"recycled":false,"excluded":[]},{"pool":"WETH+CVG (0x004C…)","token":"crvUSD","gauge":"0x16a3a047fc1d388d5846a73acdb475b11228c299","choice":261,"amount":847.7,"amountDollars":847.5652157000001,"maxPerVote":0,"recycled":false,"excluded":[]},{"pool":"sDOLA+alUSD (0x4606…)","token":"ALCX","gauge":"0x19f9266f349158b54a6d95dce79297df670f7f14","choice":371,"amount":1225,"amountDollars":13597.5,"maxPerVote":0,"recycled":false,"excluded":[]},{"pool":"ETH+frxETH (0xa1F8…)","token":"CRV","gauge":"0x2932a86df44fe8d2a706d8e9c5d51c24883423f5","choice":81,"amount":3043.88,"amountDollars":2324.8668419200003,"maxPerVote":0,"recycled":false,"excluded":[]},{"pool":"alETH+frxETH (0xB657…)","token":"ALCX","gauge":"0x415f30505368fa1db82feea02eb778be04e75907","choice":117,"amount":1764,"amountDollars":19580.399999999998,"maxPerVote":0,"recycled":false,"excluded":[]},{"pool":"alETH+frxETH (0xB657…)","token":"FXS","gauge":"0x415f30505368fa1db82feea02eb778be04e75907","choice":117,"amount":608.7392979483922,"amountDollars":1649.6834974401427,"maxPerVote":0,"recycled":false,"excluded":[]},{"pool":"fraxtal-frxUSD+FXB202… (0xeE45…)","token":"FXS","gauge":"0x48100238c4a3cf44cfbf6c7693ed5c216881face","choice":553,"amount":2940,"amountDollars":7967.4,"maxPerVote":0,"recycled":false,"excluded":[]},{"pool":"alETH+pxETH (0x30bf…)","token":"DINERO","gauge":"0x4c5a449c6b81b800938efccdb41970e9cf9ec478","choice":344,"amount":34300,"amountDollars":805.755363,"maxPerVote":0,"recycled":false,"excluded":[]},{"pool":"WETH+frxETH (0x9c3B…)","token":"CRV","gauge":"0x4e21418095d32d15c6e2b96a9910772613a50d50","choice":168,"amount":9279.62,"amountDollars":7087.625282080001,"maxPerVote":0,"recycled":false,"excluded":[]},{"pool":"fraxtal-lend-crvUSD(s… (0x279A…)","token":"FXS","gauge":"0x541f57ab2032a042ce6b02fd435347fbae1f6d0a","choice":558,"amount":490,"amountDollars":1327.9,"maxPerVote":0,"recycled":false,"excluded":[]},{"pool":"pxETH+stETH (0x6951…)","token":"DINERO","gauge":"0x58215f083882a5eb7056ac34a0fdda9d3b5665d2","choice":209,"amount":735000,"amountDollars":17266.18635,"maxPerVote":0,"recycled":false,"excluded":[]},{"pool":"fraxtal-frxUSD+sUSDe (0x8b4E…)","token":"FXS","gauge":"0x59005665c5060d3abee291a21de0375cf1bbed03","choice":552,"amount":490,"amountDollars":1327.9,"maxPerVote":0,"recycled":false,"excluded":[]},{"pool":"reUSD+sfrxUSD (0xed78…)","token":"RSUP","gauge":"0x5c0b03914f68f2717d779a0211fd98c2cc45a4dd","choice":410,"amount":8275.12,"amountDollars":19612.034400000004,"maxPerVote":0,"recycled":false,"excluded":[]},{"pool":"DOLA+DBR+INV (0xC7DE…)","token":"INV","gauge":"0x5ccde4bec0f4006c3826b51edf0d227d12ea33fa","choice":203,"amount":294,"amountDollars":8611.26,"maxPerVote":0,"recycled":false,"excluded":[]},{"pool":"fraxtal-frxUSD+DAI (0x86d7…)","token":"FXS","gauge":"0x64100c172d5dc8007e3ee701ecd99468619b6583","choice":545,"amount":294,"amountDollars":796.74,"maxPerVote":0,"recycled":false,"excluded":[]},{"pool":"fraxtal-scrvUSD+sfrxU… (0xaC5d…)","token":"FXS","gauge":"0x660622adba5339e62d800be440d6d0c8c1838559","choice":565,"amount":1470,"amountDollars":3983.7,"maxPerVote":0,"recycled":false,"excluded":[]},{"pool":"fraxtal-pxETH+frxETH (0x827d…)","token":"FXS","gauge":"0x6b794c5e3188c2c8c1412dbf38fd70e9b20446a7","choice":557,"amount":147,"amountDollars":398.37,"maxPerVote":0,"recycled":false,"excluded":[]},{"pool":"FXN+cvxFXN (0x1062…)","token":"CVX","gauge":"0x724476f141ed2de4da22ebdf435905def1118317","choice":190,"amount":878.08,"amountDollars":2915.2256,"maxPerVote":0,"recycled":false,"excluded":[]},{"pool":"fraxtal-frxUSD+PYUSD (0x35c6…)","token":"FXS","gauge":"0x72bd89f2e3470fa5d188cf04eda17e8145eb4bf1","choice":546,"amount":245,"amountDollars":663.95,"maxPerVote":0,"recycled":false,"excluded":[]},{"pool":"alUSD+FRAXBP (0xB30d…)","token":"ALCX","gauge":"0x740ba8aa0052e07b925908b380248cb03f3de5cb","choice":64,"amount":1764,"amountDollars":19580.399999999998,"maxPerVote":0,"recycled":false,