{"curve":{"statusCode":200,"epoch":{"id":"votium-cvx-crv-97","platform":"votium","protocol":"cvx-crv","round":97,"proposal":"0x498b96c213eff0cfe12fe3e8f4f09936d2ed331b96cc005c16a14a46d89ab3da","end":1748304000,"scoresTotal":29860900.532440256,"bribed":{"alETH+frxETH (0xB657…)":649843.1917539217,"alETH+WETH (0x8eFD…)":267808.2993199751,"alUSD+FRAXBP (0xB30d…)":622082.7977557895,"COIL+FRAXBP (0xAF42…)":11462.453358592938,"CRV+cvxCRV (0x971a…)":3496763.23205717,"CVX+clevCVX (0xF907…)":114436.81474100721,"CVX+FRAXBP (0xBEc5…)":16306.902042307285,"ETH+frxETH (0xa1F8…)":64049.67172436305,"eUSD+FRAXBP (0xAEda…)":3506.9965544134375,"FRAX+USDe (0x5dc1…)":2340221.525668925,"fraxtal-CRV+frxUSD (0x89b4…)":48613.52837316492,"fraxtal-crvUSD+frxUSD (0x63Eb…)":50343.38671646304,"fraxtal-dUSD+sfrxUSD (0x5eCF…)":27779.38425787898,"fraxtal-frxETH+sfrxETH (0xF2f4…)":157694.64554612894,"fraxtal-frxETH+SQUID (0x277F…)":56364.89311413492,"fraxtal-frxUSD+DAI (0x86d7…)":33846.00368787608,"fraxtal-frxUSD+dUSD (0x9CA6…)":27779.38425787898,"fraxtal-frxUSD+frxETH… (0xa0D3…)":56364.89311413492,"fraxtal-frxUSD+FXB202… (0xeE45…)":310750.7166669638,"fraxtal-frxUSD+FXB205… (0x4Cfc…)":179452.52340633605,"fraxtal-frxUSD+PYUSD (0x35c6…)":22564.00245858406,"fraxtal-frxUSD+sUSDe (0x8b4E…)":45082.89188484289,"fraxtal-frxUSD+USDC (0xa8eB…)":27779.38425787898,"fraxtal-frxUSD+USDe (0x1e19…)":45082.89188484289,"fraxtal-frxUSD+USDT (0xcAEF…)":78928.89557271896,"fraxtal-FXB20251231+F… (0x2421…)":84950.40197039084,"fraxtal-lend-crvUSD(s… (0x0Edf…)":56364.89311413492,"fraxtal-lend-crvUSD(s… (0x279A…)":113581.023858972,"fraxtal-lend-crvUSD(W… (0xa757…)":56364.89311413492,"fraxtal-scrvUSD+sfrxU… (0xaC5d…)":125506.00408733195,"fraxtal-WFRAX+cvxFXS (0x3a38…)":92236.66686068557,"frxETH+CVX (0x47D5…)":625882.5885489469,"FXN+cvxFXN (0x1062…)":147191.71525079632,"FXS+cvxFXS (0x6a90…)":22133.59022065886,"msETH+frxETH (0x2d60…)":11417.340326267711,"msUSD+FRAXBP (0xc3b1…)":313580.6876926559,"OHM+FRAXBP (0xFc1e…)":6517.7497532493735,"rETH+frxETH (0xe7c6…)":3597.2226190638926,"reUSD+scrvUSD (0xc522…)":9944909.696993465,"reUSD+sDOLA (0x48d6…)":238834.2135996301,"reUSD+sfrxUSD (0xed78…)":390848.31351331255,"sDOLA+alUSD (0x4606…)":419419.01890611503,"stETH+frxETH (0x4d9f…)":212110.3816524645,"STG+FRAXBP (0x867f…)":30654.798359739238,"WETH+CVG (0x004C…)":38687.36659730417,"WETH+CVX (0xB576…)":1472267.6359474391,"WETH+frxETH (0x9c3B…)":184776.52916089253,"WETH+RSUP (0xEe35…)":2406912.139853317},"bribes":[{"pool":"fraxtal-frxUSD+dUSD (0x9CA6…)","token":"FXS","gauge":"0x05600c37d54a4f3cdc76e0867af1530becc332ca","choice":572,"amount":245,"amountDollars":786.45,"maxPerVote":0,"recycled":false,"excluded":[]},{"pool":"COIL+FRAXBP (0xAF42…)","token":"FXS","gauge":"0x06b30d5f2341c2fb3f6b48b109685997022bd272","choice":124,"amount":101.61884546914496,"amountDollars":326.1964939559553,"maxPerVote":0,"recycled":false,"excluded":[]},{"pool":"OHM+FRAXBP (0xFc1e…)","token":"FXS","gauge":"0x06f691180f643b35e3644a2296a4097e1f577d0d","choice":87,"amount":56.93113666488478,"amountDollars":182.74894869428016,"maxPerVote":0,"recycled":false,"excluded":[]},{"pool":"fraxtal-WFRAX+cvxFXS (0x3a38…)","token":"CVX","gauge":"0x070ebc9f46d0a6a523d31eb4ae7901c56ad97ae2","choice":556,"amount":801.64,"amountDollars":2605.33,"maxPerVote":0,"recycled":false,"excluded":[]},{"pool":"WETH+RSUP (0xEe35…)","token":"RSUP","gauge":"0x09f62a6777032329c0d49f1fd4fbe9b3468cda56","choice":411,"amount":28367.08,"amountDollars":69499.346,"maxPerVote":0,"recycled":false,"excluded":[]},{"pool":"FXS+cvxFXS (0x6a90…)","token":"CVX","gauge":"0x0c58c509305a8a7fe9a6a60ceaac6185b96ecbb7","choice":153,"amount":200.9,"amountDollars":652.9250000000001,"maxPerVote":0,"recycled":false,"excluded":[]},{"pool":"WETH+CVG (0x004C…)","token":"crvUSD","gauge":"0x16a3a047fc1d388d5846a73acdb475b11228c299","choice":261,"amount":833,"amountDollars":832.853392,"maxPerVote":0,"recycled":false,"excluded":[]},{"pool":"sDOLA+alUSD (0x4606…)","token":"ALCX","gauge":"0x19f9266f349158b54a6d95dce79297df670f7f14","choice":371,"amount":1225,"amountDollars":11870.25,"maxPerVote":0,"recycled":false,"excluded":[]},{"pool":"ETH+frxETH (0xa1F8…)","token":"CRV","gauge":"0x2932a86df44fe8d2a706d8e9c5d51c24883423f5","choice":81,"amount":2321.62,"amountDollars":1793.7811200400001,"maxPerVote":0,"recycled":false,"excluded":[]},{"pool":"fraxtal-CRV+frxUSD (0x89b4…)","token":"FXS","gauge":"0x304c0564b897e6e72b040f0445ab1bdf391726fe","choice":576,"amount":245,"amountDollars":786.45,"maxPerVote":0,"recycled":false,"excluded":[]},{"pool":"fraxtal-CRV+frxUSD (0x89b4…)","token":"FXS","gauge":"0x304c0564b897e6e72b040f0445ab1bdf391726fe","choice":576,"amount":245,"amountDollars":786.45,"maxPerVote":0,"recycled":false,"excluded":[]},{"pool":"alETH+frxETH (0xB657…)","token":"ALCX","gauge":"0x415f30505368fa1db82feea02eb778be04e75907","choice":117,"amount":1764,"amountDollars":17093.16,"maxPerVote":0,"recycled":false,"excluded":[]},{"pool":"alETH+frxETH (0xB657…)","token":"FXS","gauge":"0x415f30505368fa1db82feea02eb778be04e75907","choice":117,"amount":550.0623309345273,"amountDollars":1765.7000822998325,"maxPerVote":0,"recycled":false,"excluded":[]},{"pool":"fraxtal-frxUSD+FXB202… (0xeE45…)","token":"FXS","gauge":"0x48100238c4a3cf44cfbf6c7693ed5c216881face","choice":559,"amount":2940,"amountDollars":9437.4,"maxPerVote":0,"recycled":false,"excluded":[]},{"pool":"WETH+frxETH (0x9c3B…)","token":"CRV","gauge":"0x4e21418095d32d15c6e2b96a9910772613a50d50","choice":168,"amount":7773.36,"amountDollars":6006.02441712,"maxPerVote":0,"recycled":false,"excluded":[]},{"pool":"fraxtal-lend-crvUSD(s… (0x279A…)","token":"FXS","gauge":"0x541f57ab2032a042ce6b02fd435347fbae1f6d0a","choice":564,"amount":980,"amountDollars":3145.8,"maxPerVote":0,"recycled":false,"excluded":[]},{"pool":"fraxtal-frxUSD+sUSDe (0x8b4E…)","token":"FXS","gauge":"0x59005665c5060d3abee291a21de0375cf1bbed03","choice":558,"amount":392,"amountDollars":1258.32,"maxPerVote":0,"recycled":false,"excluded":[]},{"pool":"reUSD+sfrxUSD (0xed78…)","token":"RSUP","gauge":"0x5c0b03914f68f2717d779a0211fd98c2cc45a4dd","choice":410,"amount":4628.54,"amountDollars":11339.923,"maxPerVote":0,"recycled":false,"excluded":[]},{"pool":"DOLA+DBR+INV (0xC7DE…)","token":"INV","gauge":"0x5ccde4bec0f4006c3826b51edf0d227d12ea33fa","choice":203,"amount":294,"amountDollars":8426.04,"maxPerVote":0,"recycled":false,"excluded":[]},{"pool":"fraxtal-frxUSD+DAI (0x86d7…)","token":"FXS","gauge":"0x64100c172d5dc8007e3ee701ecd99468619b6583","choice":551,"amount":294,"amountDollars":943.74,"maxPerVote":0,"recycled":false,"excluded":[]},{"pool":"fraxtal-scrvUSD+sfrxU… (0xaC5d…)","token":"FXS","gauge":"0x660622adba5339e62d800be440d6d0c8c1838559","choice":571,"amount":1176,"amountDollars":3774.96,"maxPerVote":0,"recycled":false,"excluded":[]},{"pool":"FXN+cvxFXN (0x1062…)","token":"CVX","gauge":"0x724476f141ed2de4da22ebdf435905def1118317","choice":190,"amount":1259.3,"amountDollars":4092.725,"maxPerVote":0,"recycled":false,"excluded":[]},{"pool":"fraxtal-frxUSD+PYUSD (0x35c6…)","token":"FXS","gauge":"0x72bd89f2e3470fa5d188cf04eda17e8145eb4bf1","choice":552,"amount":196,"amountDollars":629.16,"maxPerVote":0,"recycled":false,"excluded":[]},{"pool":"alUSD+FRAXBP (0xB30d…)","token":"ALCX","gauge":"0x740ba8aa0052e07b925908b380248cb03f3de5cb","choice":64,"amount":1764,"amountDollars":17093.16,"maxPerVote":0,"recycled":false,"excluded":[]},{"pool":"alUSD+FRAXBP (0xB30d…)","token":"FXS","gauge":"0x740ba8aa0052e07b925908b380248cb03f3de5cb","choice":64,"amount":812.1614897124558,"amountDollars":2607.038381976983,"maxPerVote":0,"recycled":false,"excluded":[]},{"pool":"CVX+clevCVX (0xF907…)","token":"CVX","gauge":"0x7970489a543fb237abab63d62524d8a5ce165b86","choice":93,"amount":980,"amountDollars":3185,"maxPerVote":0,"recycled":false,"excluded":[]},{"pool":"fraxtal-frxUSD+FXB205… (0x4Cfc…)","token":"FXS","gauge":"0x7ba1e40dae22847e6c521ba297d40ff1c5fd97dd","choice":560,"amount":1666,"amountDollars":5347.86,