{"curve":{"statusCode":200,"epoch":{"id":"votium-cvx-crv-99","platform":"votium","protocol":"cvx-crv","round":99,"proposal":"0xf7256c63e4a6473321a5e4cfd43d414568cb3fd67cfee6722a0941eb71d89809","end":1750723200,"scoresTotal":36892267.83524875,"bribed":{"alETH+frxETH (0xB657…)":512779.1658240759,"alETH+WETH (0x8eFD…)":214324.0859138305,"alUSD+FRAXBP (0xB30d…)":459982.9601659855,"arbi-alUSD+USDC (0x7848…)":66972.72394333745,"COIL+FRAXBP (0xAF42…)":298834.67108533613,"CRV+cvxCRV (0x971a…)":2517334.930231728,"CVX+clevCVX (0xF907…)":97499.66277442609,"DOLA+DBR+INV (0xC7DE…)":335914.95974892,"DOLA+deUSD (0x6691…)":279915.7219104919,"DOLA+sUSDe (0x7447…)":2782877.835493409,"DOLA+sUSDS (0x8b83…)":1229465.1935307914,"DOLA+USR (0x38De…)":2797512.957039536,"ETH+frxETH (0xa1F8…)":71302.50153234381,"eUSD+FRAXBP (0xAEda…)":38.18474590693131,"FRAX+USDe (0x5dc1…)":1499925.9087499767,"fraxtal-CRV+frxUSD (0x89b4…)":38.18474590693131,"fraxtal-crvUSD+frxUSD (0x63Eb…)":38.18474590693131,"fraxtal-dUSD+sfrxUSD (0x5eCF…)":38.18474590693131,"fraxtal-frxETH+sfrxETH (0xF2f4…)":96948.9711104167,"fraxtal-frxETH+SQUID (0x277F…)":62277.22182692308,"fraxtal-frxUSD+DAI (0x86d7…)":38.18474590693131,"fraxtal-frxUSD+dUSD (0x9CA6…)":62277.22182692308,"fraxtal-frxUSD+frxETH… (0xa0D3…)":68577.70490156674,"fraxtal-frxUSD+FXB202… (0xeE45…)":204412.17517630247,"fraxtal-frxUSD+FXB205… (0x4Cfc…)":250357.65483884,"fraxtal-frxUSD+PYUSD (0x35c6…)":62277.22182692308,"fraxtal-frxUSD+sUSDe (0x8b4E…)":83036.29576923077,"fraxtal-frxUSD+USDC (0xa8eB…)":62277.22182692308,"fraxtal-frxUSD+USDe (0x1e19…)":68577.70490156674,"fraxtal-frxUSD+USDT (0xcAEF…)":70792.42016416877,"fraxtal-FXB20251231+F… (0x2421…)":124554.44365384616,"fraxtal-lend-crvUSD(s… (0x0Edf…)":38.18474590693131,"fraxtal-lend-crvUSD(s… (0x279A…)":18111.234196235433,"fraxtal-lend-crvUSD(W… (0xa757…)":124554.44365384616,"fraxtal-scrvUSD+sfrxU… (0xaC5d…)":19829.547762047343,"fraxtal-WFRAX+cvxFXS (0x3a38…)":58581.56303908952,"frxETH+CVX (0x47D5…)":425972.9405283548,"FXN+cvxFXN (0x1062…)":200593.21949262894,"FXS+cvxFXS (0x6a90…)":34127.454909054984,"msETH+frxETH (0x2d60…)":38.18474590693131,"msUSD+FRAXBP (0xc3b1…)":415064.9971714864,"OHM+FRAXBP (0xFc1e…)":38.18474590693131,"pxETH+stETH (0x6951…)":507070.6395511113,"rETH+frxETH (0xe7c6…)":38.18474590693131,"reUSD+fxUSD (0xb0ef…)":144439.78847140426,"reUSD+scrvUSD (0xc522…)":7411000.1860601185,"reUSD+sDOLA (0x48d6…)":352810.70711149956,"reUSD+sfrxUSD (0xed78…)":704559.3216921452,"sDOLA+alUSD (0x4606…)":334881.10487685236,"stETH+frxETH (0x4d9f…)":233807.5177463011,"STG+FRAXBP (0x867f…)":38.18474590693131,"USDC+jUSD (0x6A0c…)":19278.449992504753,"WETH+CVX (0xB576…)":1150879.794930024,"WETH+frxETH (0x9c3B…)":217616.86511816477,"WETH+pxETH (0xC8Eb…)":507070.6395511113,"WETH+RSUP (0xEe35…)":2079677.4079454818},"bribes":[{"pool":"fraxtal-frxUSD+dUSD (0x9CA6…)","token":"FXS","gauge":"0x05600c37d54a4f3cdc76e0867af1530becc332ca","choice":569,"amount":245,"amountDollars":541.45,"maxPerVote":0,"recycled":false,"excluded":[]},{"pool":"COIL+FRAXBP (0xAF42…)","token":"FXS","gauge":"0x06b30d5f2341c2fb3f6b48b109685997022bd272","choice":123,"amount":169.59996080549203,"amountDollars":374.8159133801374,"maxPerVote":0,"recycled":false,"excluded":[]},{"pool":"OHM+FRAXBP (0xFc1e…)","token":"FXS","gauge":"0x06f691180f643b35e3644a2296a4097e1f577d0d","choice":86,"amount":94.4738685533619,"amountDollars":208.7872495029298,"maxPerVote":0,"recycled":false,"excluded":[]},{"pool":"fraxtal-WFRAX+cvxFXS (0x3a38…)","token":"CVX","gauge":"0x070ebc9f46d0a6a523d31eb4ae7901c56ad97ae2","choice":553,"amount":587.02,"amountDollars":1367.7566,"maxPerVote":0,"recycled":false,"excluded":[]},{"pool":"WETH+RSUP (0xEe35…)","token":"RSUP","gauge":"0x09f62a6777032329c0d49f1fd4fbe9b3468cda56","choice":388,"amount":28767.9,"amountDollars":48330.072,"maxPerVote":0,"recycled":false,"excluded":[]},{"pool":"FXS+cvxFXS (0x6a90…)","token":"CVX","gauge":"0x0c58c509305a8a7fe9a6a60ceaac6185b96ecbb7","choice":152,"amount":147,"amountDollars":342.51,"maxPerVote":0,"recycled":false,"excluded":[]},{"pool":"sDOLA+alUSD (0x4606…)","token":"ALCX","gauge":"0x19f9266f349158b54a6d95dce79297df670f7f14","choice":351,"amount":1225,"amountDollars":8587.25,"maxPerVote":0,"recycled":false,"excluded":[]},{"pool":"ETH+frxETH (0xa1F8…)","token":"CRV","gauge":"0x2932a86df44fe8d2a706d8e9c5d51c24883423f5","choice":80,"amount":3482.92,"amountDollars":1786.80413548,"maxPerVote":0,"recycled":false,"excluded":[]},{"pool":"fraxtal-CRV+frxUSD (0x89b4…)","token":"FXS","gauge":"0x304c0564b897e6e72b040f0445ab1bdf391726fe","choice":574,"amount":245,"amountDollars":541.45,"maxPerVote":0,"recycled":false,"excluded":[]},{"pool":"alETH+frxETH (0xB657…)","token":"ALCX","gauge":"0x415f30505368fa1db82feea02eb778be04e75907","choice":116,"amount":1764,"amountDollars":12365.64,"maxPerVote":0,"recycled":false,"excluded":[]},{"pool":"alETH+frxETH (0xB657…)","token":"FXS","gauge":"0x415f30505368fa1db82feea02eb778be04e75907","choice":116,"amount":722.8230251200996,"amountDollars":1597.43888551542,"maxPerVote":0,"recycled":false,"excluded":[]},{"pool":"fraxtal-frxUSD+FXB202… (0xeE45…)","token":"FXS","gauge":"0x48100238c4a3cf44cfbf6c7693ed5c216881face","choice":556,"amount":3920,"amountDollars":8663.2,"maxPerVote":0,"recycled":false,"excluded":[]},{"pool":"WETH+frxETH (0x9c3B…)","token":"CRV","gauge":"0x4e21418095d32d15c6e2b96a9910772613a50d50","choice":167,"amount":11067.14,"amountDollars":5677.65309566,"maxPerVote":0,"recycled":false,"excluded":[]},{"pool":"fraxtal-lend-crvUSD(s… (0x279A…)","token":"FXS","gauge":"0x541f57ab2032a042ce6b02fd435347fbae1f6d0a","choice":561,"amount":980,"amountDollars":2165.8,"maxPerVote":0,"recycled":false,"excluded":[]},{"pool":"pxETH+stETH (0x6951…)","token":"DAI","gauge":"0x58215f083882a5eb7056ac34a0fdda9d3b5665d2","choice":207,"amount":13720,"amountDollars":13720,"maxPerVote":0,"recycled":false,"excluded":[]},{"pool":"fraxtal-frxUSD+sUSDe (0x8b4E…)","token":"FXS","gauge":"0x59005665c5060d3abee291a21de0375cf1bbed03","choice":555,"amount":490,"amountDollars":1082.9,"maxPerVote":0,"recycled":false,"excluded":[]},{"pool":"reUSD+sfrxUSD (0xed78…)","token":"RSUP","gauge":"0x5c0b03914f68f2717d779a0211fd98c2cc45a4dd","choice":387,"amount":7665.56,"amountDollars":12878.140800000001,"maxPerVote":0,"recycled":false,"excluded":[]},{"pool":"DOLA+DBR+INV (0xC7DE…)","token":"INV","gauge":"0x5ccde4bec0f4006c3826b51edf0d227d12ea33fa","choice":202,"amount":294,"amountDollars":7896.84,"maxPerVote":0,"recycled":false,"excluded":[]},{"pool":"fraxtal-frxUSD+DAI (0x86d7…)","token":"FXS","gauge":"0x64100c172d5dc8007e3ee701ecd99468619b6583","choice":548,"amount":294,"amountDollars":649.74,"maxPerVote":0,"recycled":false,"excluded":[]},{"pool":"fraxtal-scrvUSD+sfrxU… (0xaC5d…)","token":"FXS","gauge":"0x660622adba5339e62d800be440d6d0c8c1838559","choice":568,"amount":1176,"amountDollars":2598.96,"maxPerVote":0,"recycled":false,"excluded":[]},{"pool":"FXN+cvxFXN (0x1062…)","token":"CVX","gauge":"0x724476f141ed2de4da22ebdf435905def1118317","choice":189,"amount":2006.06,"amountDollars":4674.1198,"maxPerVote":0,"recycled":false,"excluded":[]},{"pool":"fraxtal-frxUSD+PYUSD (0x35c6…)","token":"FXS","gauge":"0x72bd89f2e3470fa5d188cf04eda17e8145eb4bf1","choice":549,"amount":196,"amountDollars":433.15999999999997,"maxPerVote":0,"recycled":false,"excluded":[]},{"pool":"alUSD+FRAXBP (0xB30d…)","token":"ALCX","gauge":"0x740ba8aa0052e07b925908b380248cb03f3de5cb","choice":63,"amount":1568,"amountDollars":10991.68,"maxPerVote":0,"recycled":false,"excluded":[]},{"pool":"alUSD+FRAXBP (0xB30d…)","token":"FXS","gauge":"0x740ba8aa0052e07b925908b380248cb03f3de5cb","choice":63,"amount":1218.2772199444655,"amountDollars":2692.392656077269,"maxPerVote":0,"recycled":false,"excluded":[]},{"pool":"CVX+clevCVX (0xF907…)","token":"CVX","gauge":"0x7970489a543fb237abab63d62524d8a5ce165b86","choice":92,"amount":980,"amountDollars":2283.4,"maxPerVote":0,"recycled":false,