{"curve":{"statusCode":200,"epoch":{"id":"votium-cvx-crv-97","platform":"votium","protocol":"cvx-crv","round":97,"proposal":"0x498b96c213eff0cfe12fe3e8f4f09936d2ed331b96cc005c16a14a46d89ab3da","end":1748304000,"scoresTotal":37723899.07207757,"bribed":{"alETH+frxETH (0xB657…)":653751.6975315925,"alETH+pxETH (0x30bf…)":25231.163020689783,"alETH+WETH (0x8eFD…)":261341.9616925192,"alUSD+FRAXBP (0xB30d…)":686296.0061642278,"COIL+FRAXBP (0xAF42…)":414292.9396551311,"CRV+cvxCRV (0x971a…)":3932453.4340611133,"CVX+afCVX (0x7956…)":109164.26945755696,"CVX+clevCVX (0xF907…)":108378.62222551167,"CVX+FRAXBP (0xBEc5…)":15688.482346144427,"DOLA+DBR+INV (0xC7DE…)":293305.4723902914,"DOLA+deUSD (0x6691…)":537086.2471256098,"DOLA+USR (0x38De…)":2348513.827742431,"ETH+frxETH (0xa1F8…)":60172.377731027875,"eUSD+FRAXBP (0xAEda…)":3447.1300877002013,"FRAX+USDe (0x5dc1…)":2818184.9655344803,"fraxtal-CRV+frxUSD (0x89b4…)":57420.238880088116,"fraxtal-crvUSD+frxUSD (0x63Eb…)":51518.465415842715,"fraxtal-dUSD+sfrxUSD (0x5eCF…)":27956.484591186345,"fraxtal-frxETH+sfrxETH (0xF2f4…)":175228.3847928336,"fraxtal-frxETH+SQUID (0x277F…)":57420.238880088116,"fraxtal-frxUSD+DAI (0x86d7…)":33858.25805543175,"fraxtal-frxUSD+dUSD (0x9CA6…)":28262.9658975028,"fraxtal-frxUSD+frxETH… (0xa0D3…)":57420.238880088116,"fraxtal-frxUSD+FXB202… (0xeE45…)":349998.8291195643,"fraxtal-frxUSD+FXB205… (0x4Cfc…)":197912.57789477293,"fraxtal-frxUSD+PYUSD (0x35c6…)":22054.711126940947,"fraxtal-frxUSD+sUSDe (0x8b4E…)":45661.80498392254,"fraxtal-frxUSD+USDC (0xa8eB…)":27956.484591186345,"fraxtal-frxUSD+USDe (0x1e19…)":45661.80498392254,"fraxtal-frxUSD+USDT (0xcAEF…)":81027.33273706971,"fraxtal-FXB20251231+F… (0x2421…)":86604.00505507836,"fraxtal-lend-crvUSD(s… (0x0Edf…)":57420.238880088116,"fraxtal-lend-crvUSD(s… (0x279A…)":116347.74745789164,"fraxtal-lend-crvUSD(W… (0xa757…)":57420.238880088116,"fraxtal-scrvUSD+sfrxU… (0xaC5d…)":139507.687772332,"fraxtal-WFRAX+cvxFXS (0x3a38…)":88284.99756657961,"frxETH+CVX (0x47D5…)":628750.9559654184,"FXN+cvxFXN (0x1062…)":139628.87276342884,"FXS+cvxFXS (0x6a90…)":22026.695325956567,"lend-crvUSD(sDOLA) (0x992B…)":390892.7297763082,"msETH+frxETH (0x2d60…)":11140.13814428354,"msUSD+FRAXBP (0xc3b1…)":343107.62169124134,"OHM+FRAXBP (0xFc1e…)":5509.042873989507,"pxETH+stETH (0x6951…)":474589.6606273636,"rETH+frxETH (0xe7c6…)":3537.356152350656,"reUSD+scrvUSD (0xc522…)":8955839.245830532,"reUSD+sDOLA (0x48d6…)":239014.4295472091,"reUSD+sfrxUSD (0xed78…)":390239.0592959011,"sDOLA+alUSD (0x4606…)":408069.98048181273,"stETH+frxETH (0x4d9f…)":223795.61635684865,"STG+FRAXBP (0x867f…)":30726.919194008136,"WETH+CVG (0x004C…)":38687.36659730417,"WETH+CVX (0xB576…)":1581464.8074996963,"WETH+frxETH (0x9c3B…)":203731.51640113452,"WETH+pxETH (0xC8Eb…)":474589.6606273636,"WETH+RSUP (0xEe35…)":2395983.2474124916},"bribes":[{"pool":"fraxtal-frxUSD+dUSD (0x9CA6…)","token":"FXS","gauge":"0x05600c37d54a4f3cdc76e0867af1530becc332ca","choice":572,"amount":245,"amountDollars":842.8,"maxPerVote":0,"recycled":false,"excluded":[]},{"pool":"COIL+FRAXBP (0xAF42…)","token":"FXS","gauge":"0x06b30d5f2341c2fb3f6b48b109685997022bd272","choice":124,"amount":101.61884546914496,"amountDollars":349.5688284138586,"maxPerVote":0,"recycled":false,"excluded":[]},{"pool":"OHM+FRAXBP (0xFc1e…)","token":"FXS","gauge":"0x06f691180f643b35e3644a2296a4097e1f577d0d","choice":87,"amount":56.93113666488478,"amountDollars":195.84311012720366,"maxPerVote":0,"recycled":false,"excluded":[]},{"pool":"fraxtal-WFRAX+cvxFXS (0x3a38…)","token":"CVX","gauge":"0x070ebc9f46d0a6a523d31eb4ae7901c56ad97ae2","choice":556,"amount":801.64,"amountDollars":2573.2644,"maxPerVote":0,"recycled":false,"excluded":[]},{"pool":"WETH+RSUP (0xEe35…)","token":"RSUP","gauge":"0x09f62a6777032329c0d49f1fd4fbe9b3468cda56","choice":411,"amount":28367.08,"amountDollars":68932.0044,"maxPerVote":0,"recycled":false,"excluded":[]},{"pool":"FXS+cvxFXS (0x6a90…)","token":"CVX","gauge":"0x0c58c509305a8a7fe9a6a60ceaac6185b96ecbb7","choice":153,"amount":200.9,"amountDollars":644.889,"maxPerVote":0,"recycled":false,"excluded":[]},{"pool":"WETH+CVG (0x004C…)","token":"crvUSD","gauge":"0x16a3a047fc1d388d5846a73acdb475b11228c299","choice":261,"amount":833,"amountDollars":832.955018,"maxPerVote":0,"recycled":false,"excluded":[]},{"pool":"sDOLA+alUSD (0x4606…)","token":"ALCX","gauge":"0x19f9266f349158b54a6d95dce79297df670f7f14","choice":371,"amount":1225,"amountDollars":11772.25,"maxPerVote":0,"recycled":false,"excluded":[]},{"pool":"ETH+frxETH (0xa1F8…)","token":"CRV","gauge":"0x2932a86df44fe8d2a706d8e9c5d51c24883423f5","choice":81,"amount":2321.62,"amountDollars":1758.6364364799997,"maxPerVote":0,"recycled":false,"excluded":[]},{"pool":"fraxtal-CRV+frxUSD (0x89b4…)","token":"FXS","gauge":"0x304c0564b897e6e72b040f0445ab1bdf391726fe","choice":576,"amount":245,"amountDollars":842.8,"maxPerVote":0,"recycled":false,"excluded":[]},{"pool":"fraxtal-CRV+frxUSD (0x89b4…)","token":"FXS","gauge":"0x304c0564b897e6e72b040f0445ab1bdf391726fe","choice":576,"amount":245,"amountDollars":842.8,"maxPerVote":0,"recycled":false,"excluded":[]},{"pool":"alETH+frxETH (0xB657…)","token":"ALCX","gauge":"0x415f30505368fa1db82feea02eb778be04e75907","choice":117,"amount":1764,"amountDollars":16952.039999999997,"maxPerVote":0,"recycled":false,"excluded":[]},{"pool":"alETH+frxETH (0xB657…)","token":"FXS","gauge":"0x415f30505368fa1db82feea02eb778be04e75907","choice":117,"amount":550.0623309345273,"amountDollars":1892.2144184147737,"maxPerVote":0,"recycled":false,"excluded":[]},{"pool":"fraxtal-frxUSD+FXB202… (0xeE45…)","token":"FXS","gauge":"0x48100238c4a3cf44cfbf6c7693ed5c216881face","choice":559,"amount":2940,"amountDollars":10113.6,"maxPerVote":0,"recycled":false,"excluded":[]},{"pool":"alETH+pxETH (0x30bf…)","token":"DINERO","gauge":"0x4c5a449c6b81b800938efccdb41970e9cf9ec478","choice":344,"amount":53900,"amountDollars":751.84571,"maxPerVote":0,"recycled":false,"excluded":[]},{"pool":"WETH+frxETH (0x9c3B…)","token":"CRV","gauge":"0x4e21418095d32d15c6e2b96a9910772613a50d50","choice":168,"amount":7773.36,"amountDollars":5888.35129344,"maxPerVote":0,"recycled":false,"excluded":[]},{"pool":"fraxtal-lend-crvUSD(s… (0x279A…)","token":"FXS","gauge":"0x541f57ab2032a042ce6b02fd435347fbae1f6d0a","choice":564,"amount":980,"amountDollars":3371.2,"maxPerVote":0,"recycled":false,"excluded":[]},{"pool":"pxETH+stETH (0x6951…)","token":"DINERO","gauge":"0x58215f083882a5eb7056ac34a0fdda9d3b5665d2","choice":209,"amount":980000,"amountDollars":13669.922,"maxPerVote":0,"recycled":false,"excluded":[]},{"pool":"fraxtal-frxUSD+sUSDe (0x8b4E…)","token":"FXS","gauge":"0x59005665c5060d3abee291a21de0375cf1bbed03","choice":558,"amount":392,"amountDollars":1348.48,"maxPerVote":0,"recycled":false,"excluded":[]},{"pool":"reUSD+sfrxUSD (0xed78…)","token":"RSUP","gauge":"0x5c0b03914f68f2717d779a0211fd98c2cc45a4dd","choice":410,"amount":4628.54,"amountDollars":11247.352200000001,"maxPerVote":0,"recycled":false,"excluded":[]},{"pool":"DOLA+DBR+INV (0xC7DE…)","token":"INV","gauge":"0x5ccde4bec0f4006c3826b51edf0d227d12ea33fa","choice":203,"amount":294,"amountDollars":8443.68,"maxPerVote":0,"recycled":false,"excluded":[]},{"pool":"fraxtal-frxUSD+DAI (0x86d7…)","token":"FXS","gauge":"0x64100c172d5dc8007e3ee701ecd99468619b6583","choice":551,"amount":294,"amountDollars":1011.36,"maxPerVote":0,"recycled":false,"excluded":[]},{"pool":"fraxtal-scrvUSD+sfrxU… (0xaC5d…)","token":"FXS","gauge":"0x660622adba5339e62d800be440d6d0c8c1838559","choice":571,"amount":1176,"amountDollars":4045.44,"maxPerVote":0,"recycled":false,"excluded":[]},{"pool":"FXN+cvxFXN (0x1062…)","token":"CVX","gauge":"0x724476f141ed2de4da22ebdf435905def1118317","choice":190,"amount":1259.3,"amountDollars":4042.3529999999996,"maxPerVote":0,"recycled":false,"excluded":[]},{"pool":"fraxtal-frxUSD+PYUSD (0x35c6…)","token":"FXS","gauge":"0x72bd89f2e3470fa5d188cf04eda17e8145eb4bf1","choice":552,"amount":196,"amountDollars":674.24,"maxPerVote":0,"recycled":false,