{"curve":{"statusCode":200,"epoch":{"id":"votium-cvx-crv-109","platform":"votium","protocol":"cvx-crv","round":109,"proposal":"0x56c6fb87bef90a47e0bf39d9e5119d93679d53be85093dd09cca9365a86722f6","end":1762819200,"scoresTotal":23834694.717450738,"bribed":{"alETH+frxETH (0xB657…)":983789.0233160557,"alETH+WETH (0x8eFD…)":327936.3879801302,"alUSD+FRAXBP (0xB30d…)":688676.9594358739,"arbi-alUSD+USDC (0x7848…)":102485.34000993957,"COIL+FRAXBP (0xAF42…)":13565.0590381909,"CRV+cvxCRV (0x971a…)":2861938.6471495344,"FRAX+USDe (0x5dc1…)":2376675.13604862,"fraxtal-CRV+frxUSD (0x89b4…)":22055.316431064275,"fraxtal-crvUSD+frxUSD (0x63Eb…)":44105.027082027504,"fraxtal-frxETH+sfrxETH (0xF2f4…)":132322.36013850616,"fraxtal-frxUSD+dUSD (0x9CA6…)":22055.316431064275,"fraxtal-frxUSD+frxETH… (0xa0D3…)":33086.614092808224,"fraxtal-frxUSD+FXB202… (0x15d1…)":66154.73773299075,"fraxtal-frxUSD+FXB202… (0xeE45…)":176432.99300063468,"fraxtal-frxUSD+FXB205… (0x4Cfc…)":132322.36013850616,"fraxtal-frxUSD+sUSDe (0x8b4E…)":35287.71975614714,"fraxtal-frxUSD+USDe (0x1e19…)":44105.027082027504,"fraxtal-frxUSD+USDT (0xcAEF…)":33086.614092808224,"fraxtal-FXB20251231+F… (0x2421…)":33086.614092808224,"fraxtal-lend-crvUSD(s… (0x0Edf…)":44105.027082027504,"fraxtal-lend-crvUSD(s… (0x279A…)":44105.027082027504,"fraxtal-lend-crvUSD(W… (0xa757…)":22055.316431064275,"fraxtal-scrvUSD+sfrxU… (0xaC5d…)":44105.027082027504,"fraxtal-WFRAX+cvxFXS (0x3a38…)":38910.88371301894,"frxETH+CVX (0x47D5…)":295110.71003011364,"frxUSD+crvUSD (0x13e1…)":2425887.3453705865,"frxUSD+sUSDS (0x81A2…)":277831.19069209753,"FXN+cvxFXN (0x1062…)":107681.42488899571,"FXS+cvxFXS (0x6a90…)":14190.346611594749,"lend-crvUSD(sreUSD) (0xC32B…)":470886.2213560604,"msUSD+FRAXBP (0xc3b1…)":211349.6795887769,"rETH+frxETH (0xe7c6…)":15983.358587971847,"reUSD+fxUSD (0xb0ef…)":155859.93121237075,"reUSD+scrvUSD (0xc522…)":1367387.2620881726,"reUSD+sDOLA (0x48d6…)":85657.38832600373,"reUSD+sfrxUSD (0xed78…)":151473.95078286272,"sDOLA+alUSD (0x4606…)":512422.7673819195,"sfrxUSD+frxUSD (0xF292…)":138944.16758114862,"stETH+frxETH (0x4d9f…)":426578.0929342353,"STG+FRAXBP (0x867f…)":35728.29975226554,"USDC+crvUSD (0x4DEc…)":1866803.4766105716,"USDC+jUSD (0x6A0c…)":16631.61109906083,"USDT+crvUSD (0x390f…)":1871748.2751852234,"WETH+CVX (0xB576…)":2719731.4177102395,"WETH+frxETH (0x9c3B…)":171487.3658724651,"WETH+RSUP (0xEe35…)":376831.5163181466},"bribes":[{"pool":"fraxtal-frxUSD+dUSD (0x9CA6…)","token":"WFRAX","gauge":"0x05600c37d54a4f3cdc76e0867af1530becc332ca","choice":606,"amount":490,"amountDollars":612.4315114129361,"maxPerVote":0,"recycled":false,"excluded":[]},{"pool":"COIL+FRAXBP (0xAF42…)","token":"FXS","gauge":"0x06b30d5f2341c2fb3f6b48b109685997022bd272","choice":123,"amount":303.17778257298403,"amountDollars":381.23285705692894,"maxPerVote":0,"recycled":false,"excluded":[]},{"pool":"fraxtal-WFRAX+cvxFXS (0x3a38…)","token":"CVX","gauge":"0x070ebc9f46d0a6a523d31eb4ae7901c56ad97ae2","choice":591,"amount":504.7,"amountDollars":1056.5628415739343,"maxPerVote":0,"recycled":false,"excluded":[]},{"pool":"WETH+RSUP (0xEe35…)","token":"RSUP","gauge":"0x09f62a6777032329c0d49f1fd4fbe9b3468cda56","choice":379,"amount":26038.6,"amountDollars":11497.487999910616,"maxPerVote":0,"recycled":false,"excluded":[]},{"pool":"FXS+cvxFXS (0x6a90…)","token":"CVX","gauge":"0x0c58c509305a8a7fe9a6a60ceaac6185b96ecbb7","choice":152,"amount":126.42,"amountDollars":264.6536049767719,"maxPerVote":0,"recycled":false,"excluded":[]},{"pool":"sDOLA+alUSD (0x4606…)","token":"ALCX","gauge":"0x19f9266f349158b54a6d95dce79297df670f7f14","choice":345,"amount":1225,"amountDollars":13531.489626886205,"maxPerVote":0,"recycled":false,"excluded":[]},{"pool":"frxUSD+crvUSD (0x13e1…)","token":"YB","gauge":"0x22804b0f6be741a9fa1bbaecdd6c8d4116e96944","choice":427,"amount":100814.89262848998,"amountDollars":51573.08961381521,"maxPerVote":0,"recycled":false,"excluded":[]},{"pool":"frxUSD+crvUSD (0x13e1…)","token":"WFRAX","gauge":"0x22804b0f6be741a9fa1bbaecdd6c8d4116e96944","choice":427,"amount":15433.04,"amountDollars":19289.142883461835,"maxPerVote":0,"recycled":false,"excluded":[]},{"pool":"lend-crvUSD(sreUSD) (0xC32B…)","token":"RSUP","gauge":"0x29e9975561fad3a7988ca96361ab5c5317cb32af","choice":442,"amount":30162.44,"amountDollars":13318.392384691342,"maxPerVote":0,"recycled":false,"excluded":[]},{"pool":"fraxtal-CRV+frxUSD (0x89b4…)","token":"WFRAX","gauge":"0x304c0564b897e6e72b040f0445ab1bdf391726fe","choice":611,"amount":490,"amountDollars":612.4315114129361,"maxPerVote":0,"recycled":false,"excluded":[]},{"pool":"alETH+frxETH (0xB657…)","token":"ALCX","gauge":"0x415f30505368fa1db82feea02eb778be04e75907","choice":116,"amount":2352,"amountDollars":25980.460083621514,"maxPerVote":0,"recycled":false,"excluded":[]},{"pool":"alETH+frxETH (0xB657…)","token":"FXS","gauge":"0x415f30505368fa1db82feea02eb778be04e75907","choice":116,"amount":1366.5892950547345,"amountDollars":1718.4265184461965,"maxPerVote":0,"recycled":false,"excluded":[]},{"pool":"fraxtal-frxUSD+FXB202… (0xeE45…)","token":"WFRAX","gauge":"0x48100238c4a3cf44cfbf6c7693ed5c216881face","choice":594,"amount":3920,"amountDollars":4899.4520913034885,"maxPerVote":0,"recycled":false,"excluded":[]},{"pool":"WETH+frxETH (0x9c3B…)","token":"WFRAX","gauge":"0x4e21418095d32d15c6e2b96a9910772613a50d50","choice":167,"amount":3810.24,"amountDollars":4762.26743274699,"maxPerVote":0,"recycled":false,"excluded":[]},{"pool":"USDT+crvUSD (0x390f…)","token":"YB","gauge":"0x4e6bb6b7447b7b2aa268c16ab87f4bb48bf57939","choice":133,"amount":100814.89262848998,"amountDollars":51573.08961381521,"maxPerVote":0,"recycled":false,"excluded":[]},{"pool":"frxUSD+sUSDS (0x81A2…)","token":"WFRAX","gauge":"0x52618c40ddba3cbbb69f3aaa4cb26ae649844b17","choice":358,"amount":6173.02,"amountDollars":7715.4121807801685,"maxPerVote":0,"recycled":false,"excluded":[]},{"pool":"fraxtal-lend-crvUSD(s… (0x279A…)","token":"WFRAX","gauge":"0x541f57ab2032a042ce6b02fd435347fbae1f6d0a","choice":599,"amount":980,"amountDollars":1224.8630228258721,"maxPerVote":0,"recycled":false,"excluded":[]},{"pool":"fraxtal-frxUSD+sUSDe (0x8b4E…)","token":"WFRAX","gauge":"0x59005665c5060d3abee291a21de0375cf1bbed03","choice":593,"amount":784,"amountDollars":979.8904182606976,"maxPerVote":0,"recycled":false,"excluded":[]},{"pool":"reUSD+sfrxUSD (0xed78…)","token":"RSUP","gauge":"0x5c0b03914f68f2717d779a0211fd98c2cc45a4dd","choice":378,"amount":9702.98,"amountDollars":4284.404542232405,"maxPerVote":0,"recycled":false,"excluded":[]},{"pool":"fraxtal-scrvUSD+sfrxU… (0xaC5d…)","token":"WFRAX","gauge":"0x660622adba5339e62d800be440d6d0c8c1838559","choice":605,"amount":980,"amountDollars":1224.8630228258721,"maxPerVote":0,"recycled":false,"excluded":[]},{"pool":"FXN+cvxFXN (0x1062…)","token":"CVX","gauge":"0x724476f141ed2de4da22ebdf435905def1118317","choice":188,"amount":1469.02,"amountDollars":3075.3159213967524,"maxPerVote":0,"recycled":false,"excluded":[]},{"pool":"alUSD+FRAXBP (0xB30d…)","token":"ALCX","gauge":"0x740ba8aa0052e07b925908b380248cb03f3de5cb","choice":63,"amount":1568,"amountDollars":17320.30672241434,"maxPerVote":0,"recycled":false,"excluded":[]},{"pool":"alUSD+FRAXBP (0xB30d…)","token":"FXS","gauge":"0x740ba8aa0052e07b925908b380248cb03f3de5cb","choice":63,"amount":2560.9482689810347,"amountDollars":3220.28090934931,"maxPerVote":0,"recycled":false,"excluded":[]},{"pool":"fraxtal-frxUSD+FXB202… (0x15d1…)","token":"WFRAX","gauge":"0x7506a3e213c362b9e21895c2bd930df454d46573","choice":612,"amount":1470,"amountDollars":1837.294534238808,"maxPerVote":0,"recycled":false,"excluded":[]},{"pool":"fraxtal-frxUSD+FXB205… (0x4Cfc…)","token":"WFRAX","gauge":"0x7ba1e40dae22847e6c521ba297d40ff1c5fd97dd","choice":595,"amount":2940,"amountDollars":3674.589068477616,"maxPerVote":0,"recycled":false,"excluded":[]},{"pool":"WETH+CVX (0xB576…)","token":"CVX","gauge":"0x7e1444ba99dcdffe8fbdb42c02f0005d14f13be1","choice":33,"amount":11017.16,"amountDollars":23063.843621309064,"maxPerVote":0,