{"curve":{"statusCode":200,"epoch":{"id":"votium-cvx-crv-99","platform":"votium","protocol":"cvx-crv","round":99,"proposal":"0xf7256c63e4a6473321a5e4cfd43d414568cb3fd67cfee6722a0941eb71d89809","end":1750723200,"scoresTotal":39731547.80384529,"bribed":{"alETH+frxETH (0xB657…)":616644.6495653309,"alETH+WETH (0x8eFD…)":241534.81874581217,"alUSD+FRAXBP (0xB30d…)":604596.7570457936,"arbi-alUSD+USDC (0x7848…)":75482.4312763843,"COIL+FRAXBP (0xAF42…)":298834.67108533613,"CRV+cvxCRV (0x971a…)":2897555.3702988913,"CVX+clevCVX (0xF907…)":111121.14231779521,"DOLA+DBR+INV (0xC7DE…)":331608.78534212935,"DOLA+deUSD (0x6691…)":276029.57270737516,"DOLA+sUSDe (0x7447…)":2778244.9970510574,"DOLA+sUSDS (0x8b83…)":1226950.791940361,"DOLA+USR (0x38De…)":2801877.7862430345,"ETH+frxETH (0xa1F8…)":81713.89773518234,"eUSD+FRAXBP (0xAEda…)":5624.483692595778,"FRAX+USDe (0x5dc1…)":2786936.817820978,"fraxtal-CRV+frxUSD (0x89b4…)":23649.950729609875,"fraxtal-crvUSD+frxUSD (0x63Eb…)":42526.59112162204,"fraxtal-dUSD+sfrxUSD (0x5eCF…)":23649.950729609875,"fraxtal-frxETH+sfrxETH (0xF2f4…)":138899.70283656282,"fraxtal-frxETH+SQUID (0x277F…)":62277.22182692308,"fraxtal-frxUSD+DAI (0x86d7…)":28360.061287174765,"fraxtal-frxUSD+dUSD (0x9CA6…)":62277.22182692308,"fraxtal-frxUSD+frxETH… (0xa0D3…)":70247.16442340084,"fraxtal-frxUSD+FXB202… (0xeE45…)":374483.04454521305,"fraxtal-frxUSD+FXB205… (0x4Cfc…)":284261.721411909,"fraxtal-frxUSD+PYUSD (0x35c6…)":62277.22182692308,"fraxtal-frxUSD+sUSDe (0x8b4E…)":83036.29576923077,"fraxtal-frxUSD+USDC (0xa8eB…)":62277.22182692308,"fraxtal-frxUSD+USDe (0x1e19…)":70247.16442340084,"fraxtal-frxUSD+USDT (0xcAEF…)":74735.45064742335,"fraxtal-FXB20251231+F… (0x2421…)":124554.44365384616,"fraxtal-lend-crvUSD(s… (0x0Edf…)":46932.68615872104,"fraxtal-lend-crvUSD(s… (0x279A…)":97808.30710017348,"fraxtal-lend-crvUSD(W… (0xa757…)":124554.44365384616,"fraxtal-scrvUSD+sfrxU… (0xaC5d…)":110266.15497177048,"fraxtal-WFRAX+cvxFXS (0x3a38…)":62190.82432476738,"frxETH+CVX (0x47D5…)":458600.0303534702,"FXN+cvxFXN (0x1062…)":220458.63423260834,"FXS+cvxFXS (0x6a90…)":22703.490673935205,"msETH+frxETH (0x2d60…)":9871.153924113754,"msUSD+FRAXBP (0xc3b1…)":481104.81978281564,"OHM+FRAXBP (0xFc1e…)":9106.870993838154,"pxETH+stETH (0x6951…)":563429.9836333552,"rETH+frxETH (0xe7c6…)":4070.9027979186985,"reUSD+fxUSD (0xb0ef…)":157191.64801063348,"reUSD+scrvUSD (0xc522…)":7372800.854430327,"reUSD+sDOLA (0x48d6…)":308286.42763663275,"reUSD+sfrxUSD (0xed78…)":703559.3216921452,"sDOLA+alUSD (0x4606…)":378950.7388867415,"stETH+frxETH (0x4d9f…)":273144.65682025935,"STG+FRAXBP (0x867f…)":37478.77760335775,"USDC+jUSD (0x6A0c…)":19962.219780196705,"WETH+CVX (0xB576…)":1193225.0064878564,"WETH+frxETH (0x9c3B…)":259414.30953425137,"WETH+pxETH (0xC8Eb…)":563429.9836333552,"WETH+RSUP (0xEe35…)":2066720.1839237895},"bribes":[{"pool":"fraxtal-frxUSD+dUSD (0x9CA6…)","token":"FXS","gauge":"0x05600c37d54a4f3cdc76e0867af1530becc332ca","choice":569,"amount":245,"amountDollars":573.3,"maxPerVote":0,"recycled":false,"excluded":[]},{"pool":"COIL+FRAXBP (0xAF42…)","token":"FXS","gauge":"0x06b30d5f2341c2fb3f6b48b109685997022bd272","choice":123,"amount":169.59996080549203,"amountDollars":396.86390828485133,"maxPerVote":0,"recycled":false,"excluded":[]},{"pool":"OHM+FRAXBP (0xFc1e…)","token":"FXS","gauge":"0x06f691180f643b35e3644a2296a4097e1f577d0d","choice":86,"amount":94.4738685533619,"amountDollars":221.06885241486683,"maxPerVote":0,"recycled":false,"excluded":[]},{"pool":"fraxtal-WFRAX+cvxFXS (0x3a38…)","token":"CVX","gauge":"0x070ebc9f46d0a6a523d31eb4ae7901c56ad97ae2","choice":553,"amount":587.02,"amountDollars":1532.1221999999998,"maxPerVote":0,"recycled":false,"excluded":[]},{"pool":"WETH+RSUP (0xEe35…)","token":"RSUP","gauge":"0x09f62a6777032329c0d49f1fd4fbe9b3468cda56","choice":388,"amount":28767.9,"amountDollars":49768.467000000004,"maxPerVote":0,"recycled":false,"excluded":[]},{"pool":"FXS+cvxFXS (0x6a90…)","token":"CVX","gauge":"0x0c58c509305a8a7fe9a6a60ceaac6185b96ecbb7","choice":152,"amount":147,"amountDollars":383.66999999999996,"maxPerVote":0,"recycled":false,"excluded":[]},{"pool":"sDOLA+alUSD (0x4606…)","token":"ALCX","gauge":"0x19f9266f349158b54a6d95dce79297df670f7f14","choice":351,"amount":1225,"amountDollars":9273.25,"maxPerVote":0,"recycled":false,"excluded":[]},{"pool":"ETH+frxETH (0xa1F8…)","token":"CRV","gauge":"0x2932a86df44fe8d2a706d8e9c5d51c24883423f5","choice":80,"amount":3482.92,"amountDollars":2020.2921264400002,"maxPerVote":0,"recycled":false,"excluded":[]},{"pool":"fraxtal-CRV+frxUSD (0x89b4…)","token":"FXS","gauge":"0x304c0564b897e6e72b040f0445ab1bdf391726fe","choice":574,"amount":245,"amountDollars":573.3,"maxPerVote":0,"recycled":false,"excluded":[]},{"pool":"alETH+frxETH (0xB657…)","token":"ALCX","gauge":"0x415f30505368fa1db82feea02eb778be04e75907","choice":116,"amount":1764,"amountDollars":13353.480000000001,"maxPerVote":0,"recycled":false,"excluded":[]},{"pool":"alETH+frxETH (0xB657…)","token":"FXS","gauge":"0x415f30505368fa1db82feea02eb778be04e75907","choice":116,"amount":722.8230251200996,"amountDollars":1691.405878781033,"maxPerVote":0,"recycled":false,"excluded":[]},{"pool":"fraxtal-frxUSD+FXB202… (0xeE45…)","token":"FXS","gauge":"0x48100238c4a3cf44cfbf6c7693ed5c216881face","choice":556,"amount":3920,"amountDollars":9172.8,"maxPerVote":0,"recycled":false,"excluded":[]},{"pool":"WETH+frxETH (0x9c3B…)","token":"CRV","gauge":"0x4e21418095d32d15c6e2b96a9910772613a50d50","choice":167,"amount":11067.14,"amountDollars":6419.57202698,"maxPerVote":0,"recycled":false,"excluded":[]},{"pool":"fraxtal-lend-crvUSD(s… (0x279A…)","token":"FXS","gauge":"0x541f57ab2032a042ce6b02fd435347fbae1f6d0a","choice":561,"amount":980,"amountDollars":2293.2,"maxPerVote":0,"recycled":false,"excluded":[]},{"pool":"pxETH+stETH (0x6951…)","token":"DAI","gauge":"0x58215f083882a5eb7056ac34a0fdda9d3b5665d2","choice":207,"amount":13720,"amountDollars":13719.53352,"maxPerVote":0,"recycled":false,"excluded":[]},{"pool":"fraxtal-frxUSD+sUSDe (0x8b4E…)","token":"FXS","gauge":"0x59005665c5060d3abee291a21de0375cf1bbed03","choice":555,"amount":490,"amountDollars":1146.6,"maxPerVote":0,"recycled":false,"excluded":[]},{"pool":"reUSD+sfrxUSD (0xed78…)","token":"RSUP","gauge":"0x5c0b03914f68f2717d779a0211fd98c2cc45a4dd","choice":387,"amount":7665.56,"amountDollars":13261.418800000001,"maxPerVote":0,"recycled":false,"excluded":[]},{"pool":"DOLA+DBR+INV (0xC7DE…)","token":"INV","gauge":"0x5ccde4bec0f4006c3826b51edf0d227d12ea33fa","choice":202,"amount":294,"amountDollars":8173.2,"maxPerVote":0,"recycled":false,"excluded":[]},{"pool":"fraxtal-frxUSD+DAI (0x86d7…)","token":"FXS","gauge":"0x64100c172d5dc8007e3ee701ecd99468619b6583","choice":548,"amount":294,"amountDollars":687.9599999999999,"maxPerVote":0,"recycled":false,"excluded":[]},{"pool":"fraxtal-scrvUSD+sfrxU… (0xaC5d…)","token":"FXS","gauge":"0x660622adba5339e62d800be440d6d0c8c1838559","choice":568,"amount":1176,"amountDollars":2751.8399999999997,"maxPerVote":0,"recycled":false,"excluded":[]},{"pool":"FXN+cvxFXN (0x1062…)","token":"CVX","gauge":"0x724476f141ed2de4da22ebdf435905def1118317","choice":189,"amount":2006.06,"amountDollars":5235.816599999999,"maxPerVote":0,"recycled":false,"excluded":[]},{"pool":"fraxtal-frxUSD+PYUSD (0x35c6…)","token":"FXS","gauge":"0x72bd89f2e3470fa5d188cf04eda17e8145eb4bf1","choice":549,"amount":196,"amountDollars":458.64,"maxPerVote":0,"recycled":false,"excluded":[]},{"pool":"alUSD+FRAXBP (0xB30d…)","token":"ALCX","gauge":"0x740ba8aa0052e07b925908b380248cb03f3de5cb","choice":63,"amount":1568,"amountDollars":11869.76,"maxPerVote":0,"recycled":false,"excluded":[]},{"pool":"alUSD+FRAXBP (0xB30d…)","token":"FXS","gauge":"0x740ba8aa0052e07b925908b380248cb03f3de5cb","choice":63,"amount":1218.2772199444655,"amountDollars":2850.768694670049,"maxPerVote":0,"recycled":false,"excluded":[]},{"pool":"CVX+clevCVX (0xF907…)","token":"CVX","gauge":"0x7970489a543fb237abab63d62524d8a5ce165b86","choice":92,"amount":980,