{"curve":{"statusCode":200,"epoch":{"id":"votium-cvx-crv-106","platform":"votium","protocol":"cvx-crv","round":106,"proposal":"0x2e473b718cd6ad0afd0241b55cb151dc796cfcfffe41f884240eea9fa1cf0a4d","end":1759190400,"scoresTotal":25161404.97583602,"bribed":{"alETH+frxETH (0xB657…)":1474026.831700306,"alETH+WETH (0x8eFD…)":358189.9423232527,"alUSD+FRAXBP (0xB30d…)":691695.8421682066,"arbi-alUSD+USDC (0x7848…)":120496.01992936706,"COIL+FRAXBP (0xAF42…)":35.77888896222797,"CRV+cvxCRV (0x971a…)":2664210.4452857967,"CVX+clevCVX (0xF907…)":25052.211197045133,"DOLA+sUSDe (0x7447…)":475661.6142568556,"DOLA+sUSDS (0x8b83…)":48478.13343014091,"DOLA+USR (0x38De…)":320611.88965888834,"DOLA+wstUSR (0x6427…)":38316.928964868166,"ETH+frxETH (0xa1F8…)":35.77888896222797,"FRAX+USDe (0x5dc1…)":1761339.974578098,"fraxtal-CRV+frxUSD (0x89b4…)":35.77888896222797,"fraxtal-crvUSD+frxUSD (0x63Eb…)":35.77888896222797,"fraxtal-DKDEFI+BTCWIT… (0x9edd…)":53444.3073531453,"fraxtal-frxETH+sfrxETH (0xF2f4…)":35.77888896222797,"fraxtal-frxUSD+DAI (0x86d7…)":35.77888896222797,"fraxtal-frxUSD+dUSD (0x9CA6…)":35.77888896222797,"fraxtal-frxUSD+frxETH… (0xa0D3…)":35.77888896222797,"fraxtal-frxUSD+FXB202… (0x15d1…)":35.77888896222797,"fraxtal-frxUSD+FXB202… (0xeE45…)":35.77888896222797,"fraxtal-frxUSD+FXB205… (0x4Cfc…)":43100.84762695966,"fraxtal-frxUSD+PYUSD (0x35c6…)":35.77888896222797,"fraxtal-frxUSD+sUSDe (0x8b4E…)":35.77888896222797,"fraxtal-frxUSD+USDC (0xa8eB…)":35.77888896222797,"fraxtal-frxUSD+USDe (0x1e19…)":35.77888896222797,"fraxtal-frxUSD+USDT (0xcAEF…)":35.77888896222797,"fraxtal-FXB20251231+F… (0x2421…)":35.77888896222797,"fraxtal-lend-crvUSD(s… (0x0Edf…)":35.77888896222797,"fraxtal-lend-crvUSD(s… (0x279A…)":35.77888896222797,"fraxtal-lend-crvUSD(W… (0xa757…)":35.77888896222797,"fraxtal-scrvUSD+sfrxU… (0xaC5d…)":35.77888896222797,"fraxtal-WFRAX+cvxFXS (0x3a38…)":87541.26499336472,"frxETH+CVX (0x47D5…)":577657.6826377257,"frxUSD+sUSDS (0x81A2…)":98538.79468682011,"FXN+cvxFXN (0x1062…)":245192.66040946814,"FXS+cvxFXS (0x6a90…)":20460.327073567478,"lend-crvUSD(sreUSD) (0xC32B…)":832745.8035023613,"msUSD+FRAXBP (0xc3b1…)":51329.99208827209,"rETH+frxETH (0xe7c6…)":35.77888896222797,"reUSD+fxUSD (0xb0ef…)":311369.7895947753,"reUSD+scrvUSD (0xc522…)":8122729.12706256,"reUSD+sDOLA (0x48d6…)":265110.6100343209,"reUSD+sfrxUSD (0xed78…)":262908.96799273306,"sDOLA+alUSD (0x4606…)":552660.6546465533,"sfrxUSD+frxUSD (0xF292…)":185384.94631370754,"stETH+frxETH (0x4d9f…)":32759.259573999363,"STG+FRAXBP (0x867f…)":35.77888896222797,"USDC+jUSD (0x6A0c…)":16383.645320199841,"WETH+CVX (0xB576…)":1270263.9715869294,"WETH+frxETH (0x9c3B…)":79871.96587706482,"WETH+RSUP (0xEe35…)":1029835.8578239542},"bribes":[{"pool":"fraxtal-frxUSD+dUSD (0x9CA6…)","token":"FXS","gauge":"0x05600c37d54a4f3cdc76e0867af1530becc332ca","choice":587,"amount":294,"amountDollars":617.4,"maxPerVote":0,"recycled":false,"excluded":[]},{"pool":"COIL+FRAXBP (0xAF42…)","token":"FXS","gauge":"0x06b30d5f2341c2fb3f6b48b109685997022bd272","choice":123,"amount":211.1830808752925,"amountDollars":443.48446983811425,"maxPerVote":0,"recycled":false,"excluded":[]},{"pool":"fraxtal-WFRAX+cvxFXS (0x3a38…)","token":"CVX","gauge":"0x070ebc9f46d0a6a523d31eb4ae7901c56ad97ae2","choice":572,"amount":599.76,"amountDollars":1943.2224,"maxPerVote":0,"recycled":false,"excluded":[]},{"pool":"WETH+RSUP (0xEe35…)","token":"RSUP","gauge":"0x09f62a6777032329c0d49f1fd4fbe9b3468cda56","choice":379,"amount":25496.66,"amountDollars":21012.53690914,"maxPerVote":0,"recycled":false,"excluded":[]},{"pool":"FXS+cvxFXS (0x6a90…)","token":"CVX","gauge":"0x0c58c509305a8a7fe9a6a60ceaac6185b96ecbb7","choice":152,"amount":149.94,"amountDollars":485.8056,"maxPerVote":0,"recycled":false,"excluded":[]},{"pool":"sDOLA+alUSD (0x4606…)","token":"ALCX","gauge":"0x19f9266f349158b54a6d95dce79297df670f7f14","choice":345,"amount":1225,"amountDollars":10241,"maxPerVote":0,"recycled":false,"excluded":[]},{"pool":"ETH+frxETH (0xa1F8…)","token":"FXS","gauge":"0x2932a86df44fe8d2a706d8e9c5d51c24883423f5","choice":80,"amount":220.5,"amountDollars":463.05,"maxPerVote":0,"recycled":false,"excluded":[]},{"pool":"lend-crvUSD(sreUSD) (0xC32B…)","token":"RSUP","gauge":"0x29e9975561fad3a7988ca96361ab5c5317cb32af","choice":442,"amount":16356.2,"amountDollars":13479.6187498,"maxPerVote":0,"recycled":false,"excluded":[]},{"pool":"fraxtal-CRV+frxUSD (0x89b4…)","token":"FXS","gauge":"0x304c0564b897e6e72b040f0445ab1bdf391726fe","choice":592,"amount":294,"amountDollars":617.4,"maxPerVote":0,"recycled":false,"excluded":[]},{"pool":"alETH+frxETH (0xB657…)","token":"ALCX","gauge":"0x415f30505368fa1db82feea02eb778be04e75907","choice":116,"amount":2352,"amountDollars":19662.719999999998,"maxPerVote":0,"recycled":false,"excluded":[]},{"pool":"alETH+frxETH (0xB657…)","token":"FXS","gauge":"0x415f30505368fa1db82feea02eb778be04e75907","choice":116,"amount":764.5493413986819,"amountDollars":1605.5536169372322,"maxPerVote":0,"recycled":false,"excluded":[]},{"pool":"fraxtal-frxUSD+FXB202… (0xeE45…)","token":"FXS","gauge":"0x48100238c4a3cf44cfbf6c7693ed5c216881face","choice":575,"amount":2450,"amountDollars":5145,"maxPerVote":0,"recycled":false,"excluded":[]},{"pool":"WETH+frxETH (0x9c3B…)","token":"FXS","gauge":"0x4e21418095d32d15c6e2b96a9910772613a50d50","choice":167,"amount":2359.84,"amountDollars":4955.664000000001,"maxPerVote":0,"recycled":false,"excluded":[]},{"pool":"frxUSD+sUSDS (0x81A2…)","token":"FXS","gauge":"0x52618c40ddba3cbbb69f3aaa4cb26ae649844b17","choice":358,"amount":8892.3436,"amountDollars":18673.921560000003,"maxPerVote":0,"recycled":false,"excluded":[]},{"pool":"fraxtal-lend-crvUSD(s… (0x279A…)","token":"FXS","gauge":"0x541f57ab2032a042ce6b02fd435347fbae1f6d0a","choice":580,"amount":686,"amountDollars":1440.6000000000001,"maxPerVote":0,"recycled":false,"excluded":[]},{"pool":"fraxtal-frxUSD+sUSDe (0x8b4E…)","token":"FXS","gauge":"0x59005665c5060d3abee291a21de0375cf1bbed03","choice":574,"amount":490,"amountDollars":1029,"maxPerVote":0,"recycled":false,"excluded":[]},{"pool":"reUSD+sfrxUSD (0xed78…)","token":"RSUP","gauge":"0x5c0b03914f68f2717d779a0211fd98c2cc45a4dd","choice":378,"amount":6120.1,"amountDollars":5043.751892900001,"maxPerVote":0,"recycled":false,"excluded":[]},{"pool":"fraxtal-frxUSD+DAI (0x86d7…)","token":"FXS","gauge":"0x64100c172d5dc8007e3ee701ecd99468619b6583","choice":567,"amount":294,"amountDollars":617.4,"maxPerVote":0,"recycled":false,"excluded":[]},{"pool":"fraxtal-scrvUSD+sfrxU… (0xaC5d…)","token":"FXS","gauge":"0x660622adba5339e62d800be440d6d0c8c1838559","choice":586,"amount":980,"amountDollars":2058,"maxPerVote":0,"recycled":false,"excluded":[]},{"pool":"FXN+cvxFXN (0x1062…)","token":"CVX","gauge":"0x724476f141ed2de4da22ebdf435905def1118317","choice":188,"amount":1509.2,"amountDollars":4889.808000000001,"maxPerVote":0,"recycled":false,"excluded":[]},{"pool":"fraxtal-frxUSD+PYUSD (0x35c6…)","token":"FXS","gauge":"0x72bd89f2e3470fa5d188cf04eda17e8145eb4bf1","choice":568,"amount":294,"amountDollars":617.4,"maxPerVote":0,"recycled":false,"excluded":[]},{"pool":"alUSD+FRAXBP (0xB30d…)","token":"ALCX","gauge":"0x740ba8aa0052e07b925908b380248cb03f3de5cb","choice":63,"amount":1568,"amountDollars":13108.48,"maxPerVote":0,"recycled":false,"excluded":[]},{"pool":"alUSD+FRAXBP (0xB30d…)","token":"FXS","gauge":"0x740ba8aa0052e07b925908b380248cb03f3de5cb","choice":63,"amount":1530.9080330068005,"amountDollars":3214.9068693142813,"maxPerVote":0,"recycled":false,"excluded":[]},{"pool":"fraxtal-frxUSD+FXB202… (0x15d1…)","token":"FXS","gauge":"0x7506a3e213c362b9e21895c2bd930df454d46573","choice":593,"amount":980,"amountDollars":2058,"maxPerVote":0,"recycled":false,"excluded":[]},{"pool":"CVX+clevCVX (0xF907…)","token":"CVX","gauge":"0x7970489a543fb237abab63d62524d8a5ce165b86","choice":92,"amount":980,"amountDollars":3175.2000000000003,"maxPerVote":0,"recycled":false,"excluded":[]},{"pool":"fraxtal-frxUSD+FXB205… (0x4Cfc…)","token":"FXS",