{"curve":{"statusCode":200,"epoch":{"id":"votium-cvx-crv-108","platform":"votium","protocol":"cvx-crv","round":108,"proposal":"0x1032053abe9915dfe4ea2445aebcc3403fae9341700f702daa206c34c33d13a8","end":1761609600,"scoresTotal":24316488.39218022,"bribed":{"alETH+frxETH (0xB657…)":398278.80564835924,"alETH+WETH (0x8eFD…)":127122.28833748132,"alUSD+FRAXBP (0xB30d…)":326121.4489914798,"arbi-alUSD+USDC (0x7848…)":39718.55660844114,"COIL+FRAXBP (0xAF42…)":118829.97426390716,"CRV+cvxCRV (0x971a…)":1523885.1192646574,"CVX+clevCVX (0xF907…)":53114.1781101078,"DOLA+sUSDe (0x7447…)":2516420.025787068,"DOLA+USR (0x38De…)":560120.7434758269,"DOLA+wstUSR (0x6427…)":1216201.7044551023,"FRAX+USDe (0x5dc1…)":2016430.757526212,"fraxtal-CRV+frxUSD (0x89b4…)":18002.451166748193,"fraxtal-crvUSD+frxUSD (0x63Eb…)":35997.49399567762,"fraxtal-DKDEFI+BTCWIT… (0x9edd…)":47834.78013612062,"fraxtal-frxETH+sfrxETH (0xF2f4…)":108032.02860921051,"fraxtal-frxUSD+dUSD (0x9CA6…)":18002.451166748193,"fraxtal-frxUSD+frxETH… (0xa0D3…)":27005.328961939384,"fraxtal-frxUSD+FXB202… (0x15d1…)":54010.65792387877,"fraxtal-frxUSD+FXB202… (0xeE45…)":144040.23536634108,"fraxtal-frxUSD+FXB205… (0x4Cfc…)":108032.02860921051,"fraxtal-frxUSD+sUSDe (0x8b4E…)":28795.852644251507,"fraxtal-frxUSD+USDC (0xa8eB…)":18002.451166748193,"fraxtal-frxUSD+USDe (0x1e19…)":35997.49399567762,"fraxtal-frxUSD+USDT (0xcAEF…)":18002.451166748193,"fraxtal-FXB20251231+F… (0x2421…)":27005.328961939384,"fraxtal-lend-crvUSD(s… (0x0Edf…)":18057.598410273902,"fraxtal-lend-crvUSD(s… (0x279A…)":35997.49399567762,"fraxtal-lend-crvUSD(W… (0xa757…)":18002.451166748193,"fraxtal-scrvUSD+sfrxU… (0xaC5d…)":35997.49399567762,"fraxtal-WFRAX+cvxFXS (0x3a38…)":28966.71469765671,"frxETH+CVX (0x47D5…)":189629.19078282788,"frxUSD+crvUSD (0x13e1…)":2147057.2192139914,"frxUSD+sUSDS (0x81A2…)":296153.7931038941,"FXN+cvxFXN (0x1062…)":103249.99022835668,"FXS+cvxFXS (0x6a90…)":12556.001921525847,"lend-crvUSD(sDOLA) (0x992B…)":223402.68275657293,"lend-crvUSD(sreUSD) (0xC32B…)":297209.7671224264,"msUSD+FRAXBP (0xc3b1…)":200220.0258532985,"rETH+frxETH (0xe7c6…)":6984.720467328607,"reUSD+fxUSD (0xb0ef…)":219425.2274889626,"reUSD+scrvUSD (0xc522…)":2627510.178408196,"reUSD+sDOLA (0x48d6…)":218419.2274889626,"reUSD+sfrxUSD (0xed78…)":218419.2274889626,"sDOLA+alUSD (0x4606…)":198653.75518728924,"sfrxUSD+frxUSD (0xF292…)":118162.94431916384,"stETH+frxETH (0x4d9f…)":184797.07402503566,"STG+FRAXBP (0x867f…)":17330.960139889845,"USDC+crvUSD (0x4DEc…)":1710901.5979080216,"USDT+crvUSD (0x390f…)":1621549.207598568,"WETH+CVX (0xB576…)":961200.0384158138,"WETH+frxETH (0x9c3B…)":114093.95540754324,"WETH+RSUP (0xEe35…)":359695.5732450825},"bribes":[{"pool":"fraxtal-frxUSD+dUSD (0x9CA6…)","token":"WFRAX","gauge":"0x05600c37d54a4f3cdc76e0867af1530becc332ca","choice":597,"amount":490,"amountDollars":718.072770844494,"maxPerVote":0,"recycled":false,"excluded":[]},{"pool":"COIL+FRAXBP (0xAF42…)","token":"FXS","gauge":"0x06b30d5f2341c2fb3f6b48b109685997022bd272","choice":123,"amount":260.62938359838057,"amountDollars":379.28603570923104,"maxPerVote":0,"recycled":false,"excluded":[]},{"pool":"COIL+FRAXBP (0xAF42…)","token":"FXS","gauge":"0x06b30d5f2341c2fb3f6b48b109685997022bd272","choice":123,"amount":333.2,"amountDollars":484.89585231517634,"maxPerVote":0,"recycled":false,"excluded":[]},{"pool":"COIL+FRAXBP (0xAF42…)","token":"CRV","gauge":"0x06b30d5f2341c2fb3f6b48b109685997022bd272","choice":123,"amount":9604,"amountDollars":5414.872248636482,"maxPerVote":0,"recycled":false,"excluded":[]},{"pool":"fraxtal-WFRAX+cvxFXS (0x3a38…)","token":"CVX","gauge":"0x070ebc9f46d0a6a523d31eb4ae7901c56ad97ae2","choice":582,"amount":510.58,"amountDollars":1197.7603989308507,"maxPerVote":0,"recycled":false,"excluded":[]},{"pool":"WETH+RSUP (0xEe35…)","token":"RSUP","gauge":"0x09f62a6777032329c0d49f1fd4fbe9b3468cda56","choice":379,"amount":25856.32,"amountDollars":15504.091808872554,"maxPerVote":0,"recycled":false,"excluded":[]},{"pool":"FXS+cvxFXS (0x6a90…)","token":"CVX","gauge":"0x0c58c509305a8a7fe9a6a60ceaac6185b96ecbb7","choice":152,"amount":127.4,"amountDollars":298.86535865836964,"maxPerVote":0,"recycled":false,"excluded":[]},{"pool":"sDOLA+alUSD (0x4606…)","token":"ALCX","gauge":"0x19f9266f349158b54a6d95dce79297df670f7f14","choice":345,"amount":1225,"amountDollars":9376.562040010615,"maxPerVote":0,"recycled":false,"excluded":[]},{"pool":"frxUSD+crvUSD (0x13e1…)","token":"YB","gauge":"0x22804b0f6be741a9fa1bbaecdd6c8d4116e96944","choice":427,"amount":115086.003701965,"amountDollars":56657.883040177214,"maxPerVote":0,"recycled":false,"excluded":[]},{"pool":"frxUSD+crvUSD (0x13e1…)","token":"WFRAX","gauge":"0x22804b0f6be741a9fa1bbaecdd6c8d4116e96944","choice":427,"amount":13706.28,"amountDollars":20085.931546062187,"maxPerVote":0,"recycled":false,"excluded":[]},{"pool":"lend-crvUSD(sreUSD) (0xC32B…)","token":"RSUP","gauge":"0x29e9975561fad3a7988ca96361ab5c5317cb32af","choice":442,"amount":21592.34,"amountDollars":12947.303472744428,"maxPerVote":0,"recycled":false,"excluded":[]},{"pool":"fraxtal-CRV+frxUSD (0x89b4…)","token":"WFRAX","gauge":"0x304c0564b897e6e72b040f0445ab1bdf391726fe","choice":602,"amount":490,"amountDollars":718.072770844494,"maxPerVote":0,"recycled":false,"excluded":[]},{"pool":"alETH+frxETH (0xB657…)","token":"FXS","gauge":"0x415f30505368fa1db82feea02eb778be04e75907","choice":116,"amount":868.4979091337271,"amountDollars":1263.8986611144874,"maxPerVote":0,"recycled":false,"excluded":[]},{"pool":"alETH+frxETH (0xB657…)","token":"ALCX","gauge":"0x415f30505368fa1db82feea02eb778be04e75907","choice":116,"amount":2352,"amountDollars":18002.999116820378,"maxPerVote":0,"recycled":false,"excluded":[]},{"pool":"fraxtal-frxUSD+FXB202… (0xeE45…)","token":"WFRAX","gauge":"0x48100238c4a3cf44cfbf6c7693ed5c216881face","choice":585,"amount":3920,"amountDollars":5744.582166755952,"maxPerVote":0,"recycled":false,"excluded":[]},{"pool":"WETH+frxETH (0x9c3B…)","token":"WFRAX","gauge":"0x4e21418095d32d15c6e2b96a9910772613a50d50","choice":167,"amount":3086.02,"amountDollars":4522.422310778624,"maxPerVote":0,"recycled":false,"excluded":[]},{"pool":"USDT+crvUSD (0x390f…)","token":"YB","gauge":"0x4e6bb6b7447b7b2aa268c16ab87f4bb48bf57939","choice":133,"amount":115086.003701965,"amountDollars":56657.883040177214,"maxPerVote":0,"recycled":false,"excluded":[]},{"pool":"frxUSD+sUSDS (0x81A2…)","token":"WFRAX","gauge":"0x52618c40ddba3cbbb69f3aaa4cb26ae649844b17","choice":358,"amount":7717.5,"amountDollars":11309.646140800782,"maxPerVote":0,"recycled":false,"excluded":[]},{"pool":"fraxtal-lend-crvUSD(s… (0x279A…)","token":"WFRAX","gauge":"0x541f57ab2032a042ce6b02fd435347fbae1f6d0a","choice":590,"amount":980,"amountDollars":1436.145541688988,"maxPerVote":0,"recycled":false,"excluded":[]},{"pool":"fraxtal-frxUSD+sUSDe (0x8b4E…)","token":"WFRAX","gauge":"0x59005665c5060d3abee291a21de0375cf1bbed03","choice":584,"amount":784,"amountDollars":1148.9164333511906,"maxPerVote":0,"recycled":false,"excluded":[]},{"pool":"reUSD+sfrxUSD (0xed78…)","token":"RSUP","gauge":"0x5c0b03914f68f2717d779a0211fd98c2cc45a4dd","choice":378,"amount":8175.16,"amountDollars":4902.029027805293,"maxPerVote":0,"recycled":false,"excluded":[]},{"pool":"fraxtal-scrvUSD+sfrxU… (0xaC5d…)","token":"WFRAX","gauge":"0x660622adba5339e62d800be440d6d0c8c1838559","choice":596,"amount":980,"amountDollars":1436.145541688988,"maxPerVote":0,"recycled":false,"excluded":[]},{"pool":"FXN+cvxFXN (0x1062…)","token":"CVX","gauge":"0x724476f141ed2de4da22ebdf435905def1118317","choice":188,"amount":1432.76,"amountDollars":3361.0858027579725,"maxPerVote":0,"recycled":false,"excluded":[]},{"pool":"alUSD+FRAXBP (0xB30d…)","token":"FXS","gauge":"0x740ba8aa0052e07b925908b380248cb03f3de5cb","choice":63,"amount":2178.80663993271,"amountDollars":3170.7512085838443,"maxPerVote":0,"recycled":false,"excluded":[]},{"pool":"alUSD+FRAXBP (0xB30d…)","token":"ALCX","gauge":"0x740ba8aa0052e07b925908b380248cb03f3de5cb","choice":63,"amount":1568,