{"curve":{"statusCode":200,"epoch":{"id":"votium-cvx-crv-125","platform":"votium","protocol":"cvx-crv","round":125,"proposal":"0xa7540e2eea2bad3a3239d8492c3cc996069663c471e5153265f4532ae6e768b4","end":1782172800,"scoresTotal":43609903.50469853,"bribed":{"alETH+frxETH (0xB657…)":1040063.9304879203,"alETH+WETH (0x8eFD…)":346682.08188856154,"alUSD+frxUSD (0x17F9…)":521821.2322683412,"alUSD+USDC (0x1Edd…)":86666.34306575105,"arbi-alETH+WETH (0xBeb1…)":217044.96428936796,"arbi-alUSD+USDC (0x7848…)":216674.09937645035,"CRV+cvxCRV (0x971a…)":2814692.1894142507,"CVX+clevCVX (0xF907…)":157606.66302810673,"DOLA+sUSDS (0x8b83…)":908155.4889332084,"evaUSDC+avUSD (0x6C38…)":29073.467037192535,"evaUSDT+evaUSDC (0x3C09…)":807085.7016250759,"FRAX+USDe (0x5dc1…)":4652493.4025714975,"fraxtal-WFRAX+cvxFXS (0x3a38…)":24465.02216846562,"frxETH+CVX (0x47D5…)":495857.643680742,"frxUSD+crvUSD (0x13e1…)":757512.58899693,"frxUSD+USPC (0x96BC…)":586467.6258724066,"ftUSD+USDC (0xaFEc…)":147692.30480822502,"FXN+cvxFXN (0x1062…)":120872.17802950452,"lend-crvUSD(sreUSD) (0xC32B…)":699037.2605738756,"pmUSD+crvUSD (0xEcb0…)":2619617.7382035735,"reUSD+scrvUSD (0xc522…)":1765338.7582763936,"reUSD+sfrxUSD (0xed78…)":1322719.2264206274,"sDOLA+alUSD (0x4606…)":541697.4446099383,"sfrxUSD+frxUSD (0xF292…)":486852.9726929818,"stETH+frxETH (0x4d9f…)":409640.8551001295,"USDC+crvUSD (0x4DEc…)":758116.5737669789,"USDT+crvUSD (0x390f…)":758499.7800758398,"USG+sDOLA (0x3178…)":353969.7997822782,"USST+USDC (0x2877…)":134985.73983962392,"WETH+CVX (0xB576…)":1367263.6482399243,"WETH+frxETH (0x9c3B…)":83666.173882817,"WETH+RSUP (0xEe35…)":310351.3351034353},"bribes":[{"pool":"fraxtal-WFRAX+cvxFXS (0x3a38…)","token":"CVX","gauge":"0x070ebc9f46d0a6a523d31eb4ae7901c56ad97ae2","choice":636,"amount":166.6,"amountDollars":198.36355114288227,"maxPerVote":0,"recycled":false,"excluded":[]},{"pool":"WETH+RSUP (0xEe35…)","token":"RSUP","gauge":"0x09f62a6777032329c0d49f1fd4fbe9b3468cda56","choice":352,"amount":32377.23702968375,"amountDollars":2516.611336387895,"maxPerVote":0,"recycled":false,"excluded":[]},{"pool":"sDOLA+alUSD (0x4606…)","token":"ALCX","gauge":"0x19f9266f349158b54a6d95dce79297df670f7f14","choice":324,"amount":1225,"amountDollars":4448.756151869196,"maxPerVote":0,"recycled":false,"excluded":[]},{"pool":"frxUSD+crvUSD (0x13e1…)","token":"YB","gauge":"0x22804b0f6be741a9fa1bbaecdd6c8d4116e96944","choice":392,"amount":80823.6810178322,"amountDollars":6244.721175247638,"maxPerVote":0,"recycled":false,"excluded":[]},{"pool":"lend-crvUSD(sreUSD) (0xC32B…)","token":"RSUP","gauge":"0x29e9975561fad3a7988ca96361ab5c5317cb32af","choice":406,"amount":72921.70502181025,"amountDollars":5668.043550423187,"maxPerVote":0,"recycled":false,"excluded":[]},{"pool":"evaUSDC+avUSD (0x6C38…)","token":"USDC","gauge":"0x3285987bbd0b695ac48dc8571f519065b50aba07","choice":495,"amount":196,"amountDollars":195.96648746431381,"maxPerVote":0,"recycled":false,"excluded":[]},{"pool":"alETH+frxETH (0xB657…)","token":"ALCX","gauge":"0x415f30505368fa1db82feea02eb778be04e75907","choice":108,"amount":2352,"amountDollars":8541.611811588857,"maxPerVote":0,"recycled":false,"excluded":[]},{"pool":"WETH+frxETH (0x9c3B…)","token":"WFRAX","gauge":"0x4e21418095d32d15c6e2b96a9910772613a50d50","choice":157,"amount":2591.12,"amountDollars":683.8642973046058,"maxPerVote":0,"recycled":false,"excluded":[]},{"pool":"USDT+crvUSD (0x390f…)","token":"YB","gauge":"0x4e6bb6b7447b7b2aa268c16ab87f4bb48bf57939","choice":124,"amount":80823.6810178322,"amountDollars":6244.721175247638,"maxPerVote":0,"recycled":false,"excluded":[]},{"pool":"frxUSD+USPC (0x96BC…)","token":"USDC","gauge":"0x5bec8a3c2d316a05fa231bdddd23c7e24cb421a6","choice":498,"amount":2352,"amountDollars":2351.597849571766,"maxPerVote":0,"recycled":false,"excluded":[]},{"pool":"frxUSD+USPC (0x96BC…)","token":"WFRAX","gauge":"0x5bec8a3c2d316a05fa231bdddd23c7e24cb421a6","choice":498,"amount":9422.7,"amountDollars":2486.8968300241245,"maxPerVote":0,"recycled":false,"excluded":[]},{"pool":"reUSD+sfrxUSD (0xed78…)","token":"RSUP","gauge":"0x5c0b03914f68f2717d779a0211fd98c2cc45a4dd","choice":351,"amount":22715.111114293893,"amountDollars":1765.5955659568228,"maxPerVote":0,"recycled":false,"excluded":[]},{"pool":"FXN+cvxFXN (0x1062…)","token":"CVX","gauge":"0x724476f141ed2de4da22ebdf435905def1118317","choice":177,"amount":831.04,"amountDollars":989.4840668774362,"maxPerVote":0,"recycled":false,"excluded":[]},{"pool":"CVX+clevCVX (0xF907…)","token":"CVX","gauge":"0x7970489a543fb237abab63d62524d8a5ce165b86","choice":84,"amount":980,"amountDollars":1166.8444184875427,"maxPerVote":0,"recycled":false,"excluded":[]},{"pool":"WETH+CVX (0xB576…)","token":"CVX","gauge":"0x7e1444ba99dcdffe8fbdb42c02f0005d14f13be1","choice":30,"amount":9419.76,"amountDollars":11215.708550502262,"maxPerVote":0,"recycled":false,"excluded":[]},{"pool":"stETH+frxETH (0x4d9f…)","token":"WFRAX","gauge":"0x821529bb07c83803c9cc7763e5974386e9efedc7","choice":106,"amount":12686.1,"amountDollars":3348.1933920605607,"maxPerVote":0,"recycled":false,"excluded":[]},{"pool":"alUSD+USDC (0x1Edd…)","token":"ALCX","gauge":"0x83f12b0506a115e610c3e76292885192731e9b53","choice":478,"amount":196,"amountDollars":711.8009842990714,"maxPerVote":0,"recycled":false,"excluded":[]},{"pool":"ftUSD+USDC (0xaFEc…)","token":"USDC","gauge":"0x8abf0a7e4b59ace59cb214fcb158285cd7cf7c3f","choice":524,"amount":1223.04,"amountDollars":1222.8308817773182,"maxPerVote":0,"recycled":false,"excluded":[]},{"pool":"DOLA+sUSDS (0x8b83…)","token":"DOLA","gauge":"0x8b0abcfc78a5c14520682fcd76a0e52b71126079","choice":317,"amount":7546,"amountDollars":7509.266127103925,"maxPerVote":0,"recycled":false,"excluded":[]},{"pool":"USDC+crvUSD (0x4DEc…)","token":"YB","gauge":"0x95f00391cb5eebcd190eb58728b4ce23dbfa6ac1","choice":125,"amount":80847.93054709048,"amountDollars":6246.594778960583,"maxPerVote":0,"recycled":false,"excluded":[]},{"pool":"sfrxUSD+frxUSD (0xF292…)","token":"WFRAX","gauge":"0x9a356132605ad599aba34651aa2a606730bacaaa","choice":409,"amount":15077.3,"amountDollars":3979.293575654826,"maxPerVote":0,"recycled":false,"excluded":[]},{"pool":"reUSD+scrvUSD (0xc522…)","token":"RSUP","gauge":"0xaf01d68714e7ea67f43f08b5947e367126b889b1","choice":350,"amount":54290.20938873773,"amountDollars":4219.858423290062,"maxPerVote":0,"recycled":false,"excluded":[]},{"pool":"arbi-alUSD+USDC (0x7848…)","token":"ALCX","gauge":"0xafcd73e242c6d880edfa87b8146825639bda3881","choice":579,"amount":490,"amountDollars":1779.5024607476785,"maxPerVote":0,"recycled":false,"excluded":[]},{"pool":"alUSD+frxUSD (0x17F9…)","token":"ALCX","gauge":"0xb069d59fddfe8e2e6e624951e306d4fdc056fa82","choice":479,"amount":1176,"amountDollars":4270.805905794428,"maxPerVote":0,"recycled":false,"excluded":[]},{"pool":"USST+USDC (0x2877…)","token":"USDC","gauge":"0xb0c633eb467f721d4d02891edca629387fcff99b","choice":505,"amount":980,"amountDollars":979.832437321569,"maxPerVote":0,"recycled":false,"excluded":[]},{"pool":"USG+sDOLA (0x3178…)","token":"DOLA","gauge":"0xb110cdd5a25023e2a74542d7dc0644d2171bf556","choice":515,"amount":2940,"amountDollars":2925.6881014690616,"maxPerVote":0,"recycled":false,"excluded":[]},{"pool":"alETH+WETH (0x8eFD…)","token":"ALCX","gauge":"0xb251c0885c7c1975d773b57e67c138fbceaa6db4","choice":198,"amount":784,"amountDollars":2847.2039371962856,"maxPerVote":0,"recycled":false,"excluded":[]},{"pool":"arbi-alETH+WETH (0xBeb1…)","token":"ALCX","gauge":"0xb49ec875dc7e1ddce5c5da17249a5ea3904b5eb3","choice":583,"amount":490,"amountDollars":1779.5024607476785,"maxPerVote":0,"recycled":false,"excluded":[]},{"pool":"FRAX+USDe (0x5dc1…)","token":"WFRAX","gauge":"0xb53c23d2cc6219adf78ea22bfd38bffc50ec54cb","choice":202,"amount":143244.64,"amountDollars":37806.00476869124,"maxPerVote":0,"recycled":false,"excluded":[]},{"pool":"evaUSDT+evaUSDC (0x3C09…)","token":"USDC","gauge":"0xbe6228125448e40f5dcbb2dbdf7ff3f5721000b4","choice":494,"amount":3920,"amountDollars":3919.329749286276,"maxPerVote":0,