{"statusCode":200,"epoch":{"id":"votium-cvx-crv-96","platform":"votium","protocol":"cvx-crv","round":96,"proposal":"0x8de4423aa66dfedf0faf7c29a9c433b7dfa62c86f229b02f330712e09bfb8122","end":1747094400,"scoresTotal":38956379.18801834,"bribed":{"alETH+frxETH (0xB657…)":713286.5100173975,"alETH+pxETH (0x30bf…)":26517.678157649025,"alETH+WETH (0x8eFD…)":290306.2626155448,"alUSD+FRAXBP (0xB30d…)":738504.8497355955,"COIL+FRAXBP (0xAF42…)":531624.9256204225,"CRV+cvxCRV (0x971a…)":3970286.381771898,"CVX+clevCVX (0xF907…)":110724.92103926983,"CVX+FRAXBP (0xBEc5…)":16376.295869577592,"DOLA+DBR+INV (0xC7DE…)":280472.41936098144,"DOLA+deUSD (0x6691…)":552822.4724378496,"DOLA+USR (0x38De…)":1452495.1889925974,"ETH+frxETH (0xa1F8…)":76357.287643403,"eUSD+FRAXBP (0xAEda…)":2881.451930334294,"FRAX+USDe (0x5dc1…)":2763274.7222588435,"fraxtal-crvUSD+frxUSD (0x63Eb…)":43739.84036190716,"fraxtal-dUSD+sfrxUSD (0x5eCF…)":71964.78966666666,"fraxtal-frxETH+sfrxETH (0xF2f4…)":134083.44506637228,"fraxtal-frxETH+SQUID (0x277F…)":97698.65215961626,"fraxtal-frxUSD+DAI (0x86d7…)":71964.78966666666,"fraxtal-frxUSD+dUSD (0x9CA6…)":95953.0528888889,"fraxtal-frxUSD+frxETH… (0xa0D3…)":169176.34861361084,"fraxtal-frxUSD+FXB202… (0xeE45…)":268755.65986235725,"fraxtal-frxUSD+FXB205… (0x4Cfc…)":189480.57159370638,"fraxtal-frxUSD+PYUSD (0x35c6…)":71964.78966666666,"fraxtal-frxUSD+sUSDe (0x8b4E…)":71964.78966666666,"fraxtal-frxUSD+USDC (0xa8eB…)":71964.78966666666,"fraxtal-frxUSD+USDe (0x1e19…)":71964.78966666666,"fraxtal-frxUSD+USDT (0xcAEF…)":71964.78966666666,"fraxtal-FXB20251231+F… (0x2421…)":188163.3536657388,"fraxtal-lend-crvUSD(s… (0x0Edf…)":44432.79095876284,"fraxtal-lend-crvUSD(s… (0x279A…)":45685.65309067759,"fraxtal-lend-crvUSD(W… (0xa757…)":44057.03344540873,"fraxtal-pxETH+frxETH (0x827d…)":13321.460356575313,"fraxtal-scrvUSD+sfrxU… (0xaC5d…)":133957.04735400918,"fraxtal-WFRAX+cvxFXS (0x3a38…)":119647.2118512723,"frxETH+CVX (0x47D5…)":631460.7908119038,"FXN+cvxFXN (0x1062…)":99059.78556578212,"FXS+cvxFXS (0x6a90…)":18777.913401340473,"lend-crvUSD(sDOLA) (0x992B…)":375086.9107937619,"msETH+frxETH (0x2d60…)":11663.61819007881,"msUSD+FRAXBP (0xc3b1…)":351671.0873581791,"OHM+FRAXBP (0xFc1e…)":4551.862010070831,"pxETH+stETH (0x6951…)":542548.6042104572,"rETH+frxETH (0xe7c6…)":2927.388753248172,"reUSD+scrvUSD (0xc522…)":8133591.482447939,"reUSD+sDOLA (0x48d6…)":225604.7947138994,"reUSD+sfrxUSD (0xed78…)":660338.9683786174,"sDOLA+alUSD (0x4606…)":454214.6821557029,"stETH+frxETH (0x4d9f…)":217061.35022992553,"STG+FRAXBP (0x867f…)":23987.036355788834,"USDC+USDf (0x7231…)":1707045.2282412574,"WETH+CVG (0x004C…)":38687.36659730417,"WETH+CVX (0xB576…)":1598242.4551774214,"WETH+frxETH (0x9c3B…)":232588.8364734757,"WETH+pxETH (0xC8Eb…)":542061.0685035596,"WETH+RSUP (0xEe35…)":2246917.414404902},"bribes":[{"pool":"fraxtal-frxUSD+dUSD (0x9CA6…)","token":"FXS","gauge":"0x05600c37d54a4f3cdc76e0867af1530becc332ca","choice":566,"amount":245,"amountDollars":656.6,"maxPerVote":0,"recycled":false,"excluded":[]},{"pool":"COIL+FRAXBP (0xAF42…)","token":"FXS","gauge":"0x06b30d5f2341c2fb3f6b48b109685997022bd272","choice":124,"amount":94.78628671508838,"amountDollars":254.02724839643687,"maxPerVote":0,"recycled":false,"excluded":[]},{"pool":"COIL+FRAXBP (0xAF42…)","token":"CRV","gauge":"0x06b30d5f2341c2fb3f6b48b109685997022bd272","choice":124,"amount":21560,"amountDollars":16128.84196,"maxPerVote":0,"recycled":false,"excluded":[]},{"pool":"OHM+FRAXBP (0xFc1e…)","token":"FXS","gauge":"0x06f691180f643b35e3644a2296a4097e1f577d0d","choice":87,"amount":55.8568952165098,"amountDollars":149.69647918024626,"maxPerVote":0,"recycled":false,"excluded":[]},{"pool":"fraxtal-WFRAX+cvxFXS (0x3a38…)","token":"CVX","gauge":"0x070ebc9f46d0a6a523d31eb4ae7901c56ad97ae2","choice":550,"amount":665.42,"amountDollars":2195.886,"maxPerVote":0,"recycled":false,"excluded":[]},{"pool":"WETH+RSUP (0xEe35…)","token":"RSUP","gauge":"0x09f62a6777032329c0d49f1fd4fbe9b3468cda56","choice":411,"amount":28169.12,"amountDollars":65070.667199999996,"maxPerVote":0,"recycled":false,"excluded":[]},{"pool":"FXS+cvxFXS (0x6a90…)","token":"CVX","gauge":"0x0c58c509305a8a7fe9a6a60ceaac6185b96ecbb7","choice":153,"amount":166.6,"amountDollars":549.78,"maxPerVote":0,"recycled":false,"excluded":[]},{"pool":"USDC+USDf (0x7231…)","token":"USDf","gauge":"0x156527def9a2ab4f54c849575f23dc4bb439d9d9","choice":423,"amount":49000,"amountDollars":48975.304000000004,"maxPerVote":0,"recycled":false,"excluded":[]},{"pool":"WETH+CVG (0x004C…)","token":"crvUSD","gauge":"0x16a3a047fc1d388d5846a73acdb475b11228c299","choice":261,"amount":847.7,"amountDollars":847.7,"maxPerVote":0,"recycled":false,"excluded":[]},{"pool":"sDOLA+alUSD (0x4606…)","token":"ALCX","gauge":"0x19f9266f349158b54a6d95dce79297df670f7f14","choice":371,"amount":1225,"amountDollars":13107.5,"maxPerVote":0,"recycled":false,"excluded":[]},{"pool":"ETH+frxETH (0xa1F8…)","token":"CRV","gauge":"0x2932a86df44fe8d2a706d8e9c5d51c24883423f5","choice":81,"amount":3043.88,"amountDollars":2277.09923308,"maxPerVote":0,"recycled":false,"excluded":[]},{"pool":"alETH+frxETH (0xB657…)","token":"ALCX","gauge":"0x415f30505368fa1db82feea02eb778be04e75907","choice":117,"amount":1764,"amountDollars":18874.8,"maxPerVote":0,"recycled":false,"excluded":[]},{"pool":"alETH+frxETH (0xB657…)","token":"FXS","gauge":"0x415f30505368fa1db82feea02eb778be04e75907","choice":117,"amount":608.7392979483922,"amountDollars":1631.421318501691,"maxPerVote":0,"recycled":false,"excluded":[]},{"pool":"fraxtal-frxUSD+FXB202… (0xeE45…)","token":"FXS","gauge":"0x48100238c4a3cf44cfbf6c7693ed5c216881face","choice":553,"amount":2940,"amountDollars":7879.200000000001,"maxPerVote":0,"recycled":false,"excluded":[]},{"pool":"alETH+pxETH (0x30bf…)","token":"DINERO","gauge":"0x4c5a449c6b81b800938efccdb41970e9cf9ec478","choice":344,"amount":34300,"amountDollars":766.7343109999999,"maxPerVote":0,"recycled":false,"excluded":[]},{"pool":"WETH+frxETH (0x9c3B…)","token":"CRV","gauge":"0x4e21418095d32d15c6e2b96a9910772613a50d50","choice":168,"amount":9279.62,"amountDollars":6942.00020542,"maxPerVote":0,"recycled":false,"excluded":[]},{"pool":"fraxtal-lend-crvUSD(s… (0x279A…)","token":"FXS","gauge":"0x541f57ab2032a042ce6b02fd435347fbae1f6d0a","choice":558,"amount":490,"amountDollars":1313.2,"maxPerVote":0,"recycled":false,"excluded":[]},{"pool":"pxETH+stETH (0x6951…)","token":"DINERO","gauge":"0x58215f083882a5eb7056ac34a0fdda9d3b5665d2","choice":209,"amount":735000,"amountDollars":16430.02095,"maxPerVote":0,"recycled":false,"excluded":[]},{"pool":"fraxtal-frxUSD+sUSDe (0x8b4E…)","token":"FXS","gauge":"0x59005665c5060d3abee291a21de0375cf1bbed03","choice":552,"amount":490,"amountDollars":1313.2,"maxPerVote":0,"recycled":false,"excluded":[]},{"pool":"reUSD+sfrxUSD (0xed78…)","token":"RSUP","gauge":"0x5c0b03914f68f2717d779a0211fd98c2cc45a4dd","choice":410,"amount":8275.12,"amountDollars":19115.527200000004,"maxPerVote":0,"recycled":false,"excluded":[]},{"pool":"DOLA+DBR+INV (0xC7DE…)","token":"INV","gauge":"0x5ccde4bec0f4006c3826b51edf0d227d12ea33fa","choice":203,"amount":294,"amountDollars":8617.14,"maxPerVote":0,"recycled":false,"excluded":[]},{"pool":"fraxtal-frxUSD+DAI (0x86d7…)","token":"FXS","gauge":"0x64100c172d5dc8007e3ee701ecd99468619b6583","choice":545,"amount":294,"amountDollars":787.9200000000001,"maxPerVote":0,"recycled":false,"excluded":[]},{"pool":"fraxtal-scrvUSD+sfrxU… (0xaC5d…)","token":"FXS","gauge":"0x660622adba5339e62d800be440d6d0c8c1838559","choice":565,"amount":1470,"amountDollars":3939.6000000000004,"maxPerVote":0,"recycled":false,"excluded":[]},{"pool":"fraxtal-pxETH+frxETH (0x827d…)","token":"FXS","gauge":"0x6b794c5e3188c2c8c1412dbf38fd70e9b20446a7","choice":557,"amount":147,"amountDollars":393.96000000000004,"maxPerVote":0,"recycled":false,"excluded":[]},{"pool":"FXN+cvxFXN (0x1062…)","token":"CVX","gauge":"0x724476f141ed2de4da22ebdf435905def1118317","choice":190,"amount":878.08,"amountDollars":2897.6639999999998,"maxPerVote":0,