{"curve":{"statusCode":200,"epoch":{"id":"votium-cvx-crv-101","platform":"votium","protocol":"cvx-crv","round":101,"proposal":"0x8cf702baa8ca862c5c7aa9cd2309a784d30d89b7666cf44fdefcda79bef30f91","end":1753142400,"scoresTotal":40481975.85221091,"bribed":{"alETH+frxETH (0xB657…)":607886.9616788202,"alETH+WETH (0x8eFD…)":251458.9810520965,"alUSD+FRAXBP (0xB30d…)":612956.4355731544,"arbi-alUSD+USDC (0x7848…)":78573.17034853493,"COIL+FRAXBP (0xAF42…)":442666.90522147645,"CRV+cvxCRV (0x971a…)":3622902.195976836,"CVX+clevCVX (0xF907…)":135648.7867326847,"DOLA+sUSDS (0x8b83…)":1377167.5796407613,"DOLA+USR (0x38De…)":3004738.7576737264,"ETH+frxETH (0xa1F8…)":71997.29410762303,"eUSD+FRAXBP (0xAEda…)":31036.387267604616,"FRAX+sDAI (0xcE64…)":347502.3057040338,"FRAX+USDe (0x5dc1…)":4343553.4301001085,"fraxtal-CRV+frxUSD (0x89b4…)":27700.157541417793,"fraxtal-crvUSD+frxUSD (0x63Eb…)":71964.78966666666,"fraxtal-dUSD+sfrxUSD (0x5eCF…)":27700.157541417793,"fraxtal-frxETH+sfrxETH (0xF2f4…)":155184.27043332704,"fraxtal-frxETH+SQUID (0x277F…)":71964.78966666666,"fraxtal-frxUSD+DAI (0x86d7…)":27700.157541417793,"fraxtal-frxUSD+dUSD (0x9CA6…)":27700.157541417793,"fraxtal-frxUSD+frxETH… (0xa0D3…)":83126.07683889523,"fraxtal-frxUSD+FXB202… (0xeE45…)":332529.83152070706,"fraxtal-frxUSD+FXB205… (0x4Cfc…)":237455.45731930394,"fraxtal-frxUSD+PYUSD (0x35c6…)":27700.157541417793,"fraxtal-frxUSD+sUSDe (0x8b4E…)":55412.95833392827,"fraxtal-frxUSD+USDC (0xa8eB…)":27700.157541417793,"fraxtal-frxUSD+USDe (0x1e19…)":55412.95833392827,"fraxtal-frxUSD+USDT (0xcAEF…)":55412.95833392827,"fraxtal-FXB20251231+F… (0x2421…)":83126.07683889523,"fraxtal-lend-crvUSD(s… (0x0Edf…)":66499.82495023945,"fraxtal-lend-crvUSD(s… (0x279A…)":33252.76875830274,"fraxtal-lend-crvUSD(W… (0xa757…)":33252.76875830274,"fraxtal-scrvUSD+sfrxU… (0xaC5d…)":83126.07683889523,"fraxtal-WFRAX+cvxFXS (0x3a38…)":111754.11980612724,"frxETH+CVX (0x47D5…)":564216.3425930779,"frxUSD+sUSDS (0x81A2…)":681109.0063750315,"FXN+cvxFXN (0x1062…)":215272.29443546577,"FXS+cvxFXS (0x6a90…)":22100.93314031586,"msUSD+FRAXBP (0xc3b1…)":257974.1102746672,"OHM+FRAXBP (0xFc1e…)":7563.841277991623,"pxETH+stETH (0x6951…)":439584.3791086777,"rETH+frxETH (0xe7c6…)":28977.761326692143,"reUSD+fxUSD (0xb0ef…)":211734.10888479234,"reUSD+scrvUSD (0xc522…)":5643533.401014382,"reUSD+sDOLA (0x48d6…)":292692.54870981106,"reUSD+sfrxUSD (0xed78…)":486288.60276319034,"sDOLA+alUSD (0x4606…)":392907.1825377019,"stETH+frxETH (0x4d9f…)":368450.4888521354,"STG+FRAXBP (0x867f…)":32089.271945319062,"USDC+jUSD (0x6A0c…)":62694.84894030854,"WETH+CVX (0xB576…)":1522920.2019772192,"WETH+frxETH (0x9c3B…)":277445.72483506956,"WETH+pxETH (0xC8Eb…)":439581.90065519785,"WETH+RSUP (0xEe35…)":1651259.3717831112},"bribes":[{"pool":"fraxtal-frxUSD+dUSD (0x9CA6…)","token":"FXS","gauge":"0x05600c37d54a4f3cdc76e0867af1530becc332ca","choice":569,"amount":245,"amountDollars":864.8499999999999,"maxPerVote":0,"recycled":false,"excluded":[]},{"pool":"COIL+FRAXBP (0xAF42…)","token":"FXS","gauge":"0x06b30d5f2341c2fb3f6b48b109685997022bd272","choice":123,"amount":122.73647814179027,"amountDollars":433.25976784051966,"maxPerVote":0,"recycled":false,"excluded":[]},{"pool":"OHM+FRAXBP (0xFc1e…)","token":"FXS","gauge":"0x06f691180f643b35e3644a2296a4097e1f577d0d","choice":86,"amount":66.92692191893221,"amountDollars":236.2520343738307,"maxPerVote":0,"recycled":false,"excluded":[]},{"pool":"fraxtal-WFRAX+cvxFXS (0x3a38…)","token":"CVX","gauge":"0x070ebc9f46d0a6a523d31eb4ae7901c56ad97ae2","choice":553,"amount":640.92,"amountDollars":2768.7744,"maxPerVote":0,"recycled":false,"excluded":[]},{"pool":"WETH+RSUP (0xEe35…)","token":"RSUP","gauge":"0x09f62a6777032329c0d49f1fd4fbe9b3468cda56","choice":384,"amount":32824.12,"amountDollars":51533.86840000001,"maxPerVote":0,"recycled":false,"excluded":[]},{"pool":"FXS+cvxFXS (0x6a90…)","token":"CVX","gauge":"0x0c58c509305a8a7fe9a6a60ceaac6185b96ecbb7","choice":152,"amount":159.74,"amountDollars":690.0768,"maxPerVote":0,"recycled":false,"excluded":[]},{"pool":"sDOLA+alUSD (0x4606…)","token":"ALCX","gauge":"0x19f9266f349158b54a6d95dce79297df670f7f14","choice":347,"amount":1225,"amountDollars":12262.25,"maxPerVote":0,"recycled":false,"excluded":[]},{"pool":"ETH+frxETH (0xa1F8…)","token":"CRV","gauge":"0x2932a86df44fe8d2a706d8e9c5d51c24883423f5","choice":80,"amount":2349.06,"amountDollars":2246.16647388,"maxPerVote":0,"recycled":false,"excluded":[]},{"pool":"fraxtal-CRV+frxUSD (0x89b4…)","token":"FXS","gauge":"0x304c0564b897e6e72b040f0445ab1bdf391726fe","choice":574,"amount":245,"amountDollars":864.8499999999999,"maxPerVote":0,"recycled":false,"excluded":[]},{"pool":"alETH+frxETH (0xB657…)","token":"FXS","gauge":"0x415f30505368fa1db82feea02eb778be04e75907","choice":116,"amount":372.179902730852,"amountDollars":1313.7950566399074,"maxPerVote":0,"recycled":false,"excluded":[]},{"pool":"alETH+frxETH (0xB657…)","token":"ALCX","gauge":"0x415f30505368fa1db82feea02eb778be04e75907","choice":116,"amount":1764,"amountDollars":17657.64,"maxPerVote":0,"recycled":false,"excluded":[]},{"pool":"fraxtal-frxUSD+FXB202… (0xeE45…)","token":"FXS","gauge":"0x48100238c4a3cf44cfbf6c7693ed5c216881face","choice":556,"amount":2940,"amountDollars":10378.199999999999,"maxPerVote":0,"recycled":false,"excluded":[]},{"pool":"WETH+frxETH (0x9c3B…)","token":"FXS","gauge":"0x4e21418095d32d15c6e2b96a9910772613a50d50","choice":167,"amount":2452.94,"amountDollars":8658.8782,"maxPerVote":0,"recycled":false,"excluded":[]},{"pool":"frxUSD+sUSDS (0x81A2…)","token":"FXS","gauge":"0x52618c40ddba3cbbb69f3aaa4cb26ae649844b17","choice":361,"amount":6021.708,"amountDollars":21256.62924,"maxPerVote":0,"recycled":false,"excluded":[]},{"pool":"fraxtal-lend-crvUSD(s… (0x279A…)","token":"FXS","gauge":"0x541f57ab2032a042ce6b02fd435347fbae1f6d0a","choice":561,"amount":294,"amountDollars":1037.82,"maxPerVote":0,"recycled":false,"excluded":[]},{"pool":"pxETH+stETH (0x6951…)","token":"DAI","gauge":"0x58215f083882a5eb7056ac34a0fdda9d3b5665d2","choice":206,"amount":13720,"amountDollars":13718.80636,"maxPerVote":0,"recycled":false,"excluded":[]},{"pool":"fraxtal-frxUSD+sUSDe (0x8b4E…)","token":"FXS","gauge":"0x59005665c5060d3abee291a21de0375cf1bbed03","choice":555,"amount":490,"amountDollars":1729.6999999999998,"maxPerVote":0,"recycled":false,"excluded":[]},{"pool":"reUSD+sfrxUSD (0xed78…)","token":"RSUP","gauge":"0x5c0b03914f68f2717d779a0211fd98c2cc45a4dd","choice":383,"amount":9666.72,"amountDollars":15176.750399999999,"maxPerVote":0,"recycled":false,"excluded":[]},{"pool":"fraxtal-frxUSD+DAI (0x86d7…)","token":"FXS","gauge":"0x64100c172d5dc8007e3ee701ecd99468619b6583","choice":548,"amount":245,"amountDollars":864.8499999999999,"maxPerVote":0,"recycled":false,"excluded":[]},{"pool":"fraxtal-scrvUSD+sfrxU… (0xaC5d…)","token":"FXS","gauge":"0x660622adba5339e62d800be440d6d0c8c1838559","choice":568,"amount":735,"amountDollars":2594.5499999999997,"maxPerVote":0,"recycled":false,"excluded":[]},{"pool":"FXN+cvxFXN (0x1062…)","token":"CVX","gauge":"0x724476f141ed2de4da22ebdf435905def1118317","choice":188,"amount":1555.26,"amountDollars":6718.7232,"maxPerVote":0,"recycled":false,"excluded":[]},{"pool":"fraxtal-frxUSD+PYUSD (0x35c6…)","token":"FXS","gauge":"0x72bd89f2e3470fa5d188cf04eda17e8145eb4bf1","choice":549,"amount":245,"amountDollars":864.8499999999999,"maxPerVote":0,"recycled":false,"excluded":[]},{"pool":"alUSD+FRAXBP (0xB30d…)","token":"FXS","gauge":"0x740ba8aa0052e07b925908b380248cb03f3de5cb","choice":63,"amount":972.8011565098365,"amountDollars":3433.9880824797224,"maxPerVote":0,"recycled":false,"excluded":[]},{"pool":"alUSD+FRAXBP (0xB30d…)","token":"ALCX","gauge":"0x740ba8aa0052e07b925908b380248cb03f3de5cb","choice":63,"amount":1568,"amountDollars":15695.68,"maxPerVote":0,"recycled":false,"excluded":[]},{"pool":"CVX+clevCVX (0xF907…)","token":"CVX","gauge":"0x7970489a543fb237abab63d62524d8a5ce165b86","choice":92,"amount":980,"amountDollars":4233.6,"maxPerVote":0,"recycled":false,