{"curve":{"statusCode":200,"epoch":{"id":"votium-cvx-crv-108","platform":"votium","protocol":"cvx-crv","round":108,"proposal":"0x1032053abe9915dfe4ea2445aebcc3403fae9341700f702daa206c34c33d13a8","end":1761609600,"scoresTotal":27383004.9434816,"bribed":{"alETH+frxETH (0xB657…)":490010.33653933456,"alETH+WETH (0x8eFD…)":134978.0970420388,"alUSD+FRAXBP (0xB30d…)":397048.5995578272,"arbi-alUSD+USDC (0x7848…)":42178.033938377936,"COIL+FRAXBP (0xAF42…)":142462.86426887414,"CRV+cvxCRV (0x971a…)":1617657.631612294,"CVX+clevCVX (0xF907…)":62294.708791033685,"DOLA+sUSDe (0x7447…)":2983464.5271999366,"DOLA+USR (0x38De…)":666167.7404285222,"DOLA+wstUSR (0x6427…)":1422145.9342901858,"FRAX+USDe (0x5dc1…)":2383666.872565772,"fraxtal-CRV+frxUSD (0x89b4…)":18971.6754533547,"fraxtal-crvUSD+frxUSD (0x63Eb…)":37954.06359100071,"fraxtal-DKDEFI+BTCWIT… (0x9edd…)":50388.33000175981,"fraxtal-frxETH+sfrxETH (0xF2f4…)":113883.61614158473,"fraxtal-frxUSD+dUSD (0x9CA6…)":18971.6754533547,"fraxtal-frxUSD+frxETH… (0xa0D3…)":28468.225864323358,"fraxtal-frxUSD+FXB202… (0x15d1…)":56936.451728646716,"fraxtal-frxUSD+FXB202… (0xeE45…)":151866.54973770166,"fraxtal-frxUSD+FXB205… (0x4Cfc…)":136924.92500557145,"fraxtal-frxUSD+sUSDe (0x8b4E…)":30368.371264272264,"fraxtal-frxUSD+USDC (0xa8eB…)":18971.6754533547,"fraxtal-frxUSD+USDe (0x1e19…)":37954.06359100071,"fraxtal-frxUSD+USDT (0xcAEF…)":18971.6754533547,"fraxtal-FXB20251231+F… (0x2421…)":61241.8586904595,"fraxtal-lend-crvUSD(s… (0x0Edf…)":19026.7655317812,"fraxtal-lend-crvUSD(s… (0x279A…)":37954.06359100071,"fraxtal-lend-crvUSD(W… (0xa757…)":18971.6754533547,"fraxtal-scrvUSD+sfrxU… (0xaC5d…)":37954.06359100071,"fraxtal-WFRAX+cvxFXS (0x3a38…)":44209.83919856441,"frxETH+CVX (0x47D5…)":184118.61694962336,"frxUSD+crvUSD (0x13e1…)":2491545.617259358,"frxUSD+sUSDS (0x81A2…)":342807.9266924562,"FXN+cvxFXN (0x1062…)":114112.62885182755,"FXS+cvxFXS (0x6a90…)":12555.954930079606,"lend-crvUSD(sDOLA) (0x992B…)":235325.91137105177,"lend-crvUSD(sreUSD) (0xC32B…)":316704.8051141767,"msUSD+FRAXBP (0xc3b1…)":215527.3981916297,"rETH+frxETH (0xe7c6…)":6984.670157931317,"reUSD+fxUSD (0xb0ef…)":219425.2274889626,"reUSD+scrvUSD (0xc522…)":2627510.178408196,"reUSD+sDOLA (0x48d6…)":218419.2274889626,"reUSD+sfrxUSD (0xed78…)":218419.2274889626,"sDOLA+alUSD (0x4606…)":210914.86310823,"sfrxUSD+frxUSD (0xF292…)":142972.35271719177,"stETH+frxETH (0x4d9f…)":194835.98015860867,"STG+FRAXBP (0x867f…)":18252.515138732473,"USDC+crvUSD (0x4DEc…)":1941315.7913977795,"USDT+crvUSD (0x390f…)":1854446.0203072652,"WETH+CVX (0xB576…)":961200.0384158138,"WETH+frxETH (0x9c3B…)":120291.85532528849,"WETH+RSUP (0xEe35…)":383303.35569508735},"bribes":[{"pool":"fraxtal-frxUSD+dUSD (0x9CA6…)","token":"WFRAX","gauge":"0x05600c37d54a4f3cdc76e0867af1530becc332ca","choice":597,"amount":490,"amountDollars":720.8079862011015,"maxPerVote":0,"recycled":false,"excluded":[]},{"pool":"COIL+FRAXBP (0xAF42…)","token":"FXS","gauge":"0x06b30d5f2341c2fb3f6b48b109685997022bd272","choice":123,"amount":260.62938359838057,"amountDollars":385.77213456397516,"maxPerVote":0,"recycled":false,"excluded":[]},{"pool":"COIL+FRAXBP (0xAF42…)","token":"FXS","gauge":"0x06b30d5f2341c2fb3f6b48b109685997022bd272","choice":123,"amount":333.2,"amountDollars":493.1879646954558,"maxPerVote":0,"recycled":false,"excluded":[]},{"pool":"COIL+FRAXBP (0xAF42…)","token":"CRV","gauge":"0x06b30d5f2341c2fb3f6b48b109685997022bd272","choice":123,"amount":9604,"amountDollars":5537.92123555165,"maxPerVote":0,"recycled":false,"excluded":[]},{"pool":"fraxtal-WFRAX+cvxFXS (0x3a38…)","token":"CVX","gauge":"0x070ebc9f46d0a6a523d31eb4ae7901c56ad97ae2","choice":582,"amount":510.58,"amountDollars":1225.1832580062971,"maxPerVote":0,"recycled":false,"excluded":[]},{"pool":"WETH+RSUP (0xEe35…)","token":"RSUP","gauge":"0x09f62a6777032329c0d49f1fd4fbe9b3468cda56","choice":379,"amount":25856.32,"amountDollars":15722.18433130411,"maxPerVote":0,"recycled":false,"excluded":[]},{"pool":"FXS+cvxFXS (0x6a90…)","token":"CVX","gauge":"0x0c58c509305a8a7fe9a6a60ceaac6185b96ecbb7","choice":152,"amount":127.4,"amountDollars":305.70791466567874,"maxPerVote":0,"recycled":false,"excluded":[]},{"pool":"sDOLA+alUSD (0x4606…)","token":"ALCX","gauge":"0x19f9266f349158b54a6d95dce79297df670f7f14","choice":345,"amount":1225,"amountDollars":9624.31647137969,"maxPerVote":0,"recycled":false,"excluded":[]},{"pool":"frxUSD+crvUSD (0x13e1…)","token":"YB","gauge":"0x22804b0f6be741a9fa1bbaecdd6c8d4116e96944","choice":427,"amount":115086.003701965,"amountDollars":56977.64873944099,"maxPerVote":0,"recycled":false,"excluded":[]},{"pool":"frxUSD+crvUSD (0x13e1…)","token":"WFRAX","gauge":"0x22804b0f6be741a9fa1bbaecdd6c8d4116e96944","choice":427,"amount":13706.28,"amountDollars":20162.440990017214,"maxPerVote":0,"recycled":false,"excluded":[]},{"pool":"lend-crvUSD(sreUSD) (0xC32B…)","token":"RSUP","gauge":"0x29e9975561fad3a7988ca96361ab5c5317cb32af","choice":442,"amount":21592.34,"amountDollars":13129.430236947523,"maxPerVote":0,"recycled":false,"excluded":[]},{"pool":"fraxtal-CRV+frxUSD (0x89b4…)","token":"WFRAX","gauge":"0x304c0564b897e6e72b040f0445ab1bdf391726fe","choice":602,"amount":490,"amountDollars":720.8079862011015,"maxPerVote":0,"recycled":false,"excluded":[]},{"pool":"alETH+frxETH (0xB657…)","token":"FXS","gauge":"0x415f30505368fa1db82feea02eb778be04e75907","choice":116,"amount":868.4979091337271,"amountDollars":1285.5123533851195,"maxPerVote":0,"recycled":false,"excluded":[]},{"pool":"alETH+frxETH (0xB657…)","token":"ALCX","gauge":"0x415f30505368fa1db82feea02eb778be04e75907","choice":116,"amount":2352,"amountDollars":18478.687625049006,"maxPerVote":0,"recycled":false,"excluded":[]},{"pool":"fraxtal-frxUSD+FXB202… (0xeE45…)","token":"WFRAX","gauge":"0x48100238c4a3cf44cfbf6c7693ed5c216881face","choice":585,"amount":3920,"amountDollars":5766.463889608812,"maxPerVote":0,"recycled":false,"excluded":[]},{"pool":"WETH+frxETH (0x9c3B…)","token":"WFRAX","gauge":"0x4e21418095d32d15c6e2b96a9910772613a50d50","choice":167,"amount":3086.02,"amountDollars":4539.648697094537,"maxPerVote":0,"recycled":false,"excluded":[]},{"pool":"USDT+crvUSD (0x390f…)","token":"YB","gauge":"0x4e6bb6b7447b7b2aa268c16ab87f4bb48bf57939","choice":133,"amount":115086.003701965,"amountDollars":56977.64873944099,"maxPerVote":0,"recycled":false,"excluded":[]},{"pool":"frxUSD+sUSDS (0x81A2…)","token":"WFRAX","gauge":"0x52618c40ddba3cbbb69f3aaa4cb26ae649844b17","choice":358,"amount":7717.5,"amountDollars":11352.725782667349,"maxPerVote":0,"recycled":false,"excluded":[]},{"pool":"fraxtal-lend-crvUSD(s… (0x279A…)","token":"WFRAX","gauge":"0x541f57ab2032a042ce6b02fd435347fbae1f6d0a","choice":590,"amount":980,"amountDollars":1441.615972402203,"maxPerVote":0,"recycled":false,"excluded":[]},{"pool":"fraxtal-frxUSD+sUSDe (0x8b4E…)","token":"WFRAX","gauge":"0x59005665c5060d3abee291a21de0375cf1bbed03","choice":584,"amount":784,"amountDollars":1153.2927779217623,"maxPerVote":0,"recycled":false,"excluded":[]},{"pool":"reUSD+sfrxUSD (0xed78…)","token":"RSUP","gauge":"0x5c0b03914f68f2717d779a0211fd98c2cc45a4dd","choice":378,"amount":8175.16,"amountDollars":4970.9847518093875,"maxPerVote":0,"recycled":false,"excluded":[]},{"pool":"fraxtal-scrvUSD+sfrxU… (0xaC5d…)","token":"WFRAX","gauge":"0x660622adba5339e62d800be440d6d0c8c1838559","choice":596,"amount":980,"amountDollars":1441.615972402203,"maxPerVote":0,"recycled":false,"excluded":[]},{"pool":"FXN+cvxFXN (0x1062…)","token":"CVX","gauge":"0x724476f141ed2de4da22ebdf435905def1118317","choice":188,"amount":1432.76,"amountDollars":3438.0382403170947,"maxPerVote":0,"recycled":false,"excluded":[]},{"pool":"alUSD+FRAXBP (0xB30d…)","token":"FXS","gauge":"0x740ba8aa0052e07b925908b380248cb03f3de5cb","choice":63,"amount":2178.80663993271,"amountDollars":3224.97362609051,"maxPerVote":0,"recycled":false,"excluded":[]},{"pool":"alUSD+FRAXBP (0xB30d…)","token":"ALCX","gauge":"0x740ba8aa0052e07b925908b380248cb03f3de5cb","choice":63,"amount":1568,"amountDollars":12319.125083366003,