{"curve":{"statusCode":200,"epoch":{"id":"votium-cvx-crv-105","platform":"votium","protocol":"cvx-crv","round":105,"proposal":"0x89f831d44f235428a18e8dac887b46d72009b98e16f7442035822e9c3a5a5321","end":1757980800,"scoresTotal":24519145.895922042,"bribed":{"alETH+frxETH (0xB657…)":517265.2229133974,"alETH+WETH (0x8eFD…)":159258.046889236,"alUSD+FRAXBP (0xB30d…)":372051.0533489325,"arbi-alUSD+USDC (0x7848…)":49658.29096562078,"COIL+FRAXBP (0xAF42…)":502547.4157058738,"CRV+cvxCRV (0x971a…)":2241862.389113899,"CVX+clevCVX (0xF907…)":75107.01856490289,"DOLA+sUSDe (0x7447…)":2272536.6474331254,"DOLA+sUSDS (0x8b83…)":987058.0466655905,"DOLA+USR (0x38De…)":2231890.8670173385,"ETH+frxETH (0xa1F8…)":25168.799443099524,"FRAX+USDe (0x5dc1…)":2583336.3615960455,"fraxtal-CRV+frxUSD (0x89b4…)":18173.87914888844,"fraxtal-crvUSD+frxUSD (0x63Eb…)":48541.67197888403,"fraxtal-frxETH+sfrxETH (0xF2f4…)":91029.33293830039,"fraxtal-frxUSD+DAI (0x86d7…)":18173.87914888844,"fraxtal-frxUSD+dUSD (0x9CA6…)":18173.87914888844,"fraxtal-frxUSD+frxETH… (0xa0D3…)":45533.42527446959,"fraxtal-frxUSD+FXB202… (0x15d1…)":45533.42527446959,"fraxtal-frxUSD+FXB202… (0xeE45…)":151703.21397188626,"fraxtal-frxUSD+FXB205… (0x4Cfc…)":121372.44391773388,"fraxtal-frxUSD+PYUSD (0x35c6…)":18173.87914888844,"fraxtal-frxUSD+sUSDe (0x8b4E…)":30330.770054152406,"fraxtal-frxUSD+USDC (0xa8eB…)":18173.87914888844,"fraxtal-frxUSD+USDe (0x1e19…)":30330.770054152406,"fraxtal-frxUSD+USDT (0xcAEF…)":30330.770054152406,"fraxtal-FXB20251231+F… (0x2421…)":45533.42527446959,"fraxtal-lend-crvUSD(s… (0x0Edf…)":22416.305011502856,"fraxtal-lend-crvUSD(s… (0x279A…)":40943.09590471039,"fraxtal-lend-crvUSD(W… (0xa757…)":23381.80950671455,"fraxtal-scrvUSD+sfrxU… (0xaC5d…)":60661.54010830481,"fraxtal-WFRAX+cvxFXS (0x3a38…)":50405.505841352286,"frxETH+CVX (0x47D5…)":307626.518841512,"frxUSD+sUSDS (0x81A2…)":397070.5359857246,"FXN+cvxFXN (0x1062…)":124485.63769747165,"FXS+cvxFXS (0x6a90…)":14111.821680954848,"lend-crvUSD(sreUSD) (0xC32B…)":331059.3512139305,"msUSD+FRAXBP (0xc3b1…)":192202.71930252685,"rETH+frxETH (0xe7c6…)":18167.971075950274,"reUSD+fxUSD (0xb0ef…)":123255.43180446661,"reUSD+scrvUSD (0xc522…)":2062966.7245156951,"reUSD+sDOLA (0x48d6…)":140365.5471498149,"reUSD+sfrxUSD (0xed78…)":158273.69709300523,"sDOLA+alUSD (0x4606…)":248915.67756059262,"stETH+frxETH (0x4d9f…)":179401.12304027597,"STG+FRAXBP (0x867f…)":20124.76495749646,"USDC+jUSD (0x6A0c…)":44575.104390284854,"WETH+CVX (0xB576…)":3870958.981241012,"WETH+frxETH (0x9c3B…)":166009.04992821536,"WETH+RSUP (0xEe35…)":488712.60433026636,"WETH+SQUILL (0x2034…)":780.4248963901875},"bribes":[{"pool":"WETH+SQUILL (0x2034…)","token":"CRV","gauge":"0x016c0930757671358eda5704ac0c156cec70ec30","choice":406,"amount":49,"amountDollars":37.087218,"maxPerVote":0,"recycled":false,"excluded":[]},{"pool":"fraxtal-frxUSD+dUSD (0x9CA6…)","token":"FXS","gauge":"0x05600c37d54a4f3cdc76e0867af1530becc332ca","choice":575,"amount":294,"amountDollars":793.8000000000001,"maxPerVote":0,"recycled":false,"excluded":[]},{"pool":"COIL+FRAXBP (0xAF42…)","token":"FXS","gauge":"0x06b30d5f2341c2fb3f6b48b109685997022bd272","choice":123,"amount":142.5127438407108,"amountDollars":384.7844083699192,"maxPerVote":0,"recycled":false,"excluded":[]},{"pool":"COIL+FRAXBP (0xAF42…)","token":"CRV","gauge":"0x06b30d5f2341c2fb3f6b48b109685997022bd272","choice":123,"amount":29400,"amountDollars":22252.330800000003,"maxPerVote":0,"recycled":false,"excluded":[]},{"pool":"fraxtal-WFRAX+cvxFXS (0x3a38…)","token":"CVX","gauge":"0x070ebc9f46d0a6a523d31eb4ae7901c56ad97ae2","choice":560,"amount":652.68,"amountDollars":2212.5852,"maxPerVote":0,"recycled":false,"excluded":[]},{"pool":"WETH+RSUP (0xEe35…)","token":"RSUP","gauge":"0x09f62a6777032329c0d49f1fd4fbe9b3468cda56","choice":379,"amount":25318.3,"amountDollars":23836.3692644,"maxPerVote":0,"recycled":false,"excluded":[]},{"pool":"FXS+cvxFXS (0x6a90…)","token":"CVX","gauge":"0x0c58c509305a8a7fe9a6a60ceaac6185b96ecbb7","choice":152,"amount":162.68,"amountDollars":551.4852000000001,"maxPerVote":0,"recycled":false,"excluded":[]},{"pool":"sDOLA+alUSD (0x4606…)","token":"ALCX","gauge":"0x19f9266f349158b54a6d95dce79297df670f7f14","choice":345,"amount":1225,"amountDollars":11649.75,"maxPerVote":0,"recycled":false,"excluded":[]},{"pool":"ETH+frxETH (0xa1F8…)","token":"FXS","gauge":"0x2932a86df44fe8d2a706d8e9c5d51c24883423f5","choice":80,"amount":428.26,"amountDollars":1156.3020000000001,"maxPerVote":0,"recycled":false,"excluded":[]},{"pool":"lend-crvUSD(sreUSD) (0xC32B…)","token":"RSUP","gauge":"0x29e9975561fad3a7988ca96361ab5c5317cb32af","choice":442,"amount":16878.54,"amountDollars":15890.605296720001,"maxPerVote":0,"recycled":false,"excluded":[]},{"pool":"fraxtal-CRV+frxUSD (0x89b4…)","token":"FXS","gauge":"0x304c0564b897e6e72b040f0445ab1bdf391726fe","choice":580,"amount":294,"amountDollars":793.8000000000001,"maxPerVote":0,"recycled":false,"excluded":[]},{"pool":"alETH+frxETH (0xB657…)","token":"ALCX","gauge":"0x415f30505368fa1db82feea02eb778be04e75907","choice":116,"amount":2352,"amountDollars":22367.52,"maxPerVote":0,"recycled":false,"excluded":[]},{"pool":"alETH+frxETH (0xB657…)","token":"FXS","gauge":"0x415f30505368fa1db82feea02eb778be04e75907","choice":116,"amount":746.8259917248412,"amountDollars":2016.4301776570712,"maxPerVote":0,"recycled":false,"excluded":[]},{"pool":"fraxtal-frxUSD+FXB202… (0xeE45…)","token":"FXS","gauge":"0x48100238c4a3cf44cfbf6c7693ed5c216881face","choice":563,"amount":2450,"amountDollars":6615,"maxPerVote":0,"recycled":false,"excluded":[]},{"pool":"WETH+frxETH (0x9c3B…)","token":"FXS","gauge":"0x4e21418095d32d15c6e2b96a9910772613a50d50","choice":167,"amount":2897.86,"amountDollars":7824.222000000001,"maxPerVote":0,"recycled":false,"excluded":[]},{"pool":"frxUSD+sUSDS (0x81A2…)","token":"FXS","gauge":"0x52618c40ddba3cbbb69f3aaa4cb26ae649844b17","choice":358,"amount":6740.0872,"amountDollars":18198.23544,"maxPerVote":0,"recycled":false,"excluded":[]},{"pool":"fraxtal-lend-crvUSD(s… (0x279A…)","token":"FXS","gauge":"0x541f57ab2032a042ce6b02fd435347fbae1f6d0a","choice":568,"amount":686,"amountDollars":1852.2,"maxPerVote":0,"recycled":false,"excluded":[]},{"pool":"fraxtal-frxUSD+sUSDe (0x8b4E…)","token":"FXS","gauge":"0x59005665c5060d3abee291a21de0375cf1bbed03","choice":562,"amount":490,"amountDollars":1323,"maxPerVote":0,"recycled":false,"excluded":[]},{"pool":"reUSD+sfrxUSD (0xed78…)","token":"RSUP","gauge":"0x5c0b03914f68f2717d779a0211fd98c2cc45a4dd","choice":378,"amount":8070.3,"amountDollars":7597.9292004,"maxPerVote":0,"recycled":false,"excluded":[]},{"pool":"fraxtal-frxUSD+DAI (0x86d7…)","token":"FXS","gauge":"0x64100c172d5dc8007e3ee701ecd99468619b6583","choice":555,"amount":294,"amountDollars":793.8000000000001,"maxPerVote":0,"recycled":false,"excluded":[]},{"pool":"fraxtal-scrvUSD+sfrxU… (0xaC5d…)","token":"FXS","gauge":"0x660622adba5339e62d800be440d6d0c8c1838559","choice":574,"amount":980,"amountDollars":2646,"maxPerVote":0,"recycled":false,"excluded":[]},{"pool":"FXN+cvxFXN (0x1062…)","token":"CVX","gauge":"0x724476f141ed2de4da22ebdf435905def1118317","choice":188,"amount":1654.24,"amountDollars":5607.8736,"maxPerVote":0,"recycled":false,"excluded":[]},{"pool":"fraxtal-frxUSD+PYUSD (0x35c6…)","token":"FXS","gauge":"0x72bd89f2e3470fa5d188cf04eda17e8145eb4bf1","choice":556,"amount":294,"amountDollars":793.8000000000001,"maxPerVote":0,"recycled":false,"excluded":[]},{"pool":"alUSD+FRAXBP (0xB30d…)","token":"ALCX","gauge":"0x740ba8aa0052e07b925908b380248cb03f3de5cb","choice":63,"amount":1568,"amountDollars":14911.68,"maxPerVote":0,"recycled":false,"excluded":[]},{"pool":"alUSD+FRAXBP (0xB30d…)","token":"FXS","gauge":"0x740ba8aa0052e07b925908b380248cb03f3de5cb","choice":63,"amount":1012.8960637372625,"amountDollars":2734.819372090609,"maxPerVote":0,"recycled":false,"excluded":[]},{"pool":"fraxtal-frxUSD+FXB202… (0x15d1…)","token":"FXS","gauge":"0x7506a3e213c362b9e21895c2bd930df454d46573","choice":581,"amount":735,