{"curve":{"statusCode":200,"epoch":{"id":"votium-cvx-crv-109","platform":"votium","protocol":"cvx-crv","round":109,"proposal":"0x56c6fb87bef90a47e0bf39d9e5119d93679d53be85093dd09cca9365a86722f6","end":1762819200,"scoresTotal":28538595.64146247,"bribed":{"alETH+frxETH (0xB657…)":815837.8763940876,"alETH+WETH (0x8eFD…)":236047.23935606208,"alUSD+FRAXBP (0xB30d…)":595026.8170079445,"arbi-alUSD+USDC (0x7848…)":73746.60924068652,"COIL+FRAXBP (0xAF42…)":10249.627948080239,"CRV+cvxCRV (0x971a…)":2954679.074325518,"CVX+clevCVX (0xF907…)":65064.64887852385,"DOLA+sUSDe (0x7447…)":3973461.8617257136,"DOLA+wstUSR (0x6427…)":1802251.2282311432,"FRAX+USDe (0x5dc1…)":2122833.613125256,"fraxtal-CRV+frxUSD (0x89b4…)":16826.364360540865,"fraxtal-crvUSD+frxUSD (0x63Eb…)":33658.80920311503,"fraxtal-frxETH+sfrxETH (0xF2f4…)":101001.15530041403,"fraxtal-frxUSD+dUSD (0x9CA6…)":16907.498453213928,"fraxtal-frxUSD+frxETH… (0xa0D3…)":25236.404859060705,"fraxtal-frxUSD+FXB202… (0x15d1…)":50503.617891223665,"fraxtal-frxUSD+FXB202… (0xeE45…)":134684.69219459803,"fraxtal-frxUSD+FXB205… (0x4Cfc…)":101001.15530041403,"fraxtal-frxUSD+sUSDe (0x8b4E…)":26922.142400571807,"fraxtal-frxUSD+USDe (0x1e19…)":33658.80920311503,"fraxtal-frxUSD+USDT (0xcAEF…)":25236.404859060705,"fraxtal-FXB20251231+F… (0x2421…)":25236.404859060705,"fraxtal-lend-crvUSD(s… (0x0Edf…)":33658.80920311503,"fraxtal-lend-crvUSD(s… (0x279A…)":33658.80920311503,"fraxtal-lend-crvUSD(W… (0xa757…)":16826.364360540865,"fraxtal-scrvUSD+sfrxU… (0xaC5d…)":33658.80920311503,"fraxtal-WFRAX+cvxFXS (0x3a38…)":29692.755447199004,"frxETH+CVX (0x47D5…)":246019.70869612644,"frxUSD+crvUSD (0x13e1…)":2240590.06445207,"frxUSD+sUSDS (0x81A2…)":212092.00815882572,"FXN+cvxFXN (0x1062…)":107872.79262245557,"FXS+cvxFXS (0x6a90…)":7285.6782554857255,"lend-crvUSD(sDOLA) (0x992B…)":932596.9177267575,"lend-crvUSD(sreUSD) (0xC32B…)":414011.78177424637,"msUSD+FRAXBP (0xc3b1…)":225260.57258524487,"rETH+frxETH (0xe7c6…)":11498.37634706227,"reUSD+fxUSD (0xb0ef…)":137028.33312250985,"reUSD+scrvUSD (0xc522…)":1238125.3493214243,"reUSD+sDOLA (0x48d6…)":75318.02298836625,"reUSD+sfrxUSD (0xed78…)":133169.60198894914,"sDOLA+alUSD (0x4606…)":399759.1922603657,"sfrxUSD+frxUSD (0xF292…)":106058.36792494734,"stETH+frxETH (0x4d9f…)":354032.9724008393,"STG+FRAXBP (0x867f…)":27385.48228591283,"USDC+crvUSD (0x4DEc…)":1636626.9136651151,"USDC+jUSD (0x6A0c…)":12314.390152337657,"USDT+crvUSD (0x390f…)":1629620.5911977878,"WETH+CVX (0xB576…)":2686484.086608649,"WETH+frxETH (0x9c3B…)":130899.53548984058,"WETH+RSUP (0xEe35…)":356507.81379832944},"bribes":[{"pool":"fraxtal-frxUSD+dUSD (0x9CA6…)","token":"WFRAX","gauge":"0x05600c37d54a4f3cdc76e0867af1530becc332ca","choice":606,"amount":490,"amountDollars":583.004397791525,"maxPerVote":0,"recycled":false,"excluded":[]},{"pool":"COIL+FRAXBP (0xAF42…)","token":"FXS","gauge":"0x06b30d5f2341c2fb3f6b48b109685997022bd272","choice":123,"amount":303.17778257298403,"amountDollars":360.6986045383261,"maxPerVote":0,"recycled":false,"excluded":[]},{"pool":"fraxtal-WFRAX+cvxFXS (0x3a38…)","token":"CVX","gauge":"0x070ebc9f46d0a6a523d31eb4ae7901c56ad97ae2","choice":591,"amount":504.7,"amountDollars":1043.7958898870681,"maxPerVote":0,"recycled":false,"excluded":[]},{"pool":"WETH+RSUP (0xEe35…)","token":"RSUP","gauge":"0x09f62a6777032329c0d49f1fd4fbe9b3468cda56","choice":379,"amount":26038.6,"amountDollars":12598.096787804037,"maxPerVote":0,"recycled":false,"excluded":[]},{"pool":"FXS+cvxFXS (0x6a90…)","token":"CVX","gauge":"0x0c58c509305a8a7fe9a6a60ceaac6185b96ecbb7","choice":152,"amount":126.42,"amountDollars":261.4556695056928,"maxPerVote":0,"recycled":false,"excluded":[]},{"pool":"sDOLA+alUSD (0x4606…)","token":"ALCX","gauge":"0x19f9266f349158b54a6d95dce79297df670f7f14","choice":345,"amount":1225,"amountDollars":12661.466324795145,"maxPerVote":0,"recycled":false,"excluded":[]},{"pool":"frxUSD+crvUSD (0x13e1…)","token":"YB","gauge":"0x22804b0f6be741a9fa1bbaecdd6c8d4116e96944","choice":427,"amount":100814.89262848998,"amountDollars":49292.83750203756,"maxPerVote":0,"recycled":false,"excluded":[]},{"pool":"frxUSD+crvUSD (0x13e1…)","token":"WFRAX","gauge":"0x22804b0f6be741a9fa1bbaecdd6c8d4116e96944","choice":427,"amount":15433.04,"amountDollars":18362.30651284187,"maxPerVote":0,"recycled":false,"excluded":[]},{"pool":"lend-crvUSD(sreUSD) (0xC32B…)","token":"RSUP","gauge":"0x29e9975561fad3a7988ca96361ab5c5317cb32af","choice":442,"amount":30162.44,"amountDollars":14593.309105571421,"maxPerVote":0,"recycled":false,"excluded":[]},{"pool":"fraxtal-CRV+frxUSD (0x89b4…)","token":"WFRAX","gauge":"0x304c0564b897e6e72b040f0445ab1bdf391726fe","choice":611,"amount":490,"amountDollars":583.004397791525,"maxPerVote":0,"recycled":false,"excluded":[]},{"pool":"alETH+frxETH (0xB657…)","token":"ALCX","gauge":"0x415f30505368fa1db82feea02eb778be04e75907","choice":116,"amount":2352,"amountDollars":24310.015343606676,"maxPerVote":0,"recycled":false,"excluded":[]},{"pool":"alETH+frxETH (0xB657…)","token":"FXS","gauge":"0x415f30505368fa1db82feea02eb778be04e75907","choice":116,"amount":1366.5892950547345,"amountDollars":1625.8673294590615,"maxPerVote":0,"recycled":false,"excluded":[]},{"pool":"fraxtal-frxUSD+FXB202… (0xeE45…)","token":"WFRAX","gauge":"0x48100238c4a3cf44cfbf6c7693ed5c216881face","choice":594,"amount":3920,"amountDollars":4664.0351823322,"maxPerVote":0,"recycled":false,"excluded":[]},{"pool":"WETH+frxETH (0x9c3B…)","token":"WFRAX","gauge":"0x4e21418095d32d15c6e2b96a9910772613a50d50","choice":167,"amount":3810.24,"amountDollars":4533.442197226897,"maxPerVote":0,"recycled":false,"excluded":[]},{"pool":"USDT+crvUSD (0x390f…)","token":"YB","gauge":"0x4e6bb6b7447b7b2aa268c16ab87f4bb48bf57939","choice":133,"amount":100814.89262848998,"amountDollars":49292.83750203756,"maxPerVote":0,"recycled":false,"excluded":[]},{"pool":"frxUSD+sUSDS (0x81A2…)","token":"WFRAX","gauge":"0x52618c40ddba3cbbb69f3aaa4cb26ae649844b17","choice":358,"amount":6173.02,"amountDollars":7344.689403377632,"maxPerVote":0,"recycled":false,"excluded":[]},{"pool":"fraxtal-lend-crvUSD(s… (0x279A…)","token":"WFRAX","gauge":"0x541f57ab2032a042ce6b02fd435347fbae1f6d0a","choice":599,"amount":980,"amountDollars":1166.00879558305,"maxPerVote":0,"recycled":false,"excluded":[]},{"pool":"fraxtal-frxUSD+sUSDe (0x8b4E…)","token":"WFRAX","gauge":"0x59005665c5060d3abee291a21de0375cf1bbed03","choice":593,"amount":784,"amountDollars":932.80703646644,"maxPerVote":0,"recycled":false,"excluded":[]},{"pool":"reUSD+sfrxUSD (0xed78…)","token":"RSUP","gauge":"0x5c0b03914f68f2717d779a0211fd98c2cc45a4dd","choice":378,"amount":9702.98,"amountDollars":4694.533545203153,"maxPerVote":0,"recycled":false,"excluded":[]},{"pool":"fraxtal-scrvUSD+sfrxU… (0xaC5d…)","token":"WFRAX","gauge":"0x660622adba5339e62d800be440d6d0c8c1838559","choice":605,"amount":980,"amountDollars":1166.00879558305,"maxPerVote":0,"recycled":false,"excluded":[]},{"pool":"FXN+cvxFXN (0x1062…)","token":"CVX","gauge":"0x724476f141ed2de4da22ebdf435905def1118317","choice":188,"amount":1469.02,"amountDollars":3038.155415418865,"maxPerVote":0,"recycled":false,"excluded":[]},{"pool":"alUSD+FRAXBP (0xB30d…)","token":"ALCX","gauge":"0x740ba8aa0052e07b925908b380248cb03f3de5cb","choice":63,"amount":1568,"amountDollars":16206.676895737784,"maxPerVote":0,"recycled":false,"excluded":[]},{"pool":"alUSD+FRAXBP (0xB30d…)","token":"FXS","gauge":"0x740ba8aa0052e07b925908b380248cb03f3de5cb","choice":63,"amount":2560.9482689810347,"amountDollars":3046.8277031280527,"maxPerVote":0,"recycled":false,"excluded":[]},{"pool":"fraxtal-frxUSD+FXB202… (0x15d1…)","token":"WFRAX","gauge":"0x7506a3e213c362b9e21895c2bd930df454d46573","choice":612,"amount":1470,"amountDollars":1749.013193374575,"maxPerVote":0,"recycled":false,"excluded":[]},{"pool":"CVX+clevCVX (0xF907…)","token":"CVX","gauge":"0x7970489a543fb237abab63d62524d8a5ce165b86","choice":92,"amount":980,"amountDollars":2026.788135703045,"maxPerVote":0,"recycled":false,