{"curve":{"statusCode":200,"epoch":{"id":"votium-cvx-crv-105","platform":"votium","protocol":"cvx-crv","round":105,"proposal":"0x89f831d44f235428a18e8dac887b46d72009b98e16f7442035822e9c3a5a5321","end":1757980800,"scoresTotal":24436943.52984544,"bribed":{"alETH+frxETH (0xB657…)":519662.6742861318,"alETH+WETH (0x8eFD…)":159970.76484292006,"alUSD+FRAXBP (0xB30d…)":373838.8473186045,"arbi-alUSD+USDC (0x7848…)":49847.820197937384,"COIL+FRAXBP (0xAF42…)":504650.207925565,"CRV+cvxCRV (0x971a…)":2241862.389113899,"CVX+clevCVX (0xF907…)":75249.96055561549,"DOLA+sUSDe (0x7447…)":2275709.5290642767,"DOLA+sUSDS (0x8b83…)":988421.020472074,"DOLA+USR (0x38De…)":2235003.9715266875,"ETH+frxETH (0xa1F8…)":25344.402043735627,"FRAX+USDe (0x5dc1…)":2549416.1176700527,"fraxtal-CRV+frxUSD (0x89b4…)":18305.832263742843,"fraxtal-crvUSD+frxUSD (0x63Eb…)":48893.673977491184,"fraxtal-frxETH+sfrxETH (0xF2f4…)":91651.85804883271,"fraxtal-frxUSD+DAI (0x86d7…)":18305.832263742843,"fraxtal-frxUSD+dUSD (0x9CA6…)":18305.832263742843,"fraxtal-frxUSD+frxETH… (0xa0D3…)":45844.687829735754,"fraxtal-frxUSD+FXB202… (0x15d1…)":45844.687829735754,"fraxtal-frxUSD+FXB202… (0xeE45…)":152765.75024151814,"fraxtal-frxUSD+FXB205… (0x4Cfc…)":122214.98326865655,"fraxtal-frxUSD+PYUSD (0x35c6…)":18305.832263742843,"fraxtal-frxUSD+sUSDe (0x8b4E…)":30550.76697286158,"fraxtal-frxUSD+USDC (0xa8eB…)":18305.832263742843,"fraxtal-frxUSD+USDe (0x1e19…)":30550.76697286158,"fraxtal-frxUSD+USDT (0xcAEF…)":30550.76697286158,"fraxtal-FXB20251231+F… (0x2421…)":45844.687829735754,"fraxtal-lend-crvUSD(s… (0x0Edf…)":22547.84240600858,"fraxtal-lend-crvUSD(s… (0x279A…)":41210.34521888976,"fraxtal-lend-crvUSD(W… (0xa757…)":23555.9570861303,"fraxtal-scrvUSD+sfrxU… (0xaC5d…)":61101.53394572316,"fraxtal-WFRAX+cvxFXS (0x3a38…)":50378.52674286064,"frxETH+CVX (0x47D5…)":301071.89982885314,"frxUSD+sUSDS (0x81A2…)":399817.71561351424,"FXN+cvxFXN (0x1062…)":125011.23645919056,"FXS+cvxFXS (0x6a90…)":14233.745542397537,"lend-crvUSD(sreUSD) (0xC32B…)":331834.8463927506,"msUSD+FRAXBP (0xc3b1…)":194941.50487915863,"rETH+frxETH (0xe7c6…)":18299.231323556887,"reUSD+fxUSD (0xb0ef…)":123526.5807985725,"reUSD+scrvUSD (0xc522…)":2064010.3230318332,"reUSD+sDOLA (0x48d6…)":140691.06775036195,"reUSD+sfrxUSD (0xed78…)":158615.829185818,"sDOLA+alUSD (0x4606…)":250018.83432345485,"stETH+frxETH (0x4d9f…)":180633.70165088045,"STG+FRAXBP (0x867f…)":20295.552130760443,"USDC+jUSD (0x6A0c…)":44672.46725862236,"WETH+CVX (0xB576…)":3870958.981241012,"WETH+frxETH (0x9c3B…)":167146.4643731652,"WETH+RSUP (0xEe35…)":488129.5645554712,"WETH+SQUILL (0x2034…)":780.4248963901875},"bribes":[{"pool":"WETH+SQUILL (0x2034…)","token":"CRV","gauge":"0x016c0930757671358eda5704ac0c156cec70ec30","choice":406,"amount":49,"amountDollars":37.294096,"maxPerVote":0,"recycled":false,"excluded":[]},{"pool":"fraxtal-frxUSD+dUSD (0x9CA6…)","token":"FXS","gauge":"0x05600c37d54a4f3cdc76e0867af1530becc332ca","choice":575,"amount":294,"amountDollars":811.4399999999999,"maxPerVote":0,"recycled":false,"excluded":[]},{"pool":"COIL+FRAXBP (0xAF42…)","token":"FXS","gauge":"0x06b30d5f2341c2fb3f6b48b109685997022bd272","choice":123,"amount":142.5127438407108,"amountDollars":393.3351730003618,"maxPerVote":0,"recycled":false,"excluded":[]},{"pool":"COIL+FRAXBP (0xAF42…)","token":"CRV","gauge":"0x06b30d5f2341c2fb3f6b48b109685997022bd272","choice":123,"amount":29400,"amountDollars":22376.4576,"maxPerVote":0,"recycled":false,"excluded":[]},{"pool":"fraxtal-WFRAX+cvxFXS (0x3a38…)","token":"CVX","gauge":"0x070ebc9f46d0a6a523d31eb4ae7901c56ad97ae2","choice":560,"amount":652.68,"amountDollars":2225.6387999999997,"maxPerVote":0,"recycled":false,"excluded":[]},{"pool":"WETH+RSUP (0xEe35…)","token":"RSUP","gauge":"0x09f62a6777032329c0d49f1fd4fbe9b3468cda56","choice":379,"amount":25318.3,"amountDollars":22756.3918596,"maxPerVote":0,"recycled":false,"excluded":[]},{"pool":"FXS+cvxFXS (0x6a90…)","token":"CVX","gauge":"0x0c58c509305a8a7fe9a6a60ceaac6185b96ecbb7","choice":152,"amount":162.68,"amountDollars":554.7388000000001,"maxPerVote":0,"recycled":false,"excluded":[]},{"pool":"sDOLA+alUSD (0x4606…)","token":"ALCX","gauge":"0x19f9266f349158b54a6d95dce79297df670f7f14","choice":345,"amount":1225,"amountDollars":11711,"maxPerVote":0,"recycled":false,"excluded":[]},{"pool":"ETH+frxETH (0xa1F8…)","token":"FXS","gauge":"0x2932a86df44fe8d2a706d8e9c5d51c24883423f5","choice":80,"amount":428.26,"amountDollars":1181.9976,"maxPerVote":0,"recycled":false,"excluded":[]},{"pool":"lend-crvUSD(sreUSD) (0xC32B…)","token":"RSUP","gauge":"0x29e9975561fad3a7988ca96361ab5c5317cb32af","choice":442,"amount":16878.54,"amountDollars":15170.634294480002,"maxPerVote":0,"recycled":false,"excluded":[]},{"pool":"fraxtal-CRV+frxUSD (0x89b4…)","token":"FXS","gauge":"0x304c0564b897e6e72b040f0445ab1bdf391726fe","choice":580,"amount":294,"amountDollars":811.4399999999999,"maxPerVote":0,"recycled":false,"excluded":[]},{"pool":"alETH+frxETH (0xB657…)","token":"ALCX","gauge":"0x415f30505368fa1db82feea02eb778be04e75907","choice":116,"amount":2352,"amountDollars":22485.120000000003,"maxPerVote":0,"recycled":false,"excluded":[]},{"pool":"alETH+frxETH (0xB657…)","token":"FXS","gauge":"0x415f30505368fa1db82feea02eb778be04e75907","choice":116,"amount":746.8259917248412,"amountDollars":2061.2397371605616,"maxPerVote":0,"recycled":false,"excluded":[]},{"pool":"fraxtal-frxUSD+FXB202… (0xeE45…)","token":"FXS","gauge":"0x48100238c4a3cf44cfbf6c7693ed5c216881face","choice":563,"amount":2450,"amountDollars":6761.999999999999,"maxPerVote":0,"recycled":false,"excluded":[]},{"pool":"WETH+frxETH (0x9c3B…)","token":"FXS","gauge":"0x4e21418095d32d15c6e2b96a9910772613a50d50","choice":167,"amount":2897.86,"amountDollars":7998.0936,"maxPerVote":0,"recycled":false,"excluded":[]},{"pool":"frxUSD+sUSDS (0x81A2…)","token":"FXS","gauge":"0x52618c40ddba3cbbb69f3aaa4cb26ae649844b17","choice":358,"amount":6740.0872,"amountDollars":18602.640671999998,"maxPerVote":0,"recycled":false,"excluded":[]},{"pool":"fraxtal-lend-crvUSD(s… (0x279A…)","token":"FXS","gauge":"0x541f57ab2032a042ce6b02fd435347fbae1f6d0a","choice":568,"amount":686,"amountDollars":1893.36,"maxPerVote":0,"recycled":false,"excluded":[]},{"pool":"fraxtal-frxUSD+sUSDe (0x8b4E…)","token":"FXS","gauge":"0x59005665c5060d3abee291a21de0375cf1bbed03","choice":562,"amount":490,"amountDollars":1352.3999999999999,"maxPerVote":0,"recycled":false,"excluded":[]},{"pool":"reUSD+sfrxUSD (0xed78…)","token":"RSUP","gauge":"0x5c0b03914f68f2717d779a0211fd98c2cc45a4dd","choice":378,"amount":8070.3,"amountDollars":7253.6824836000005,"maxPerVote":0,"recycled":false,"excluded":[]},{"pool":"fraxtal-frxUSD+DAI (0x86d7…)","token":"FXS","gauge":"0x64100c172d5dc8007e3ee701ecd99468619b6583","choice":555,"amount":294,"amountDollars":811.4399999999999,"maxPerVote":0,"recycled":false,"excluded":[]},{"pool":"fraxtal-scrvUSD+sfrxU… (0xaC5d…)","token":"FXS","gauge":"0x660622adba5339e62d800be440d6d0c8c1838559","choice":574,"amount":980,"amountDollars":2704.7999999999997,"maxPerVote":0,"recycled":false,"excluded":[]},{"pool":"FXN+cvxFXN (0x1062…)","token":"CVX","gauge":"0x724476f141ed2de4da22ebdf435905def1118317","choice":188,"amount":1654.24,"amountDollars":5640.9584,"maxPerVote":0,"recycled":false,"excluded":[]},{"pool":"fraxtal-frxUSD+PYUSD (0x35c6…)","token":"FXS","gauge":"0x72bd89f2e3470fa5d188cf04eda17e8145eb4bf1","choice":556,"amount":294,"amountDollars":811.4399999999999,"maxPerVote":0,"recycled":false,"excluded":[]},{"pool":"alUSD+FRAXBP (0xB30d…)","token":"ALCX","gauge":"0x740ba8aa0052e07b925908b380248cb03f3de5cb","choice":63,"amount":1568,"amountDollars":14990.08,"maxPerVote":0,"recycled":false,"excluded":[]},{"pool":"alUSD+FRAXBP (0xB30d…)","token":"FXS","gauge":"0x740ba8aa0052e07b925908b380248cb03f3de5cb","choice":63,"amount":1012.8960637372625,"amountDollars":2795.593135914844,"maxPerVote":0,"recycled":false,"excluded":[]},{"pool":"fraxtal-frxUSD+FXB202… (0x15d1…)","token":"FXS","gauge":"0x7506a3e213c362b9e21895c2bd930df454d46573",