{"curve":{"statusCode":200,"epoch":{"id":"votium-cvx-crv-106","platform":"votium","protocol":"cvx-crv","round":106,"proposal":"0x2e473b718cd6ad0afd0241b55cb151dc796cfcfffe41f884240eea9fa1cf0a4d","end":1759190400,"scoresTotal":24677285.706760705,"bribed":{"alETH+frxETH (0xB657…)":1488570.9259475376,"alETH+WETH (0x8eFD…)":363037.9737389966,"alUSD+FRAXBP (0xB30d…)":647266.1789423152,"arbi-alUSD+USDC (0x7848…)":122010.96076400027,"COIL+FRAXBP (0xAF42…)":35.77888896222797,"CRV+cvxCRV (0x971a…)":2399506.8380212295,"CVX+clevCVX (0xF907…)":15968.275180141318,"ETH+frxETH (0xa1F8…)":35.77888896222797,"FRAX+USDe (0x5dc1…)":1376953.0662199894,"fraxtal-CRV+frxUSD (0x89b4…)":35.77888896222797,"fraxtal-crvUSD+frxUSD (0x63Eb…)":35.77888896222797,"fraxtal-DKDEFI+BTCWIT… (0x9edd…)":54193.73634846292,"fraxtal-frxETH+sfrxETH (0xF2f4…)":35.77888896222797,"fraxtal-frxUSD+DAI (0x86d7…)":35.77888896222797,"fraxtal-frxUSD+dUSD (0x9CA6…)":35.77888896222797,"fraxtal-frxUSD+frxETH… (0xa0D3…)":35.77888896222797,"fraxtal-frxUSD+FXB202… (0x15d1…)":35.77888896222797,"fraxtal-frxUSD+FXB202… (0xeE45…)":35.77888896222797,"fraxtal-frxUSD+FXB205… (0x4Cfc…)":28465.79289853201,"fraxtal-frxUSD+PYUSD (0x35c6…)":35.77888896222797,"fraxtal-frxUSD+sUSDe (0x8b4E…)":35.77888896222797,"fraxtal-frxUSD+USDC (0xa8eB…)":35.77888896222797,"fraxtal-frxUSD+USDe (0x1e19…)":35.77888896222797,"fraxtal-frxUSD+USDT (0xcAEF…)":35.77888896222797,"fraxtal-FXB20251231+F… (0x2421…)":35.77888896222797,"fraxtal-lend-crvUSD(s… (0x0Edf…)":35.77888896222797,"fraxtal-lend-crvUSD(s… (0x279A…)":35.77888896222797,"fraxtal-lend-crvUSD(W… (0xa757…)":35.77888896222797,"fraxtal-scrvUSD+sfrxU… (0xaC5d…)":35.77888896222797,"fraxtal-WFRAX+cvxFXS (0x3a38…)":86363.24689911882,"frxETH+CVX (0x47D5…)":545994.7794871149,"frxUSD+sUSDS (0x81A2…)":73367.87184924923,"FXN+cvxFXN (0x1062…)":246003.90884184765,"FXS+cvxFXS (0x6a90…)":19138.795567223246,"lend-crvUSD(sreUSD) (0xC32B…)":842560.9109144224,"msUSD+FRAXBP (0xc3b1…)":33868.40513182843,"rETH+frxETH (0xe7c6…)":35.77888896222797,"reUSD+fxUSD (0xb0ef…)":315711.52677446516,"reUSD+scrvUSD (0xc522…)":8184049.700053092,"reUSD+sDOLA (0x48d6…)":268803.67250609223,"reUSD+sfrxUSD (0xed78…)":265575.53272215405,"sDOLA+alUSD (0x4606…)":560235.6741696018,"sfrxUSD+frxUSD (0xF292…)":171932.08406390983,"stETH+frxETH (0x4d9f…)":30362.07401353009,"STG+FRAXBP (0x867f…)":35.77888896222797,"USDC+jUSD (0x6A0c…)":15202.94198444632,"WETH+CVX (0xB576…)":1165189.467593426,"WETH+frxETH (0x9c3B…)":74075.78586518389,"WETH+RSUP (0xEe35…)":1038828.4988675216},"bribes":[{"pool":"fraxtal-frxUSD+dUSD (0x9CA6…)","token":"FXS","gauge":"0x05600c37d54a4f3cdc76e0867af1530becc332ca","choice":587,"amount":294,"amountDollars":608.5799999999999,"maxPerVote":0,"recycled":false,"excluded":[]},{"pool":"COIL+FRAXBP (0xAF42…)","token":"FXS","gauge":"0x06b30d5f2341c2fb3f6b48b109685997022bd272","choice":123,"amount":211.1830808752925,"amountDollars":437.1489774118554,"maxPerVote":0,"recycled":false,"excluded":[]},{"pool":"fraxtal-WFRAX+cvxFXS (0x3a38…)","token":"CVX","gauge":"0x070ebc9f46d0a6a523d31eb4ae7901c56ad97ae2","choice":572,"amount":599.76,"amountDollars":1901.2392,"maxPerVote":0,"recycled":false,"excluded":[]},{"pool":"WETH+RSUP (0xEe35…)","token":"RSUP","gauge":"0x09f62a6777032329c0d49f1fd4fbe9b3468cda56","choice":379,"amount":25496.66,"amountDollars":20569.99138152,"maxPerVote":0,"recycled":false,"excluded":[]},{"pool":"FXS+cvxFXS (0x6a90…)","token":"CVX","gauge":"0x0c58c509305a8a7fe9a6a60ceaac6185b96ecbb7","choice":152,"amount":149.94,"amountDollars":475.3098,"maxPerVote":0,"recycled":false,"excluded":[]},{"pool":"sDOLA+alUSD (0x4606…)","token":"ALCX","gauge":"0x19f9266f349158b54a6d95dce79297df670f7f14","choice":345,"amount":1225,"amountDollars":10130.75,"maxPerVote":0,"recycled":false,"excluded":[]},{"pool":"ETH+frxETH (0xa1F8…)","token":"FXS","gauge":"0x2932a86df44fe8d2a706d8e9c5d51c24883423f5","choice":80,"amount":220.5,"amountDollars":456.43499999999995,"maxPerVote":0,"recycled":false,"excluded":[]},{"pool":"lend-crvUSD(sreUSD) (0xC32B…)","token":"RSUP","gauge":"0x29e9975561fad3a7988ca96361ab5c5317cb32af","choice":442,"amount":16356.2,"amountDollars":13195.7241864,"maxPerVote":0,"recycled":false,"excluded":[]},{"pool":"fraxtal-CRV+frxUSD (0x89b4…)","token":"FXS","gauge":"0x304c0564b897e6e72b040f0445ab1bdf391726fe","choice":592,"amount":294,"amountDollars":608.5799999999999,"maxPerVote":0,"recycled":false,"excluded":[]},{"pool":"alETH+frxETH (0xB657…)","token":"ALCX","gauge":"0x415f30505368fa1db82feea02eb778be04e75907","choice":116,"amount":2352,"amountDollars":19451.039999999997,"maxPerVote":0,"recycled":false,"excluded":[]},{"pool":"alETH+frxETH (0xB657…)","token":"FXS","gauge":"0x415f30505368fa1db82feea02eb778be04e75907","choice":116,"amount":764.5493413986819,"amountDollars":1582.6171366952715,"maxPerVote":0,"recycled":false,"excluded":[]},{"pool":"fraxtal-frxUSD+FXB202… (0xeE45…)","token":"FXS","gauge":"0x48100238c4a3cf44cfbf6c7693ed5c216881face","choice":575,"amount":2450,"amountDollars":5071.5,"maxPerVote":0,"recycled":false,"excluded":[]},{"pool":"WETH+frxETH (0x9c3B…)","token":"FXS","gauge":"0x4e21418095d32d15c6e2b96a9910772613a50d50","choice":167,"amount":2359.84,"amountDollars":4884.8688,"maxPerVote":0,"recycled":false,"excluded":[]},{"pool":"frxUSD+sUSDS (0x81A2…)","token":"FXS","gauge":"0x52618c40ddba3cbbb69f3aaa4cb26ae649844b17","choice":358,"amount":8892.3436,"amountDollars":18407.151252,"maxPerVote":0,"recycled":false,"excluded":[]},{"pool":"fraxtal-lend-crvUSD(s… (0x279A…)","token":"FXS","gauge":"0x541f57ab2032a042ce6b02fd435347fbae1f6d0a","choice":580,"amount":686,"amountDollars":1420.02,"maxPerVote":0,"recycled":false,"excluded":[]},{"pool":"fraxtal-frxUSD+sUSDe (0x8b4E…)","token":"FXS","gauge":"0x59005665c5060d3abee291a21de0375cf1bbed03","choice":574,"amount":490,"amountDollars":1014.3,"maxPerVote":0,"recycled":false,"excluded":[]},{"pool":"reUSD+sfrxUSD (0xed78…)","token":"RSUP","gauge":"0x5c0b03914f68f2717d779a0211fd98c2cc45a4dd","choice":378,"amount":6120.1,"amountDollars":4937.5253172,"maxPerVote":0,"recycled":false,"excluded":[]},{"pool":"fraxtal-frxUSD+DAI (0x86d7…)","token":"FXS","gauge":"0x64100c172d5dc8007e3ee701ecd99468619b6583","choice":567,"amount":294,"amountDollars":608.5799999999999,"maxPerVote":0,"recycled":false,"excluded":[]},{"pool":"fraxtal-scrvUSD+sfrxU… (0xaC5d…)","token":"FXS","gauge":"0x660622adba5339e62d800be440d6d0c8c1838559","choice":586,"amount":980,"amountDollars":2028.6,"maxPerVote":0,"recycled":false,"excluded":[]},{"pool":"FXN+cvxFXN (0x1062…)","token":"CVX","gauge":"0x724476f141ed2de4da22ebdf435905def1118317","choice":188,"amount":1509.2,"amountDollars":4784.164,"maxPerVote":0,"recycled":false,"excluded":[]},{"pool":"fraxtal-frxUSD+PYUSD (0x35c6…)","token":"FXS","gauge":"0x72bd89f2e3470fa5d188cf04eda17e8145eb4bf1","choice":568,"amount":294,"amountDollars":608.5799999999999,"maxPerVote":0,"recycled":false,"excluded":[]},{"pool":"alUSD+FRAXBP (0xB30d…)","token":"ALCX","gauge":"0x740ba8aa0052e07b925908b380248cb03f3de5cb","choice":63,"amount":1568,"amountDollars":12967.359999999999,"maxPerVote":0,"recycled":false,"excluded":[]},{"pool":"alUSD+FRAXBP (0xB30d…)","token":"FXS","gauge":"0x740ba8aa0052e07b925908b380248cb03f3de5cb","choice":63,"amount":1530.9080330068005,"amountDollars":3168.9796283240767,"maxPerVote":0,"recycled":false,"excluded":[]},{"pool":"fraxtal-frxUSD+FXB202… (0x15d1…)","token":"FXS","gauge":"0x7506a3e213c362b9e21895c2bd930df454d46573","choice":593,"amount":980,"amountDollars":2028.6,"maxPerVote":0,"recycled":false,"excluded":[]},{"pool":"CVX+clevCVX (0xF907…)","token":"CVX","gauge":"0x7970489a543fb237abab63d62524d8a5ce165b86","choice":92,"amount":980,"amountDollars":3106.6,"maxPerVote":0,"recycled":false,"excluded":[]},{"pool":"fraxtal-frxUSD+FXB205… (0x4Cfc…)","token":"FXS","gauge":"0x7ba1e40dae22847e6c521ba297d40ff1c5fd97dd","choice":576,"amount":2940,"amountDollars":6085.799999999999,"maxPerVote":0,"recycled":false,