{"curve":{"statusCode":200,"epoch":{"id":"votium-cvx-crv-107","platform":"votium","protocol":"cvx-crv","round":107,"proposal":"0xff831038cb3a743dcd144a6f3ff56cc13701fbe4c58a8ab6d542e6cfa6f2ce9a","end":1760400000,"scoresTotal":24135475.64937213,"bribed":{"alETH+frxETH (0xB657…)":592565.853700471,"alETH+WETH (0x8eFD…)":184851.0537266192,"alUSD+FRAXBP (0xB30d…)":463366.45864005433,"arbi-alUSD+USDC (0x7848…)":57758.55697944639,"COIL+FRAXBP (0xAF42…)":173676.594393159,"CRV+cvxCRV (0x971a…)":1939359.8963128757,"CVX+clevCVX (0xF907…)":64536.92111389473,"DOLA+sUSDe (0x7447…)":2529134.97187437,"DOLA+sUSDS (0x8b83…)":969179.3403308005,"DOLA+USR (0x38De…)":1077655.4797513844,"DOLA+wstUSR (0x6427…)":1260568.294629445,"FRAX+USDe (0x5dc1…)":2533105.457359311,"fraxtal-CRV+frxUSD (0x89b4…)":19086.07955338667,"fraxtal-crvUSD+frxUSD (0x63Eb…)":38215.5279826926,"fraxtal-DKDEFI+BTCWIT… (0x9edd…)":92817.6616402311,"fraxtal-frxETH+sfrxETH (0xF2f4…)":143399.14694990622,"fraxtal-frxUSD+DAI (0x86d7…)":19086.07955338667,"fraxtal-frxUSD+dUSD (0x9CA6…)":19086.07955338667,"fraxtal-frxUSD+frxETH… (0xa0D3…)":35832.054700781344,"fraxtal-frxUSD+FXB202… (0x15d1…)":71683.31014648339,"fraxtal-frxUSD+FXB202… (0xeE45…)":191205.26284818185,"fraxtal-frxUSD+FXB205… (0x4Cfc…)":143399.14694990622,"fraxtal-frxUSD+PYUSD (0x35c6…)":19086.07955338667,"fraxtal-frxUSD+sUSDe (0x8b4E…)":38215.5279826926,"fraxtal-frxUSD+USDC (0xa8eB…)":19086.07955338667,"fraxtal-frxUSD+USDe (0x1e19…)":47797.75737233476,"fraxtal-frxUSD+USDT (0xcAEF…)":23877.19424820775,"fraxtal-FXB20251231+F… (0x2421…)":35832.054700781344,"fraxtal-lend-crvUSD(s… (0x0Edf…)":35832.054700781344,"fraxtal-lend-crvUSD(s… (0x279A…)":35832.054700781344,"fraxtal-lend-crvUSD(W… (0xa757…)":23877.19424820775,"fraxtal-scrvUSD+sfrxU… (0xaC5d…)":47797.75737233476,"fraxtal-WFRAX+cvxFXS (0x3a38…)":38792.25965930935,"frxETH+CVX (0x47D5…)":310269.2202918559,"frxUSD+sUSDS (0x81A2…)":395917.3997092658,"FXN+cvxFXN (0x1062…)":128205.39739540868,"FXS+cvxFXS (0x6a90…)":9754.67011878058,"lend-crvUSD(sreUSD) (0xC32B…)":362918.4834055115,"msUSD+FRAXBP (0xc3b1…)":319324.76859883254,"rETH+frxETH (0xe7c6…)":19676.52676437458,"reUSD+fxUSD (0xb0ef…)":144153.39092782498,"reUSD+scrvUSD (0xc522…)":3457082.050167498,"reUSD+sDOLA (0x48d6…)":202515.68454506848,"reUSD+sfrxUSD (0xed78…)":569789.2891016416,"sDOLA+alUSD (0x4606…)":288827.7952472103,"sfrxUSD+frxUSD (0xF292…)":168302.9608613334,"stETH+frxETH (0x4d9f…)":180880.79518183437,"STG+FRAXBP (0x867f…)":27409.03529515537,"USDC+jUSD (0x6A0c…)":27975.31437514471,"WETH+CVX (0xB576…)":824395.4293718019,"WETH+frxETH (0x9c3B…)":105337.62250706143,"WETH+RSUP (0xEe35…)":480563.2279084758},"bribes":[{"pool":"fraxtal-frxUSD+dUSD (0x9CA6…)","token":"FXS","gauge":"0x05600c37d54a4f3cdc76e0867af1530becc332ca","choice":591,"amount":392,"amountDollars":661.9457829195827,"maxPerVote":0,"recycled":false,"excluded":[]},{"pool":"COIL+FRAXBP (0xAF42…)","token":"CRV","gauge":"0x06b30d5f2341c2fb3f6b48b109685997022bd272","choice":123,"amount":9800,"amountDollars":5588.80582531631,"maxPerVote":0,"recycled":false,"excluded":[]},{"pool":"COIL+FRAXBP (0xAF42…)","token":"FXS","gauge":"0x06b30d5f2341c2fb3f6b48b109685997022bd272","choice":123,"amount":219.2110309642137,"amountDollars":370.1679018270799,"maxPerVote":0,"recycled":false,"excluded":[]},{"pool":"fraxtal-WFRAX+cvxFXS (0x3a38…)","token":"CVX","gauge":"0x070ebc9f46d0a6a523d31eb4ae7901c56ad97ae2","choice":576,"amount":520.38,"amountDollars":1332.049816911066,"maxPerVote":0,"recycled":false,"excluded":[]},{"pool":"WETH+RSUP (0xEe35…)","token":"RSUP","gauge":"0x09f62a6777032329c0d49f1fd4fbe9b3468cda56","choice":379,"amount":25676,"amountDollars":16377.198356512381,"maxPerVote":0,"recycled":false,"excluded":[]},{"pool":"FXS+cvxFXS (0x6a90…)","token":"CVX","gauge":"0x0c58c509305a8a7fe9a6a60ceaac6185b96ecbb7","choice":152,"amount":130.34,"amountDollars":333.63959632612386,"maxPerVote":0,"recycled":false,"excluded":[]},{"pool":"sDOLA+alUSD (0x4606…)","token":"ALCX","gauge":"0x19f9266f349158b54a6d95dce79297df670f7f14","choice":345,"amount":1225,"amountDollars":9783.4608372225,"maxPerVote":0,"recycled":false,"excluded":[]},{"pool":"lend-crvUSD(sreUSD) (0xC32B…)","token":"RSUP","gauge":"0x29e9975561fad3a7988ca96361ab5c5317cb32af","choice":442,"amount":19441.24,"amountDollars":12400.414541850865,"maxPerVote":0,"recycled":false,"excluded":[]},{"pool":"fraxtal-CRV+frxUSD (0x89b4…)","token":"FXS","gauge":"0x304c0564b897e6e72b040f0445ab1bdf391726fe","choice":596,"amount":392,"amountDollars":661.9457829195827,"maxPerVote":0,"recycled":false,"excluded":[]},{"pool":"alETH+frxETH (0xB657…)","token":"ALCX","gauge":"0x415f30505368fa1db82feea02eb778be04e75907","choice":116,"amount":2352,"amountDollars":18784.2448074672,"maxPerVote":0,"recycled":false,"excluded":[]},{"pool":"alETH+frxETH (0xB657…)","token":"FXS","gauge":"0x415f30505368fa1db82feea02eb778be04e75907","choice":116,"amount":778.7304301168316,"amountDollars":1314.993174099463,"maxPerVote":0,"recycled":false,"excluded":[]},{"pool":"fraxtal-frxUSD+FXB202… (0xeE45…)","token":"FXS","gauge":"0x48100238c4a3cf44cfbf6c7693ed5c216881face","choice":579,"amount":3920,"amountDollars":6619.457829195827,"maxPerVote":0,"recycled":false,"excluded":[]},{"pool":"WETH+frxETH (0x9c3B…)","token":"FXS","gauge":"0x4e21418095d32d15c6e2b96a9910772613a50d50","choice":167,"amount":2727.34,"amountDollars":4605.487784662997,"maxPerVote":0,"recycled":false,"excluded":[]},{"pool":"frxUSD+sUSDS (0x81A2…)","token":"FXS","gauge":"0x52618c40ddba3cbbb69f3aaa4cb26ae649844b17","choice":358,"amount":8116.3404,"amountDollars":13705.554338060814,"maxPerVote":0,"recycled":false,"excluded":[]},{"pool":"fraxtal-lend-crvUSD(s… (0x279A…)","token":"FXS","gauge":"0x541f57ab2032a042ce6b02fd435347fbae1f6d0a","choice":584,"amount":735,"amountDollars":1241.1483429742175,"maxPerVote":0,"recycled":false,"excluded":[]},{"pool":"fraxtal-frxUSD+sUSDe (0x8b4E…)","token":"FXS","gauge":"0x59005665c5060d3abee291a21de0375cf1bbed03","choice":578,"amount":784,"amountDollars":1323.8915658391654,"maxPerVote":0,"recycled":false,"excluded":[]},{"pool":"reUSD+sfrxUSD (0xed78…)","token":"RSUP","gauge":"0x5c0b03914f68f2717d779a0211fd98c2cc45a4dd","choice":378,"amount":4321.8,"amountDollars":2756.620028710672,"maxPerVote":0,"recycled":false,"excluded":[]},{"pool":"fraxtal-frxUSD+DAI (0x86d7…)","token":"FXS","gauge":"0x64100c172d5dc8007e3ee701ecd99468619b6583","choice":571,"amount":392,"amountDollars":661.9457829195827,"maxPerVote":0,"recycled":false,"excluded":[]},{"pool":"fraxtal-scrvUSD+sfrxU… (0xaC5d…)","token":"FXS","gauge":"0x660622adba5339e62d800be440d6d0c8c1838559","choice":590,"amount":980,"amountDollars":1654.8644572989567,"maxPerVote":0,"recycled":false,"excluded":[]},{"pool":"FXN+cvxFXN (0x1062…)","token":"CVX","gauge":"0x724476f141ed2de4da22ebdf435905def1118317","choice":188,"amount":1668.94,"amountDollars":4272.091974010444,"maxPerVote":0,"recycled":false,"excluded":[]},{"pool":"fraxtal-frxUSD+PYUSD (0x35c6…)","token":"FXS","gauge":"0x72bd89f2e3470fa5d188cf04eda17e8145eb4bf1","choice":572,"amount":392,"amountDollars":661.9457829195827,"maxPerVote":0,"recycled":false,"excluded":[]},{"pool":"alUSD+FRAXBP (0xB30d…)","token":"ALCX","gauge":"0x740ba8aa0052e07b925908b380248cb03f3de5cb","choice":63,"amount":1568,"amountDollars":12522.829871644799,"maxPerVote":0,"recycled":false,"excluded":[]},{"pool":"alUSD+FRAXBP (0xB30d…)","token":"FXS","gauge":"0x740ba8aa0052e07b925908b380248cb03f3de5cb","choice":63,"amount":1920.2786783284525,"amountDollars":3242.6540131375227,"maxPerVote":0,"recycled":false,"excluded":[]},{"pool":"fraxtal-frxUSD+FXB202… (0x15d1…)","token":"FXS","gauge":"0x7506a3e213c362b9e21895c2bd930df454d46573","choice":597,"amount":1470,"amountDollars":2482.296685948435,"maxPerVote":0,"recycled":false,"excluded":[]},{"pool":"CVX+clevCVX (0xF907…)","token":"CVX","gauge":"0x7970489a543fb237abab63d62524d8a5ce165b86","choice":92,"amount":980,"amountDollars":2508.5683934295025,"maxPerVote":0,"recycled":false,