{"curve":{"statusCode":200,"epoch":{"id":"votium-cvx-crv-109","platform":"votium","protocol":"cvx-crv","round":109,"proposal":"0x56c6fb87bef90a47e0bf39d9e5119d93679d53be85093dd09cca9365a86722f6","end":1762819200,"scoresTotal":33547397.74602791,"bribed":{"alETH+frxETH (0xB657…)":891705.0205659501,"alETH+WETH (0x8eFD…)":246139.53143000984,"alUSD+FRAXBP (0xB30d…)":656158.3490115636,"arbi-alUSD+USDC (0x7848…)":76915.81260473563,"COIL+FRAXBP (0xAF42…)":10009.056134016175,"CRV+cvxCRV (0x971a…)":2951506.4083217415,"CVX+clevCVX (0xF907…)":68356.82074607765,"DOLA+sUSDe (0x7447…)":4411938.934944144,"DOLA+wstUSR (0x6427…)":2036340.3746806858,"FRAX+USDe (0x5dc1…)":2292017.1237636744,"fraxtal-CRV+frxUSD (0x89b4…)":17465.78564211602,"fraxtal-crvUSD+frxUSD (0x63Eb…)":34919.49763388944,"fraxtal-frxETH+sfrxETH (0xF2f4…)":104782.64020235352,"fraxtal-frxUSD+dUSD (0x9CA6…)":17285.893929340782,"fraxtal-frxUSD+frxETH… (0xa0D3…)":26195.81168088385,"fraxtal-frxUSD+FXB202… (0x15d1…)":52385.28327600546,"fraxtal-frxUSD+FXB202… (0xeE45…)":144964.22472120138,"fraxtal-frxUSD+FXB205… (0x4Cfc…)":104782.64020235352,"fraxtal-frxUSD+sUSDe (0x8b4E…)":27941.69558440104,"fraxtal-frxUSD+USDe (0x1e19…)":34919.49763388944,"fraxtal-frxUSD+USDT (0xcAEF…)":26195.81168088385,"fraxtal-FXB20251231+F… (0x2421…)":26195.81168088385,"fraxtal-lend-crvUSD(s… (0x0Edf…)":34919.49763388944,"fraxtal-lend-crvUSD(s… (0x279A…)":34919.49763388944,"fraxtal-lend-crvUSD(W… (0xa757…)":17465.78564211602,"fraxtal-scrvUSD+sfrxU… (0xaC5d…)":34919.49763388944,"fraxtal-WFRAX+cvxFXS (0x3a38…)":32496.311182722307,"frxETH+CVX (0x47D5…)":278716.6577853115,"frxUSD+crvUSD (0x13e1…)":2381792.090110776,"frxUSD+sUSDS (0x81A2…)":225291.20358160784,"FXN+cvxFXN (0x1062…)":111315.47472786639,"FXS+cvxFXS (0x6a90…)":8853.999651824504,"lend-crvUSD(sDOLA) (0x992B…)":1011256.0473576251,"lend-crvUSD(sreUSD) (0xC32B…)":464181.6265698623,"msUSD+FRAXBP (0xc3b1…)":748589.8171581053,"rETH+frxETH (0xe7c6…)":11228.49481861887,"reUSD+fxUSD (0xb0ef…)":141717.45149427417,"reUSD+scrvUSD (0xc522…)":1474745.6984224848,"reUSD+sDOLA (0x48d6…)":77886.9452221325,"reUSD+sfrxUSD (0xed78…)":137745.43863220664,"sDOLA+alUSD (0x4606…)":417681.624464117,"sfrxUSD+frxUSD (0xF292…)":581847.2756724918,"stETH+frxETH (0x4d9f…)":372870.2362957248,"STG+FRAXBP (0x867f…)":28432.1947262311,"USDC+crvUSD (0x4DEc…)":1750071.098799209,"USDC+jUSD (0x6A0c…)":12025.35574123053,"USDT+crvUSD (0x390f…)":1739379.4778253273,"WETH+CVX (0xB576…)":2691794.668939052,"WETH+frxETH (0x9c3B…)":141029.64585252546,"WETH+RSUP (0xEe35…)":415586.3173188671},"bribes":[{"pool":"fraxtal-frxUSD+dUSD (0x9CA6…)","token":"WFRAX","gauge":"0x05600c37d54a4f3cdc76e0867af1530becc332ca","choice":606,"amount":490,"amountDollars":587.7450963857033,"maxPerVote":0,"recycled":false,"excluded":[]},{"pool":"COIL+FRAXBP (0xAF42…)","token":"FXS","gauge":"0x06b30d5f2341c2fb3f6b48b109685997022bd272","choice":123,"amount":303.17778257298403,"amountDollars":356.0544656075933,"maxPerVote":0,"recycled":false,"excluded":[]},{"pool":"fraxtal-WFRAX+cvxFXS (0x3a38…)","token":"CVX","gauge":"0x070ebc9f46d0a6a523d31eb4ae7901c56ad97ae2","choice":591,"amount":504.7,"amountDollars":1050.6025550483455,"maxPerVote":0,"recycled":false,"excluded":[]},{"pool":"WETH+RSUP (0xEe35…)","token":"RSUP","gauge":"0x09f62a6777032329c0d49f1fd4fbe9b3468cda56","choice":379,"amount":26038.6,"amountDollars":12630.999596265798,"maxPerVote":0,"recycled":false,"excluded":[]},{"pool":"FXS+cvxFXS (0x6a90…)","token":"CVX","gauge":"0x0c58c509305a8a7fe9a6a60ceaac6185b96ecbb7","choice":152,"amount":126.42,"amountDollars":263.1606400024011,"maxPerVote":0,"recycled":false,"excluded":[]},{"pool":"sDOLA+alUSD (0x4606…)","token":"ALCX","gauge":"0x19f9266f349158b54a6d95dce79297df670f7f14","choice":345,"amount":1225,"amountDollars":12856.158346028515,"maxPerVote":0,"recycled":false,"excluded":[]},{"pool":"frxUSD+crvUSD (0x13e1…)","token":"YB","gauge":"0x22804b0f6be741a9fa1bbaecdd6c8d4116e96944","choice":427,"amount":100814.89262848998,"amountDollars":48775.9020837866,"maxPerVote":0,"recycled":false,"excluded":[]},{"pool":"frxUSD+crvUSD (0x13e1…)","token":"WFRAX","gauge":"0x22804b0f6be741a9fa1bbaecdd6c8d4116e96944","choice":427,"amount":15433.04,"amountDollars":18511.61955576411,"maxPerVote":0,"recycled":false,"excluded":[]},{"pool":"lend-crvUSD(sreUSD) (0xC32B…)","token":"RSUP","gauge":"0x29e9975561fad3a7988ca96361ab5c5317cb32af","choice":442,"amount":30162.44,"amountDollars":14631.422866912635,"maxPerVote":0,"recycled":false,"excluded":[]},{"pool":"fraxtal-CRV+frxUSD (0x89b4…)","token":"WFRAX","gauge":"0x304c0564b897e6e72b040f0445ab1bdf391726fe","choice":611,"amount":490,"amountDollars":587.7450963857033,"maxPerVote":0,"recycled":false,"excluded":[]},{"pool":"alETH+frxETH (0xB657…)","token":"ALCX","gauge":"0x415f30505368fa1db82feea02eb778be04e75907","choice":116,"amount":2352,"amountDollars":24683.82402437475,"maxPerVote":0,"recycled":false,"excluded":[]},{"pool":"alETH+frxETH (0xB657…)","token":"FXS","gauge":"0x415f30505368fa1db82feea02eb778be04e75907","choice":116,"amount":1366.5892950547345,"amountDollars":1604.933636714084,"maxPerVote":0,"recycled":false,"excluded":[]},{"pool":"fraxtal-frxUSD+FXB202… (0xeE45…)","token":"WFRAX","gauge":"0x48100238c4a3cf44cfbf6c7693ed5c216881face","choice":594,"amount":3920,"amountDollars":4701.960771085626,"maxPerVote":0,"recycled":false,"excluded":[]},{"pool":"WETH+frxETH (0x9c3B…)","token":"WFRAX","gauge":"0x4e21418095d32d15c6e2b96a9910772613a50d50","choice":167,"amount":3810.24,"amountDollars":4570.305869495229,"maxPerVote":0,"recycled":false,"excluded":[]},{"pool":"USDT+crvUSD (0x390f…)","token":"YB","gauge":"0x4e6bb6b7447b7b2aa268c16ab87f4bb48bf57939","choice":133,"amount":100814.89262848998,"amountDollars":48775.9020837866,"maxPerVote":0,"recycled":false,"excluded":[]},{"pool":"frxUSD+sUSDS (0x81A2…)","token":"WFRAX","gauge":"0x52618c40ddba3cbbb69f3aaa4cb26ae649844b17","choice":358,"amount":6173.02,"amountDollars":7404.412724267091,"maxPerVote":0,"recycled":false,"excluded":[]},{"pool":"fraxtal-lend-crvUSD(s… (0x279A…)","token":"WFRAX","gauge":"0x541f57ab2032a042ce6b02fd435347fbae1f6d0a","choice":599,"amount":980,"amountDollars":1175.4901927714066,"maxPerVote":0,"recycled":false,"excluded":[]},{"pool":"fraxtal-frxUSD+sUSDe (0x8b4E…)","token":"WFRAX","gauge":"0x59005665c5060d3abee291a21de0375cf1bbed03","choice":593,"amount":784,"amountDollars":940.3921542171253,"maxPerVote":0,"recycled":false,"excluded":[]},{"pool":"reUSD+sfrxUSD (0xed78…)","token":"RSUP","gauge":"0x5c0b03914f68f2717d779a0211fd98c2cc45a4dd","choice":378,"amount":9702.98,"amountDollars":4706.794392270518,"maxPerVote":0,"recycled":false,"excluded":[]},{"pool":"fraxtal-scrvUSD+sfrxU… (0xaC5d…)","token":"WFRAX","gauge":"0x660622adba5339e62d800be440d6d0c8c1838559","choice":605,"amount":980,"amountDollars":1175.4901927714066,"maxPerVote":0,"recycled":false,"excluded":[]},{"pool":"FXN+cvxFXN (0x1062…)","token":"CVX","gauge":"0x724476f141ed2de4da22ebdf435905def1118317","choice":188,"amount":1469.02,"amountDollars":3057.967436927126,"maxPerVote":0,"recycled":false,"excluded":[]},{"pool":"alUSD+FRAXBP (0xB30d…)","token":"ALCX","gauge":"0x740ba8aa0052e07b925908b380248cb03f3de5cb","choice":63,"amount":1568,"amountDollars":16455.8826829165,"maxPerVote":0,"recycled":false,"excluded":[]},{"pool":"alUSD+FRAXBP (0xB30d…)","token":"FXS","gauge":"0x740ba8aa0052e07b925908b380248cb03f3de5cb","choice":63,"amount":2560.9482689810347,"amountDollars":3007.5985767236316,"maxPerVote":0,"recycled":false,"excluded":[]},{"pool":"fraxtal-frxUSD+FXB202… (0x15d1…)","token":"WFRAX","gauge":"0x7506a3e213c362b9e21895c2bd930df454d46573","choice":612,"amount":1470,"amountDollars":1763.23528915711,"maxPerVote":0,"recycled":false,"excluded":[]},{"pool":"CVX+clevCVX (0xF907…)","token":"CVX","gauge":"0x7970489a543fb237abab63d62524d8a5ce165b86","choice":92,"amount":980,"amountDollars":2040.0049612589232,"maxPerVote":0,"recycled":false,"excluded":[]},{"pool":"fraxtal-frxUSD+FXB205… (0x4Cfc…)",