{"curve":{"statusCode":200,"epoch":{"id":"votium-cvx-crv-97","platform":"votium","protocol":"cvx-crv","round":97,"proposal":"0x498b96c213eff0cfe12fe3e8f4f09936d2ed331b96cc005c16a14a46d89ab3da","end":1748304000,"scoresTotal":28764171.115946997,"bribed":{"alETH+frxETH (0xB657…)":645863.4355279772,"alETH+WETH (0x8eFD…)":266517.22691467043,"alUSD+FRAXBP (0xB30d…)":616129.9181191805,"COIL+FRAXBP (0xAF42…)":11281.364099372404,"CRV+cvxCRV (0x971a…)":3367277.748952116,"CVX+clevCVX (0xF907…)":113792.2342332343,"CVX+FRAXBP (0xBEc5…)":16209.412091713712,"ETH+frxETH (0xa1F8…)":63736.68447459221,"eUSD+FRAXBP (0xAEda…)":3455.256766064714,"FRAX+USDe (0x5dc1…)":2288075.8341483516,"fraxtal-CRV+frxUSD (0x89b4…)":47715.345963005384,"fraxtal-crvUSD+frxUSD (0x63Eb…)":49406.08090008214,"fraxtal-dUSD+sfrxUSD (0x5eCF…)":27294.4830245896,"fraxtal-frxETH+sfrxETH (0xF2f4…)":154805.7555443828,"fraxtal-frxETH+SQUID (0x277F…)":55369.22075338179,"fraxtal-frxUSD+DAI (0x86d7…)":33212.509845564025,"fraxtal-frxUSD+dUSD (0x9CA6…)":27294.4830245896,"fraxtal-frxUSD+frxETH… (0xa0D3…)":55369.22075338179,"fraxtal-frxUSD+FXB202… (0xeE45…)":305044.55671989074,"fraxtal-frxUSD+FXB205… (0x4Cfc…)":176182.21174799796,"fraxtal-frxUSD+PYUSD (0x35c6…)":22156.710907817764,"fraxtal-frxUSD+sUSDe (0x8b4E…)":44268.3087833103,"fraxtal-frxUSD+USDC (0xa8eB…)":27294.4830245896,"fraxtal-frxUSD+USDe (0x1e19…)":44268.3087833103,"fraxtal-frxUSD+USDT (0xcAEF…)":77525.93166119956,"fraxtal-FXB20251231+F… (0x2421…)":83443.95848217398,"fraxtal-lend-crvUSD(s… (0x0Edf…)":55369.22075338179,"fraxtal-lend-crvUSD(s… (0x279A…)":111518.69621096617,"fraxtal-lend-crvUSD(W… (0xa757…)":55369.22075338179,"fraxtal-scrvUSD+sfrxU… (0xaC5d…)":123198.86813954913,"fraxtal-WFRAX+cvxFXS (0x3a38…)":91696.84018944934,"frxETH+CVX (0x47D5…)":621374.4739903193,"FXN+cvxFXN (0x1062…)":146198.84686654896,"FXS+cvxFXS (0x6a90…)":21965.1173435657,"msETH+frxETH (0x2d60…)":11191.13803472195,"msUSD+FRAXBP (0xc3b1…)":304918.9854862122,"OHM+FRAXBP (0xFc1e…)":6369.157144226699,"rETH+frxETH (0xe7c6…)":3545.482830715169,"reUSD+scrvUSD (0xc522…)":9344697.089033725,"reUSD+sDOLA (0x48d6…)":237719.51508728135,"reUSD+sfrxUSD (0xed78…)":389042.0100711068,"sDOLA+alUSD (0x4606…)":417365.35864445375,"stETH+frxETH (0x4d9f…)":210953.118627469,"STG+FRAXBP (0x867f…)":30118.157338101137,"WETH+CVX (0xB576…)":1432578.1072224427,"WETH+frxETH (0x9c3B…)":183589.95513529726,"WETH+RSUP (0xEe35…)":2389837.5018088804},"bribes":[{"pool":"fraxtal-frxUSD+dUSD (0x9CA6…)","token":"FXS","gauge":"0x05600c37d54a4f3cdc76e0867af1530becc332ca","choice":572,"amount":245,"amountDollars":784,"maxPerVote":0,"recycled":false,"excluded":[]},{"pool":"COIL+FRAXBP (0xAF42…)","token":"FXS","gauge":"0x06b30d5f2341c2fb3f6b48b109685997022bd272","choice":124,"amount":101.61884546914496,"amountDollars":325.1803055012639,"maxPerVote":0,"recycled":false,"excluded":[]},{"pool":"OHM+FRAXBP (0xFc1e…)","token":"FXS","gauge":"0x06f691180f643b35e3644a2296a4097e1f577d0d","choice":87,"amount":56.93113666488478,"amountDollars":182.17963732763133,"maxPerVote":0,"recycled":false,"excluded":[]},{"pool":"fraxtal-WFRAX+cvxFXS (0x3a38…)","token":"CVX","gauge":"0x070ebc9f46d0a6a523d31eb4ae7901c56ad97ae2","choice":556,"amount":801.64,"amountDollars":2613.3464,"maxPerVote":0,"recycled":false,"excluded":[]},{"pool":"WETH+RSUP (0xEe35…)","token":"RSUP","gauge":"0x09f62a6777032329c0d49f1fd4fbe9b3468cda56","choice":411,"amount":28367.08,"amountDollars":69783.0168,"maxPerVote":0,"recycled":false,"excluded":[]},{"pool":"FXS+cvxFXS (0x6a90…)","token":"CVX","gauge":"0x0c58c509305a8a7fe9a6a60ceaac6185b96ecbb7","choice":153,"amount":200.9,"amountDollars":654.934,"maxPerVote":0,"recycled":false,"excluded":[]},{"pool":"sDOLA+alUSD (0x4606…)","token":"ALCX","gauge":"0x19f9266f349158b54a6d95dce79297df670f7f14","choice":371,"amount":1225,"amountDollars":11943.75,"maxPerVote":0,"recycled":false,"excluded":[]},{"pool":"ETH+frxETH (0xa1F8…)","token":"CRV","gauge":"0x2932a86df44fe8d2a706d8e9c5d51c24883423f5","choice":81,"amount":2321.62,"amountDollars":1810.2367626,"maxPerVote":0,"recycled":false,"excluded":[]},{"pool":"fraxtal-CRV+frxUSD (0x89b4…)","token":"FXS","gauge":"0x304c0564b897e6e72b040f0445ab1bdf391726fe","choice":576,"amount":245,"amountDollars":784,"maxPerVote":0,"recycled":false,"excluded":[]},{"pool":"fraxtal-CRV+frxUSD (0x89b4…)","token":"FXS","gauge":"0x304c0564b897e6e72b040f0445ab1bdf391726fe","choice":576,"amount":245,"amountDollars":784,"maxPerVote":0,"recycled":false,"excluded":[]},{"pool":"alETH+frxETH (0xB657…)","token":"ALCX","gauge":"0x415f30505368fa1db82feea02eb778be04e75907","choice":117,"amount":1764,"amountDollars":17199,"maxPerVote":0,"recycled":false,"excluded":[]},{"pool":"alETH+frxETH (0xB657…)","token":"FXS","gauge":"0x415f30505368fa1db82feea02eb778be04e75907","choice":117,"amount":550.0623309345273,"amountDollars":1760.1994589904873,"maxPerVote":0,"recycled":false,"excluded":[]},{"pool":"fraxtal-frxUSD+FXB202… (0xeE45…)","token":"FXS","gauge":"0x48100238c4a3cf44cfbf6c7693ed5c216881face","choice":559,"amount":2940,"amountDollars":9408,"maxPerVote":0,"recycled":false,"excluded":[]},{"pool":"WETH+frxETH (0x9c3B…)","token":"CRV","gauge":"0x4e21418095d32d15c6e2b96a9910772613a50d50","choice":168,"amount":7773.36,"amountDollars":6061.1219928,"maxPerVote":0,"recycled":false,"excluded":[]},{"pool":"fraxtal-lend-crvUSD(s… (0x279A…)","token":"FXS","gauge":"0x541f57ab2032a042ce6b02fd435347fbae1f6d0a","choice":564,"amount":980,"amountDollars":3136,"maxPerVote":0,"recycled":false,"excluded":[]},{"pool":"fraxtal-frxUSD+sUSDe (0x8b4E…)","token":"FXS","gauge":"0x59005665c5060d3abee291a21de0375cf1bbed03","choice":558,"amount":392,"amountDollars":1254.4,"maxPerVote":0,"recycled":false,"excluded":[]},{"pool":"reUSD+sfrxUSD (0xed78…)","token":"RSUP","gauge":"0x5c0b03914f68f2717d779a0211fd98c2cc45a4dd","choice":410,"amount":4628.54,"amountDollars":11386.2084,"maxPerVote":0,"recycled":false,"excluded":[]},{"pool":"fraxtal-frxUSD+DAI (0x86d7…)","token":"FXS","gauge":"0x64100c172d5dc8007e3ee701ecd99468619b6583","choice":551,"amount":294,"amountDollars":940.8000000000001,"maxPerVote":0,"recycled":false,"excluded":[]},{"pool":"fraxtal-scrvUSD+sfrxU… (0xaC5d…)","token":"FXS","gauge":"0x660622adba5339e62d800be440d6d0c8c1838559","choice":571,"amount":1176,"amountDollars":3763.2000000000003,"maxPerVote":0,"recycled":false,"excluded":[]},{"pool":"FXN+cvxFXN (0x1062…)","token":"CVX","gauge":"0x724476f141ed2de4da22ebdf435905def1118317","choice":190,"amount":1259.3,"amountDollars":4105.317999999999,"maxPerVote":0,"recycled":false,"excluded":[]},{"pool":"fraxtal-frxUSD+PYUSD (0x35c6…)","token":"FXS","gauge":"0x72bd89f2e3470fa5d188cf04eda17e8145eb4bf1","choice":552,"amount":196,"amountDollars":627.2,"maxPerVote":0,"recycled":false,"excluded":[]},{"pool":"alUSD+FRAXBP (0xB30d…)","token":"ALCX","gauge":"0x740ba8aa0052e07b925908b380248cb03f3de5cb","choice":64,"amount":1764,"amountDollars":17199,"maxPerVote":0,"recycled":false,"excluded":[]},{"pool":"alUSD+FRAXBP (0xB30d…)","token":"FXS","gauge":"0x740ba8aa0052e07b925908b380248cb03f3de5cb","choice":64,"amount":812.1614897124558,"amountDollars":2598.916767079859,"maxPerVote":0,"recycled":false,"excluded":[]},{"pool":"CVX+clevCVX (0xF907…)","token":"CVX","gauge":"0x7970489a543fb237abab63d62524d8a5ce165b86","choice":93,"amount":980,"amountDollars":3194.7999999999997,"maxPerVote":0,"recycled":false,"excluded":[]},{"pool":"fraxtal-frxUSD+FXB205… (0x4Cfc…)","token":"FXS","gauge":"0x7ba1e40dae22847e6c521ba297d40ff1c5fd97dd","choice":560,"amount":1666,"amountDollars":5331.200000000001,"maxPerVote":0,"recycled":false,"excluded":[]},{"pool":"WETH+CVX (0xB576…)","token":"CVX","gauge":"0x7e1444ba99dcdffe8fbdb42c02f0005d14f13be1","choice":34,"amount":14169.82,"amountDollars":46193.61319999999,"maxPerVote":0,"recycled":false,"excluded":[]},{"pool":"STG+FRAXBP (0x867f…)","token":"FXS","gauge":"0x8133e6b0b2420bba10574a6668ea275f5e7ed253","choice":97,"amount":266.8384615921266,"amountDollars":853.8830770948051,