{"curve":{"statusCode":200,"epoch":{"id":"votium-cvx-crv-105","platform":"votium","protocol":"cvx-crv","round":105,"proposal":"0x89f831d44f235428a18e8dac887b46d72009b98e16f7442035822e9c3a5a5321","end":1757980800,"scoresTotal":27447784.359417357,"bribed":{"alETH+frxETH (0xB657…)":591100.7842359171,"alETH+WETH (0x8eFD…)":157579.4658350584,"alUSD+FRAXBP (0xB30d…)":425392.9488022153,"arbi-alUSD+USDC (0x7848…)":49283.776454394785,"COIL+FRAXBP (0xAF42…)":562917.8501748487,"CRV+cvxCRV (0x971a…)":2272605.7626292957,"CVX+clevCVX (0xF907…)":84470.38161956228,"DOLA+sUSDe (0x7447…)":2789551.7879641675,"DOLA+sUSDS (0x8b83…)":1173574.728706128,"DOLA+USR (0x38De…)":2869025.016760855,"ETH+frxETH (0xa1F8…)":24941.914951981034,"FRAX+USDe (0x5dc1…)":3018712.6807837337,"fraxtal-CRV+frxUSD (0x89b4…)":18015.075739138378,"fraxtal-crvUSD+frxUSD (0x63Eb…)":48101.94840386465,"fraxtal-frxETH+sfrxETH (0xF2f4…)":90189.63403424303,"fraxtal-frxUSD+DAI (0x86d7…)":18015.075739138378,"fraxtal-frxUSD+dUSD (0x9CA6…)":18015.075739138378,"fraxtal-frxUSD+frxETH… (0xa0D3…)":45076.05821180213,"fraxtal-frxUSD+FXB202… (0x15d1…)":45076.05821180213,"fraxtal-frxUSD+FXB202… (0xeE45…)":150304.2260637491,"fraxtal-frxUSD+FXB205… (0x4Cfc…)":120252.84537899074,"fraxtal-frxUSD+PYUSD (0x35c6…)":18015.075739138378,"fraxtal-frxUSD+sUSDe (0x8b4E…)":30051.380684758384,"fraxtal-frxUSD+USDC (0xa8eB…)":18015.075739138378,"fraxtal-frxUSD+USDe (0x1e19…)":30051.380684758384,"fraxtal-frxUSD+USDT (0xcAEF…)":30051.380684758384,"fraxtal-FXB20251231+F… (0x2421…)":45076.05821180213,"fraxtal-lend-crvUSD(s… (0x0Edf…)":22269.74796875515,"fraxtal-lend-crvUSD(s… (0x279A…)":40564.525494538415,"fraxtal-lend-crvUSD(W… (0xa757…)":23160.269689465527,"fraxtal-scrvUSD+sfrxU… (0xaC5d…)":60102.76136951677,"fraxtal-WFRAX+cvxFXS (0x3a38…)":50497.856637834884,"frxETH+CVX (0x47D5…)":307268.14373293787,"frxUSD+sUSDS (0x81A2…)":452681.48785562254,"FXN+cvxFXN (0x1062…)":137950.63516230887,"FXS+cvxFXS (0x6a90…)":14098.391432581539,"lend-crvUSD(sreUSD) (0xC32B…)":328981.47480041377,"msUSD+FRAXBP (0xc3b1…)":221168.36989594097,"pxETH+stETH (0x6951…)":30901.182992092527,"rETH+frxETH (0xe7c6…)":17992.060667232017,"reUSD+fxUSD (0xb0ef…)":122991.10052402253,"reUSD+scrvUSD (0xc522…)":2116804.3489729147,"reUSD+sDOLA (0x48d6…)":139979.90384687137,"reUSD+sfrxUSD (0xed78…)":157736.36787100826,"sDOLA+alUSD (0x4606…)":281964.94301435334,"stETH+frxETH (0x4d9f…)":177713.9401358441,"STG+FRAXBP (0x867f…)":19964.69899621105,"USDC+jUSD (0x6A0c…)":31194.70524768921,"WETH+CVX (0xB576…)":3825580.1125888843,"WETH+frxETH (0x9c3B…)":165344.7129232791,"WETH+pxETH (0xC8Eb…)":39578.02849195661,"WETH+RSUP (0xEe35…)":495116.2564609223,"WETH+SQUILL (0x2034…)":780.4248963901875},"bribes":[{"pool":"WETH+SQUILL (0x2034…)","token":"CRV","gauge":"0x016c0930757671358eda5704ac0c156cec70ec30","choice":406,"amount":49,"amountDollars":36.191694,"maxPerVote":0,"recycled":false,"excluded":[]},{"pool":"fraxtal-frxUSD+dUSD (0x9CA6…)","token":"FXS","gauge":"0x05600c37d54a4f3cdc76e0867af1530becc332ca","choice":575,"amount":294,"amountDollars":784.98,"maxPerVote":0,"recycled":false,"excluded":[]},{"pool":"COIL+FRAXBP (0xAF42…)","token":"FXS","gauge":"0x06b30d5f2341c2fb3f6b48b109685997022bd272","choice":123,"amount":142.5127438407108,"amountDollars":380.50902605469787,"maxPerVote":0,"recycled":false,"excluded":[]},{"pool":"COIL+FRAXBP (0xAF42…)","token":"CRV","gauge":"0x06b30d5f2341c2fb3f6b48b109685997022bd272","choice":123,"amount":29400,"amountDollars":21715.0164,"maxPerVote":0,"recycled":false,"excluded":[]},{"pool":"fraxtal-WFRAX+cvxFXS (0x3a38…)","token":"CVX","gauge":"0x070ebc9f46d0a6a523d31eb4ae7901c56ad97ae2","choice":560,"amount":652.68,"amountDollars":2186.478,"maxPerVote":0,"recycled":false,"excluded":[]},{"pool":"WETH+RSUP (0xEe35…)","token":"RSUP","gauge":"0x09f62a6777032329c0d49f1fd4fbe9b3468cda56","choice":379,"amount":25318.3,"amountDollars":23833.9640259,"maxPerVote":0,"recycled":false,"excluded":[]},{"pool":"FXS+cvxFXS (0x6a90…)","token":"CVX","gauge":"0x0c58c509305a8a7fe9a6a60ceaac6185b96ecbb7","choice":152,"amount":162.68,"amountDollars":544.9780000000001,"maxPerVote":0,"recycled":false,"excluded":[]},{"pool":"sDOLA+alUSD (0x4606…)","token":"ALCX","gauge":"0x19f9266f349158b54a6d95dce79297df670f7f14","choice":345,"amount":1225,"amountDollars":11441.5,"maxPerVote":0,"recycled":false,"excluded":[]},{"pool":"ETH+frxETH (0xa1F8…)","token":"FXS","gauge":"0x2932a86df44fe8d2a706d8e9c5d51c24883423f5","choice":80,"amount":428.26,"amountDollars":1143.4542,"maxPerVote":0,"recycled":false,"excluded":[]},{"pool":"lend-crvUSD(sreUSD) (0xC32B…)","token":"RSUP","gauge":"0x29e9975561fad3a7988ca96361ab5c5317cb32af","choice":442,"amount":16878.54,"amountDollars":15889.001835420002,"maxPerVote":0,"recycled":false,"excluded":[]},{"pool":"fraxtal-CRV+frxUSD (0x89b4…)","token":"FXS","gauge":"0x304c0564b897e6e72b040f0445ab1bdf391726fe","choice":580,"amount":294,"amountDollars":784.98,"maxPerVote":0,"recycled":false,"excluded":[]},{"pool":"alETH+frxETH (0xB657…)","token":"ALCX","gauge":"0x415f30505368fa1db82feea02eb778be04e75907","choice":116,"amount":2352,"amountDollars":21967.68,"maxPerVote":0,"recycled":false,"excluded":[]},{"pool":"alETH+frxETH (0xB657…)","token":"FXS","gauge":"0x415f30505368fa1db82feea02eb778be04e75907","choice":116,"amount":746.8259917248412,"amountDollars":1994.025397905326,"maxPerVote":0,"recycled":false,"excluded":[]},{"pool":"fraxtal-frxUSD+FXB202… (0xeE45…)","token":"FXS","gauge":"0x48100238c4a3cf44cfbf6c7693ed5c216881face","choice":563,"amount":2450,"amountDollars":6541.5,"maxPerVote":0,"recycled":false,"excluded":[]},{"pool":"WETH+frxETH (0x9c3B…)","token":"FXS","gauge":"0x4e21418095d32d15c6e2b96a9910772613a50d50","choice":167,"amount":2897.86,"amountDollars":7737.2862000000005,"maxPerVote":0,"recycled":false,"excluded":[]},{"pool":"frxUSD+sUSDS (0x81A2…)","token":"FXS","gauge":"0x52618c40ddba3cbbb69f3aaa4cb26ae649844b17","choice":358,"amount":6740.0872,"amountDollars":17996.032823999998,"maxPerVote":0,"recycled":false,"excluded":[]},{"pool":"fraxtal-lend-crvUSD(s… (0x279A…)","token":"FXS","gauge":"0x541f57ab2032a042ce6b02fd435347fbae1f6d0a","choice":568,"amount":686,"amountDollars":1831.62,"maxPerVote":0,"recycled":false,"excluded":[]},{"pool":"pxETH+stETH (0x6951…)","token":"USDC","gauge":"0x58215f083882a5eb7056ac34a0fdda9d3b5665d2","choice":206,"amount":4782.4,"amountDollars":4780.7787664,"maxPerVote":0,"recycled":false,"excluded":[]},{"pool":"fraxtal-frxUSD+sUSDe (0x8b4E…)","token":"FXS","gauge":"0x59005665c5060d3abee291a21de0375cf1bbed03","choice":562,"amount":490,"amountDollars":1308.3,"maxPerVote":0,"recycled":false,"excluded":[]},{"pool":"reUSD+sfrxUSD (0xed78…)","token":"RSUP","gauge":"0x5c0b03914f68f2717d779a0211fd98c2cc45a4dd","choice":378,"amount":8070.3,"amountDollars":7597.162521900001,"maxPerVote":0,"recycled":false,"excluded":[]},{"pool":"fraxtal-frxUSD+DAI (0x86d7…)","token":"FXS","gauge":"0x64100c172d5dc8007e3ee701ecd99468619b6583","choice":555,"amount":294,"amountDollars":784.98,"maxPerVote":0,"recycled":false,"excluded":[]},{"pool":"fraxtal-scrvUSD+sfrxU… (0xaC5d…)","token":"FXS","gauge":"0x660622adba5339e62d800be440d6d0c8c1838559","choice":574,"amount":980,"amountDollars":2616.6,"maxPerVote":0,"recycled":false,"excluded":[]},{"pool":"FXN+cvxFXN (0x1062…)","token":"CVX","gauge":"0x724476f141ed2de4da22ebdf435905def1118317","choice":188,"amount":1654.24,"amountDollars":5541.704,"maxPerVote":0,"recycled":false,"excluded":[]},{"pool":"fraxtal-frxUSD+PYUSD (0x35c6…)","token":"FXS","gauge":"0x72bd89f2e3470fa5d188cf04eda17e8145eb4bf1","choice":556,"amount":294,"amountDollars":784.98,"maxPerVote":0,"recycled":false,"excluded":[]},{"pool":"alUSD+FRAXBP (0xB30d…)","token":"ALCX","gauge":"0x740ba8aa0052e07b925908b380248cb03f3de5cb","choice":63,"amount":1568,"amountDollars":14645.119999999999,"maxPerVote":0,"recycled":false,"excluded":[]},{"pool":"alUSD+FRAXBP (0xB30d…)","token":"FXS","gauge":"0x740ba8aa0052e07b925908b380248cb03f3de5cb","choice":63,