{"number": 103, "endVoting": 1693958400, "totalDepositedUSD": 2477.2407145, "globalAverageDollarPerVote": 0.0, "globalAverageEfficiency": 0, "analytics": [{"gauge": "0x6661136537dfdca26eea05c8500502d7d5796e5e", "nonBlacklistedVotes": 9613.918405663968, "totalDeposited": 663.1887145000001, "dollarPerVote": 0, "incentiveDirected": 158.00965331295689, "incentiveDirectedUSD": 532.4925316646647, "efficiency": -1}, {"gauge": "0xdc2df969ee5e66236b950f5c4c5f8abe62035df2", "nonBlacklistedVotes": 11443.601371613613, "totalDeposited": 0.0, "dollarPerVote": 0, "incentiveDirected": 188.08142622835842, "incentiveDirectedUSD": 633.8344063895679, "efficiency": -1}, {"gauge": "0xbf65b3fa6c208762ed74e82d4aefcddfd0323648", "nonBlacklistedVotes": 14287.889872816688, "totalDeposited": 1360.539, "dollarPerVote": 0, "incentiveDirected": 234.82875869296018, "incentiveDirectedUSD": 791.3729167952758, "efficiency": -1}, {"gauge": "0x671ed21480acf63b0ab7297b901505f5bccafa9b", "nonBlacklistedVotes": 4447.011410530964, "totalDeposited": 453.51300000000003, "dollarPerVote": 0, "incentiveDirected": 73.08890107105421, "incentiveDirectedUSD": 246.3095966094527, "efficiency": -1}]}