{"number": 104, "endVoting": 1694563200, "totalDepositedUSD": 4624.554675412665, "globalAverageDollarPerVote": 0.0, "globalAverageEfficiency": 0, "analytics": [{"gauge": "0x6661136537dfdca26eea05c8500502d7d5796e5e", "nonBlacklistedVotes": 9425.410191979674, "totalDeposited": 1133.1483805796342, "dollarPerVote": 0, "incentiveDirected": 158.04433982839367, "incentiveDirectedUSD": 508.90277424742766, "efficiency": -1}, {"gauge": "0xdc2df969ee5e66236b950f5c4c5f8abe62035df2", "nonBlacklistedVotes": 11217.881299456778, "totalDeposited": 0.0, "dollarPerVote": 0, "incentiveDirected": 188.10031692356003, "incentiveDirectedUSD": 605.6830204938633, "efficiency": -1}, {"gauge": "0xbf65b3fa6c208762ed74e82d4aefcddfd0323648", "nonBlacklistedVotes": 13572.140287754444, "totalDeposited": 2606.7631576527156, "dollarPerVote": 0, "incentiveDirected": 227.5762972800624, "incentiveDirectedUSD": 732.795677241801, "efficiency": -1}, {"gauge": "0x671ed21480acf63b0ab7297b901505f5bccafa9b", "nonBlacklistedVotes": 4973.5446950062405, "totalDeposited": 884.6431371803155, "dollarPerVote": 0, "incentiveDirected": 83.39590234472058, "incentiveDirectedUSD": 268.53480555000027, "efficiency": -1}]}