{"number": 109, "endVoting": 1697587200, "totalDepositedUSD": 1684.744006773903, "globalAverageDollarPerVote": 0.0, "globalAverageEfficiency": 0, "analytics": [{"gauge": "0x6661136537dfdca26eea05c8500502d7d5796e5e", "nonBlacklistedVotes": 27815.309694111853, "totalDeposited": 839.7440067739029, "dollarPerVote": 0, "incentiveDirected": 460.3298874856373, "incentiveDirectedUSD": 1367.1797658323428, "efficiency": -1}, {"gauge": "0x5af3b93fb82ab8691b82a09cbbae7b8d3eb5ac11", "nonBlacklistedVotes": 17697.194206060547, "totalDeposited": 507.0, "dollarPerVote": 0, "incentiveDirected": 292.87998254471506, "incentiveDirectedUSD": 869.8535481578039, "efficiency": -1}, {"gauge": "0xd449efa0a587f2cb6be3ae577bc167a774525810", "nonBlacklistedVotes": 9510.675659518929, "totalDeposited": 338.0, "dollarPerVote": 0, "incentiveDirected": 157.39707033301573, "incentiveDirectedUSD": 467.46929888905674, "efficiency": -1}, {"gauge": "0xdc2df969ee5e66236b950f5c4c5f8abe62035df2", "nonBlacklistedVotes": 17798.302563078323, "totalDeposited": 0.0, "dollarPerVote": 0, "incentiveDirected": 294.5532768247965, "incentiveDirectedUSD": 874.8232321696456, "efficiency": -1}]}