{"number": 129, "endVoting": 1709683200, "totalDepositedUSD": 3468.046073, "globalAverageDollarPerVote": 0.0, "globalAverageEfficiency": 0, "analytics": [{"gauge": "0xdc2df969ee5e66236b950f5c4c5f8abe62035df2", "nonBlacklistedVotes": 31395.301909695965, "totalDeposited": 0.0, "dollarPerVote": 0, "incentiveDirected": 590.8091509277122, "incentiveDirectedUSD": 3320.3474282137427, "efficiency": -1}, {"gauge": "0x2d02bf5ea195dc09854e18e7d2857a16bf376963", "nonBlacklistedVotes": 47988.00082494349, "totalDeposited": 3468.046073, "dollarPerVote": 0, "incentiveDirected": 903.057091269672, "incentiveDirectedUSD": 5075.180852935557, "efficiency": -1}]}