{"number": 130, "endVoting": 1710288000, "totalDepositedUSD": 3472.585409293, "globalAverageDollarPerVote": 0.0, "globalAverageEfficiency": 0, "analytics": [{"gauge": "0xdc2df969ee5e66236b950f5c4c5f8abe62035df2", "nonBlacklistedVotes": 30712.21389435537, "totalDeposited": 0.0, "dollarPerVote": 0, "incentiveDirected": 589.153550944607, "incentiveDirectedUSD": 3552.59591219598, "efficiency": -1}, {"gauge": "0x2d02bf5ea195dc09854e18e7d2857a16bf376963", "nonBlacklistedVotes": 47008.33942103375, "totalDeposited": 3472.585409293, "dollarPerVote": 0, "incentiveDirected": 901.7627380812654, "incentiveDirectedUSD": 5437.629310630031, "efficiency": -1}]}