{"number": 131, "endVoting": 1710892800, "totalDepositedUSD": 9201.138820966, "globalAverageDollarPerVote": 0.0, "globalAverageEfficiency": 0, "analytics": [{"gauge": "0xdc2df969ee5e66236b950f5c4c5f8abe62035df2", "nonBlacklistedVotes": 7290.521927991766, "totalDeposited": 0.0, "dollarPerVote": 0, "incentiveDirected": 140.95915143135272, "incentiveDirectedUSD": 697.747799585196, "efficiency": -1}, {"gauge": "0x2d02bf5ea195dc09854e18e7d2857a16bf376963", "nonBlacklistedVotes": 18711.65583496773, "totalDeposited": 3507.545070966, "dollarPerVote": 0, "incentiveDirected": 361.78193473990603, "incentiveDirectedUSD": 1790.820576962535, "efficiency": -1}, {"gauge": "0xd449efa0a587f2cb6be3ae577bc167a774525810", "nonBlacklistedVotes": 27001.527979871193, "totalDeposited": 5693.59375, "dollarPerVote": 0, "incentiveDirected": 522.0630990463252, "incentiveDirectedUSD": 2584.21234027931, "efficiency": -1}]}