{"number": 132, "endVoting": 1711497600, "totalDepositedUSD": 13825.079777684805, "globalAverageDollarPerVote": 0.0, "globalAverageEfficiency": 0, "analytics": [{"gauge": "0xdc2df969ee5e66236b950f5c4c5f8abe62035df2", "nonBlacklistedVotes": 7144.797700280567, "totalDeposited": 0.0, "dollarPerVote": 0, "incentiveDirected": 119.83315696344381, "incentiveDirectedUSD": 613.5457636528323, "efficiency": -1}, {"gauge": "0x2d02bf5ea195dc09854e18e7d2857a16bf376963", "nonBlacklistedVotes": 18344.41016680571, "totalDeposited": 5485.193639811181, "dollarPerVote": 0, "incentiveDirected": 307.6740133362068, "incentiveDirectedUSD": 1575.2909482813789, "efficiency": -1}, {"gauge": "0xd449efa0a587f2cb6be3ae577bc167a774525810", "nonBlacklistedVotes": 26472.08625477568, "totalDeposited": 8339.886137873624, "dollarPerVote": 0, "incentiveDirected": 443.99209052396094, "incentiveDirectedUSD": 2273.23950348268, "efficiency": -1}]}