{"number": 141, "endVoting": 1716940800, "totalDepositedUSD": 1665.603928399631, "globalAverageDollarPerVote": 0.0, "globalAverageEfficiency": 0, "analytics": [{"gauge": "0xdc2df969ee5e66236b950f5c4c5f8abe62035df2", "nonBlacklistedVotes": 6122.881005573816, "totalDeposited": 239.18754662993916, "dollarPerVote": 0, "incentiveDirected": 125.01760528241043, "incentiveDirectedUSD": 495.0697169183453, "efficiency": -1}, {"gauge": "0x2d02bf5ea195dc09854e18e7d2857a16bf376963", "nonBlacklistedVotes": 24745.903012791932, "totalDeposited": 999.805387260513, "dollarPerVote": 0, "incentiveDirected": 505.26435715372924, "incentiveDirectedUSD": 2000.8468543287677, "efficiency": -1}, {"gauge": "0x1249c510e066731ff14422500466a7102603da9e", "nonBlacklistedVotes": 9511.019696095364, "totalDeposited": 426.610994509179, "dollarPerVote": 0, "incentiveDirected": 194.1969646506707, "incentiveDirectedUSD": 769.019980016656, "efficiency": -1}]}