{"number": 142, "endVoting": 1717545600, "totalDepositedUSD": 1659.5730643575632, "globalAverageDollarPerVote": 0.0, "globalAverageEfficiency": 0, "analytics": [{"gauge": "0xdc2df969ee5e66236b950f5c4c5f8abe62035df2", "nonBlacklistedVotes": 6000.172009527821, "totalDeposited": 232.15247835756327, "dollarPerVote": 0, "incentiveDirected": 121.73657440230959, "incentiveDirectedUSD": 500.33732079349244, "efficiency": -1}, {"gauge": "0x2d02bf5ea195dc09854e18e7d2857a16bf376963", "nonBlacklistedVotes": 24260.217925718585, "totalDeposited": 1000.60184, "dollarPerVote": 0, "incentiveDirected": 492.21185990014607, "incentiveDirectedUSD": 2022.9907441896005, "efficiency": -1}, {"gauge": "0x1249c510e066731ff14422500466a7102603da9e", "nonBlacklistedVotes": 9324.529113818984, "totalDeposited": 426.818746, "dollarPerVote": 0, "incentiveDirected": 189.18394846488002, "incentiveDirectedUSD": 777.5460281906569, "efficiency": -1}]}