{"number": 143, "endVoting": 1718150400, "totalDepositedUSD": 1700.9766802092959, "globalAverageDollarPerVote": 0.0, "globalAverageEfficiency": 0, "analytics": [{"gauge": "0xdc2df969ee5e66236b950f5c4c5f8abe62035df2", "nonBlacklistedVotes": 5938.821314005994, "totalDeposited": 200.10472683142464, "dollarPerVote": 0, "incentiveDirected": 119.67922040544269, "incentiveDirectedUSD": 421.2708558271583, "efficiency": -1}, {"gauge": "0x2d02bf5ea195dc09854e18e7d2857a16bf376963", "nonBlacklistedVotes": 24140.99166475537, "totalDeposited": 1000.6278042855623, "dollarPerVote": 0, "incentiveDirected": 486.4896432291104, "incentiveDirectedUSD": 1712.4435441664687, "efficiency": -1}, {"gauge": "0x1249c510e066731ff14422500466a7102603da9e", "nonBlacklistedVotes": 9276.940196023814, "totalDeposited": 500.24414909230893, "dollarPerVote": 0, "incentiveDirected": 186.9490445502439, "incentiveDirectedUSD": 658.0606368168586, "efficiency": -1}]}