{"number": 144, "endVoting": 1718755200, "totalDepositedUSD": 1690.1700137927842, "globalAverageDollarPerVote": 0.0, "globalAverageEfficiency": 0, "analytics": [{"gauge": "0xdc2df969ee5e66236b950f5c4c5f8abe62035df2", "nonBlacklistedVotes": 5819.641893958732, "totalDeposited": 189.2247368248703, "dollarPerVote": 0, "incentiveDirected": 120.96032465793333, "incentiveDirectedUSD": 390.70184864512464, "efficiency": -1}, {"gauge": "0x2d02bf5ea195dc09854e18e7d2857a16bf376963", "nonBlacklistedVotes": 23667.143415146842, "totalDeposited": 1000.7620832221232, "dollarPerVote": 0, "incentiveDirected": 491.9177852152447, "incentiveDirectedUSD": 1588.8944462452403, "efficiency": -1}, {"gauge": "0x1249c510e066731ff14422500466a7102603da9e", "nonBlacklistedVotes": 9095.039407866485, "totalDeposited": 500.18319374579073, "dollarPerVote": 0, "incentiveDirected": 189.03893737761814, "incentiveDirectedUSD": 610.5957677297066, "efficiency": -1}]}