{"number": 146, "endVoting": 1719964800, "totalDepositedUSD": 4110.971474446037, "globalAverageDollarPerVote": 0.0, "globalAverageEfficiency": 0, "analytics": [{"gauge": "0xdc2df969ee5e66236b950f5c4c5f8abe62035df2", "nonBlacklistedVotes": 6512.2551845978305, "totalDeposited": 212.0041644460372, "dollarPerVote": 0, "incentiveDirected": 140.53409136381143, "incentiveDirectedUSD": 373.8206830277384, "efficiency": -1}, {"gauge": "0x2d02bf5ea195dc09854e18e7d2857a16bf376963", "nonBlacklistedVotes": 24852.06084768042, "totalDeposited": 2898.952741, "dollarPerVote": 0, "incentiveDirected": 536.3060400346715, "incentiveDirectedUSD": 1426.5740664922262, "efficiency": -1}, {"gauge": "0xbc5e2f2945ff4a6568c4dbd3aa15d9e8ffdf0125", "nonBlacklistedVotes": 21365.492393736862, "totalDeposited": 1000.014569, "dollarPerVote": 0, "incentiveDirected": 461.0660938465146, "incentiveDirectedUSD": 1226.435809631729, "efficiency": -1}]}