{"number": 147, "endVoting": 1720569600, "totalDepositedUSD": 3611.7815232241646, "globalAverageDollarPerVote": 0.0, "globalAverageEfficiency": 0, "analytics": [{"gauge": "0xdc2df969ee5e66236b950f5c4c5f8abe62035df2", "nonBlacklistedVotes": 5665.090495203128, "totalDeposited": 238.0302732241646, "dollarPerVote": 0, "incentiveDirected": 118.10857400806871, "incentiveDirectedUSD": 298.8146922404138, "efficiency": -1}, {"gauge": "0xbc5e2f2945ff4a6568c4dbd3aa15d9e8ffdf0125", "nonBlacklistedVotes": 19015.692833622827, "totalDeposited": 999.63, "dollarPerVote": 0, "incentiveDirected": 396.44845325178056, "incentiveDirectedUSD": 1003.0145867270047, "efficiency": -1}, {"gauge": "0x2d02bf5ea195dc09854e18e7d2857a16bf376963", "nonBlacklistedVotes": 16608.894581455203, "totalDeposited": 1374.49125, "dollarPerVote": 0, "incentiveDirected": 346.27034758350777, "incentiveDirectedUSD": 876.0639793862746, "efficiency": -1}, {"gauge": "0x1249c510e066731ff14422500466a7102603da9e", "nonBlacklistedVotes": 14545.095734554445, "totalDeposited": 999.63, "dollarPerVote": 0, "incentiveDirected": 303.2432610694723, "incentiveDirectedUSD": 767.2054505057648, "efficiency": -1}]}