{"number": 149, "endVoting": 1721779200, "totalDepositedUSD": 253.36393057960393, "globalAverageDollarPerVote": 0.0, "globalAverageEfficiency": 0, "analytics": [{"gauge": "0xdc2df969ee5e66236b950f5c4c5f8abe62035df2", "nonBlacklistedVotes": 15519.140605601888, "totalDeposited": 253.36393057960393, "dollarPerVote": 0, "incentiveDirected": 335.95114317757475, "incentiveDirectedUSD": 883.5515065570215, "efficiency": -1}]}