{"number": 150, "endVoting": 1722384000, "totalDepositedUSD": 186.99605906421678, "globalAverageDollarPerVote": 0.0, "globalAverageEfficiency": 0, "analytics": [{"gauge": "0xdc2df969ee5e66236b950f5c4c5f8abe62035df2", "nonBlacklistedVotes": 15211.447975030927, "totalDeposited": 186.99605906421678, "dollarPerVote": 0, "incentiveDirected": 336.3465859696515, "incentiveDirectedUSD": 800.5048746077706, "efficiency": -1}]}