{"number": 151, "endVoting": 1722988800, "totalDepositedUSD": 334.11475726688866, "globalAverageDollarPerVote": 0.0, "globalAverageEfficiency": 0, "analytics": [{"gauge": "0xdc2df969ee5e66236b950f5c4c5f8abe62035df2", "nonBlacklistedVotes": 22178.88506283622, "totalDeposited": 334.11475726688866, "dollarPerVote": 0, "incentiveDirected": 486.1485295269397, "incentiveDirectedUSD": 875.0673531484914, "efficiency": -1}]}