{"number": 153, "endVoting": 1724198400, "totalDepositedUSD": 3447.7643828552605, "globalAverageDollarPerVote": 0.0, "globalAverageEfficiency": 0, "analytics": [{"gauge": "0xdc2df969ee5e66236b950f5c4c5f8abe62035df2", "nonBlacklistedVotes": 28600.12596233479, "totalDeposited": 448.5443828552603, "dollarPerVote": 0, "incentiveDirected": 599.2312206298026, "incentiveDirectedUSD": 1222.4316900847973, "efficiency": -1}, {"gauge": "0x2d02bf5ea195dc09854e18e7d2857a16bf376963", "nonBlacklistedVotes": 16835.82349718302, "totalDeposited": 1249.675, "dollarPerVote": 0, "incentiveDirected": 352.7449871308646, "incentiveDirectedUSD": 719.5997737469638, "efficiency": -1}, {"gauge": "0xbc5e2f2945ff4a6568c4dbd3aa15d9e8ffdf0125", "nonBlacklistedVotes": 11424.78714645752, "totalDeposited": 1749.545, "dollarPerVote": 0, "incentiveDirected": 239.372692142106, "incentiveDirectedUSD": 488.32029196989623, "efficiency": -1}]}