{"number": 154, "endVoting": 1724803200, "totalDepositedUSD": 496.36604805427646, "globalAverageDollarPerVote": 0.0, "globalAverageEfficiency": 0, "analytics": [{"gauge": "0xdc2df969ee5e66236b950f5c4c5f8abe62035df2", "nonBlacklistedVotes": 28038.442936984997, "totalDeposited": 496.36604805427646, "dollarPerVote": 0, "incentiveDirected": 586.8566449797323, "incentiveDirectedUSD": 1120.8961919112887, "efficiency": -1}]}