{"number": 155, "endVoting": 1725408000, "totalDepositedUSD": 1306.6226335357821, "globalAverageDollarPerVote": 0.0, "globalAverageEfficiency": 0, "analytics": [{"gauge": "0xdc2df969ee5e66236b950f5c4c5f8abe62035df2", "nonBlacklistedVotes": 27527.46682798628, "totalDeposited": 455.7786335357821, "dollarPerVote": 0, "incentiveDirected": 559.7691484781553, "incentiveDirectedUSD": 1052.365999138932, "efficiency": -1}, {"gauge": "0xbc5e2f2945ff4a6568c4dbd3aa15d9e8ffdf0125", "nonBlacklistedVotes": 16576.700671630966, "totalDeposited": 499.745, "dollarPerVote": 0, "incentiveDirected": 337.0860703427438, "incentiveDirectedUSD": 633.7218122443584, "efficiency": -1}, {"gauge": "0x1249c510e066731ff14422500466a7102603da9e", "nonBlacklistedVotes": 15396.712544919672, "totalDeposited": 351.099, "dollarPerVote": 0, "incentiveDirected": 313.0910927797526, "incentiveDirectedUSD": 588.6112544259349, "efficiency": -1}]}