{"number": 156, "endVoting": 1726012800, "totalDepositedUSD": 1360.8883895999556, "globalAverageDollarPerVote": 0.0, "globalAverageEfficiency": 0, "analytics": [{"gauge": "0xdc2df969ee5e66236b950f5c4c5f8abe62035df2", "nonBlacklistedVotes": 26986.671031845748, "totalDeposited": 504.3517939349517, "dollarPerVote": 0, "incentiveDirected": 549.7651901284461, "incentiveDirectedUSD": 1028.0609055401942, "efficiency": -1}, {"gauge": "0xbc5e2f2945ff4a6568c4dbd3aa15d9e8ffdf0125", "nonBlacklistedVotes": 16251.667325128397, "totalDeposited": 501.51359566499997, "dollarPerVote": 0, "incentiveDirected": 331.07458739020274, "incentiveDirectedUSD": 619.1094784196791, "efficiency": -1}, {"gauge": "0x1249c510e066731ff14422500466a7102603da9e", "nonBlacklistedVotes": 15094.816220509481, "totalDeposited": 355.023000000004, "dollarPerVote": 0, "incentiveDirected": 307.50752842503397, "incentiveDirectedUSD": 575.0390781548135, "efficiency": -1}]}