{"number": 157, "endVoting": 1726617600, "totalDepositedUSD": 1259.1742016836456, "globalAverageDollarPerVote": 0.0, "globalAverageEfficiency": 0, "analytics": [{"gauge": "0xdc2df969ee5e66236b950f5c4c5f8abe62035df2", "nonBlacklistedVotes": 28357.443098850315, "totalDeposited": 509.17420168364566, "dollarPerVote": 0, "incentiveDirected": 546.1916082399096, "incentiveDirectedUSD": 1010.4544752438327, "efficiency": -1}, {"gauge": "0xbc5e2f2945ff4a6568c4dbd3aa15d9e8ffdf0125", "nonBlacklistedVotes": 19947.045584659827, "totalDeposited": 750.0, "dollarPerVote": 0, "incentiveDirected": 384.19926893767956, "incentiveDirectedUSD": 710.7686475347073, "efficiency": -1}]}