{"number": 160, "endVoting": 1728432000, "totalDepositedUSD": 629.7740678564974, "globalAverageDollarPerVote": 0.0, "globalAverageEfficiency": 0, "analytics": [{"gauge": "0xdc2df969ee5e66236b950f5c4c5f8abe62035df2", "nonBlacklistedVotes": 32765.148191128228, "totalDeposited": 629.7740678564974, "dollarPerVote": 0, "incentiveDirected": 614.6596875721906, "incentiveDirectedUSD": 1167.853406387162, "efficiency": -1}]}