{"number": 161, "endVoting": 1729036800, "totalDepositedUSD": 532.7455977537448, "globalAverageDollarPerVote": 0.0, "globalAverageEfficiency": 0, "analytics": [{"gauge": "0xdc2df969ee5e66236b950f5c4c5f8abe62035df2", "nonBlacklistedVotes": 59279.147657539186, "totalDeposited": 532.7455977537448, "dollarPerVote": 0, "incentiveDirected": 1094.4838110875905, "incentiveDirectedUSD": 2232.746974618685, "efficiency": -1}]}