{"number": 162, "endVoting": 1729641600, "totalDepositedUSD": 621.8985931047029, "globalAverageDollarPerVote": 0.0, "globalAverageEfficiency": 0, "analytics": [{"gauge": "0xdc2df969ee5e66236b950f5c4c5f8abe62035df2", "nonBlacklistedVotes": 58115.216838627646, "totalDeposited": 621.8985931047029, "dollarPerVote": 0, "incentiveDirected": 1097.2170510984224, "incentiveDirectedUSD": 2128.6010791309395, "efficiency": -1}]}