{"number": 163, "endVoting": 1730246400, "totalDepositedUSD": 542.7452003719209, "globalAverageDollarPerVote": 0.0, "globalAverageEfficiency": 0, "analytics": [{"gauge": "0xdc2df969ee5e66236b950f5c4c5f8abe62035df2", "nonBlacklistedVotes": 35507.08084229029, "totalDeposited": 542.7452003719209, "dollarPerVote": 0, "incentiveDirected": 636.5590789165129, "incentiveDirectedUSD": 1273.1181578330259, "efficiency": -1}]}