{"number": 165, "endVoting": 1731456000, "totalDepositedUSD": 854.2987217584991, "globalAverageDollarPerVote": 0.0, "globalAverageEfficiency": 0, "analytics": [{"gauge": "0xdc2df969ee5e66236b950f5c4c5f8abe62035df2", "nonBlacklistedVotes": 36252.29806390667, "totalDeposited": 854.2987217584991, "dollarPerVote": 0, "incentiveDirected": 652.6144806416311, "incentiveDirectedUSD": 1416.1734229923395, "efficiency": -1}]}