{"number": 166, "endVoting": 1732060800, "totalDepositedUSD": 1086.0590931521729, "globalAverageDollarPerVote": 0.0, "globalAverageEfficiency": 0, "analytics": [{"gauge": "0xdc2df969ee5e66236b950f5c4c5f8abe62035df2", "nonBlacklistedVotes": 51656.866304415715, "totalDeposited": 1086.0590931521729, "dollarPerVote": 0, "incentiveDirected": 928.5300791942091, "incentiveDirectedUSD": 2024.195572643376, "efficiency": -1}]}