{"number": 167, "endVoting": 1732665600, "totalDepositedUSD": 3009.123302136363, "globalAverageDollarPerVote": 0.0, "globalAverageEfficiency": 0, "analytics": [{"gauge": "0xdc2df969ee5e66236b950f5c4c5f8abe62035df2", "nonBlacklistedVotes": 50857.35073867006, "totalDeposited": 3009.123302136363, "dollarPerVote": 0, "incentiveDirected": 896.2910499903694, "incentiveDirectedUSD": 2491.689118973227, "efficiency": -1}]}