{"number": 168, "endVoting": 1733270400, "totalDepositedUSD": 3779.003003186077, "globalAverageDollarPerVote": 0.0, "globalAverageEfficiency": 0, "analytics": [{"gauge": "0xdc2df969ee5e66236b950f5c4c5f8abe62035df2", "nonBlacklistedVotes": 49782.81721798646, "totalDeposited": 3204.434253186077, "dollarPerVote": 0, "incentiveDirected": 885.7307629277083, "incentiveDirectedUSD": 3153.2015160226415, "efficiency": -1}, {"gauge": "0xbc5e2f2945ff4a6568c4dbd3aa15d9e8ffdf0125", "nonBlacklistedVotes": 9765.923598553889, "totalDeposited": 574.56875, "dollarPerVote": 0, "incentiveDirected": 173.75430807309996, "incentiveDirectedUSD": 618.5653367402359, "efficiency": -1}]}