{"number": 169, "endVoting": 1733875200, "totalDepositedUSD": 1488.8053480380636, "globalAverageDollarPerVote": 0.0, "globalAverageEfficiency": 0, "analytics": [{"gauge": "0xdc2df969ee5e66236b950f5c4c5f8abe62035df2", "nonBlacklistedVotes": 34185.10420128679, "totalDeposited": 914.5108730380634, "dollarPerVote": 0, "incentiveDirected": 590.6325553792425, "incentiveDirectedUSD": 2208.965757118367, "efficiency": -1}, {"gauge": "0xbc5e2f2945ff4a6568c4dbd3aa15d9e8ffdf0125", "nonBlacklistedVotes": 8629.14942355085, "totalDeposited": 574.294475, "dollarPerVote": 0, "incentiveDirected": 149.08998213875003, "incentiveDirectedUSD": 557.5965331989252, "efficiency": -1}]}