{"number": 170, "endVoting": 1734480000, "totalDepositedUSD": 2493.4036642477877, "globalAverageDollarPerVote": 0.0, "globalAverageEfficiency": 0, "analytics": [{"gauge": "0xdc2df969ee5e66236b950f5c4c5f8abe62035df2", "nonBlacklistedVotes": 33512.76457881073, "totalDeposited": 1492.403664247788, "dollarPerVote": 0, "incentiveDirected": 611.3721626736171, "incentiveDirectedUSD": 1791.3204366336984, "efficiency": -1}, {"gauge": "0xbc5e2f2945ff4a6568c4dbd3aa15d9e8ffdf0125", "nonBlacklistedVotes": 10235.099313961877, "totalDeposited": 1000.9999999999999, "dollarPerVote": 0, "incentiveDirected": 186.71854982422298, "incentiveDirectedUSD": 547.0853509849734, "efficiency": -1}]}