{"number": 171, "endVoting": 1735084800, "totalDepositedUSD": 2361.157562874674, "globalAverageDollarPerVote": 0.0, "globalAverageEfficiency": 0, "analytics": [{"gauge": "0xdc2df969ee5e66236b950f5c4c5f8abe62035df2", "nonBlacklistedVotes": 34956.398271539576, "totalDeposited": 1207.8580334706382, "dollarPerVote": 0, "incentiveDirected": 635.7349037215737, "incentiveDirectedUSD": 1710.1268910110332, "efficiency": -1}, {"gauge": "0xbc5e2f2945ff4a6568c4dbd3aa15d9e8ffdf0125", "nonBlacklistedVotes": 27657.71348742952, "totalDeposited": 1153.2995294040359, "dollarPerVote": 0, "incentiveDirected": 502.99729636063194, "incentiveDirectedUSD": 1353.0627272100999, "efficiency": -1}]}