{"number": 173, "endVoting": 1736294400, "totalDepositedUSD": 1480.4477097728973, "globalAverageDollarPerVote": 0.029073533139879117, "globalAverageEfficiency": 0.6170775690763622, "analytics": [{"gauge": "0xdc2df969ee5e66236b950f5c4c5f8abe62035df2", "nonBlacklistedVotes": 34405.11311975917, "totalDeposited": 1480.4477097728973, "dollarPerVote": 0.04302987479272849, "incentiveDirected": 617.2492378769365, "incentiveDirectedUSD": 1549.2955870711105, "efficiency": 1.046504768012897}, {"gauge": "0x80cd37a62a8a58c4cbf64003410c5ccc4d01519f", "nonBlacklistedVotes": 16515.691814754293, "totalDeposited": 0.0, "dollarPerVote": 0.0, "incentiveDirected": 296.3018360143908, "incentiveDirectedUSD": 743.7176083961208, "efficiency": -1}]}