{"number": 175, "endVoting": 1737504000, "totalDepositedUSD": 1794.9592000038122, "globalAverageDollarPerVote": 0.0281024248073111, "globalAverageEfficiency": 1.6586227319195395, "analytics": [{"gauge": "0xdc2df969ee5e66236b950f5c4c5f8abe62035df2", "nonBlacklistedVotes": 63872.03995068914, "totalDeposited": 1794.9592000038122, "dollarPerVote": 0.0281024248073111, "incentiveDirected": 1127.7121712100127, "incentiveDirectedUSD": 2977.160131994434, "efficiency": 1.6586227319195395}]}