{"number": 176, "endVoting": 1738108800, "totalDepositedUSD": 2368.4211006912174, "globalAverageDollarPerVote": 0.02628557592810102, "globalAverageEfficiency": 0.7001543157758704, "analytics": [{"gauge": "0xdc2df969ee5e66236b950f5c4c5f8abe62035df2", "nonBlacklistedVotes": 62617.16521682012, "totalDeposited": 2368.4211006912174, "dollarPerVote": 0.033389168399999995, "incentiveDirected": 1152.4037681914554, "incentiveDirectedUSD": 2731.1969306137494, "efficiency": 1.3063333391092429}, {"gauge": "0x80cd37a62a8a58c4cbf64003410c5ccc4d01519f", "nonBlacklistedVotes": 8461.043894616163, "totalDeposited": 0.0, "dollarPerVote": 0.0, "incentiveDirected": 155.7167085610864, "incentiveDirectedUSD": 369.04859928977476, "efficiency": -1}, {"gauge": "0x4fd03b8c15e70e6b3413e4d2ff3825a19746e78b", "nonBlacklistedVotes": 8461.043894616163, "totalDeposited": 0.0, "dollarPerVote": 0.0, "incentiveDirected": 155.7167085610864, "incentiveDirectedUSD": 369.04859928977476, "efficiency": -1}]}