{"number": 178, "endVoting": 1739318400, "totalDepositedUSD": 2309.0712139946827, "globalAverageDollarPerVote": 0.028846581619106058, "globalAverageEfficiency": 0.6401331685354041, "analytics": [{"gauge": "0xdc2df969ee5e66236b950f5c4c5f8abe62035df2", "nonBlacklistedVotes": 52060.55774805743, "totalDeposited": 2309.0712139946827, "dollarPerVote": 0.031945599, "incentiveDirected": 961.3322304532543, "incentiveDirectedUSD": 1941.8911055155736, "efficiency": 1.167629395847988}, {"gauge": "0x80cd37a62a8a58c4cbf64003410c5ccc4d01519f", "nonBlacklistedVotes": 5549.676492089835, "totalDeposited": 0.0, "dollarPerVote": 0.0, "incentiveDirected": 102.47840421252084, "incentiveDirectedUSD": 207.0063765092921, "efficiency": -1}, {"gauge": "0x4fd03b8c15e70e6b3413e4d2ff3825a19746e78b", "nonBlacklistedVotes": 43.24177637508396, "totalDeposited": 0.0, "dollarPerVote": 0.0, "incentiveDirected": 0.7984876676234114, "incentiveDirectedUSD": 1.612945088599291, "efficiency": -1}]}