{"number": 179, "endVoting": 1739923200, "totalDepositedUSD": 1228.079461163833, "globalAverageDollarPerVote": 0.027300466796700253, "globalAverageEfficiency": 1.2831312380082218, "analytics": [{"gauge": "0xdc2df969ee5e66236b950f5c4c5f8abe62035df2", "nonBlacklistedVotes": 43729.664144057344, "totalDeposited": 1228.079461163833, "dollarPerVote": 0.02808344141675104, "incentiveDirected": 781.5580154399125, "incentiveDirectedUSD": 1531.8537102622286, "efficiency": 1.2473571610834637}, {"gauge": "0x80cd37a62a8a58c4cbf64003410c5ccc4d01519f", "nonBlacklistedVotes": 1215.2412434928294, "totalDeposited": 0.0, "dollarPerVote": 0.0, "incentiveDirected": 21.71938781455421, "incentiveDirectedUSD": 42.57000011652625, "efficiency": -1}, {"gauge": "0x4fd03b8c15e70e6b3413e4d2ff3825a19746e78b", "nonBlacklistedVotes": 38.92109091386181, "totalDeposited": 0.0, "dollarPerVote": 0.0, "incentiveDirected": 0.695616835134739, "incentiveDirectedUSD": 1.3634089968640886, "efficiency": -1}]}