{"number": 180, "endVoting": 1740528000, "totalDepositedUSD": 1228.079461163833, "globalAverageDollarPerVote": 0.027848294725991256, "globalAverageEfficiency": 0.6497359475729175, "analytics": [{"gauge": "0xdc2df969ee5e66236b950f5c4c5f8abe62035df2", "nonBlacklistedVotes": 42869.44573408778, "totalDeposited": 1228.079461163833, "dollarPerVote": 0.02864696382550432, "incentiveDirected": 775.6813870998794, "incentiveDirectedUSD": 1559.1195880707576, "efficiency": 1.26955920799555}, {"gauge": "0x80cd37a62a8a58c4cbf64003410c5ccc4d01519f", "nonBlacklistedVotes": 1191.3817153630453, "totalDeposited": 0.0, "dollarPerVote": 0.0, "incentiveDirected": 21.556906223385432, "incentiveDirectedUSD": 43.32938150900471, "efficiency": -1}, {"gauge": "0x4fd03b8c15e70e6b3413e4d2ff3825a19746e78b", "nonBlacklistedVotes": 38.08321087219811, "totalDeposited": 0.0, "dollarPerVote": 0.0, "incentiveDirected": 0.6890790708561614, "incentiveDirectedUSD": 1.3850489324208843, "efficiency": -1}]}