{"number": 181, "endVoting": 1741132800, "totalDepositedUSD": 1215.4966736054714, "globalAverageDollarPerVote": 0.022819775359139455, "globalAverageEfficiency": 0.7747485944168038, "analytics": [{"gauge": "0xdc2df969ee5e66236b950f5c4c5f8abe62035df2", "nonBlacklistedVotes": 53221.59405537649, "totalDeposited": 1215.4966736054714, "dollarPerVote": 0.022838411648113364, "incentiveDirected": 940.9359026715102, "incentiveDirectedUSD": 1580.7723164881372, "efficiency": 1.3005155429995259}, {"gauge": "0x80cd37a62a8a58c4cbf64003410c5ccc4d01519f", "nonBlacklistedVotes": 6.21929539203598, "totalDeposited": 0.0, "dollarPerVote": 0.0, "incentiveDirected": 0.10995458568184262, "incentiveDirectedUSD": 0.1847237039454956, "efficiency": -1}, {"gauge": "0x4fd03b8c15e70e6b3413e4d2ff3825a19746e78b", "nonBlacklistedVotes": 37.2453308305344, "totalDeposited": 0.0, "dollarPerVote": 0.0, "incentiveDirected": 0.6584821369473354, "incentiveDirectedUSD": 1.1062499900715235, "efficiency": -1}]}