{"number": 182, "endVoting": 1741737600, "totalDepositedUSD": 2331.3443143313343, "globalAverageDollarPerVote": 0.01969925886943042, "globalAverageEfficiency": 1.060430021779993, "analytics": [{"gauge": "0xdc2df969ee5e66236b950f5c4c5f8abe62035df2", "nonBlacklistedVotes": 52175.11326197165, "totalDeposited": 1931.4247143313344, "dollarPerVote": 0.0370181221195177, "incentiveDirected": 964.0161036910011, "incentiveDirectedUSD": 1388.1831893150415, "efficiency": 0.7187353351205487}, {"gauge": "0x7a59af3a8650edc8ebe6d79162a2aa97f2b98aac", "nonBlacklistedVotes": 24.31480119006053, "totalDeposited": 199.9598, "dollarPerVote": 0.026677096825540002, "incentiveDirected": 0.44925364680229335, "incentiveDirectedUSD": 0.6469252513953024, "efficiency": 0.9973436232998485}, {"gauge": "0x80cd37a62a8a58c4cbf64003410c5ccc4d01519f", "nonBlacklistedVotes": 6.059826279419673, "totalDeposited": 199.9598, "dollarPerVote": 0.026528166766499998, "incentiveDirected": 0.11196468495619578, "incentiveDirectedUSD": 0.16122914633692192, "efficiency": 1.002942745395567}]}