{"number": 183, "endVoting": 1742342400, "totalDepositedUSD": 599.63168479662, "globalAverageDollarPerVote": 0.02660422638852629, "globalAverageEfficiency": 0.6684736180313793, "analytics": [{"gauge": "0x7a59af3a8650edc8ebe6d79162a2aa97f2b98aac", "nonBlacklistedVotes": 7664.58891945531, "totalDeposited": 299.67518479662, "dollarPerVote": 0.0266785910433, "incentiveDirected": 136.30876214057258, "incentiveDirectedUSD": 209.91549369648178, "efficiency": 1.0265798556452905}, {"gauge": "0x80cd37a62a8a58c4cbf64003410c5ccc4d01519f", "nonBlacklistedVotes": 7643.098802851825, "totalDeposited": 299.9565, "dollarPerVote": 0.0265296526425, "incentiveDirected": 135.92657710452426, "incentiveDirectedUSD": 209.32692874096736, "efficiency": 1.0323431109752292}]}