{"number": 183, "endVoting": 1742342400, "totalDepositedUSD": 1445.66468479662, "globalAverageDollarPerVote": 0.020866886483031522, "globalAverageEfficiency": 1.3124959568990664, "analytics": [{"gauge": "0x7a59af3a8650edc8ebe6d79162a2aa97f2b98aac", "nonBlacklistedVotes": 7664.58891945531, "totalDeposited": 299.67518479662, "dollarPerVote": 0.0266785910433, "incentiveDirected": 136.30876214057258, "incentiveDirectedUSD": 209.91549369648178, "efficiency": 1.0265798556452905}, {"gauge": "0x80cd37a62a8a58c4cbf64003410c5ccc4d01519f", "nonBlacklistedVotes": 7643.098802851825, "totalDeposited": 299.9565, "dollarPerVote": 0.0265296526425, "incentiveDirected": 135.92657710452426, "incentiveDirectedUSD": 209.32692874096736, "efficiency": 1.0323431109752292}, {"gauge": "0xdc2df969ee5e66236b950f5c4c5f8abe62035df2", "nonBlacklistedVotes": 44753.12636551875, "totalDeposited": 846.033, "dollarPerVote": 0.018904444643488613, "incentiveDirected": 795.8996002146977, "incentiveDirectedUSD": 1225.6853843306344, "efficiency": 1.4487441794003713}]}