{"number": 185, "endVoting": 1743552000, "totalDepositedUSD": 1009.77222149763, "globalAverageDollarPerVote": 0.01483416828431976, "globalAverageEfficiency": 1.2664973122096415, "analytics": [{"gauge": "0x80cd37a62a8a58c4cbf64003410c5ccc4d01519f", "nonBlacklistedVotes": 9557.800548163323, "totalDeposited": 295.24122149763, "dollarPerVote": 0.026532703995, "incentiveDirected": 142.51313450631133, "incentiveDirectedUSD": 179.56654947795226, "efficiency": 0.7080859253733398}, {"gauge": "0xdc2df969ee5e66236b950f5c4c5f8abe62035df2", "nonBlacklistedVotes": 55705.399533705015, "totalDeposited": 714.531, "dollarPerVote": 0.012826961227836936, "incentiveDirected": 830.6043902538087, "incentiveDirectedUSD": 1046.561531719799, "efficiency": 1.4646831722063829}]}