{"number": 185, "endVoting": 1743552000, "totalDepositedUSD": 264.36927789553505, "globalAverageDollarPerVote": 0.0265296526425, "globalAverageEfficiency": 0.5859274858360789, "analytics": [{"gauge": "0x80cd37a62a8a58c4cbf64003410c5ccc4d01519f", "nonBlacklistedVotes": 7343.281886364434, "totalDeposited": 264.36927789553505, "dollarPerVote": 0.0265296526425, "incentiveDirected": 114.14729774653577, "incentiveDirectedUSD": 158.6647438676847, "efficiency": 0.8144392053121495}]}