{"totalDepositedUSD": 831.534, "globalAverageDollarPerVote": 0.014927350076663097, "globalAverageEfficiency": 0.06572534891940207, "analytics": [{"gauge": "0xDc2Df969EE5E66236B950F5c4c5f8aBe62035df2", "nonBlacklistedVotes": 55705.399533705015, "nonBlacklistedVotesBreakdowns": [{"key": "42161-dd2f-f4c7-2", "nonBlacklistedVotes": 55705.399533705015}], "totalDeposited": 831.534, "dollarPerVote": 0.014927350076663097, "incentiveDirected": 54.652862288346086, "incentiveDirectedUSD": 71.59524959773337, "efficiency": 0.08610020708441672, "platform": "votemarket"}]}