{"number": 185, "endVoting": 1743552000, "totalDepositedUSD": 1016.3932587420211, "globalAverageDollarPerVote": 0.014935664905029912, "globalAverageEfficiency": 1.2578907186535369, "analytics": [{"gauge": "0x80cd37a62a8a58c4cbf64003410c5ccc4d01519f", "nonBlacklistedVotes": 9557.800548163323, "totalDeposited": 295.22025874202103, "dollarPerVote": 0.026530820116499997, "incentiveDirected": 142.51313450631133, "incentiveDirectedUSD": 179.56654947795226, "efficiency": 0.7081362045522384}, {"gauge": "0xdc2df969ee5e66236b950f5c4c5f8abe62035df2", "nonBlacklistedVotes": 55705.399533705015, "totalDeposited": 721.173, "dollarPerVote": 0.01294619562980871, "incentiveDirected": 830.6043902538087, "incentiveDirectedUSD": 1046.561531719799, "efficiency": 1.4511934469535035}]}