{"number": 186, "endVoting": 1744156800, "totalDepositedUSD": 1009.77222149763, "globalAverageDollarPerVote": 0.01506844547539915, "globalAverageEfficiency": 0.8450612874287428, "analytics": [{"gauge": "0x80cd37a62a8a58c4cbf64003410c5ccc4d01519f", "nonBlacklistedVotes": 9370.342664752241, "totalDeposited": 295.24122149763, "dollarPerVote": 0.026532703995, "incentiveDirected": 149.38433761900217, "incentiveDirectedUSD": 119.31969398281466, "efficiency": 0.47992695864659163}, {"gauge": "0xdc2df969ee5e66236b950f5c4c5f8abe62035df2", "nonBlacklistedVotes": 54548.0973513754, "totalDeposited": 714.531, "dollarPerVote": 0.013099100329701664, "incentiveDirected": 869.6193600116882, "incentiveDirectedUSD": 694.6023764738159, "efficiency": 0.9721095046594422}]}