{"number": 186, "endVoting": 1744156800, "totalDepositedUSD": 1056.9852289301311, "globalAverageDollarPerVote": 0.015280378789777536, "globalAverageEfficiency": 0.9145551646605558, "analytics": [{"gauge": "0x80cd37a62a8a58c4cbf64003410c5ccc4d01519f", "nonBlacklistedVotes": 9632.936565346441, "totalDeposited": 331.858228930131, "dollarPerVote": 0.026532252925499995, "incentiveDirected": 150.4811447460824, "incentiveDirectedUSD": 134.61787391038465, "efficiency": 0.5267079798839701}, {"gauge": "0xdc2df969ee5e66236b950f5c4c5f8abe62035df2", "nonBlacklistedVotes": 54548.0973513754, "totalDeposited": 725.1270000000001, "dollarPerVote": 0.013293350917980578, "incentiveDirected": 852.1243836157771, "incentiveDirectedUSD": 762.2959874681527, "efficiency": 1.0512585898306817}]}