{"totalDepositedUSD": 730.497, "globalAverageDollarPerVote": 0.014004641321215852, "globalAverageEfficiency": 1.0027291687095565, "analytics": [{"gauge": "0xdc2df969ee5e66236b950f5c4c5f8abe62035df2", "nonBlacklistedVotes": 52161.064553174845, "nonBlacklistedVotesBreakdowns": [{"key": "42161-dd2f-f4c7-2", "nonBlacklistedVotes": 52161.064553174845}], "totalDeposited": 730.497, "dollarPerVote": 0.014004641321215852, "incentiveDirected": 786.7715954694535, "incentiveDirectedUSD": 732.4906495548249, "efficiency": 1.0027291687095565, "platform": "votemarket"}]}