{"totalDepositedUSD": 742.584, "globalAverageDollarPerVote": 0.013907918090752898, "globalAverageEfficiency": 1.0129887357036351, "analytics": [{"gauge": "0xdc2df969ee5e66236b950f5c4c5f8abe62035df2", "nonBlacklistedVotes": 53392.89426026527, "nonBlacklistedVotesBreakdowns": [{"key": "42161-dd2f-f4c7-2", "nonBlacklistedVotes": 53392.89426026527}], "totalDeposited": 742.584, "dollarPerVote": 0.013907918090752898, "incentiveDirected": 840.9851143075372, "incentiveDirectedUSD": 752.2292273137482, "efficiency": 1.0129887357036351, "platform": "votemarket"}]}