{"totalDepositedUSD": 719.211, "globalAverageDollarPerVote": 0.013788273037771512, "globalAverageEfficiency": 1.0241244952428272, "analytics": [{"gauge": "0xdc2df969ee5e66236b950f5c4c5f8abe62035df2", "nonBlacklistedVotes": 52161.064553174845, "nonBlacklistedVotesBreakdowns": [{"key": "42161-dd2f-f4c7-2", "nonBlacklistedVotes": 52161.064553174845}], "totalDeposited": 719.211, "dollarPerVote": 0.013788273037771512, "incentiveDirected": 783.9689912159062, "incentiveDirectedUSD": 736.561602348089, "efficiency": 1.0241244952428272, "platform": "votemarket"}]}