{"totalDepositedUSD": 719.211, "globalAverageDollarPerVote": 0.013788273037771512, "globalAverageEfficiency": 1.025484466332935, "analytics": [{"gauge": "0xdc2df969ee5e66236b950f5c4c5f8abe62035df2", "nonBlacklistedVotes": 52161.064553174845, "nonBlacklistedVotesBreakdowns": [{"key": "42161-dd2f-f4c7-2", "nonBlacklistedVotes": 52161.064553174845}], "totalDeposited": 719.211, "dollarPerVote": 0.013788273037771512, "incentiveDirected": 783.7320944293479, "incentiveDirectedUSD": 737.5397085157765, "efficiency": 1.025484466332935, "platform": "votemarket"}]}