{"totalDepositedUSD": 729.546, "globalAverageDollarPerVote": 0.013986409331356245, "globalAverageEfficiency": 1.0134511815129363, "analytics": [{"gauge": "0xdc2df969ee5e66236b950f5c4c5f8abe62035df2", "nonBlacklistedVotes": 52161.064553174845, "nonBlacklistedVotesBreakdowns": [{"key": "42161-dd2f-f4c7-2", "nonBlacklistedVotes": 52161.064553174845}], "totalDeposited": 729.546, "dollarPerVote": 0.013986409331356245, "incentiveDirected": 785.1524894635064, "incentiveDirectedUSD": 739.3592556680368, "efficiency": 1.0134511815129363, "platform": "votemarket"}]}