{"number": 187, "endVoting": 1744761600, "totalDepositedUSD": 725.1270000000001, "globalAverageDollarPerVote": 0.013901690968380828, "globalAverageEfficiency": 1.0932552782694636, "analytics": [{"gauge": "0xdc2df969ee5e66236b950f5c4c5f8abe62035df2", "nonBlacklistedVotes": 52161.064553174845, "totalDeposited": 725.1270000000001, "dollarPerVote": 0.013901690968380828, "incentiveDirected": 795.8104027852162, "incentiveDirectedUSD": 792.7489201657014, "efficiency": 1.0932552782694636}]}