{"totalDepositedUSD": 730.44, "globalAverageDollarPerVote": 0.01400354855210755, "globalAverageEfficiency": 1.0149463070450147, "analytics": [{"gauge": "0xdc2df969ee5e66236b950f5c4c5f8abe62035df2", "nonBlacklistedVotes": 52161.064553174845, "nonBlacklistedVotesBreakdowns": [{"key": "42161-dd2f-f4c7-2", "nonBlacklistedVotes": 52161.064553174845}], "totalDeposited": 730.44, "dollarPerVote": 0.01400354855210755, "incentiveDirected": 785.2796414219745, "incentiveDirectedUSD": 741.3573805179606, "efficiency": 1.0149463070450147, "platform": "votemarket"}]}