{"totalDepositedUSD": 729.546, "globalAverageDollarPerVote": 0.013986409331356245, "globalAverageEfficiency": 1.0197871514009873, "analytics": [{"gauge": "0xdc2df969ee5e66236b950f5c4c5f8abe62035df2", "nonBlacklistedVotes": 52161.064553174845, "nonBlacklistedVotesBreakdowns": [{"key": "42161-dd2f-f4c7-2", "nonBlacklistedVotes": 52161.064553174845}], "totalDeposited": 729.546, "dollarPerVote": 0.013986409331356245, "incentiveDirected": 784.0331885604045, "incentiveDirectedUSD": 743.9816371559847, "efficiency": 1.0197871514009873, "platform": "votemarket"}]}