{"totalDepositedUSD": 742.584, "globalAverageDollarPerVote": 0.013907918090752898, "globalAverageEfficiency": 1.0202437146357382, "analytics": [{"gauge": "0xdc2df969ee5e66236b950f5c4c5f8abe62035df2", "nonBlacklistedVotes": 53392.89426026527, "nonBlacklistedVotesBreakdowns": [{"key": "42161-dd2f-f4c7-2", "nonBlacklistedVotes": 53392.89426026527}], "totalDeposited": 742.584, "dollarPerVote": 0.013907918090752898, "incentiveDirected": 839.5956139286745, "incentiveDirectedUSD": 757.6166585890649, "efficiency": 1.0202437146357382, "platform": "votemarket"}]}