{"totalDepositedUSD": 730.44, "globalAverageDollarPerVote": 0.01400354855210755, "globalAverageEfficiency": 1.010959481484022, "analytics": [{"gauge": "0xdc2df969ee5e66236b950f5c4c5f8abe62035df2", "nonBlacklistedVotes": 52161.064553174845, "nonBlacklistedVotesBreakdowns": [{"key": "42161-dd2f-f4c7-2", "nonBlacklistedVotes": 52161.064553174845}], "totalDeposited": 730.44, "dollarPerVote": 0.01400354855210755, "incentiveDirected": 785.9922743047035, "incentiveDirectedUSD": 738.4452436551891, "efficiency": 1.010959481484022, "platform": "votemarket"}]}