{"totalDepositedUSD": 1702.188, "globalAverageDollarPerVote": 0.01644226292898073, "globalAverageEfficiency": 0.46653720496101925, "analytics": [{"gauge": "0xdc2df969ee5e66236b950f5c4c5f8abe62035df2", "nonBlacklistedVotes": 51762.58302620151, "nonBlacklistedVotesBreakdowns": [{"key": "42161-dd2f-f4c7-2", "nonBlacklistedVotes": 51762.58302620151}, {"key": "42161-dd2f-f4c7-3", "nonBlacklistedVotes": 51762.58302620151}], "totalDeposited": 1702.188, "dollarPerVote": 0.01644226292898073, "incentiveDirected": 816.7733557118075, "incentiveDirectedUSD": 794.1340318381875, "efficiency": 0.9330744099220385, "platform": "votemarket"}]}