{"totalDepositedUSD": 728.307, "globalAverageDollarPerVote": 0.013962655981791514, "globalAverageEfficiency": 1.0284386990626164, "analytics": [{"gauge": "0xdc2df969ee5e66236b950f5c4c5f8abe62035df2", "nonBlacklistedVotes": 52161.064553174845, "nonBlacklistedVotesBreakdowns": [{"key": "42161-dd2f-f4c7-2", "nonBlacklistedVotes": 52161.064553174845}], "totalDeposited": 728.307, "dollarPerVote": 0.013962655981791514, "incentiveDirected": 802.6893195727924, "incentiveDirectedUSD": 749.0191035981969, "efficiency": 1.0284386990626162, "platform": "votemarket"}]}