{"totalDepositedUSD": 1702.188, "globalAverageDollarPerVote": 0.01644226292898073, "globalAverageEfficiency": 0.4665695845962713, "analytics": [{"gauge": "0xdc2df969ee5e66236b950f5c4c5f8abe62035df2", "nonBlacklistedVotes": 51762.58302620151, "nonBlacklistedVotesBreakdowns": [{"key": "42161-dd2f-f4c7-2", "nonBlacklistedVotes": 51762.58302620151}, {"key": "42161-dd2f-f4c7-3", "nonBlacklistedVotes": 51762.58302620151}], "totalDeposited": 1702.188, "dollarPerVote": 0.01644226292898073, "incentiveDirected": 816.8300432022374, "incentiveDirectedUSD": 794.1891480647579, "efficiency": 0.9331391691925425, "platform": "votemarket"}]}