{"totalDepositedUSD": 1709.2259999999999, "globalAverageDollarPerVote": 0.01651024639878204, "globalAverageEfficiency": 0.46413766139859775, "analytics": [{"gauge": "0xdc2df969ee5e66236b950f5c4c5f8abe62035df2", "nonBlacklistedVotes": 51762.58302620151, "nonBlacklistedVotesBreakdowns": [{"key": "42161-dd2f-f4c7-2", "nonBlacklistedVotes": 51762.58302620151}, {"key": "42161-dd2f-f4c7-3", "nonBlacklistedVotes": 51762.58302620151}], "totalDeposited": 1709.2259999999999, "dollarPerVote": 0.01651024639878204, "incentiveDirected": 817.6359212843618, "incentiveDirectedUSD": 793.3161584416796, "efficiency": 0.9282753227971956, "platform": "votemarket"}]}