{"totalDepositedUSD": 1702.368, "globalAverageDollarPerVote": 0.01644400163664828, "globalAverageEfficiency": 0.4658423525276439, "analytics": [{"gauge": "0xdc2df969ee5e66236b950f5c4c5f8abe62035df2", "nonBlacklistedVotes": 51762.58302620151, "nonBlacklistedVotesBreakdowns": [{"key": "42161-dd2f-f4c7-2", "nonBlacklistedVotes": 51762.58302620151}, {"key": "42161-dd2f-f4c7-3", "nonBlacklistedVotes": 51762.58302620151}], "totalDeposited": 1702.368, "dollarPerVote": 0.01644400163664828, "incentiveDirected": 817.142450564329, "incentiveDirectedUSD": 793.03511398778, "efficiency": 0.9316847050552878, "platform": "votemarket"}]}