{"totalDepositedUSD": 726.819, "globalAverageDollarPerVote": 0.013934128956648398, "globalAverageEfficiency": 1.0375434932458398, "analytics": [{"gauge": "0xdc2df969ee5e66236b950f5c4c5f8abe62035df2", "nonBlacklistedVotes": 52161.064553174845, "nonBlacklistedVotesBreakdowns": [{"key": "42161-dd2f-f4c7-2", "nonBlacklistedVotes": 52161.064553174845}], "totalDeposited": 726.819, "dollarPerVote": 0.013934128956648398, "incentiveDirected": 801.3218077751769, "incentiveDirectedUSD": 754.106324217448, "efficiency": 1.0375434932458398, "platform": "votemarket"}]}