{"totalDepositedUSD": 728.385, "globalAverageDollarPerVote": 0.013964151350044982, "globalAverageEfficiency": 1.021019595664541, "analytics": [{"gauge": "0xdc2df969ee5e66236b950f5c4c5f8abe62035df2", "nonBlacklistedVotes": 52161.064553174845, "nonBlacklistedVotesBreakdowns": [{"key": "42161-dd2f-f4c7-2", "nonBlacklistedVotes": 52161.064553174845}], "totalDeposited": 728.385, "dollarPerVote": 0.013964151350044982, "incentiveDirected": 801.4580422059865, "incentiveDirectedUSD": 743.6953581881166, "efficiency": 1.021019595664541, "platform": "votemarket"}]}