{"totalDepositedUSD": 728.007, "globalAverageDollarPerVote": 0.013956904565432013, "globalAverageEfficiency": 1.0324142680895991, "analytics": [{"gauge": "0xdc2df969ee5e66236b950f5c4c5f8abe62035df2", "nonBlacklistedVotes": 52161.064553174845, "nonBlacklistedVotesBreakdowns": [{"key": "42161-dd2f-f4c7-2", "nonBlacklistedVotes": 52161.064553174845}], "totalDeposited": 728.007, "dollarPerVote": 0.013956904565432013, "incentiveDirected": 801.2451564945692, "incentiveDirectedUSD": 751.6048140691047, "efficiency": 1.0324142680895991, "platform": "votemarket"}]}