{"totalDepositedUSD": 1709.2259999999999, "globalAverageDollarPerVote": 0.01651024639878204, "globalAverageEfficiency": 0.46490164926519906, "analytics": [{"gauge": "0xdc2df969ee5e66236b950f5c4c5f8abe62035df2", "nonBlacklistedVotes": 51762.58302620151, "nonBlacklistedVotesBreakdowns": [{"key": "42161-dd2f-f4c7-2", "nonBlacklistedVotes": 51762.58302620151}, {"key": "42161-dd2f-f4c7-3", "nonBlacklistedVotes": 51762.58302620151}], "totalDeposited": 1709.2259999999999, "dollarPerVote": 0.01651024639878204, "incentiveDirected": 817.2987576980493, "incentiveDirectedUSD": 794.621986366959, "efficiency": 0.9298032985303981, "platform": "votemarket"}]}