{"totalDepositedUSD": 728.307, "globalAverageDollarPerVote": 0.013962655981791514, "globalAverageEfficiency": 1.0290134332610257, "analytics": [{"gauge": "0xdc2df969ee5e66236b950f5c4c5f8abe62035df2", "nonBlacklistedVotes": 52161.064553174845, "nonBlacklistedVotesBreakdowns": [{"key": "42161-dd2f-f4c7-2", "nonBlacklistedVotes": 52161.064553174845}], "totalDeposited": 728.307, "dollarPerVote": 0.013962655981791514, "incentiveDirected": 802.5857151831833, "incentiveDirectedUSD": 749.4376865380378, "efficiency": 1.0290134332610257, "platform": "votemarket"}]}