{"totalDepositedUSD": 1050.9560000000001, "globalAverageDollarPerVote": 0.015547981355230164, "globalAverageEfficiency": 0.9816574589609615, "analytics": [{"gauge": "0xdc2df969ee5e66236b950f5c4c5f8abe62035df2", "nonBlacklistedVotes": 54730.955563620904, "nonBlacklistedVotesBreakdowns": [{"key": "42161-dd2f-f4c7-3", "nonBlacklistedVotes": 54730.955563620904}], "totalDeposited": 850.956, "dollarPerVote": 0.015547983608852274, "incentiveDirected": 883.4912735359068, "incentiveDirectedUSD": 835.3471835671145, "efficiency": 0.9816573166733821, "platform": "votemarket"}, {"gauge": "0x7a59af3a8650edc8ebe6d79162a2aa97f2b98aac", "nonBlacklistedVotes": 2.5706420953696223, "nonBlacklistedVotesBreakdowns": [{"key": "42161-dd2f-f4c7-4", "nonBlacklistedVotes": 2.5706420953696223}], "totalDeposited": 200.0, "dollarPerVote": 0.0155, "incentiveDirected": 0.041496440821375366, "incentiveDirectedUSD": 0.03923517527169615, "efficiency": 0.9846962496224291, "platform": "votemarket"}]}