{"totalDepositedUSD": 1050.224, "globalAverageDollarPerVote": 0.015534607468131262, "globalAverageEfficiency": 0.980036484118587, "analytics": [{"gauge": "0xdc2df969ee5e66236b950f5c4c5f8abe62035df2", "nonBlacklistedVotes": 54730.955563620904, "nonBlacklistedVotesBreakdowns": [{"key": "42161-dd2f-f4c7-3", "nonBlacklistedVotes": 54730.955563620904}], "totalDeposited": 850.2239999999999, "dollarPerVote": 0.015534609093599216, "incentiveDirected": 884.8204423259318, "incentiveDirectedUSD": 833.2504524858497, "efficiency": 0.9800363815722088, "platform": "votemarket"}, {"gauge": "0x7a59af3a8650edc8ebe6d79162a2aa97f2b98aac", "nonBlacklistedVotes": 2.5706420953696223, "nonBlacklistedVotesBreakdowns": [{"key": "42161-dd2f-f4c7-4", "nonBlacklistedVotes": 2.5706420953696223}], "totalDeposited": 200.0, "dollarPerVote": 0.0155, "incentiveDirected": 0.04155887015790537, "incentiveDirectedUSD": 0.03913669452849217, "efficiency": 0.9822246506599812, "platform": "votemarket"}]}