{"totalDepositedUSD": 1044.8719999999998, "globalAverageDollarPerVote": 0.015436824621473721, "globalAverageEfficiency": 0.9803021885143255, "analytics": [{"gauge": "0xdc2df969ee5e66236b950f5c4c5f8abe62035df2", "nonBlacklistedVotes": 54730.955563620904, "nonBlacklistedVotesBreakdowns": [{"key": "42161-dd2f-f4c7-3", "nonBlacklistedVotes": 54730.955563620904}], "totalDeposited": 844.872, "dollarPerVote": 0.015436821654208017, "incentiveDirected": 886.1932732395946, "incentiveDirectedUSD": 828.2300298168126, "efficiency": 0.9803023769480024, "platform": "votemarket"}, {"gauge": "0x7a59af3a8650edc8ebe6d79162a2aa97f2b98aac", "nonBlacklistedVotes": 2.5706420953696223, "nonBlacklistedVotesBreakdowns": [{"key": "42161-dd2f-f4c7-4", "nonBlacklistedVotes": 2.5706420953696223}], "totalDeposited": 200.0, "dollarPerVote": 0.0155, "incentiveDirected": 0.041623350247831516, "incentiveDirectedUSD": 0.038900891778171603, "efficiency": 0.9763066425898396, "platform": "votemarket"}]}