{"totalDepositedUSD": 1046.5790000000002, "globalAverageDollarPerVote": 0.01546801208770026, "globalAverageEfficiency": 0.9829817113642503, "analytics": [{"gauge": "0xdc2df969ee5e66236b950f5c4c5f8abe62035df2", "nonBlacklistedVotes": 54730.955563620904, "nonBlacklistedVotesBreakdowns": [{"key": "42161-dd2f-f4c7-3", "nonBlacklistedVotes": 54730.955563620904}], "totalDeposited": 846.5790000000001, "dollarPerVote": 0.01546801058526945, "incentiveDirected": 885.5283821959389, "incentiveDirectedUSD": 832.1717550551047, "efficiency": 0.9829818068427219, "platform": "votemarket"}, {"gauge": "0x7a59af3a8650edc8ebe6d79162a2aa97f2b98aac", "nonBlacklistedVotes": 2.5706420953696223, "nonBlacklistedVotesBreakdowns": [{"key": "42161-dd2f-f4c7-4", "nonBlacklistedVotes": 2.5706420953696223}], "totalDeposited": 200.0, "dollarPerVote": 0.0155, "incentiveDirected": 0.04159212117667691, "incentiveDirectedUSD": 0.039086029507297414, "efficiency": 0.9809530963464845, "platform": "votemarket"}]}