{"totalDepositedUSD": 1044.8719999999998, "globalAverageDollarPerVote": 0.015436824621473721, "globalAverageEfficiency": 0.9821222730032078, "analytics": [{"gauge": "0xdc2df969ee5e66236b950f5c4c5f8abe62035df2", "nonBlacklistedVotes": 54730.955563620904, "nonBlacklistedVotesBreakdowns": [{"key": "42161-dd2f-f4c7-3", "nonBlacklistedVotes": 54730.955563620904}], "totalDeposited": 844.872, "dollarPerVote": 0.015436821654208017, "incentiveDirected": 887.8386297935973, "incentiveDirectedUSD": 829.7677685346877, "efficiency": 0.9821224617867412, "platform": "votemarket"}, {"gauge": "0x7a59af3a8650edc8ebe6d79162a2aa97f2b98aac", "nonBlacklistedVotes": 2.5706420953696223, "nonBlacklistedVotesBreakdowns": [{"key": "42161-dd2f-f4c7-4", "nonBlacklistedVotes": 2.5706420953696223}], "totalDeposited": 200.0, "dollarPerVote": 0.0155, "incentiveDirected": 0.04170063051410962, "incentiveDirectedUSD": 0.03897311737407325, "efficiency": 0.9781193087221712, "platform": "votemarket"}]}