{"totalDepositedUSD": 1044.8719999999998, "globalAverageDollarPerVote": 0.015436824621473721, "globalAverageEfficiency": 0.9821446863384723, "analytics": [{"gauge": "0xdc2df969ee5e66236b950f5c4c5f8abe62035df2", "nonBlacklistedVotes": 54730.955563620904, "nonBlacklistedVotesBreakdowns": [{"key": "42161-dd2f-f4c7-3", "nonBlacklistedVotes": 54730.955563620904}], "totalDeposited": 844.872, "dollarPerVote": 0.015436821654208017, "incentiveDirected": 887.8588914508446, "incentiveDirectedUSD": 829.7867049377193, "efficiency": 0.9821448751263142, "platform": "votemarket"}, {"gauge": "0x7a59af3a8650edc8ebe6d79162a2aa97f2b98aac", "nonBlacklistedVotes": 2.5706420953696223, "nonBlacklistedVotesBreakdowns": [{"key": "42161-dd2f-f4c7-4", "nonBlacklistedVotes": 2.5706420953696223}], "totalDeposited": 200.0, "dollarPerVote": 0.0155, "incentiveDirected": 0.041701582177907655, "incentiveDirectedUSD": 0.03897400679239725, "efficiency": 0.978141630704472, "platform": "votemarket"}]}