{"totalDepositedUSD": 1050.224, "globalAverageDollarPerVote": 0.015534607468131262, "globalAverageEfficiency": 0.9800396486784627, "analytics": [{"gauge": "0xdc2df969ee5e66236b950f5c4c5f8abe62035df2", "nonBlacklistedVotes": 54730.955563620904, "nonBlacklistedVotesBreakdowns": [{"key": "42161-dd2f-f4c7-3", "nonBlacklistedVotes": 54730.955563620904}], "totalDeposited": 850.2239999999999, "dollarPerVote": 0.015534609093599216, "incentiveDirected": 884.8232994310645, "incentiveDirectedUSD": 833.2531430703239, "efficiency": 0.9800395461317535, "platform": "votemarket"}, {"gauge": "0x7a59af3a8650edc8ebe6d79162a2aa97f2b98aac", "nonBlacklistedVotes": 2.5706420953696223, "nonBlacklistedVotesBreakdowns": [{"key": "42161-dd2f-f4c7-4", "nonBlacklistedVotes": 2.5706420953696223}], "totalDeposited": 200.0, "dollarPerVote": 0.0155, "incentiveDirected": 0.04155900435243293, "incentiveDirectedUSD": 0.039136820901760086, "efficiency": 0.9822278222854959, "platform": "votemarket"}]}