{"totalDepositedUSD": 1281.525156, "globalAverageDollarPerVote": 0.016450958458332728, "globalAverageEfficiency": 0.9837428701207662, "analytics": [{"gauge": "0xdc2df969ee5e66236b950f5c4c5f8abe62035df2", "nonBlacklistedVotes": 53587.30663985281, "nonBlacklistedVotesBreakdowns": [{"key": "42161-dd2f-f4c7-3", "nonBlacklistedVotes": 53587.30663985281}], "totalDeposited": 881.5649999999999, "dollarPerVote": 0.01645100407685691, "incentiveDirected": 868.0424982017424, "incentiveDirectedUSD": 867.2308784659238, "efficiency": 0.9837401422083724, "platform": "votemarket"}, {"gauge": "0x7a59af3a8650edc8ebe6d79162a2aa97f2b98aac", "nonBlacklistedVotes": 2.5706420953696223, "nonBlacklistedVotesBreakdowns": [{"key": "42161-dd2f-f4c7-4", "nonBlacklistedVotes": 2.5706420953696223}], "totalDeposited": 399.960156, "dollarPerVote": 0.0155, "incentiveDirected": 0.04164095429247977, "incentiveDirectedUSD": 0.0416020200002163, "efficiency": 1.0440976187121116, "platform": "votemarket"}]}