{"totalDepositedUSD": 1285.317156, "globalAverageDollarPerVote": 0.01672822208965607, "globalAverageEfficiency": 0.9767005019374841, "analytics": [{"gauge": "0xdc2df969ee5e66236b950f5c4c5f8abe62035df2", "nonBlacklistedVotes": 52925.7585136949, "nonBlacklistedVotesBreakdowns": [{"key": "42161-dd2f-f4c7-3", "nonBlacklistedVotes": 52925.7585136949}], "totalDeposited": 885.3570000000001, "dollarPerVote": 0.016728281745284915, "incentiveDirected": 857.0124306624546, "incentiveDirectedUSD": 864.7255425384164, "efficiency": 0.9766970188730834, "platform": "votemarket"}, {"gauge": "0x7a59af3a8650edc8ebe6d79162a2aa97f2b98aac", "nonBlacklistedVotes": 2.5706420953696223, "nonBlacklistedVotesBreakdowns": [{"key": "42161-dd2f-f4c7-4", "nonBlacklistedVotes": 2.5706420953696223}], "totalDeposited": 399.960156, "dollarPerVote": 0.0155, "incentiveDirected": 0.041625709151544524, "incentiveDirectedUSD": 0.042000340533908415, "efficiency": 1.054094381386374, "platform": "votemarket"}]}