{"totalDepositedUSD": 1289.1031560000001, "globalAverageDollarPerVote": 0.016799752781449802, "globalAverageEfficiency": 0.9780485720601166, "analytics": [{"gauge": "0xdc2df969ee5e66236b950f5c4c5f8abe62035df2", "nonBlacklistedVotes": 52925.7585136949, "nonBlacklistedVotesBreakdowns": [{"key": "42161-dd2f-f4c7-3", "nonBlacklistedVotes": 52925.7585136949}], "totalDeposited": 889.143, "dollarPerVote": 0.01679981591137571, "incentiveDirected": 854.2453572221301, "incentiveDirectedUSD": 869.6217736521285, "efficiency": 0.9780448967737794, "platform": "votemarket"}, {"gauge": "0x7a59af3a8650edc8ebe6d79162a2aa97f2b98aac", "nonBlacklistedVotes": 2.5706420953696223, "nonBlacklistedVotesBreakdowns": [{"key": "42161-dd2f-f4c7-4", "nonBlacklistedVotes": 2.5706420953696223}], "totalDeposited": 399.960156, "dollarPerVote": 0.0155, "incentiveDirected": 0.04149131040759763, "incentiveDirectedUSD": 0.04223815399493439, "efficiency": 1.0600628528296743, "platform": "votemarket"}]}