{"totalDepositedUSD": 1285.317156, "globalAverageDollarPerVote": 0.01672822208965607, "globalAverageEfficiency": 0.9751348837309388, "analytics": [{"gauge": "0xdc2df969ee5e66236b950f5c4c5f8abe62035df2", "nonBlacklistedVotes": 52925.7585136949, "nonBlacklistedVotesBreakdowns": [{"key": "42161-dd2f-f4c7-3", "nonBlacklistedVotes": 52925.7585136949}], "totalDeposited": 885.3570000000001, "dollarPerVote": 0.016728281745284915, "incentiveDirected": 857.3380500924342, "incentiveDirectedUSD": 863.339416443081, "efficiency": 0.9751314062497737, "platform": "votemarket"}, {"gauge": "0x7a59af3a8650edc8ebe6d79162a2aa97f2b98aac", "nonBlacklistedVotes": 2.5706420953696223, "nonBlacklistedVotesBreakdowns": [{"key": "42161-dd2f-f4c7-4", "nonBlacklistedVotes": 2.5706420953696223}], "totalDeposited": 399.960156, "dollarPerVote": 0.0155, "incentiveDirected": 0.04164152472107593, "incentiveDirectedUSD": 0.04193301539412345, "efficiency": 1.052404703382071, "platform": "votemarket"}]}