{"totalDepositedUSD": 1289.1031560000001, "globalAverageDollarPerVote": 0.016799752781449802, "globalAverageEfficiency": 0.9818910969110298, "analytics": [{"gauge": "0xdc2df969ee5e66236b950f5c4c5f8abe62035df2", "nonBlacklistedVotes": 52925.7585136949, "nonBlacklistedVotesBreakdowns": [{"key": "42161-dd2f-f4c7-3", "nonBlacklistedVotes": 52925.7585136949}], "totalDeposited": 889.143, "dollarPerVote": 0.01679981591137571, "incentiveDirected": 855.9199165558853, "incentiveDirectedUSD": 873.038314887003, "efficiency": 0.9818874071853493, "platform": "votemarket"}, {"gauge": "0x7a59af3a8650edc8ebe6d79162a2aa97f2b98aac", "nonBlacklistedVotes": 2.5706420953696223, "nonBlacklistedVotesBreakdowns": [{"key": "42161-dd2f-f4c7-4", "nonBlacklistedVotes": 2.5706420953696223}], "totalDeposited": 399.960156, "dollarPerVote": 0.0155, "incentiveDirected": 0.04157264495688767, "incentiveDirectedUSD": 0.04240409785602543, "efficiency": 1.0642275926717337, "platform": "votemarket"}]}