{"totalDepositedUSD": 963.1139999999999, "globalAverageDollarPerVote": 0.012038187805184673, "globalAverageEfficiency": 1.482171381082802, "analytics": [{"gauge": "0xdc2df969ee5e66236b950f5c4c5f8abe62035df2", "nonBlacklistedVotes": 80004.89904179769, "nonBlacklistedVotesBreakdowns": [{"key": "42161-dd2f-f4c7-3", "nonBlacklistedVotes": 80004.89904179769}], "totalDeposited": 963.1139999999999, "dollarPerVote": 0.012038187805184673, "incentiveDirected": 1220.0854765129761, "incentiveDirectedUSD": 1427.5000075201817, "efficiency": 1.4821713810828023, "platform": "votemarket"}]}