{"totalDepositedUSD": 962.3340000000001, "globalAverageDollarPerVote": 0.012028438402218834, "globalAverageEfficiency": 1.4776056952908945, "analytics": [{"gauge": "0xdc2df969ee5e66236b950f5c4c5f8abe62035df2", "nonBlacklistedVotes": 80004.89904179769, "nonBlacklistedVotesBreakdowns": [{"key": "42161-dd2f-f4c7-3", "nonBlacklistedVotes": 80004.89904179769}], "totalDeposited": 962.3340000000001, "dollarPerVote": 0.012028438402218834, "incentiveDirected": 1225.8191372172998, "incentiveDirectedUSD": 1421.9501991720676, "efficiency": 1.4776056952908942, "platform": "votemarket"}]}