{"totalDepositedUSD": 963.1139999999999, "globalAverageDollarPerVote": 0.012038187805184673, "globalAverageEfficiency": 1.4828758060463791, "analytics": [{"gauge": "0xdc2df969ee5e66236b950f5c4c5f8abe62035df2", "nonBlacklistedVotes": 80004.89904179769, "nonBlacklistedVotesBreakdowns": [{"key": "42161-dd2f-f4c7-3", "nonBlacklistedVotes": 80004.89904179769}], "totalDeposited": 963.1139999999999, "dollarPerVote": 0.012038187805184673, "incentiveDirected": 1220.6653410808144, "incentiveDirectedUSD": 1428.1784490645523, "efficiency": 1.4828758060463794, "platform": "votemarket"}]}