{"totalDepositedUSD": 960.0659999999999, "globalAverageDollarPerVote": 0.01200009013821046, "globalAverageEfficiency": 1.4876730272816272, "analytics": [{"gauge": "0xdc2df969ee5e66236b950f5c4c5f8abe62035df2", "nonBlacklistedVotes": 80004.89904179769, "nonBlacklistedVotesBreakdowns": [{"key": "42161-dd2f-f4c7-3", "nonBlacklistedVotes": 80004.89904179769}], "totalDeposited": 960.0659999999999, "dollarPerVote": 0.01200009013821046, "incentiveDirected": 1220.7387116326177, "incentiveDirectedUSD": 1428.2642926101626, "efficiency": 1.4876730272816272, "platform": "votemarket"}]}