{"totalDepositedUSD": 962.067, "globalAverageDollarPerVote": 0.012025101106588217, "globalAverageEfficiency": 1.4771920220252996, "analytics": [{"gauge": "0xdc2df969ee5e66236b950f5c4c5f8abe62035df2", "nonBlacklistedVotes": 80004.89904179769, "nonBlacklistedVotesBreakdowns": [{"key": "42161-dd2f-f4c7-3", "nonBlacklistedVotes": 80004.89904179769}], "totalDeposited": 962.067, "dollarPerVote": 0.012025101106588217, "incentiveDirected": 1225.1359457360468, "incentiveDirectedUSD": 1421.157697053814, "efficiency": 1.4771920220252996, "platform": "votemarket"}]}