{"totalDepositedUSD": 1001.6070000000001, "globalAverageDollarPerVote": 0.012519320841548984, "globalAverageEfficiency": 1.4704418044457228, "analytics": [{"gauge": "0xdc2df969ee5e66236b950f5c4c5f8abe62035df2", "nonBlacklistedVotes": 80004.89904179769, "nonBlacklistedVotesBreakdowns": [{"key": "42161-dd2f-f4c7-3", "nonBlacklistedVotes": 80004.89904179769}], "totalDeposited": 1001.6070000000001, "dollarPerVote": 0.012519320841548984, "incentiveDirected": 1227.3373370212225, "incentiveDirectedUSD": 1472.8048044254672, "efficiency": 1.4704418044457228, "platform": "votemarket"}]}