{"totalDepositedUSD": 1015.4190000000001, "globalAverageDollarPerVote": 0.012897081166573624, "globalAverageEfficiency": 1.399481561106237, "analytics": [{"gauge": "0xdc2df969ee5e66236b950f5c4c5f8abe62035df2", "nonBlacklistedVotes": 78732.46565523221, "nonBlacklistedVotesBreakdowns": [{"key": "42161-dd2f-f4c7-3", "nonBlacklistedVotes": 78732.46565523221}], "totalDeposited": 1015.4190000000001, "dollarPerVote": 0.012897081166573624, "incentiveDirected": 1235.7044933016823, "incentiveDirectedUSD": 1421.0601672969342, "efficiency": 1.399481561106237, "platform": "votemarket"}]}