{"totalDepositedUSD": 1019.0969999999999, "globalAverageDollarPerVote": 0.012943796329999417, "globalAverageEfficiency": 1.4017003880317584, "analytics": [{"gauge": "0xdc2df969ee5e66236b950f5c4c5f8abe62035df2", "nonBlacklistedVotes": 78732.46565523221, "nonBlacklistedVotesBreakdowns": [{"key": "42161-dd2f-f4c7-3", "nonBlacklistedVotes": 78732.46565523221}], "totalDeposited": 1019.0969999999999, "dollarPerVote": 0.012943796329999417, "incentiveDirected": 1231.4385002948284, "incentiveDirectedUSD": 1428.4686603420007, "efficiency": 1.4017003880317584, "platform": "votemarket"}]}