{"totalDepositedUSD": 1019.0969999999999, "globalAverageDollarPerVote": 0.012943796329999417, "globalAverageEfficiency": 1.4016323336166645, "analytics": [{"gauge": "0xdc2df969ee5e66236b950f5c4c5f8abe62035df2", "nonBlacklistedVotes": 78732.46565523221, "nonBlacklistedVotesBreakdowns": [{"key": "42161-dd2f-f4c7-3", "nonBlacklistedVotes": 78732.46565523221}], "totalDeposited": 1019.0969999999999, "dollarPerVote": 0.012943796329999417, "incentiveDirected": 1231.378712320467, "incentiveDirectedUSD": 1428.3993062917418, "efficiency": 1.4016323336166645, "platform": "votemarket"}]}