{"totalDepositedUSD": 1017.534, "globalAverageDollarPerVote": 0.012923944290729567, "globalAverageEfficiency": 1.4146650652342836, "analytics": [{"gauge": "0xdc2df969ee5e66236b950f5c4c5f8abe62035df2", "nonBlacklistedVotes": 78732.46565523221, "nonBlacklistedVotesBreakdowns": [{"key": "42161-dd2f-f4c7-3", "nonBlacklistedVotes": 78732.46565523221}], "totalDeposited": 1017.534, "dollarPerVote": 0.012923944290729567, "incentiveDirected": 1230.3160705026507, "incentiveDirectedUSD": 1439.4698024881015, "efficiency": 1.4146650652342834, "platform": "votemarket"}]}