{"totalDepositedUSD": 1015.011, "globalAverageDollarPerVote": 0.012891899060353469, "globalAverageEfficiency": 1.408670782280252, "analytics": [{"gauge": "0xdc2df969ee5e66236b950f5c4c5f8abe62035df2", "nonBlacklistedVotes": 78732.46565523221, "nonBlacklistedVotesBreakdowns": [{"key": "42161-dd2f-f4c7-3", "nonBlacklistedVotes": 78732.46565523221}], "totalDeposited": 1015.011, "dollarPerVote": 0.012891899060353469, "incentiveDirected": 1232.6002925802252, "incentiveDirectedUSD": 1429.8163393930608, "efficiency": 1.4086707822802522, "platform": "votemarket"}]}