{"totalDepositedUSD": 1011.078, "globalAverageDollarPerVote": 0.012841945080540079, "globalAverageEfficiency": 1.4151405952893568, "analytics": [{"gauge": "0xdc2df969ee5e66236b950f5c4c5f8abe62035df2", "nonBlacklistedVotes": 78732.46565523221, "nonBlacklistedVotesBreakdowns": [{"key": "42161-dd2f-f4c7-3", "nonBlacklistedVotes": 78732.46565523221}], "totalDeposited": 1011.078, "dollarPerVote": 0.012841945080540079, "incentiveDirected": 1233.4633817275624, "incentiveDirectedUSD": 1430.8175228039722, "efficiency": 1.4151405952893568, "platform": "votemarket"}]}