{"totalDepositedUSD": 1015.4190000000001, "globalAverageDollarPerVote": 0.012897081166573624, "globalAverageEfficiency": 1.3999482830147705, "analytics": [{"gauge": "0xdc2df969ee5e66236b950f5c4c5f8abe62035df2", "nonBlacklistedVotes": 78732.46565523221, "nonBlacklistedVotesBreakdowns": [{"key": "42161-dd2f-f4c7-3", "nonBlacklistedVotes": 78732.46565523221}], "totalDeposited": 1015.4190000000001, "dollarPerVote": 0.012897081166573624, "incentiveDirected": 1236.116596165718, "incentiveDirectedUSD": 1421.5340855905754, "efficiency": 1.3999482830147707, "platform": "votemarket"}]}