{"totalDepositedUSD": 1011.078, "globalAverageDollarPerVote": 0.012841945080540079, "globalAverageEfficiency": 1.4127405216814322, "analytics": [{"gauge": "0xdc2df969ee5e66236b950f5c4c5f8abe62035df2", "nonBlacklistedVotes": 78732.46565523221, "nonBlacklistedVotesBreakdowns": [{"key": "42161-dd2f-f4c7-3", "nonBlacklistedVotes": 78732.46565523221}], "totalDeposited": 1011.078, "dollarPerVote": 0.012841945080540079, "incentiveDirected": 1231.371432052258, "incentiveDirectedUSD": 1428.3908611806191, "efficiency": 1.4127405216814324, "platform": "votemarket"}]}