{"totalDepositedUSD": 876.4820251584464, "globalAverageDollarPerVote": 0.001186372113414994, "globalAverageEfficiency": 15.045112313462363, "analytics": [{"gauge": "0xdc2df969ee5e66236b950f5c4c5f8abe62035df2", "nonBlacklistedVotes": 72690.21368093151, "nonBlacklistedVotesBreakdowns": [{"key": "42161-dd2f-f4c7-3", "nonBlacklistedVotes": 72690.21368093151}], "totalDeposited": 876.384, "dollarPerVote": 0.012056423493908338, "incentiveDirected": 1148.1902796425097, "incentiveDirectedUSD": 1297.4550159960359, "efficiency": 1.480464061411477, "platform": "votemarket"}, {"gauge": "0xc219821b1fe1bbe436f62d911f00ef1c8542a8f7", "nonBlacklistedVotes": 666101.6166795081, "nonBlacklistedVotesBreakdowns": [{"key": "42161-dd2f-f4c7-5", "nonBlacklistedVotes": 666101.6166795081}], "totalDeposited": 0.09802515844632455, "dollarPerVote": 1.4716246889622688e-07, "incentiveDirected": 10521.518135613922, "incentiveDirectedUSD": 11889.315493243734, "efficiency": 121288.40882979997, "platform": "votemarket"}]}