{"totalDepositedUSD": 876.4820251584464, "globalAverageDollarPerVote": 0.001186372113414994, "globalAverageEfficiency": 15.045428490442879, "analytics": [{"gauge": "0xdc2df969ee5e66236b950f5c4c5f8abe62035df2", "nonBlacklistedVotes": 72690.21368093151, "nonBlacklistedVotesBreakdowns": [{"key": "42161-dd2f-f4c7-3", "nonBlacklistedVotes": 72690.21368093151}], "totalDeposited": 876.384, "dollarPerVote": 0.012056423493908338, "incentiveDirected": 1148.2144091623243, "incentiveDirectedUSD": 1297.4822823534262, "efficiency": 1.480495173751947, "platform": "votemarket"}, {"gauge": "0xc219821b1fe1bbe436f62d911f00ef1c8542a8f7", "nonBlacklistedVotes": 666101.6166795081, "nonBlacklistedVotesBreakdowns": [{"key": "42161-dd2f-f4c7-5", "nonBlacklistedVotes": 666101.6166795081}], "totalDeposited": 0.09802515844632455, "dollarPerVote": 1.4716246889622688e-07, "incentiveDirected": 10521.739248076581, "incentiveDirectedUSD": 11889.565350326535, "efficiency": 121290.95773751676, "platform": "votemarket"}]}