{"totalDepositedUSD": 898.1548826043359, "globalAverageDollarPerVote": 0.0012157076536243594, "globalAverageEfficiency": 14.788596725076836, "analytics": [{"gauge": "0xdc2df969ee5e66236b950f5c4c5f8abe62035df2", "nonBlacklistedVotes": 72690.21368093151, "nonBlacklistedVotesBreakdowns": [{"key": "42161-dd2f-f4c7-3", "nonBlacklistedVotes": 72690.21368093151}], "totalDeposited": 898.056, "dollarPerVote": 0.012354565415668642, "incentiveDirected": 1146.376332407317, "incentiveDirectedUSD": 1306.8690189443412, "efficiency": 1.4552199628356597, "platform": "votemarket"}, {"gauge": "0xc219821b1fe1bbe436f62d911f00ef1c8542a8f7", "nonBlacklistedVotes": 666101.6166795081, "nonBlacklistedVotesBreakdowns": [{"key": "42161-dd2f-f4c7-5", "nonBlacklistedVotes": 666101.6166795081}], "totalDeposited": 0.09888260433580023, "dollarPerVote": 1.4844972877971135e-07, "incentiveDirected": 10504.895909254308, "incentiveDirectedUSD": 11975.58133654991, "efficiency": 121109.08098538195, "platform": "votemarket"}]}