{"totalDepositedUSD": 898.9660479074573, "globalAverageDollarPerVote": 0.0012167729289228218, "globalAverageEfficiency": 14.998469190849706, "analytics": [{"gauge": "0xdc2df969ee5e66236b950f5c4c5f8abe62035df2", "nonBlacklistedVotes": 72710.06012471624, "nonBlacklistedVotesBreakdowns": [{"key": "42161-dd2f-f4c7-3", "nonBlacklistedVotes": 72710.06012471624}], "totalDeposited": 898.866, "dollarPerVote": 0.012362333334042307, "incentiveDirected": 1143.9129819969996, "incentiveDirectedUSD": 1326.9390591165193, "efficiency": 1.4762367907079803, "platform": "votemarket"}, {"gauge": "0xc219821b1fe1bbe436f62d911f00ef1c8542a8f7", "nonBlacklistedVotes": 666101.6166795081, "nonBlacklistedVotesBreakdowns": [{"key": "42161-dd2f-f4c7-5", "nonBlacklistedVotes": 666101.6166795081}], "totalDeposited": 0.10004790745729909, "dollarPerVote": 1.5019916624138253e-07, "incentiveDirected": 10479.461650037416, "incentiveDirectedUSD": 12156.1755140434, "efficiency": 121503.54588107413, "platform": "votemarket"}]}