{"totalDepositedUSD": 878.9499137193925, "globalAverageDollarPerVote": 0.0011897125517624809, "globalAverageEfficiency": 14.991939111684637, "analytics": [{"gauge": "0xdc2df969ee5e66236b950f5c4c5f8abe62035df2", "nonBlacklistedVotes": 72690.21368093151, "nonBlacklistedVotesBreakdowns": [{"key": "42161-dd2f-f4c7-3", "nonBlacklistedVotes": 72690.21368093151}], "totalDeposited": 878.8530000000001, "dollarPerVote": 0.012090389551716856, "incentiveDirected": 1147.3537918328907, "incentiveDirectedUSD": 1296.509784771166, "efficiency": 1.4752294010160585, "platform": "votemarket"}, {"gauge": "0xc219821b1fe1bbe436f62d911f00ef1c8542a8f7", "nonBlacklistedVotes": 666101.6166795081, "nonBlacklistedVotesBreakdowns": [{"key": "42161-dd2f-f4c7-5", "nonBlacklistedVotes": 666101.6166795081}], "totalDeposited": 0.09691371939244853, "dollarPerVote": 1.454938960748359e-07, "incentiveDirected": 10513.852923832244, "incentiveDirectedUSD": 11880.653803930432, "efficiency": 122590.00973660048, "platform": "votemarket"}]}