{"totalDepositedUSD": 905.282163506744, "globalAverageDollarPerVote": 0.0012253219486494827, "globalAverageEfficiency": 14.89382550179834, "analytics": [{"gauge": "0xdc2df969ee5e66236b950f5c4c5f8abe62035df2", "nonBlacklistedVotes": 72710.06012471624, "nonBlacklistedVotesBreakdowns": [{"key": "42161-dd2f-f4c7-3", "nonBlacklistedVotes": 72710.06012471624}], "totalDeposited": 905.181, "dollarPerVote": 0.012449185139544438, "incentiveDirected": 1143.9129819969996, "incentiveDirectedUSD": 1326.9390591165193, "efficiency": 1.465937816985243, "platform": "votemarket"}, {"gauge": "0xc219821b1fe1bbe436f62d911f00ef1c8542a8f7", "nonBlacklistedVotes": 666101.6166795081, "nonBlacklistedVotesBreakdowns": [{"key": "42161-dd2f-f4c7-5", "nonBlacklistedVotes": 666101.6166795081}], "totalDeposited": 0.1011635067440403, "dollarPerVote": 1.5187398470572199e-07, "incentiveDirected": 10479.461650037416, "incentiveDirectedUSD": 12156.1755140434, "efficiency": 120163.6430496666, "platform": "votemarket"}]}