{"totalDepositedUSD": 898.9644512538756, "globalAverageDollarPerVote": 0.0012167707678124443, "globalAverageEfficiency": 14.973625779310785, "analytics": [{"gauge": "0xdc2df969ee5e66236b950f5c4c5f8abe62035df2", "nonBlacklistedVotes": 72710.06012471624, "nonBlacklistedVotesBreakdowns": [{"key": "42161-dd2f-f4c7-3", "nonBlacklistedVotes": 72710.06012471624}], "totalDeposited": 898.866, "dollarPerVote": 0.012362333334042307, "incentiveDirected": 1142.0161802242812, "incentiveDirectedUSD": 1324.7387690601663, "efficiency": 1.473788939686412, "platform": "votemarket"}, {"gauge": "0xc219821b1fe1bbe436f62d911f00ef1c8542a8f7", "nonBlacklistedVotes": 666101.6166795081, "nonBlacklistedVotesBreakdowns": [{"key": "42161-dd2f-f4c7-5", "nonBlacklistedVotes": 666101.6166795081}], "totalDeposited": 0.09845125387556859, "dollarPerVote": 1.4780215422137007e-07, "incentiveDirected": 10462.084924930035, "incentiveDirectedUSD": 12136.01851291884, "efficiency": 123269.31385005431, "platform": "votemarket"}]}