{"totalDepositedUSD": 876.4812095338451, "globalAverageDollarPerVote": 0.0011863710094171319, "globalAverageEfficiency": 15.026378696395833, "analytics": [{"gauge": "0xdc2df969ee5e66236b950f5c4c5f8abe62035df2", "nonBlacklistedVotes": 72690.21368093151, "nonBlacklistedVotesBreakdowns": [{"key": "42161-dd2f-f4c7-3", "nonBlacklistedVotes": 72690.21368093151}], "totalDeposited": 876.384, "dollarPerVote": 0.012056423493908338, "incentiveDirected": 1146.759528461551, "incentiveDirectedUSD": 1295.8382671615525, "efficiency": 1.4786192663964115, "platform": "votemarket"}, {"gauge": "0xc219821b1fe1bbe436f62d911f00ef1c8542a8f7", "nonBlacklistedVotes": 666101.6166795081, "nonBlacklistedVotesBreakdowns": [{"key": "42161-dd2f-f4c7-5", "nonBlacklistedVotes": 666101.6166795081}], "totalDeposited": 0.09720953384512514, "dollarPerVote": 1.4593799416027703e-07, "incentiveDirected": 10508.407351831036, "incentiveDirectedUSD": 11874.50030756907, "efficiency": 122153.65960387794, "platform": "votemarket"}]}