{"totalDepositedUSD": 898.9642740060596, "globalAverageDollarPerVote": 0.0012168032144690547, "globalAverageEfficiency": 14.771954921550773, "analytics": [{"gauge": "0xdc2df969ee5e66236b950f5c4c5f8abe62035df2", "nonBlacklistedVotes": 72690.21368093151, "nonBlacklistedVotesBreakdowns": [{"key": "42161-dd2f-f4c7-3", "nonBlacklistedVotes": 72690.21368093151}], "totalDeposited": 898.866, "dollarPerVote": 0.012365708593807524, "incentiveDirected": 1146.1182188633047, "incentiveDirectedUSD": 1306.5747695041673, "efficiency": 1.4535812562764274, "platform": "votemarket"}, {"gauge": "0xc219821b1fe1bbe436f62d911f00ef1c8542a8f7", "nonBlacklistedVotes": 666101.6166795081, "nonBlacklistedVotesBreakdowns": [{"key": "42161-dd2f-f4c7-5", "nonBlacklistedVotes": 666101.6166795081}], "totalDeposited": 0.09827400605954956, "dollarPerVote": 1.475360569599603e-07, "incentiveDirected": 10502.530668594705, "incentiveDirectedUSD": 11972.884962197963, "efficiency": 121831.65663301588, "platform": "votemarket"}]}