{"totalDepositedUSD": 807.7875708172256, "globalAverageDollarPerVote": 0.001116976803542544, "globalAverageEfficiency": 15.499887242886285, "analytics": [{"gauge": "0xdc2df969ee5e66236b950f5c4c5f8abe62035df2", "nonBlacklistedVotes": 71242.65204449571, "nonBlacklistedVotesBreakdowns": [{"key": "42161-dd2f-f4c7-3", "nonBlacklistedVotes": 71242.65204449571}], "totalDeposited": 807.69, "dollarPerVote": 0.011337169193189842, "incentiveDirected": 1131.5826315803356, "incentiveDirectedUSD": 1233.4250684225658, "efficiency": 1.5271020669100344, "platform": "votemarket"}, {"gauge": "0xc219821b1fe1bbe436f62d911f00ef1c8542a8f7", "nonBlacklistedVotes": 651948.3473167173, "nonBlacklistedVotesBreakdowns": [{"key": "42161-dd2f-f4c7-5", "nonBlacklistedVotes": 651948.3473167173}], "totalDeposited": 0.09757081722552219, "dollarPerVote": 1.4966034905541708e-07, "incentiveDirected": 10355.221280228852, "incentiveDirectedUSD": 11287.19119544945, "efficiency": 115682.04014690768, "platform": "votemarket"}]}