{"totalDepositedUSD": 806.2034899116443, "globalAverageDollarPerVote": 0.001114786398923321, "globalAverageEfficiency": 15.530342426630044, "analytics": [{"gauge": "0xdc2df969ee5e66236b950f5c4c5f8abe62035df2", "nonBlacklistedVotes": 71242.65204449571, "nonBlacklistedVotesBreakdowns": [{"key": "42161-dd2f-f4c7-3", "nonBlacklistedVotes": 71242.65204449571}], "totalDeposited": 806.106, "dollarPerVote": 0.011314935321281049, "incentiveDirected": 1131.5826315803356, "incentiveDirectedUSD": 1233.4250684225658, "efficiency": 1.5301028257109683, "platform": "votemarket"}, {"gauge": "0xc219821b1fe1bbe436f62d911f00ef1c8542a8f7", "nonBlacklistedVotes": 651948.3473167173, "nonBlacklistedVotesBreakdowns": [{"key": "42161-dd2f-f4c7-5", "nonBlacklistedVotes": 651948.3473167173}], "totalDeposited": 0.09748991164427571, "dollarPerVote": 1.495362509093301e-07, "incentiveDirected": 10355.221280228852, "incentiveDirectedUSD": 11287.19119544945, "efficiency": 115778.04313367838, "platform": "votemarket"}]}