{"totalDepositedUSD": 807.9643774758771, "globalAverageDollarPerVote": 0.0011172212848190085, "globalAverageEfficiency": 15.497490036248877, "analytics": [{"gauge": "0xdc2df969ee5e66236b950f5c4c5f8abe62035df2", "nonBlacklistedVotes": 71242.65204449571, "nonBlacklistedVotesBreakdowns": [{"key": "42161-dd2f-f4c7-3", "nonBlacklistedVotes": 71242.65204449571}], "totalDeposited": 807.867, "dollarPerVote": 0.011339653659937225, "incentiveDirected": 1130.6179970856958, "incentiveDirectedUSD": 1233.5042348204943, "efficiency": 1.5268654801105803, "platform": "votemarket"}, {"gauge": "0xc219821b1fe1bbe436f62d911f00ef1c8542a8f7", "nonBlacklistedVotes": 651948.3473167173, "nonBlacklistedVotesBreakdowns": [{"key": "42161-dd2f-f4c7-5", "nonBlacklistedVotes": 651948.3473167173}], "totalDeposited": 0.09737747587710366, "dollarPerVote": 1.493637897509656e-07, "incentiveDirected": 10346.393817374827, "incentiveDirectedUSD": 11287.915654755936, "efficiency": 115919.16460231498, "platform": "votemarket"}]}