{"totalDepositedUSD": 799.3061131916103, "globalAverageDollarPerVote": 0.0011052489783440738, "globalAverageEfficiency": 15.624962649008687, "analytics": [{"gauge": "0xdc2df969ee5e66236b950f5c4c5f8abe62035df2", "nonBlacklistedVotes": 71242.65204449571, "nonBlacklistedVotesBreakdowns": [{"key": "42161-dd2f-f4c7-3", "nonBlacklistedVotes": 71242.65204449571}], "totalDeposited": 799.209, "dollarPerVote": 0.011218125337344845, "incentiveDirected": 1130.8116980631573, "incentiveDirectedUSD": 1230.3231274927155, "efficiency": 1.539426016840045, "platform": "votemarket"}, {"gauge": "0xc219821b1fe1bbe436f62d911f00ef1c8542a8f7", "nonBlacklistedVotes": 651948.3473167173, "nonBlacklistedVotesBreakdowns": [{"key": "42161-dd2f-f4c7-5", "nonBlacklistedVotes": 651948.3473167173}], "totalDeposited": 0.09711319161035259, "dollarPerVote": 1.4895841366888976e-07, "incentiveDirected": 10348.166393612595, "incentiveDirectedUSD": 11258.805036250506, "efficiency": 115934.86785424812, "platform": "votemarket"}]}