{"totalDepositedUSD": 798.841254420568, "globalAverageDollarPerVote": 0.001104606189963891, "globalAverageEfficiency": 15.634055069930122, "analytics": [{"gauge": "0xdc2df969ee5e66236b950f5c4c5f8abe62035df2", "nonBlacklistedVotes": 71242.65204449571, "nonBlacklistedVotesBreakdowns": [{"key": "42161-dd2f-f4c7-3", "nonBlacklistedVotes": 71242.65204449571}], "totalDeposited": 798.7439999999999, "dollarPerVote": 0.011211598348432227, "incentiveDirected": 1130.8116980631573, "incentiveDirectedUSD": 1230.3231274927155, "efficiency": 1.5403222152438272, "platform": "votemarket"}, {"gauge": "0xc219821b1fe1bbe436f62d911f00ef1c8542a8f7", "nonBlacklistedVotes": 651948.3473167173, "nonBlacklistedVotesBreakdowns": [{"key": "42161-dd2f-f4c7-5", "nonBlacklistedVotes": 651948.3473167173}], "totalDeposited": 0.09725442056814418, "dollarPerVote": 1.4917503966138267e-07, "incentiveDirected": 10348.166393612595, "incentiveDirectedUSD": 11258.805036250506, "efficiency": 115766.51190227071, "platform": "votemarket"}]}