{"totalDepositedUSD": 806.2032712804593, "globalAverageDollarPerVote": 0.0011147860966087386, "globalAverageEfficiency": 15.530346638244273, "analytics": [{"gauge": "0xdc2df969ee5e66236b950f5c4c5f8abe62035df2", "nonBlacklistedVotes": 71242.65204449571, "nonBlacklistedVotesBreakdowns": [{"key": "42161-dd2f-f4c7-3", "nonBlacklistedVotes": 71242.65204449571}], "totalDeposited": 806.106, "dollarPerVote": 0.011314935321281049, "incentiveDirected": 1131.5826315803356, "incentiveDirectedUSD": 1233.4250684225658, "efficiency": 1.5301028257109683, "platform": "votemarket"}, {"gauge": "0xc219821b1fe1bbe436f62d911f00ef1c8542a8f7", "nonBlacklistedVotes": 651948.3473167173, "nonBlacklistedVotesBreakdowns": [{"key": "42161-dd2f-f4c7-5", "nonBlacklistedVotes": 651948.3473167173}], "totalDeposited": 0.09727128045922936, "dollarPerVote": 1.4920090043878103e-07, "incentiveDirected": 10355.221280228852, "incentiveDirectedUSD": 11287.19119544945, "efficiency": 116038.27092808142, "platform": "votemarket"}]}