{"totalDepositedUSD": 807.9642043882939, "globalAverageDollarPerVote": 0.001117221045480323, "globalAverageEfficiency": 15.463971964450936, "analytics": [{"gauge": "0xdc2df969ee5e66236b950f5c4c5f8abe62035df2", "nonBlacklistedVotes": 71242.65204449571, "nonBlacklistedVotesBreakdowns": [{"key": "42161-dd2f-f4c7-3", "nonBlacklistedVotes": 71242.65204449571}], "totalDeposited": 807.867, "dollarPerVote": 0.011339653659937225, "incentiveDirected": 1131.2832170921859, "incentiveDirectedUSD": 1230.8361401962984, "efficiency": 1.5235628391756297, "platform": "votemarket"}, {"gauge": "0xc219821b1fe1bbe436f62d911f00ef1c8542a8f7", "nonBlacklistedVotes": 651948.3473167173, "nonBlacklistedVotesBreakdowns": [{"key": "42161-dd2f-f4c7-5", "nonBlacklistedVotes": 651948.3473167173}], "totalDeposited": 0.09720438829394978, "dollarPerVote": 1.4909829696481734e-07, "incentiveDirected": 10352.481309507522, "incentiveDirectedUSD": 11263.499664744184, "efficiency": 115874.394792578, "platform": "votemarket"}]}