{"totalDepositedUSD": 815.1013595211879, "globalAverageDollarPerVote": 0.0011270900221949092, "globalAverageEfficiency": 15.420222799954972, "analytics": [{"gauge": "0xdc2df969ee5e66236b950f5c4c5f8abe62035df2", "nonBlacklistedVotes": 71242.65204449571, "nonBlacklistedVotesBreakdowns": [{"key": "42161-dd2f-f4c7-3", "nonBlacklistedVotes": 71242.65204449571}], "totalDeposited": 815.004, "dollarPerVote": 0.011439832412344456, "incentiveDirected": 1135.9594631263126, "incentiveDirectedUSD": 1238.195814807681, "efficiency": 1.5192512120280155, "platform": "votemarket"}, {"gauge": "0xc219821b1fe1bbe436f62d911f00ef1c8542a8f7", "nonBlacklistedVotes": 651948.3473167173, "nonBlacklistedVotesBreakdowns": [{"key": "42161-dd2f-f4c7-5", "nonBlacklistedVotes": 651948.3473167173}], "totalDeposited": 0.09735952118789604, "dollarPerVote": 1.4933624970230759e-07, "incentiveDirected": 10395.27408583049, "incentiveDirectedUSD": 11330.848753555236, "efficiency": 116381.51682861721, "platform": "votemarket"}]}