{"totalDepositedUSD": 815.1014767740668, "globalAverageDollarPerVote": 0.001127090184327567, "globalAverageEfficiency": 15.408208710671495, "analytics": [{"gauge": "0xdc2df969ee5e66236b950f5c4c5f8abe62035df2", "nonBlacklistedVotes": 71242.65204449571, "nonBlacklistedVotesBreakdowns": [{"key": "42161-dd2f-f4c7-3", "nonBlacklistedVotes": 71242.65204449571}], "totalDeposited": 815.004, "dollarPerVote": 0.011439832412344456, "incentiveDirected": 1135.0745861205362, "incentiveDirectedUSD": 1237.2312988713845, "efficiency": 1.518067762699796, "platform": "votemarket"}, {"gauge": "0xc219821b1fe1bbe436f62d911f00ef1c8542a8f7", "nonBlacklistedVotes": 651948.3473167173, "nonBlacklistedVotesBreakdowns": [{"key": "42161-dd2f-f4c7-5", "nonBlacklistedVotes": 651948.3473167173}], "totalDeposited": 0.09747677406680673, "dollarPerVote": 1.495160996542145e-07, "incentiveDirected": 10387.176491412834, "incentiveDirectedUSD": 11322.022375639992, "efficiency": 116150.97528648541, "platform": "votemarket"}]}