{"totalDepositedUSD": 815.1015669854321, "globalAverageDollarPerVote": 0.001127090309068286, "globalAverageEfficiency": 15.419284627867212, "analytics": [{"gauge": "0xdc2df969ee5e66236b950f5c4c5f8abe62035df2", "nonBlacklistedVotes": 71242.65204449571, "nonBlacklistedVotesBreakdowns": [{"key": "42161-dd2f-f4c7-3", "nonBlacklistedVotes": 71242.65204449571}], "totalDeposited": 815.004, "dollarPerVote": 0.011439832412344456, "incentiveDirected": 1134.849493719047, "incentiveDirectedUSD": 1238.12079764748, "efficiency": 1.5191591668844322, "platform": "votemarket"}, {"gauge": "0xc219821b1fe1bbe436f62d911f00ef1c8542a8f7", "nonBlacklistedVotes": 651948.3473167173, "nonBlacklistedVotesBreakdowns": [{"key": "42161-dd2f-f4c7-5", "nonBlacklistedVotes": 651948.3473167173}], "totalDeposited": 0.09756698543209374, "dollarPerVote": 1.4965447160600836e-07, "incentiveDirected": 10385.11664924058, "incentiveDirectedUSD": 11330.16226432147, "efficiency": 116127.00970665146, "platform": "votemarket"}]}