{"totalDepositedUSD": 815.1021394553703, "globalAverageDollarPerVote": 0.0011270911006571454, "globalAverageEfficiency": 15.431317283593017, "analytics": [{"gauge": "0xdc2df969ee5e66236b950f5c4c5f8abe62035df2", "nonBlacklistedVotes": 71242.65204449571, "nonBlacklistedVotesBreakdowns": [{"key": "42161-dd2f-f4c7-3", "nonBlacklistedVotes": 71242.65204449571}], "totalDeposited": 815.004, "dollarPerVote": 0.011439832412344456, "incentiveDirected": 1135.7358871504066, "incentiveDirectedUSD": 1239.0878528810936, "efficiency": 1.5203457318995899, "platform": "votemarket"}, {"gauge": "0xc219821b1fe1bbe436f62d911f00ef1c8542a8f7", "nonBlacklistedVotes": 651948.3473167173, "nonBlacklistedVotesBreakdowns": [{"key": "42161-dd2f-f4c7-5", "nonBlacklistedVotes": 651948.3473167173}], "totalDeposited": 0.09813945537030472, "dollarPerVote": 1.5053256254767137e-07, "incentiveDirected": 10393.228120614309, "incentiveDirectedUSD": 11339.011879590209, "efficiency": 115539.78811890978, "platform": "votemarket"}]}