{"totalDepositedUSD": 807.9651913488012, "globalAverageDollarPerVote": 0.0011172224102103986, "globalAverageEfficiency": 15.475126858224666, "analytics": [{"gauge": "0xdc2df969ee5e66236b950f5c4c5f8abe62035df2", "nonBlacklistedVotes": 71242.65204449571, "nonBlacklistedVotesBreakdowns": [{"key": "42161-dd2f-f4c7-3", "nonBlacklistedVotes": 71242.65204449571}], "totalDeposited": 807.867, "dollarPerVote": 0.011339653659937225, "incentiveDirected": 1131.0610698540224, "incentiveDirectedUSD": 1231.7255050710303, "efficiency": 1.5246637194872799, "platform": "votemarket"}, {"gauge": "0xc219821b1fe1bbe436f62d911f00ef1c8542a8f7", "nonBlacklistedVotes": 651948.3473167173, "nonBlacklistedVotesBreakdowns": [{"key": "42161-dd2f-f4c7-5", "nonBlacklistedVotes": 651948.3473167173}], "totalDeposited": 0.0981913488013072, "dollarPerVote": 1.5061216000537805e-07, "incentiveDirected": 10350.448418807562, "incentiveDirectedUSD": 11271.638328081435, "efficiency": 114792.58066705952, "platform": "votemarket"}]}