{"totalDepositedUSD": 798.8415027207823, "globalAverageDollarPerVote": 0.0011046065333036373, "globalAverageEfficiency": 15.667950546778412, "analytics": [{"gauge": "0xdc2df969ee5e66236b950f5c4c5f8abe62035df2", "nonBlacklistedVotes": 71242.65204449571, "nonBlacklistedVotesBreakdowns": [{"key": "42161-dd2f-f4c7-3", "nonBlacklistedVotes": 71242.65204449571}], "totalDeposited": 798.7439999999999, "dollarPerVote": 0.011211598348432227, "incentiveDirected": 1130.1474957023536, "incentiveDirectedUSD": 1232.9909178112675, "efficiency": 1.5436621969132385, "platform": "votemarket"}, {"gauge": "0xc219821b1fe1bbe436f62d911f00ef1c8542a8f7", "nonBlacklistedVotes": 651948.3473167173, "nonBlacklistedVotesBreakdowns": [{"key": "42161-dd2f-f4c7-5", "nonBlacklistedVotes": 651948.3473167173}], "totalDeposited": 0.09750272078230796, "dollarPerVote": 1.4955589838306778e-07, "incentiveDirected": 10342.088214053258, "incentiveDirectedUSD": 11283.218241532102, "efficiency": 115722.08601977251, "platform": "votemarket"}]}