{"totalDepositedUSD": 807.9646524891654, "globalAverageDollarPerVote": 0.0011172216650965404, "globalAverageEfficiency": 15.492855730785621, "analytics": [{"gauge": "0xdc2df969ee5e66236b950f5c4c5f8abe62035df2", "nonBlacklistedVotes": 71242.65204449571, "nonBlacklistedVotesBreakdowns": [{"key": "42161-dd2f-f4c7-3", "nonBlacklistedVotes": 71242.65204449571}], "totalDeposited": 807.867, "dollarPerVote": 0.011339653659937225, "incentiveDirected": 1131.317240859491, "incentiveDirectedUSD": 1233.1357925368452, "efficiency": 1.5264094121146738, "platform": "votemarket"}, {"gauge": "0xc219821b1fe1bbe436f62d911f00ef1c8542a8f7", "nonBlacklistedVotes": 651948.3473167173, "nonBlacklistedVotesBreakdowns": [{"key": "42161-dd2f-f4c7-5", "nonBlacklistedVotes": 651948.3473167173}], "totalDeposited": 0.09765248916545438, "dollarPerVote": 1.4978562269138585e-07, "incentiveDirected": 10352.792664268012, "incentiveDirectedUSD": 11284.544004052133, "efficiency": 115558.18085632744, "platform": "votemarket"}]}