{"totalDepositedUSD": 914.1270000000001, "globalAverageDollarPerVote": 0.014032804961695549, "globalAverageEfficiency": 1.3005639280193195, "analytics": [{"gauge": "0xdc2df969ee5e66236b950f5c4c5f8abe62035df2", "nonBlacklistedVotes": 65142.143890350795, "nonBlacklistedVotesBreakdowns": [{"key": "42161-dd2f-f4c7-3", "nonBlacklistedVotes": 65142.143890350795}], "totalDeposited": 914.1270000000001, "dollarPerVote": 0.014032804961695549, "incentiveDirected": 1033.8092189813187, "incentiveDirectedUSD": 1188.8806018285165, "efficiency": 1.3005639280193195, "platform": "votemarket"}]}