{"totalDepositedUSD": 897.09, "globalAverageDollarPerVote": 0.013771269203390186, "globalAverageEfficiency": 1.258020029893838, "analytics": [{"gauge": "0xdc2df969ee5e66236b950f5c4c5f8abe62035df2", "nonBlacklistedVotes": 65142.143890350795, "nonBlacklistedVotesBreakdowns": [{"key": "42161-dd2f-f4c7-3", "nonBlacklistedVotes": 65142.143890350795}], "totalDeposited": 897.09, "dollarPerVote": 0.013771269203390186, "incentiveDirected": 1007.6403469798779, "incentiveDirectedUSD": 1128.5571886174632, "efficiency": 1.2580200298938382, "platform": "votemarket"}]}