{"totalDepositedUSD": 908.5050000000001, "globalAverageDollarPerVote": 0.013946501385174287, "globalAverageEfficiency": 1.2358829566744676, "analytics": [{"gauge": "0xdc2df969ee5e66236b950f5c4c5f8abe62035df2", "nonBlacklistedVotes": 65142.143890350795, "nonBlacklistedVotesBreakdowns": [{"key": "42161-dd2f-f4c7-3", "nonBlacklistedVotes": 65142.143890350795}], "totalDeposited": 908.5050000000001, "dollarPerVote": 0.013946501385174287, "incentiveDirected": 1011.5367977959793, "incentiveDirectedUSD": 1122.8058455535372, "efficiency": 1.2358829566744676, "platform": "votemarket"}]}