{"totalDepositedUSD": 908.5050000000001, "globalAverageDollarPerVote": 0.013946501385174287, "globalAverageEfficiency": 1.2879801138597653, "analytics": [{"gauge": "0xdc2df969ee5e66236b950f5c4c5f8abe62035df2", "nonBlacklistedVotes": 65142.143890350795, "nonBlacklistedVotesBreakdowns": [{"key": "42161-dd2f-f4c7-3", "nonBlacklistedVotes": 65142.143890350795}], "totalDeposited": 908.5050000000001, "dollarPerVote": 0.013946501385174287, "incentiveDirected": 1035.5189144620942, "incentiveDirectedUSD": 1170.1363733421663, "efficiency": 1.2879801138597655, "platform": "votemarket"}]}