{"totalDepositedUSD": 914.1270000000001, "globalAverageDollarPerVote": 0.014032804961695549, "globalAverageEfficiency": 1.2825248442823123, "analytics": [{"gauge": "0xdc2df969ee5e66236b950f5c4c5f8abe62035df2", "nonBlacklistedVotes": 65142.143890350795, "nonBlacklistedVotesBreakdowns": [{"key": "42161-dd2f-f4c7-3", "nonBlacklistedVotes": 65142.143890350795}], "totalDeposited": 914.1270000000001, "dollarPerVote": 0.014032804961695549, "incentiveDirected": 1037.5137949816437, "incentiveDirectedUSD": 1172.3905883292573, "efficiency": 1.282524844282312, "platform": "votemarket"}]}