{"totalDepositedUSD": 912.132, "globalAverageDollarPerVote": 0.01400217962637717, "globalAverageEfficiency": 1.2941415635518323, "analytics": [{"gauge": "0xdc2df969ee5e66236b950f5c4c5f8abe62035df2", "nonBlacklistedVotes": 65142.143890350795, "nonBlacklistedVotesBreakdowns": [{"key": "42161-dd2f-f4c7-3", "nonBlacklistedVotes": 65142.143890350795}], "totalDeposited": 912.132, "dollarPerVote": 0.01400217962637717, "incentiveDirected": 1035.4630988119827, "incentiveDirectedUSD": 1180.42793264566, "efficiency": 1.2941415635518323, "platform": "votemarket"}]}