{"totalDepositedUSD": 635.634, "globalAverageDollarPerVote": 0.010016300110191934, "globalAverageEfficiency": 1.629472575699506, "analytics": [{"gauge": "0xdc2df969ee5e66236b950f5c4c5f8abe62035df2", "nonBlacklistedVotes": 63459.95956662883, "nonBlacklistedVotesBreakdowns": [{"key": "42161-dd2f-f4c7-3", "nonBlacklistedVotes": 63459.95956662883}], "totalDeposited": 635.634, "dollarPerVote": 0.010016300110191934, "incentiveDirected": 970.7105634322211, "incentiveDirectedUSD": 1035.74817118218, "efficiency": 1.629472575699506, "platform": "votemarket"}]}