{"totalDepositedUSD": 632.3168571428572, "globalAverageDollarPerVote": 0.009964028679831817, "globalAverageEfficiency": 1.6350344661770564, "analytics": [{"gauge": "0xdc2df969ee5e66236b950f5c4c5f8abe62035df2", "nonBlacklistedVotes": 63459.95956662883, "nonBlacklistedVotesBreakdowns": [{"key": "42161-dd2f-f4c7-3", "nonBlacklistedVotes": 63459.95956662883}], "totalDeposited": 632.3168571428572, "dollarPerVote": 0.009964028679831817, "incentiveDirected": 968.0335720724021, "incentiveDirectedUSD": 1033.8598549733256, "efficiency": 1.6350344661770564, "platform": "votemarket"}]}