{"totalDepositedUSD": 628.3234285714286, "globalAverageDollarPerVote": 0.009901100360956422, "globalAverageEfficiency": 1.630742887334799, "analytics": [{"gauge": "0xdc2df969ee5e66236b950f5c4c5f8abe62035df2", "nonBlacklistedVotes": 63459.95956662883, "nonBlacklistedVotesBreakdowns": [{"key": "42161-dd2f-f4c7-3", "nonBlacklistedVotes": 63459.95956662883}], "totalDeposited": 628.3234285714286, "dollarPerVote": 0.009901100360956422, "incentiveDirected": 967.5485949845817, "incentiveDirectedUSD": 1024.633962088672, "efficiency": 1.630742887334799, "platform": "votemarket"}]}