{"totalDepositedUSD": 579.5537142857144, "globalAverageDollarPerVote": 0.01076374636724364, "globalAverageEfficiency": 1.3637076224598863, "analytics": [{"gauge": "0xdc2df969ee5e66236b950f5c4c5f8abe62035df2", "nonBlacklistedVotes": 53843.12250699432, "nonBlacklistedVotesBreakdowns": [{"key": "42161-dd2f-f4c7-3", "nonBlacklistedVotes": 53843.12250699432}], "totalDeposited": 579.5537142857144, "dollarPerVote": 0.01076374636724364, "incentiveDirected": 798.2871699993714, "incentiveDirectedUSD": 790.3418177963678, "efficiency": 1.3637076224598863, "platform": "votemarket"}]}