{"totalDepositedUSD": 575.4008571428571, "globalAverageDollarPerVote": 0.010686617535379965, "globalAverageEfficiency": 1.3667698111915934, "analytics": [{"gauge": "0xdc2df969ee5e66236b950f5c4c5f8abe62035df2", "nonBlacklistedVotes": 53843.12250699432, "nonBlacklistedVotesBreakdowns": [{"key": "42161-dd2f-f4c7-3", "nonBlacklistedVotes": 53843.12250699432}], "totalDeposited": 575.4008571428571, "dollarPerVote": 0.010686617535379965, "incentiveDirected": 798.9212689400046, "incentiveDirectedUSD": 786.4405208766239, "efficiency": 1.3667698111915934, "platform": "votemarket"}]}