{"totalDepositedUSD": 571.9525714285714, "globalAverageDollarPerVote": 0.01062257433814827, "globalAverageEfficiency": 1.3695883919547056, "analytics": [{"gauge": "0xdc2df969ee5e66236b950f5c4c5f8abe62035df2", "nonBlacklistedVotes": 53843.12250699432, "nonBlacklistedVotesBreakdowns": [{"key": "42161-dd2f-f4c7-3", "nonBlacklistedVotes": 53843.12250699432}], "totalDeposited": 571.9525714285714, "dollarPerVote": 0.01062257433814827, "incentiveDirected": 797.6721762398945, "incentiveDirectedUSD": 783.339602577216, "efficiency": 1.3695883919547056, "platform": "votemarket"}]}