{"totalDepositedUSD": 571.9525714285714, "globalAverageDollarPerVote": 0.01062257433814827, "globalAverageEfficiency": 1.368813761197305, "analytics": [{"gauge": "0xdc2df969ee5e66236b950f5c4c5f8abe62035df2", "nonBlacklistedVotes": 53843.12250699432, "nonBlacklistedVotesBreakdowns": [{"key": "42161-dd2f-f4c7-3", "nonBlacklistedVotes": 53843.12250699432}], "totalDeposited": 571.9525714285714, "dollarPerVote": 0.01062257433814827, "incentiveDirected": 798.1817306658644, "incentiveDirectedUSD": 782.8965505236131, "efficiency": 1.368813761197305, "platform": "votemarket"}]}