{"totalDepositedUSD": 575.3108571428571, "globalAverageDollarPerVote": 0.010684946012707997, "globalAverageEfficiency": 1.3699737854945069, "analytics": [{"gauge": "0xdc2df969ee5e66236b950f5c4c5f8abe62035df2", "nonBlacklistedVotes": 53843.12250699432, "nonBlacklistedVotesBreakdowns": [{"key": "42161-dd2f-f4c7-3", "nonBlacklistedVotes": 53843.12250699432}], "totalDeposited": 575.3108571428571, "dollarPerVote": 0.010684946012707997, "incentiveDirected": 797.8143463873768, "incentiveDirectedUSD": 788.1607927960895, "efficiency": 1.369973785494507, "platform": "votemarket"}]}