{"totalDepositedUSD": 575.4008571428571, "globalAverageDollarPerVote": 0.010686617535379965, "globalAverageEfficiency": 1.3642304458862624, "analytics": [{"gauge": "0xdc2df969ee5e66236b950f5c4c5f8abe62035df2", "nonBlacklistedVotes": 53843.12250699432, "nonBlacklistedVotesBreakdowns": [{"key": "42161-dd2f-f4c7-3", "nonBlacklistedVotes": 53843.12250699432}], "totalDeposited": 575.4008571428571, "dollarPerVote": 0.010686617535379965, "incentiveDirected": 799.2499762289045, "incentiveDirectedUSD": 784.9793679033376, "efficiency": 1.3642304458862624, "platform": "votemarket"}]}