{"totalDepositedUSD": 598.5565714285715, "globalAverageDollarPerVote": 0.01134902378173706, "globalAverageEfficiency": 1.3311684123906102, "analytics": [{"gauge": "0xdc2df969ee5e66236b950f5c4c5f8abe62035df2", "nonBlacklistedVotes": 52740.79805804738, "nonBlacklistedVotesBreakdowns": [{"key": "42161-dd2f-f4c7-3", "nonBlacklistedVotes": 52740.79805804738}], "totalDeposited": 598.5565714285715, "dollarPerVote": 0.01134902378173706, "incentiveDirected": 791.2409145129477, "incentiveDirectedUSD": 796.7796009145384, "efficiency": 1.3311684123906102, "platform": "votemarket"}]}