{"totalDepositedUSD": 599.2560000000001, "globalAverageDollarPerVote": 0.011362285404563828, "globalAverageEfficiency": 1.330703955612526, "analytics": [{"gauge": "0xdc2df969ee5e66236b950f5c4c5f8abe62035df2", "nonBlacklistedVotes": 52740.79805804738, "nonBlacklistedVotesBreakdowns": [{"key": "42161-dd2f-f4c7-3", "nonBlacklistedVotes": 52740.79805804738}], "totalDeposited": 599.2560000000001, "dollarPerVote": 0.011362285404563828, "incentiveDirected": 791.1035016116467, "incentiveDirectedUSD": 797.43232962454, "efficiency": 1.330703955612526, "platform": "votemarket"}]}