{"totalDepositedUSD": 570.2708571428572, "globalAverageDollarPerVote": 0.010812708152713346, "globalAverageEfficiency": 1.3949023561155516, "analytics": [{"gauge": "0xdc2df969ee5e66236b950f5c4c5f8abe62035df2", "nonBlacklistedVotes": 52740.79805804738, "nonBlacklistedVotesBreakdowns": [{"key": "42161-dd2f-f4c7-3", "nonBlacklistedVotes": 52740.79805804738}], "totalDeposited": 570.2708571428572, "dollarPerVote": 0.010812708152713346, "incentiveDirected": 791.5145893060763, "incentiveDirectedUSD": 795.4721622526066, "efficiency": 1.3949023561155518, "platform": "votemarket"}]}