{"totalDepositedUSD": 2758.321142857143, "globalAverageDollarPerVote": 0.009464201083730178, "globalAverageEfficiency": 1.587516233659493, "analytics": [{"gauge": "0xdc2df969ee5e66236b950f5c4c5f8abe62035df2", "nonBlacklistedVotes": 72728.9220471477, "nonBlacklistedVotesBreakdowns": [{"key": "42161-dd2f-f4c7-3", "nonBlacklistedVotes": 72728.9220471477}], "totalDeposited": 688.3211428571428, "dollarPerVote": 0.009464201083730178, "incentiveDirected": 1066.0692568358727, "incentiveDirectedUSD": 1092.7209882567693, "efficiency": 1.587516233659493, "platform": "votemarket"}, {"gauge": "0x5f0a99997ab2acc5097dc5349adf6985761336ac", "nonBlacklistedVotes": 0.0, "nonBlacklistedVotesBreakdowns": [{"key": "42161-dd2f-f4c7-6", "nonBlacklistedVotes": 0.0}, {"key": "42161-dd2f-f4c7-7", "nonBlacklistedVotes": 0.0}], "totalDeposited": 1035.0, "dollarPerVote": 0.034104469364535366, "incentiveDirected": 0.0, "incentiveDirectedUSD": 0.0, "efficiency": 0.44054556892367924, "platform": "votemarket"}, {"gauge": "0xea8ba6b0cb5908a5d803b01ceaea5a6e65d33508", "nonBlacklistedVotes": 0.0, "nonBlacklistedVotesBreakdowns": [{"key": "42161-dd2f-f4c7-8", "nonBlacklistedVotes": 0.0}], "totalDeposited": 1035.0, "dollarPerVote": 0.017052234682267683, "incentiveDirected": 0.0, "incentiveDirectedUSD": 0.0, "efficiency": 0.8810911378473585, "platform": "votemarket"}]}