{"totalDepositedUSD": 2749.795, "globalAverageDollarPerVote": 0.00948446615987006, "globalAverageEfficiency": 1.583670972474564, "analytics": [{"gauge": "0xdc2df969ee5e66236b950f5c4c5f8abe62035df2", "nonBlacklistedVotes": 72728.9220471477, "nonBlacklistedVotesBreakdowns": [{"key": "42161-dd2f-f4c7-3", "nonBlacklistedVotes": 72728.9220471477}], "totalDeposited": 689.795, "dollarPerVote": 0.00948446615987006, "incentiveDirected": 1070.9885475079332, "incentiveDirectedUSD": 1092.4083184580918, "efficiency": 1.5836709724745641, "platform": "votemarket"}, {"gauge": "0x5f0a99997ab2acc5097dc5349adf6985761336ac", "nonBlacklistedVotes": 0.0, "nonBlacklistedVotesBreakdowns": [{"key": "42161-dd2f-f4c7-6", "nonBlacklistedVotes": 0.0}, {"key": "42161-dd2f-f4c7-7", "nonBlacklistedVotes": 0.0}], "totalDeposited": 1030.0, "dollarPerVote": 0.033939713473885434, "incentiveDirected": 0.0, "incentiveDirectedUSD": 0.0, "efficiency": 0.44255747056794426, "platform": "votemarket"}, {"gauge": "0xea8ba6b0cb5908a5d803b01ceaea5a6e65d33508", "nonBlacklistedVotes": 0.0, "nonBlacklistedVotesBreakdowns": [{"key": "42161-dd2f-f4c7-8", "nonBlacklistedVotes": 0.0}], "totalDeposited": 1030.0, "dollarPerVote": 0.016969856736942717, "incentiveDirected": 0.0, "incentiveDirectedUSD": 0.0, "efficiency": 0.8851149411358885, "platform": "votemarket"}]}