{"totalDepositedUSD": 2743.2725714285716, "globalAverageDollarPerVote": 0.009394784800820078, "globalAverageEfficiency": 1.6144982188625072, "analytics": [{"gauge": "0xdc2df969ee5e66236b950f5c4c5f8abe62035df2", "nonBlacklistedVotes": 72728.9220471477, "nonBlacklistedVotesBreakdowns": [{"key": "42161-dd2f-f4c7-3", "nonBlacklistedVotes": 72728.9220471477}], "totalDeposited": 683.2725714285715, "dollarPerVote": 0.009394784800820078, "incentiveDirected": 1064.8092177307276, "incentiveDirectedUSD": 1103.142349569034, "efficiency": 1.614498218862507, "platform": "votemarket"}, {"gauge": "0x5f0a99997ab2acc5097dc5349adf6985761336ac", "nonBlacklistedVotes": 0.0, "nonBlacklistedVotesBreakdowns": [{"key": "42161-dd2f-f4c7-6", "nonBlacklistedVotes": 0.0}, {"key": "42161-dd2f-f4c7-7", "nonBlacklistedVotes": 0.0}], "totalDeposited": 1030.0, "dollarPerVote": 0.033939713473885434, "incentiveDirected": 0.0, "incentiveDirectedUSD": 0.0, "efficiency": 0.4469060512013847, "platform": "votemarket"}, {"gauge": "0xea8ba6b0cb5908a5d803b01ceaea5a6e65d33508", "nonBlacklistedVotes": 0.0, "nonBlacklistedVotesBreakdowns": [{"key": "42161-dd2f-f4c7-8", "nonBlacklistedVotes": 0.0}], "totalDeposited": 1030.0, "dollarPerVote": 0.016969856736942717, "incentiveDirected": 0.0, "incentiveDirectedUSD": 0.0, "efficiency": 0.8938121024027694, "platform": "votemarket"}]}