{"totalDepositedUSD": 2754.567285714286, "globalAverageDollarPerVote": 0.009412586718534118, "globalAverageEfficiency": 1.605452039477719, "analytics": [{"gauge": "0xdc2df969ee5e66236b950f5c4c5f8abe62035df2", "nonBlacklistedVotes": 72728.9220471477, "nonBlacklistedVotesBreakdowns": [{"key": "42161-dd2f-f4c7-3", "nonBlacklistedVotes": 72728.9220471477}], "totalDeposited": 684.5672857142857, "dollarPerVote": 0.009412586718534118, "incentiveDirected": 1063.9302468632397, "incentiveDirectedUSD": 1099.0399450097264, "efficiency": 1.6054520394777192, "platform": "votemarket"}, {"gauge": "0x5f0a99997ab2acc5097dc5349adf6985761336ac", "nonBlacklistedVotes": 0.0, "nonBlacklistedVotesBreakdowns": [{"key": "42161-dd2f-f4c7-6", "nonBlacklistedVotes": 0.0}, {"key": "42161-dd2f-f4c7-7", "nonBlacklistedVotes": 0.0}], "totalDeposited": 1035.0, "dollarPerVote": 0.034104469364535366, "incentiveDirected": 0.0, "incentiveDirectedUSD": 0.0, "efficiency": 0.4430931436729999, "platform": "votemarket"}, {"gauge": "0xea8ba6b0cb5908a5d803b01ceaea5a6e65d33508", "nonBlacklistedVotes": 0.0, "nonBlacklistedVotesBreakdowns": [{"key": "42161-dd2f-f4c7-8", "nonBlacklistedVotes": 0.0}], "totalDeposited": 1035.0, "dollarPerVote": 0.017052234682267683, "incentiveDirected": 0.0, "incentiveDirectedUSD": 0.0, "efficiency": 0.8861862873459998, "platform": "votemarket"}]}