{"totalDepositedUSD": 5991.2732857142855, "globalAverageDollarPerVote": 0.011947041735848363, "globalAverageEfficiency": 1.5169101250700432, "analytics": [{"gauge": "0xdc2df969ee5e66236b950f5c4c5f8abe62035df2", "nonBlacklistedVotes": 71253.8973694174, "nonBlacklistedVotesBreakdowns": [{"key": "42161-dd2f-f4c7-3", "nonBlacklistedVotes": 71253.8973694174}], "totalDeposited": 851.2732857142856, "dollarPerVote": 0.011947041735848363, "incentiveDirected": 1049.8415173184096, "incentiveDirectedUSD": 1291.3050663016436, "efficiency": 1.5169101250700432, "platform": "votemarket"}, {"gauge": "0x5f0a99997ab2acc5097dc5349adf6985761336ac", "nonBlacklistedVotes": 0.0, "nonBlacklistedVotesBreakdowns": [{"key": "42161-dd2f-f4c7-6", "nonBlacklistedVotes": 0.0}, {"key": "42161-dd2f-f4c7-7", "nonBlacklistedVotes": 0.0}], "totalDeposited": 2570.0, "dollarPerVote": 0.04234226389703183, "incentiveDirected": 0.0, "incentiveDirectedUSD": 0.0, "efficiency": 0.42800235286930777, "platform": "votemarket"}, {"gauge": "0xea8ba6b0cb5908a5d803b01ceaea5a6e65d33508", "nonBlacklistedVotes": 0.0, "nonBlacklistedVotesBreakdowns": [{"key": "42161-dd2f-f4c7-8", "nonBlacklistedVotes": 0.0}], "totalDeposited": 2570.0, "dollarPerVote": 0.021171131948515914, "incentiveDirected": 0.0, "incentiveDirectedUSD": 0.0, "efficiency": 0.8560047057386155, "platform": "votemarket"}]}