{"totalDepositedUSD": 6044.578714285714, "globalAverageDollarPerVote": 0.012133774378730287, "globalAverageEfficiency": 1.4877355312384017, "analytics": [{"gauge": "0xdc2df969ee5e66236b950f5c4c5f8abe62035df2", "nonBlacklistedVotes": 71253.8973694174, "nonBlacklistedVotesBreakdowns": [{"key": "42161-dd2f-f4c7-3", "nonBlacklistedVotes": 71253.8973694174}], "totalDeposited": 864.5787142857142, "dollarPerVote": 0.012133774378730287, "incentiveDirected": 1054.3151416354685, "incentiveDirectedUSD": 1286.2644727952713, "efficiency": 1.4877355312384015, "platform": "votemarket"}, {"gauge": "0x5f0a99997ab2acc5097dc5349adf6985761336ac", "nonBlacklistedVotes": 0.0, "nonBlacklistedVotesBreakdowns": [{"key": "42161-dd2f-f4c7-6", "nonBlacklistedVotes": 0.0}, {"key": "42161-dd2f-f4c7-7", "nonBlacklistedVotes": 0.0}], "totalDeposited": 2590.0, "dollarPerVote": 0.042671775678331685, "incentiveDirected": 0.0, "incentiveDirectedUSD": 0.0, "efficiency": 0.4230395146277862, "platform": "votemarket"}, {"gauge": "0xea8ba6b0cb5908a5d803b01ceaea5a6e65d33508", "nonBlacklistedVotes": 0.0, "nonBlacklistedVotesBreakdowns": [{"key": "42161-dd2f-f4c7-8", "nonBlacklistedVotes": 0.0}], "totalDeposited": 2590.0, "dollarPerVote": 0.021335887839165842, "incentiveDirected": 0.0, "incentiveDirectedUSD": 0.0, "efficiency": 0.8460790292555724, "platform": "votemarket"}]}