{"totalDepositedUSD": 6300.271142857143, "globalAverageDollarPerVote": 0.01225190108643615, "globalAverageEfficiency": 1.4168670940960946, "analytics": [{"gauge": "0xdc2df969ee5e66236b950f5c4c5f8abe62035df2", "nonBlacklistedVotes": 71253.8973694174, "nonBlacklistedVotesBreakdowns": [{"key": "42161-dd2f-f4c7-3", "nonBlacklistedVotes": 71253.8973694174}], "totalDeposited": 860.2711428571429, "dollarPerVote": 0.012073320542693238, "incentiveDirected": 1054.5557309108085, "incentiveDirectedUSD": 1276.0124344020783, "efficiency": 1.4832677406383417, "platform": "votemarket"}, {"gauge": "0x5f0a99997ab2acc5097dc5349adf6985761336ac", "nonBlacklistedVotes": 1253.0462814465484, "nonBlacklistedVotesBreakdowns": [{"key": "42161-dd2f-f4c7-6", "nonBlacklistedVotes": 1253.0462814465484}, {"key": "42161-dd2f-f4c7-7", "nonBlacklistedVotes": 1253.0462814465484}], "totalDeposited": 2720.0, "dollarPerVote": 0.022406801128390386, "incentiveDirected": 18.54505067063309, "incentiveDirectedUSD": 22.439511311466035, "efficiency": 0.7992201466309667, "platform": "votemarket"}, {"gauge": "0xea8ba6b0cb5908a5d803b01ceaea5a6e65d33508", "nonBlacklistedVotes": 0.0, "nonBlacklistedVotesBreakdowns": [{"key": "42161-dd2f-f4c7-8", "nonBlacklistedVotes": 0.0}], "totalDeposited": 2720.0, "dollarPerVote": 0.022406801128390386, "incentiveDirected": 0.0, "incentiveDirectedUSD": 0.0, "efficiency": 0.7992201466309667, "platform": "votemarket"}]}