{"totalDepositedUSD": 6220.159857142857, "globalAverageDollarPerVote": 0.012244671720527962, "globalAverageEfficiency": 1.4278723495856402, "analytics": [{"gauge": "0xdc2df969ee5e66236b950f5c4c5f8abe62035df2", "nonBlacklistedVotes": 71253.8973694174, "nonBlacklistedVotesBreakdowns": [{"key": "42161-dd2f-f4c7-3", "nonBlacklistedVotes": 71253.8973694174}], "totalDeposited": 860.159857142857, "dollarPerVote": 0.012071758723362727, "incentiveDirected": 1052.9579755767797, "incentiveDirectedUSD": 1284.6087302036713, "efficiency": 1.4934534779043065, "platform": "votemarket"}, {"gauge": "0x5f0a99997ab2acc5097dc5349adf6985761336ac", "nonBlacklistedVotes": 1253.0462814465484, "nonBlacklistedVotesBreakdowns": [{"key": "42161-dd2f-f4c7-6", "nonBlacklistedVotes": 1253.0462814465484}, {"key": "42161-dd2f-f4c7-7", "nonBlacklistedVotes": 1253.0462814465484}], "totalDeposited": 2680.0, "dollarPerVote": 0.022077289347090526, "incentiveDirected": 18.51695310048073, "incentiveDirectedUSD": 22.59068278258649, "efficiency": 0.8166133879204528, "platform": "votemarket"}, {"gauge": "0xea8ba6b0cb5908a5d803b01ceaea5a6e65d33508", "nonBlacklistedVotes": 0.0, "nonBlacklistedVotesBreakdowns": [{"key": "42161-dd2f-f4c7-8", "nonBlacklistedVotes": 0.0}], "totalDeposited": 2680.0, "dollarPerVote": 0.022077289347090526, "incentiveDirected": 0.0, "incentiveDirectedUSD": 0.0, "efficiency": 0.8166133879204528, "platform": "votemarket"}]}