{"totalDepositedUSD": 6160.187, "globalAverageDollarPerVote": 0.012240775165759284, "globalAverageEfficiency": 1.4301636795026937, "analytics": [{"gauge": "0xdc2df969ee5e66236b950f5c4c5f8abe62035df2", "nonBlacklistedVotes": 71253.8973694174, "nonBlacklistedVotesBreakdowns": [{"key": "42161-dd2f-f4c7-3", "nonBlacklistedVotes": 71253.8973694174}], "totalDeposited": 860.187, "dollarPerVote": 0.012072139654906755, "incentiveDirected": 1053.9654590357932, "incentiveDirectedUSD": 1285.8378600236679, "efficiency": 1.4948352625925152, "platform": "votemarket"}, {"gauge": "0x5f0a99997ab2acc5097dc5349adf6985761336ac", "nonBlacklistedVotes": 1253.0462814465484, "nonBlacklistedVotesBreakdowns": [{"key": "42161-dd2f-f4c7-6", "nonBlacklistedVotes": 1253.0462814465484}, {"key": "42161-dd2f-f4c7-7", "nonBlacklistedVotes": 1253.0462814465484}], "totalDeposited": 2650.0, "dollarPerVote": 0.021830155511115633, "incentiveDirected": 18.534670354533386, "incentiveDirectedUSD": 22.612297832530732, "efficiency": 0.826648259189328, "platform": "votemarket"}, {"gauge": "0xea8ba6b0cb5908a5d803b01ceaea5a6e65d33508", "nonBlacklistedVotes": 0.0, "nonBlacklistedVotesBreakdowns": [{"key": "42161-dd2f-f4c7-8", "nonBlacklistedVotes": 0.0}], "totalDeposited": 2650.0, "dollarPerVote": 0.021830155511115633, "incentiveDirected": 0.0, "incentiveDirectedUSD": 0.0, "efficiency": 0.826648259189328, "platform": "votemarket"}]}