{"totalDepositedUSD": 5951.2732857142855, "globalAverageDollarPerVote": 0.011947041735848363, "globalAverageEfficiency": 1.5065801662477551, "analytics": [{"gauge": "0xdc2df969ee5e66236b950f5c4c5f8abe62035df2", "nonBlacklistedVotes": 71253.8973694174, "nonBlacklistedVotesBreakdowns": [{"key": "42161-dd2f-f4c7-3", "nonBlacklistedVotes": 71253.8973694174}], "totalDeposited": 851.2732857142856, "dollarPerVote": 0.011947041735848363, "incentiveDirected": 1051.238892060411, "incentiveDirectedUSD": 1282.5114483137013, "efficiency": 1.5065801662477551, "platform": "votemarket"}, {"gauge": "0x5f0a99997ab2acc5097dc5349adf6985761336ac", "nonBlacklistedVotes": 0.0, "nonBlacklistedVotesBreakdowns": [{"key": "42161-dd2f-f4c7-6", "nonBlacklistedVotes": 0.0}, {"key": "42161-dd2f-f4c7-7", "nonBlacklistedVotes": 0.0}], "totalDeposited": 2550.0, "dollarPerVote": 0.042012752115731966, "incentiveDirected": 0.0, "incentiveDirectedUSD": 0.0, "efficiency": 0.4284217343101258, "platform": "votemarket"}, {"gauge": "0xea8ba6b0cb5908a5d803b01ceaea5a6e65d33508", "nonBlacklistedVotes": 0.0, "nonBlacklistedVotesBreakdowns": [{"key": "42161-dd2f-f4c7-8", "nonBlacklistedVotes": 0.0}], "totalDeposited": 2550.0, "dollarPerVote": 0.021006376057865983, "incentiveDirected": 0.0, "incentiveDirectedUSD": 0.0, "efficiency": 0.8568434686202516, "platform": "votemarket"}]}