{"totalDepositedUSD": 962.5590000000001, "globalAverageDollarPerVote": 0.008730355912371139, "globalAverageEfficiency": 2.2028166353831256, "analytics": [{"gauge": "0xdc2df969ee5e66236b950f5c4c5f8abe62035df2", "nonBlacklistedVotes": 110254.26794296314, "nonBlacklistedVotesBreakdowns": [{"key": "42161-dd2f-f4c7-3", "nonBlacklistedVotes": 110254.26794296314}], "totalDeposited": 962.5590000000001, "dollarPerVote": 0.008730355912371139, "incentiveDirected": 1594.2413366449218, "incentiveDirectedUSD": 2120.340977737746, "efficiency": 2.202816635383126, "platform": "votemarket"}]}