{"totalDepositedUSD": 962.2061428571428, "globalAverageDollarPerVote": 0.00872715551796065, "globalAverageEfficiency": 2.1945365470112663, "analytics": [{"gauge": "0xdc2df969ee5e66236b950f5c4c5f8abe62035df2", "nonBlacklistedVotes": 110254.26794296314, "nonBlacklistedVotesBreakdowns": [{"key": "42161-dd2f-f4c7-3", "nonBlacklistedVotes": 110254.26794296314}], "totalDeposited": 962.2061428571428, "dollarPerVote": 0.00872715551796065, "incentiveDirected": 1599.6943532263206, "incentiveDirectedUSD": 2111.5965462587433, "efficiency": 2.1945365470112663, "platform": "votemarket"}]}