{"totalDepositedUSD": 962.5590000000001, "globalAverageDollarPerVote": 0.008730355912371139, "globalAverageEfficiency": 2.2028623754752905, "analytics": [{"gauge": "0xdc2df969ee5e66236b950f5c4c5f8abe62035df2", "nonBlacklistedVotes": 110254.26794296314, "nonBlacklistedVotesBreakdowns": [{"key": "42161-dd2f-f4c7-3", "nonBlacklistedVotes": 110254.26794296314}], "totalDeposited": 962.5590000000001, "dollarPerVote": 0.008730355912371139, "incentiveDirected": 1594.2744400564814, "incentiveDirectedUSD": 2120.3850052751204, "efficiency": 2.202862375475291, "platform": "votemarket"}]}