{"totalDepositedUSD": 973.5735714285713, "globalAverageDollarPerVote": 0.008830257454815459, "globalAverageEfficiency": 2.193844436759848, "analytics": [{"gauge": "0xdc2df969ee5e66236b950f5c4c5f8abe62035df2", "nonBlacklistedVotes": 110254.26794296314, "nonBlacklistedVotesBreakdowns": [{"key": "42161-dd2f-f4c7-3", "nonBlacklistedVotes": 110254.26794296314}], "totalDeposited": 973.5735714285713, "dollarPerVote": 0.008830257454815459, "incentiveDirected": 1593.9320622798414, "incentiveDirectedUSD": 2135.868963454988, "efficiency": 2.1938444367598477, "platform": "votemarket"}]}