{"totalDepositedUSD": 968.3051428571429, "globalAverageDollarPerVote": 0.008782473104425014, "globalAverageEfficiency": 2.1636465104410205, "analytics": [{"gauge": "0xdc2df969ee5e66236b950f5c4c5f8abe62035df2", "nonBlacklistedVotes": 110254.26794296314, "nonBlacklistedVotesBreakdowns": [{"key": "42161-dd2f-f4c7-3", "nonBlacklistedVotes": 110254.26794296314}], "totalDeposited": 968.3051428571429, "dollarPerVote": 0.008782473104425014, "incentiveDirected": 1599.290109454161, "incentiveDirectedUSD": 2095.070043384951, "efficiency": 2.1636465104410205, "platform": "votemarket"}]}