{"totalDepositedUSD": 1153.0801428571428, "globalAverageDollarPerVote": 0.010672610249624934, "globalAverageEfficiency": 1.8081844624279744, "analytics": [{"gauge": "0xdc2df969ee5e66236b950f5c4c5f8abe62035df2", "nonBlacklistedVotes": 108041.06173535807, "nonBlacklistedVotesBreakdowns": [{"key": "42161-dd2f-f4c7-3", "nonBlacklistedVotes": 108041.06173535807}], "totalDeposited": 1153.0801428571428, "dollarPerVote": 0.010672610249624934, "incentiveDirected": 1579.5315138246326, "incentiveDirectedUSD": 2084.9815982485147, "efficiency": 1.8081844624279744, "platform": "votemarket"}]}