{"totalDepositedUSD": 1143.2924285714284, "globalAverageDollarPerVote": 0.01589526018687926, "globalAverageEfficiency": 1.1295597262169959, "analytics": [{"gauge": "0xdc2df969ee5e66236b950f5c4c5f8abe62035df2", "nonBlacklistedVotes": 71926.62561857018, "nonBlacklistedVotesBreakdowns": [{"key": "42161-dd2f-f4c7-3", "nonBlacklistedVotes": 71926.62561857018}], "totalDeposited": 1143.2924285714284, "dollarPerVote": 0.01589526018687926, "incentiveDirected": 1024.9341925421484, "incentiveDirectedUSD": 1291.417082603107, "efficiency": 1.1295597262169959, "platform": "votemarket"}]}