{"totalDepositedUSD": 1157.3144285714286, "globalAverageDollarPerVote": 0.016090208856852455, "globalAverageEfficiency": 1.1234863565809328, "analytics": [{"gauge": "0xdc2df969ee5e66236b950f5c4c5f8abe62035df2", "nonBlacklistedVotes": 71926.62561857018, "nonBlacklistedVotesBreakdowns": [{"key": "42161-dd2f-f4c7-3", "nonBlacklistedVotes": 71926.62561857018}], "totalDeposited": 1157.3144285714286, "dollarPerVote": 0.016090208856852455, "incentiveDirected": 1023.8007643891799, "incentiveDirectedUSD": 1300.2269707742585, "efficiency": 1.1234863565809328, "platform": "votemarket"}]}