{"totalDepositedUSD": 1145.691857142857, "globalAverageDollarPerVote": 0.015928619579882803, "globalAverageEfficiency": 1.1264671537562088, "analytics": [{"gauge": "0xdc2df969ee5e66236b950f5c4c5f8abe62035df2", "nonBlacklistedVotes": 71926.62561857018, "nonBlacklistedVotesBreakdowns": [{"key": "42161-dd2f-f4c7-3", "nonBlacklistedVotes": 71926.62561857018}], "totalDeposited": 1145.691857142857, "dollarPerVote": 0.015928619579882803, "incentiveDirected": 1024.2732106328406, "incentiveDirectedUSD": 1290.5842453973792, "efficiency": 1.1264671537562088, "platform": "votemarket"}]}