{"totalDepositedUSD": 2018.413339285714, "globalAverageDollarPerVote": 0.019183169562836805, "globalAverageEfficiency": 1.1441040263512707, "analytics": [{"gauge": "0xdc2df969ee5e66236b950f5c4c5f8abe62035df2", "nonBlacklistedVotes": 70421.80046736453, "nonBlacklistedVotesBreakdowns": [{"key": "42161-dd2f-f4c7-3", "nonBlacklistedVotes": 70421.80046736453}], "totalDeposited": 1350.913339285714, "dollarPerVote": 0.019183169562836805, "incentiveDirected": 1037.3056313613595, "incentiveDirectedUSD": 1545.5853907284256, "efficiency": 1.1441040263512707, "platform": "votemarket"}, {"gauge": "0x14c80b2822c908b9af601ccebe50124c050518ca", "nonBlacklistedVotes": 0.0, "nonBlacklistedVotesBreakdowns": [{"key": "42161-dd2f-f4c7-9", "nonBlacklistedVotes": 0.0}], "totalDeposited": 667.5, "dollarPerVote": 0.02707736714637271, "incentiveDirected": 0.0, "incentiveDirectedUSD": 0.0, "efficiency": 0.8105493202636147, "platform": "votemarket"}]}