{"totalDepositedUSD": 2005.913339285714, "globalAverageDollarPerVote": 0.019183169562836805, "globalAverageEfficiency": 1.1380225326949758, "analytics": [{"gauge": "0xdc2df969ee5e66236b950f5c4c5f8abe62035df2", "nonBlacklistedVotes": 70421.80046736453, "nonBlacklistedVotesBreakdowns": [{"key": "42161-dd2f-f4c7-3", "nonBlacklistedVotes": 70421.80046736453}], "totalDeposited": 1350.913339285714, "dollarPerVote": 0.019183169562836805, "incentiveDirected": 1038.7633917738888, "incentiveDirectedUSD": 1537.3698198253555, "efficiency": 1.138022532694976, "platform": "votemarket"}, {"gauge": "0x14c80b2822c908b9af601ccebe50124c050518ca", "nonBlacklistedVotes": 0.0, "nonBlacklistedVotesBreakdowns": [{"key": "42161-dd2f-f4c7-9", "nonBlacklistedVotes": 0.0}], "totalDeposited": 655.0, "dollarPerVote": 0.026570300345878838, "incentiveDirected": 0.0, "incentiveDirectedUSD": 0.0, "efficiency": 0.8216271147421476, "platform": "votemarket"}]}