{"totalDepositedUSD": 2015.1317321428571, "globalAverageDollarPerVote": 0.019314072107162055, "globalAverageEfficiency": 1.1364655193936068, "analytics": [{"gauge": "0xdc2df969ee5e66236b950f5c4c5f8abe62035df2", "nonBlacklistedVotes": 70421.80046736453, "nonBlacklistedVotesBreakdowns": [{"key": "42161-dd2f-f4c7-3", "nonBlacklistedVotes": 70421.80046736453}], "totalDeposited": 1360.1317321428571, "dollarPerVote": 0.019314072107162055, "incentiveDirected": 1037.411285512388, "incentiveDirectedUSD": 1545.7428154134582, "efficiency": 1.1364655193936068, "platform": "votemarket"}, {"gauge": "0x14c80b2822c908b9af601ccebe50124c050518ca", "nonBlacklistedVotes": 0.0, "nonBlacklistedVotesBreakdowns": [{"key": "42161-dd2f-f4c7-9", "nonBlacklistedVotes": 0.0}], "totalDeposited": 655.0, "dollarPerVote": 0.026570300345878838, "incentiveDirected": 0.0, "incentiveDirectedUSD": 0.0, "efficiency": 0.8261019522978783, "platform": "votemarket"}]}