{"totalDepositedUSD": 2032.2961607142856, "globalAverageDollarPerVote": 0.019330607165392612, "globalAverageEfficiency": 1.1428682169869184, "analytics": [{"gauge": "0xdc2df969ee5e66236b950f5c4c5f8abe62035df2", "nonBlacklistedVotes": 70421.80046736453, "nonBlacklistedVotesBreakdowns": [{"key": "42161-dd2f-f4c7-3", "nonBlacklistedVotes": 70421.80046736453}], "totalDeposited": 1361.2961607142856, "dollarPerVote": 0.019330607165392612, "incentiveDirected": 1037.1880773244486, "incentiveDirectedUSD": 1555.782115986673, "efficiency": 1.1428682169869182, "platform": "votemarket"}, {"gauge": "0x14c80b2822c908b9af601ccebe50124c050518ca", "nonBlacklistedVotes": 0.0, "nonBlacklistedVotesBreakdowns": [{"key": "42161-dd2f-f4c7-9", "nonBlacklistedVotes": 0.0}], "totalDeposited": 671.0, "dollarPerVote": 0.027219345850510994, "incentiveDirected": 0.0, "incentiveDirectedUSD": 0.0, "efficiency": 0.8116409801219399, "platform": "votemarket"}]}