{"totalDepositedUSD": 1882.1744821428572, "globalAverageDollarPerVote": 0.012967732037004324, "globalAverageEfficiency": 1.5441910985085952, "analytics": [{"gauge": "0xdc2df969ee5e66236b950f5c4c5f8abe62035df2", "nonBlacklistedVotes": 30983.689232298715, "nonBlacklistedVotesBreakdowns": [{"key": "42161-dd2f-f4c7-3", "nonBlacklistedVotes": 30983.689232298715}], "totalDeposited": 1224.1744821428572, "dollarPerVote": 0.019175880000000003, "incentiveDirected": 446.3580793111431, "incentiveDirectedUSD": 620.4377302424888, "efficiency": 1.0442627081201388, "platform": "votemarket"}, {"gauge": "0x14c80b2822c908b9af601ccebe50124c050518ca", "nonBlacklistedVotes": 65574.40613108367, "nonBlacklistedVotesBreakdowns": [{"key": "42161-dd2f-f4c7-9", "nonBlacklistedVotes": 65574.40613108367}], "totalDeposited": 658.0, "dollarPerVote": 0.010034402731526896, "incentiveDirected": 944.6798201851124, "incentiveDirectedUSD": 1313.104950057306, "efficiency": 1.995600228050617, "platform": "votemarket"}]}