{"totalDepositedUSD": 1885.5682857142858, "globalAverageDollarPerVote": 0.01301144096024926, "globalAverageEfficiency": 1.5681273183464672, "analytics": [{"gauge": "0xdc2df969ee5e66236b950f5c4c5f8abe62035df2", "nonBlacklistedVotes": 30983.689232298715, "nonBlacklistedVotesBreakdowns": [{"key": "42161-dd2f-f4c7-3", "nonBlacklistedVotes": 30983.689232298715}], "totalDeposited": 1222.5682857142858, "dollarPerVote": 0.019150720000000003, "incentiveDirected": 445.1962523453692, "incentiveDirectedUSD": 632.1786783304242, "efficiency": 1.0654218755649423, "platform": "votemarket"}, {"gauge": "0x14c80b2822c908b9af601ccebe50124c050518ca", "nonBlacklistedVotes": 65574.40613108367, "nonBlacklistedVotesBreakdowns": [{"key": "42161-dd2f-f4c7-9", "nonBlacklistedVotes": 65574.40613108367}], "totalDeposited": 663.0, "dollarPerVote": 0.010110651992404759, "incentiveDirected": 942.2209098617968, "incentiveDirectedUSD": 1337.9536920037513, "efficiency": 2.0180297013631243, "platform": "votemarket"}]}