{"totalDepositedUSD": 1885.9615892857144, "globalAverageDollarPerVote": 0.013026743025288693, "globalAverageEfficiency": 1.5369980630957052, "analytics": [{"gauge": "0xdc2df969ee5e66236b950f5c4c5f8abe62035df2", "nonBlacklistedVotes": 30983.689232298715, "nonBlacklistedVotesBreakdowns": [{"key": "42161-dd2f-f4c7-3", "nonBlacklistedVotes": 30983.689232298715}], "totalDeposited": 1220.4615892857144, "dollarPerVote": 0.01911772, "incentiveDirected": 446.30062393637724, "incentiveDirectedUSD": 620.3578672715643, "efficiency": 1.0473047412721916, "platform": "votemarket"}, {"gauge": "0x14c80b2822c908b9af601ccebe50124c050518ca", "nonBlacklistedVotes": 65574.40613108367, "nonBlacklistedVotesBreakdowns": [{"key": "42161-dd2f-f4c7-9", "nonBlacklistedVotes": 65574.40613108367}], "totalDeposited": 665.5, "dollarPerVote": 0.010148776622843692, "incentiveDirected": 944.5582206541119, "incentiveDirectedUSD": 1312.9359267092154, "efficiency": 1.9728563887441253, "platform": "votemarket"}]}