{"totalDepositedUSD": 1888.0682857142858, "globalAverageDollarPerVote": 0.01303733210889497, "globalAverageEfficiency": 1.5363968124764449, "analytics": [{"gauge": "0xdc2df969ee5e66236b950f5c4c5f8abe62035df2", "nonBlacklistedVotes": 30983.689232298715, "nonBlacklistedVotesBreakdowns": [{"key": "42161-dd2f-f4c7-3", "nonBlacklistedVotes": 30983.689232298715}], "totalDeposited": 1222.5682857142858, "dollarPerVote": 0.019150720000000003, "incentiveDirected": 446.4886814886426, "incentiveDirectedUSD": 620.6192672692133, "efficiency": 1.0459405962440593, "platform": "votemarket"}, {"gauge": "0x14c80b2822c908b9af601ccebe50124c050518ca", "nonBlacklistedVotes": 65574.40613108367, "nonBlacklistedVotesBreakdowns": [{"key": "42161-dd2f-f4c7-9", "nonBlacklistedVotes": 65574.40613108367}], "totalDeposited": 665.5, "dollarPerVote": 0.010148776622843692, "incentiveDirected": 944.956228851774, "incentiveDirectedUSD": 1313.489158103966, "efficiency": 1.9736876906145244, "platform": "votemarket"}]}