{"totalDepositedUSD": 1870.8284107142856, "globalAverageDollarPerVote": 0.012900042092634447, "globalAverageEfficiency": 1.5808924420519437, "analytics": [{"gauge": "0xdc2df969ee5e66236b950f5c4c5f8abe62035df2", "nonBlacklistedVotes": 30983.689232298715, "nonBlacklistedVotesBreakdowns": [{"key": "42161-dd2f-f4c7-3", "nonBlacklistedVotes": 30983.689232298715}], "totalDeposited": 1214.8284107142856, "dollarPerVote": 0.01902948, "incentiveDirected": 444.9776869773988, "incentiveDirectedUSD": 631.8683155079062, "efficiency": 1.0716834640987423, "platform": "votemarket"}, {"gauge": "0x14c80b2822c908b9af601ccebe50124c050518ca", "nonBlacklistedVotes": 65574.40613108367, "nonBlacklistedVotesBreakdowns": [{"key": "42161-dd2f-f4c7-9", "nonBlacklistedVotes": 65574.40613108367}], "totalDeposited": 656.0, "dollarPerVote": 0.010003903027175751, "incentiveDirected": 941.7583344048193, "incentiveDirectedUSD": 1337.2968348548432, "efficiency": 2.0385622482543337, "platform": "votemarket"}]}