{"totalDepositedUSD": 1882.1744821428572, "globalAverageDollarPerVote": 0.012967732037004324, "globalAverageEfficiency": 1.5341231573579686, "analytics": [{"gauge": "0xdc2df969ee5e66236b950f5c4c5f8abe62035df2", "nonBlacklistedVotes": 30983.689232298715, "nonBlacklistedVotesBreakdowns": [{"key": "42161-dd2f-f4c7-3", "nonBlacklistedVotes": 30983.689232298715}], "totalDeposited": 1224.1744821428572, "dollarPerVote": 0.019175880000000003, "incentiveDirected": 446.66126847568404, "incentiveDirectedUSD": 616.392550496444, "efficiency": 1.0374542402424896, "platform": "votemarket"}, {"gauge": "0x14c80b2822c908b9af601ccebe50124c050518ca", "nonBlacklistedVotes": 65574.40613108367, "nonBlacklistedVotesBreakdowns": [{"key": "42161-dd2f-f4c7-9", "nonBlacklistedVotes": 65574.40613108367}], "totalDeposited": 658.0, "dollarPerVote": 0.010034402731526896, "incentiveDirected": 945.3214948824374, "incentiveDirectedUSD": 1304.5436629377637, "efficiency": 1.9825891534008566, "platform": "votemarket"}]}