{"totalDepositedUSD": 2191.2018432311897, "globalAverageDollarPerVote": 0.013231068029071948, "globalAverageEfficiency": 1.4780372921178806, "analytics": [{"gauge": "0xdc2df969ee5e66236b950f5c4c5f8abe62035df2", "nonBlacklistedVotes": 30320.027229695, "nonBlacklistedVotesBreakdowns": [{"key": "42161-dd2f-f4c7-3", "nonBlacklistedVotes": 30320.027229695}], "totalDeposited": 1509.70184323119, "dollarPerVote": 0.018808480000000002, "incentiveDirected": 452.62504975376754, "incentiveDirectedUSD": 592.9388151774355, "efficiency": 1.039744411112273, "platform": "votemarket"}, {"gauge": "0x14c80b2822c908b9af601ccebe50124c050518ca", "nonBlacklistedVotes": 64288.63346184674, "nonBlacklistedVotesBreakdowns": [{"key": "42161-dd2f-f4c7-9", "nonBlacklistedVotes": 64288.63346184674}], "totalDeposited": 681.5, "dollarPerVote": 0.010600629742805913, "incentiveDirected": 959.7170114270646, "incentiveDirectedUSD": 1257.2292849694545, "efficiency": 1.8447971899771896, "platform": "votemarket"}]}