{"totalDepositedUSD": 2189.618976335592, "globalAverageDollarPerVote": 0.013224748196060898, "globalAverageEfficiency": 1.4882018947907703, "analytics": [{"gauge": "0xdc2df969ee5e66236b950f5c4c5f8abe62035df2", "nonBlacklistedVotes": 30320.027229695, "nonBlacklistedVotesBreakdowns": [{"key": "42161-dd2f-f4c7-3", "nonBlacklistedVotes": 30320.027229695}], "totalDeposited": 1508.118976335592, "dollarPerVote": 0.01878876, "incentiveDirected": 452.069201605307, "incentiveDirectedUSD": 596.7313461190053, "efficiency": 1.0474930396422464, "platform": "votemarket"}, {"gauge": "0x14c80b2822c908b9af601ccebe50124c050518ca", "nonBlacklistedVotes": 64288.63346184674, "nonBlacklistedVotesBreakdowns": [{"key": "42161-dd2f-f4c7-9", "nonBlacklistedVotes": 64288.63346184674}], "totalDeposited": 681.5, "dollarPerVote": 0.010600629742805913, "incentiveDirected": 958.5384268035709, "incentiveDirectedUSD": 1265.2707233807137, "efficiency": 1.8565968061345763, "platform": "votemarket"}]}