{"totalDepositedUSD": 3282.7675994024657, "globalAverageDollarPerVote": 0.014701340088220435, "globalAverageEfficiency": 1.2615517396448874, "analytics": [{"gauge": "0xdc2df969ee5e66236b950f5c4c5f8abe62035df2", "nonBlacklistedVotes": 83787.67171509327, "nonBlacklistedVotesBreakdowns": [{"key": "42161-dd2f-f4c7-3", "nonBlacklistedVotes": 83787.67171509327}], "totalDeposited": 1171.246599402466, "dollarPerVote": 0.01397874622158144, "incentiveDirected": 1223.5969692464762, "incentiveDirectedUSD": 1553.9681509430247, "efficiency": 1.3267642798158914, "platform": "votemarket"}, {"gauge": "0x7f49d37d0da53a4899bc0ba916f59ec9d4e6d1e2", "nonBlacklistedVotes": 86890.30572622964, "nonBlacklistedVotesBreakdowns": [{"key": "42161-dd2f-f4c7-10", "nonBlacklistedVotes": 86890.30572622964}], "totalDeposited": 999.721, "dollarPerVote": 0.01150555279607232, "incentiveDirected": 1268.9064222363681, "incentiveDirectedUSD": 1611.5111562401871, "efficiency": 1.611960893329426, "platform": "votemarket"}, {"gauge": "0x14c80b2822c908b9af601ccebe50124c050518ca", "nonBlacklistedVotes": 51159.34271858562, "nonBlacklistedVotesBreakdowns": [{"key": "42161-dd2f-f4c7-11", "nonBlacklistedVotes": 51159.34271858562}], "totalDeposited": 1111.8, "dollarPerVote": 0.021312593762696657, "incentiveDirected": 747.1077238183581, "incentiveDirectedUSD": 948.8268092493146, "efficiency": 0.870213234949726, "platform": "votemarket"}]}