{"totalDepositedUSD": 3288.5457333328404, "globalAverageDollarPerVote": 0.014727164912543788, "globalAverageEfficiency": 1.2670158605464894, "analytics": [{"gauge": "0xdc2df969ee5e66236b950f5c4c5f8abe62035df2", "nonBlacklistedVotes": 83787.67171509327, "nonBlacklistedVotesBreakdowns": [{"key": "42161-dd2f-f4c7-3", "nonBlacklistedVotes": 83787.67171509327}], "totalDeposited": 1174.3857333328406, "dollarPerVote": 0.014016211565421625, "incentiveDirected": 1221.437794948435, "incentiveDirectedUSD": 1563.4403775339972, "efficiency": 1.3312835239381198, "platform": "votemarket"}, {"gauge": "0x7f49d37d0da53a4899bc0ba916f59ec9d4e6d1e2", "nonBlacklistedVotes": 86890.30572622964, "nonBlacklistedVotesBreakdowns": [{"key": "42161-dd2f-f4c7-10", "nonBlacklistedVotes": 86890.30572622964}], "totalDeposited": 999.81, "dollarPerVote": 0.011506577076045282, "incentiveDirected": 1266.6672943189467, "incentiveDirectedUSD": 1621.3341367282517, "efficiency": 1.6216422487555153, "platform": "votemarket"}, {"gauge": "0x14c80b2822c908b9af601ccebe50124c050518ca", "nonBlacklistedVotes": 51159.34271858562, "nonBlacklistedVotesBreakdowns": [{"key": "42161-dd2f-f4c7-11", "nonBlacklistedVotes": 51159.34271858562}], "totalDeposited": 1114.35, "dollarPerVote": 0.02136147585848266, "incentiveDirected": 745.7893683175839, "incentiveDirectedUSD": 954.6103914465075, "efficiency": 0.873514154578744, "platform": "votemarket"}]}