{"totalDepositedUSD": 3282.0215994024657, "globalAverageDollarPerVote": 0.014698051227882685, "globalAverageEfficiency": 1.2702682478128662, "analytics": [{"gauge": "0xdc2df969ee5e66236b950f5c4c5f8abe62035df2", "nonBlacklistedVotes": 83787.67171509327, "nonBlacklistedVotesBreakdowns": [{"key": "42161-dd2f-f4c7-3", "nonBlacklistedVotes": 83787.67171509327}], "totalDeposited": 1171.246599402466, "dollarPerVote": 0.01397874622158144, "incentiveDirected": 1222.1523633410147, "incentiveDirectedUSD": 1564.355025076499, "efficiency": 1.33563250119538, "platform": "votemarket"}, {"gauge": "0x7f49d37d0da53a4899bc0ba916f59ec9d4e6d1e2", "nonBlacklistedVotes": 86890.30572622964, "nonBlacklistedVotesBreakdowns": [{"key": "42161-dd2f-f4c7-10", "nonBlacklistedVotes": 86890.30572622964}], "totalDeposited": 999.8249999999999, "dollarPerVote": 0.011506749707501398, "incentiveDirected": 1267.4083229789228, "incentiveDirectedUSD": 1622.2826534130209, "efficiency": 1.6225666025684706, "platform": "votemarket"}, {"gauge": "0x14c80b2822c908b9af601ccebe50124c050518ca", "nonBlacklistedVotes": 51159.34271858562, "nonBlacklistedVotesBreakdowns": [{"key": "42161-dd2f-f4c7-11", "nonBlacklistedVotes": 51159.34271858562}], "totalDeposited": 1110.95, "dollarPerVote": 0.02129629973076799, "incentiveDirected": 746.2256717563065, "incentiveDirectedUSD": 955.1688598480723, "efficiency": 0.876700084781958, "platform": "votemarket"}]}