{"totalDepositedUSD": 3274.5365276192842, "globalAverageDollarPerVote": 0.01466512356999949, "globalAverageEfficiency": 1.2826519965410046, "analytics": [{"gauge": "0xdc2df969ee5e66236b950f5c4c5f8abe62035df2", "nonBlacklistedVotes": 83787.67171509327, "nonBlacklistedVotesBreakdowns": [{"key": "42161-dd2f-f4c7-3", "nonBlacklistedVotes": 83787.67171509327}], "totalDeposited": 1173.1275276192841, "dollarPerVote": 0.014001194968256414, "incentiveDirected": 1221.757406283676, "incentiveDirectedUSD": 1576.067054105942, "efficiency": 1.3434746155043973, "platform": "votemarket"}, {"gauge": "0x7f49d37d0da53a4899bc0ba916f59ec9d4e6d1e2", "nonBlacklistedVotes": 86890.30572622964, "nonBlacklistedVotesBreakdowns": [{"key": "42161-dd2f-f4c7-10", "nonBlacklistedVotes": 86890.30572622964}], "totalDeposited": 999.809, "dollarPerVote": 0.011506565567281541, "incentiveDirected": 1266.9987407723947, "incentiveDirectedUSD": 1634.428375596389, "efficiency": 1.6347406110531002, "platform": "votemarket"}, {"gauge": "0x14c80b2822c908b9af601ccebe50124c050518ca", "nonBlacklistedVotes": 51159.34271858562, "nonBlacklistedVotesBreakdowns": [{"key": "42161-dd2f-f4c7-11", "nonBlacklistedVotes": 51159.34271858562}], "totalDeposited": 1101.6000000000001, "dollarPerVote": 0.021117065379552654, "incentiveDirected": 745.9845176217909, "incentiveDirectedUSD": 962.3200277321104, "efficiency": 0.8907606094165943, "platform": "votemarket"}]}