{"totalDepositedUSD": 3276.356473770128, "globalAverageDollarPerVote": 0.01467288375179325, "globalAverageEfficiency": 1.2735790429116347, "analytics": [{"gauge": "0xdc2df969ee5e66236b950f5c4c5f8abe62035df2", "nonBlacklistedVotes": 83787.67171509327, "nonBlacklistedVotesBreakdowns": [{"key": "42161-dd2f-f4c7-3", "nonBlacklistedVotes": 83787.67171509327}], "totalDeposited": 1169.8454737701281, "dollarPerVote": 0.013962023885184478, "incentiveDirected": 1223.2396043351753, "incentiveDirectedUSD": 1565.7466935490247, "efficiency": 1.3384218075426688, "platform": "votemarket"}, {"gauge": "0x7f49d37d0da53a4899bc0ba916f59ec9d4e6d1e2", "nonBlacklistedVotes": 86890.30572622964, "nonBlacklistedVotesBreakdowns": [{"key": "42161-dd2f-f4c7-10", "nonBlacklistedVotes": 86890.30572622964}], "totalDeposited": 999.811, "dollarPerVote": 0.011506588584809024, "incentiveDirected": 1268.535824202515, "incentiveDirectedUSD": 1623.7258549792189, "efficiency": 1.6240327971778854, "platform": "votemarket"}, {"gauge": "0x14c80b2822c908b9af601ccebe50124c050518ca", "nonBlacklistedVotes": 51159.34271858562, "nonBlacklistedVotesBreakdowns": [{"key": "42161-dd2f-f4c7-11", "nonBlacklistedVotes": 51159.34271858562}], "totalDeposited": 1106.7, "dollarPerVote": 0.02121482957112465, "incentiveDirected": 746.8895228157689, "incentiveDirectedUSD": 956.0185892041843, "efficiency": 0.8808497462924412, "platform": "votemarket"}]}