{"totalDepositedUSD": 3280.4750407353154, "globalAverageDollarPerVote": 0.014691227567222378, "globalAverageEfficiency": 1.2803989041688242, "analytics": [{"gauge": "0xdc2df969ee5e66236b950f5c4c5f8abe62035df2", "nonBlacklistedVotes": 83787.67171509327, "nonBlacklistedVotesBreakdowns": [{"key": "42161-dd2f-f4c7-3", "nonBlacklistedVotes": 83787.67171509327}], "totalDeposited": 1171.4150407353154, "dollarPerVote": 0.013980756557104571, "incentiveDirected": 1221.7821951837043, "incentiveDirectedUSD": 1576.099031786979, "efficiency": 1.3454659339166732, "platform": "votemarket"}, {"gauge": "0x7f49d37d0da53a4899bc0ba916f59ec9d4e6d1e2", "nonBlacklistedVotes": 86890.30572622964, "nonBlacklistedVotesBreakdowns": [{"key": "42161-dd2f-f4c7-10", "nonBlacklistedVotes": 86890.30572622964}], "totalDeposited": 999.81, "dollarPerVote": 0.011506577076045282, "incentiveDirected": 1267.0244475984468, "incentiveDirectedUSD": 1634.4615374019966, "efficiency": 1.6347721441093772, "platform": "votemarket"}, {"gauge": "0x14c80b2822c908b9af601ccebe50124c050518ca", "nonBlacklistedVotes": 51159.34271858562, "nonBlacklistedVotesBreakdowns": [{"key": "42161-dd2f-f4c7-11", "nonBlacklistedVotes": 51159.34271858562}], "totalDeposited": 1109.25, "dollarPerVote": 0.021263711666910656, "incentiveDirected": 745.9996533071038, "incentiveDirectedUSD": 962.339552766164, "efficiency": 0.8846353812838028, "platform": "votemarket"}]}