{"totalDepositedUSD": 3251.163733332841, "globalAverageDollarPerVote": 0.014561908469774603, "globalAverageEfficiency": 1.2899077191815465, "analytics": [{"gauge": "0xdc2df969ee5e66236b950f5c4c5f8abe62035df2", "nonBlacklistedVotes": 83787.67171509327, "nonBlacklistedVotesBreakdowns": [{"key": "42161-dd2f-f4c7-3", "nonBlacklistedVotes": 83787.67171509327}], "totalDeposited": 1174.3857333328406, "dollarPerVote": 0.014016211565421625, "incentiveDirected": 1220.0211253236212, "incentiveDirectedUSD": 1573.8272516674713, "efficiency": 1.3401280405553277, "platform": "votemarket"}, {"gauge": "0x7f49d37d0da53a4899bc0ba916f59ec9d4e6d1e2", "nonBlacklistedVotes": 86890.30572622964, "nonBlacklistedVotesBreakdowns": [{"key": "42161-dd2f-f4c7-10", "nonBlacklistedVotes": 86890.30572622964}], "totalDeposited": 999.8280000000001, "dollarPerVote": 0.011506784233792623, "incentiveDirected": 1265.198165814795, "incentiveDirectedUSD": 1632.1056339010854, "efficiency": 1.6323864043626357, "platform": "votemarket"}, {"gauge": "0x14c80b2822c908b9af601ccebe50124c050518ca", "nonBlacklistedVotes": 51159.34271858562, "nonBlacklistedVotesBreakdowns": [{"key": "42161-dd2f-f4c7-11", "nonBlacklistedVotes": 51159.34271858562}], "totalDeposited": 1076.95, "dollarPerVote": 0.020644538453621304, "incentiveDirected": 744.9243736785002, "incentiveDirectedUSD": 960.9524420452652, "efficiency": 0.9098541090359202, "platform": "votemarket"}]}