{"totalDepositedUSD": 3278.904473770128, "globalAverageDollarPerVote": 0.014684147753221494, "globalAverageEfficiency": 1.2726020984951507, "analytics": [{"gauge": "0xdc2df969ee5e66236b950f5c4c5f8abe62035df2", "nonBlacklistedVotes": 83787.67171509327, "nonBlacklistedVotesBreakdowns": [{"key": "42161-dd2f-f4c7-3", "nonBlacklistedVotes": 83787.67171509327}], "totalDeposited": 1169.8454737701281, "dollarPerVote": 0.013962023885184478, "incentiveDirected": 1223.2396043351753, "incentiveDirectedUSD": 1565.7466935490247, "efficiency": 1.3384218075426688, "platform": "votemarket"}, {"gauge": "0x7f49d37d0da53a4899bc0ba916f59ec9d4e6d1e2", "nonBlacklistedVotes": 86890.30572622964, "nonBlacklistedVotesBreakdowns": [{"key": "42161-dd2f-f4c7-10", "nonBlacklistedVotes": 86890.30572622964}], "totalDeposited": 999.809, "dollarPerVote": 0.011506565567281541, "incentiveDirected": 1268.535824202515, "incentiveDirectedUSD": 1623.7258549792189, "efficiency": 1.6240360458639789, "platform": "votemarket"}, {"gauge": "0x14c80b2822c908b9af601ccebe50124c050518ca", "nonBlacklistedVotes": 51159.34271858562, "nonBlacklistedVotesBreakdowns": [{"key": "42161-dd2f-f4c7-11", "nonBlacklistedVotes": 51159.34271858562}], "totalDeposited": 1109.25, "dollarPerVote": 0.021263711666910656, "incentiveDirected": 746.8895228157689, "incentiveDirectedUSD": 956.0185892041843, "efficiency": 0.8788248043469411, "platform": "votemarket"}]}