{"totalDepositedUSD": 3281.9235994024657, "globalAverageDollarPerVote": 0.014697609462719235, "globalAverageEfficiency": 1.2703551435839253, "analytics": [{"gauge": "0xdc2df969ee5e66236b950f5c4c5f8abe62035df2", "nonBlacklistedVotes": 83787.67171509327, "nonBlacklistedVotesBreakdowns": [{"key": "42161-dd2f-f4c7-3", "nonBlacklistedVotes": 83787.67171509327}], "totalDeposited": 1171.246599402466, "dollarPerVote": 0.01397874622158144, "incentiveDirected": 1222.1992320598563, "incentiveDirectedUSD": 1564.4150170366163, "efficiency": 1.3356837218009707, "platform": "votemarket"}, {"gauge": "0x7f49d37d0da53a4899bc0ba916f59ec9d4e6d1e2", "nonBlacklistedVotes": 86890.30572622964, "nonBlacklistedVotesBreakdowns": [{"key": "42161-dd2f-f4c7-10", "nonBlacklistedVotes": 86890.30572622964}], "totalDeposited": 999.7270000000001, "dollarPerVote": 0.011505621848654767, "incentiveDirected": 1267.456927233293, "incentiveDirectedUSD": 1622.3448668586152, "efficiency": 1.6227878879520259, "platform": "votemarket"}, {"gauge": "0x14c80b2822c908b9af601ccebe50124c050518ca", "nonBlacklistedVotes": 51159.34271858562, "nonBlacklistedVotesBreakdowns": [{"key": "42161-dd2f-f4c7-11", "nonBlacklistedVotes": 51159.34271858562}], "totalDeposited": 1110.95, "dollarPerVote": 0.02129629973076799, "incentiveDirected": 746.2542890075191, "incentiveDirectedUSD": 955.2054899296246, "efficiency": 0.8767337056389106, "platform": "votemarket"}]}