{"totalDepositedUSD": 3274.535527619284, "globalAverageDollarPerVote": 0.0146651190621917, "globalAverageEfficiency": 1.282652225505832, "analytics": [{"gauge": "0xdc2df969ee5e66236b950f5c4c5f8abe62035df2", "nonBlacklistedVotes": 83787.67171509327, "nonBlacklistedVotesBreakdowns": [{"key": "42161-dd2f-f4c7-3", "nonBlacklistedVotes": 83787.67171509327}], "totalDeposited": 1173.1275276192841, "dollarPerVote": 0.014001194968256414, "incentiveDirected": 1221.7572488309092, "incentiveDirectedUSD": 1576.066850991873, "efficiency": 1.3434744423654468, "platform": "votemarket"}, {"gauge": "0x7f49d37d0da53a4899bc0ba916f59ec9d4e6d1e2", "nonBlacklistedVotes": 86890.30572622964, "nonBlacklistedVotesBreakdowns": [{"key": "42161-dd2f-f4c7-10", "nonBlacklistedVotes": 86890.30572622964}], "totalDeposited": 999.808, "dollarPerVote": 0.011506554058517799, "incentiveDirected": 1266.9985774891964, "incentiveDirectedUSD": 1634.428164961063, "efficiency": 1.634742035431866, "platform": "votemarket"}, {"gauge": "0x14c80b2822c908b9af601ccebe50124c050518ca", "nonBlacklistedVotes": 51159.34271858562, "nonBlacklistedVotesBreakdowns": [{"key": "42161-dd2f-f4c7-11", "nonBlacklistedVotes": 51159.34271858562}], "totalDeposited": 1101.6000000000001, "dollarPerVote": 0.021117065379552654, "incentiveDirected": 745.9844214837806, "incentiveDirectedUSD": 962.319903714077, "efficiency": 0.8907604946207096, "platform": "votemarket"}]}