{"totalDepositedUSD": 3271.991527619284, "globalAverageDollarPerVote": 0.014653873091994618, "globalAverageEfficiency": 1.2836094033343217, "analytics": [{"gauge": "0xdc2df969ee5e66236b950f5c4c5f8abe62035df2", "nonBlacklistedVotes": 83787.67171509327, "nonBlacklistedVotesBreakdowns": [{"key": "42161-dd2f-f4c7-3", "nonBlacklistedVotes": 83787.67171509327}], "totalDeposited": 1173.1275276192841, "dollarPerVote": 0.014001194968256414, "incentiveDirected": 1221.731378167728, "incentiveDirectedUSD": 1576.033477836369, "efficiency": 1.3434459943453312, "platform": "votemarket"}, {"gauge": "0x7f49d37d0da53a4899bc0ba916f59ec9d4e6d1e2", "nonBlacklistedVotes": 86890.30572622964, "nonBlacklistedVotesBreakdowns": [{"key": "42161-dd2f-f4c7-10", "nonBlacklistedVotes": 86890.30572622964}], "totalDeposited": 999.814, "dollarPerVote": 0.011506623111100246, "incentiveDirected": 1266.9717488426047, "incentiveDirectedUSD": 1634.3935560069601, "efficiency": 1.634697609762376, "platform": "votemarket"}, {"gauge": "0x14c80b2822c908b9af601ccebe50124c050518ca", "nonBlacklistedVotes": 51159.34271858562, "nonBlacklistedVotesBreakdowns": [{"key": "42161-dd2f-f4c7-11", "nonBlacklistedVotes": 51159.34271858562}], "totalDeposited": 1099.05, "dollarPerVote": 0.02106818328376665, "incentiveDirected": 745.9686252920861, "incentiveDirectedUSD": 962.299526626791, "efficiency": 0.8928083187241567, "platform": "votemarket"}]}