{"totalDepositedUSD": 3280.4034594830505, "globalAverageDollarPerVote": 0.014672904747726584, "globalAverageEfficiency": 1.231245449545049, "analytics": [{"gauge": "0xdc2df969ee5e66236b950f5c4c5f8abe62035df2", "nonBlacklistedVotes": 82086.24707306617, "nonBlacklistedVotesBreakdowns": [{"key": "42161-dd2f-f4c7-3", "nonBlacklistedVotes": 82086.24707306617}], "totalDeposited": 1133.4902194301392, "dollarPerVote": 0.013808527735726581, "incentiveDirected": 1205.6632566280962, "incentiveDirectedUSD": 1482.9658056525586, "efficiency": 1.3083181312302083, "platform": "votemarket"}, {"gauge": "0x7f49d37d0da53a4899bc0ba916f59ec9d4e6d1e2", "nonBlacklistedVotes": 86890.30572622964, "nonBlacklistedVotesBreakdowns": [{"key": "42161-dd2f-f4c7-10", "nonBlacklistedVotes": 86890.30572622964}], "totalDeposited": 999.789, "dollarPerVote": 0.011506335392006716, "incentiveDirected": 1276.224126534231, "incentiveDirectedUSD": 1569.755675637104, "efficiency": 1.5700869639865054, "platform": "votemarket"}, {"gauge": "0x14c80b2822c908b9af601ccebe50124c050518ca", "nonBlacklistedVotes": 50156.218351554526, "nonBlacklistedVotesBreakdowns": [{"key": "42161-dd2f-f4c7-11", "nonBlacklistedVotes": 50156.218351554526}], "totalDeposited": 1147.1242400529113, "dollarPerVote": 0.021573298273555332, "incentiveDirected": 736.6825956126187, "incentiveDirectedUSD": 906.1195926035211, "efficiency": 0.8374216576976382, "platform": "votemarket"}]}