{"totalDepositedUSD": 3297.666727779284, "globalAverageDollarPerVote": 0.014749216917124316, "globalAverageEfficiency": 1.2266795503440868, "analytics": [{"gauge": "0xdc2df969ee5e66236b950f5c4c5f8abe62035df2", "nonBlacklistedVotes": 82086.24707306617, "nonBlacklistedVotesBreakdowns": [{"key": "42161-dd2f-f4c7-3", "nonBlacklistedVotes": 82086.24707306617}], "totalDeposited": 1141.212999327142, "dollarPerVote": 0.013902609024278227, "incentiveDirected": 1207.4394944726575, "incentiveDirectedUSD": 1485.1505782013685, "efficiency": 1.3013789529886286, "platform": "votemarket"}, {"gauge": "0x7f49d37d0da53a4899bc0ba916f59ec9d4e6d1e2", "nonBlacklistedVotes": 86890.30572622964, "nonBlacklistedVotesBreakdowns": [{"key": "42161-dd2f-f4c7-10", "nonBlacklistedVotes": 86890.30572622964}], "totalDeposited": 999.799, "dollarPerVote": 0.01150645047964413, "incentiveDirected": 1278.1043178556715, "incentiveDirectedUSD": 1572.068310962476, "efficiency": 1.5723843602188798, "platform": "votemarket"}, {"gauge": "0x14c80b2822c908b9af601ccebe50124c050518ca", "nonBlacklistedVotes": 50156.218351554526, "nonBlacklistedVotesBreakdowns": [{"key": "42161-dd2f-f4c7-11", "nonBlacklistedVotes": 50156.218351554526}], "totalDeposited": 1156.6547284521423, "dollarPerVote": 0.02175253262477067, "incentiveDirected": 737.7679098565114, "incentiveDirectedUSD": 907.4545291235091, "efficiency": 0.8317451162087938, "platform": "votemarket"}]}