{"totalDepositedUSD": 3279.533051446757, "globalAverageDollarPerVote": 0.014669157033411977, "globalAverageEfficiency": 1.2315757344538945, "analytics": [{"gauge": "0xdc2df969ee5e66236b950f5c4c5f8abe62035df2", "nonBlacklistedVotes": 82086.24707306617, "nonBlacklistedVotesBreakdowns": [{"key": "42161-dd2f-f4c7-3", "nonBlacklistedVotes": 82086.24707306617}], "totalDeposited": 1133.4902194301392, "dollarPerVote": 0.013808527735726581, "incentiveDirected": 1205.678649133996, "incentiveDirectedUSD": 1482.984738434815, "efficiency": 1.3083348343141272, "platform": "votemarket"}, {"gauge": "0x7f49d37d0da53a4899bc0ba916f59ec9d4e6d1e2", "nonBlacklistedVotes": 86890.30572622964, "nonBlacklistedVotesBreakdowns": [{"key": "42161-dd2f-f4c7-10", "nonBlacklistedVotes": 86890.30572622964}], "totalDeposited": 999.7850000000001, "dollarPerVote": 0.011506289356951754, "incentiveDirected": 1276.2404198792333, "incentiveDirectedUSD": 1569.775716451457, "efficiency": 1.5701132908089805, "platform": "votemarket"}, {"gauge": "0x14c80b2822c908b9af601ccebe50124c050518ca", "nonBlacklistedVotes": 50156.218351554526, "nonBlacklistedVotesBreakdowns": [{"key": "42161-dd2f-f4c7-11", "nonBlacklistedVotes": 50156.218351554526}], "totalDeposited": 1146.2578320166176, "dollarPerVote": 0.021557004241626664, "incentiveDirected": 736.6920007190088, "incentiveDirectedUSD": 906.1311608843807, "efficiency": 0.8380653287787551, "platform": "votemarket"}]}