{"totalDepositedUSD": 3290.4654700146784, "globalAverageDollarPerVote": 0.014718149132856207, "globalAverageEfficiency": 1.2295811229753255, "analytics": [{"gauge": "0xdc2df969ee5e66236b950f5c4c5f8abe62035df2", "nonBlacklistedVotes": 82086.24707306617, "nonBlacklistedVotesBreakdowns": [{"key": "42161-dd2f-f4c7-3", "nonBlacklistedVotes": 82086.24707306617}], "totalDeposited": 1141.042005852886, "dollarPerVote": 0.013900525928993046, "incentiveDirected": 1207.7461875829172, "incentiveDirectedUSD": 1485.527810726988, "efficiency": 1.3019045776641782, "platform": "votemarket"}, {"gauge": "0x7f49d37d0da53a4899bc0ba916f59ec9d4e6d1e2", "nonBlacklistedVotes": 86890.30572622964, "nonBlacklistedVotesBreakdowns": [{"key": "42161-dd2f-f4c7-10", "nonBlacklistedVotes": 86890.30572622964}], "totalDeposited": 999.7, "dollarPerVote": 0.011505311112033755, "incentiveDirected": 1278.4289600346576, "incentiveDirectedUSD": 1572.467620842629, "efficiency": 1.5729395026934372, "platform": "votemarket"}, {"gauge": "0x14c80b2822c908b9af601ccebe50124c050518ca", "nonBlacklistedVotes": 50156.218351554526, "nonBlacklistedVotesBreakdowns": [{"key": "42161-dd2f-f4c7-11", "nonBlacklistedVotes": 50156.218351554526}], "totalDeposited": 1149.7234641617924, "dollarPerVote": 0.021622180369341333, "incentiveDirected": 737.9553050311431, "incentiveDirectedUSD": 907.685025188306, "efficiency": 0.8369719440762826, "platform": "votemarket"}]}