{"totalDepositedUSD": 3283.7588925425416, "globalAverageDollarPerVote": 0.014687992733102184, "globalAverageEfficiency": 1.2305383464291404, "analytics": [{"gauge": "0xdc2df969ee5e66236b950f5c4c5f8abe62035df2", "nonBlacklistedVotes": 82086.24707306617, "nonBlacklistedVotesBreakdowns": [{"key": "42161-dd2f-f4c7-3", "nonBlacklistedVotes": 82086.24707306617}], "totalDeposited": 1135.9632444533368, "dollarPerVote": 0.013838654889925705, "incentiveDirected": 1206.209903510904, "incentiveDirectedUSD": 1483.6381813184119, "efficiency": 1.3060617837440573, "platform": "votemarket"}, {"gauge": "0x7f49d37d0da53a4899bc0ba916f59ec9d4e6d1e2", "nonBlacklistedVotes": 86890.30572622964, "nonBlacklistedVotesBreakdowns": [{"key": "42161-dd2f-f4c7-10", "nonBlacklistedVotes": 86890.30572622964}], "totalDeposited": 999.8050000000001, "dollarPerVote": 0.011506519532226577, "incentiveDirected": 1276.8027656664253, "incentiveDirectedUSD": 1570.467401769703, "efficiency": 1.570773702641718, "platform": "votemarket"}, {"gauge": "0x14c80b2822c908b9af601ccebe50124c050518ca", "nonBlacklistedVotes": 50156.218351554526, "nonBlacklistedVotesBreakdowns": [{"key": "42161-dd2f-f4c7-11", "nonBlacklistedVotes": 50156.218351554526}], "totalDeposited": 1147.990648089205, "dollarPerVote": 0.021589592305483997, "incentiveDirected": 737.0166069895903, "incentiveDirectedUSD": 906.530426597196, "efficiency": 0.8371690411941571, "platform": "votemarket"}]}