{"totalDepositedUSD": 3288.9476474163466, "globalAverageDollarPerVote": 0.01471167132232713, "globalAverageEfficiency": 1.229552715471279, "analytics": [{"gauge": "0xdc2df969ee5e66236b950f5c4c5f8abe62035df2", "nonBlacklistedVotes": 82086.24707306617, "nonBlacklistedVotesBreakdowns": [{"key": "42161-dd2f-f4c7-3", "nonBlacklistedVotes": 82086.24707306617}], "totalDeposited": 1141.212999327142, "dollarPerVote": 0.013902609024278227, "incentiveDirected": 1207.186738749321, "incentiveDirectedUSD": 1484.8396886616647, "efficiency": 1.3011065327306337, "platform": "votemarket"}, {"gauge": "0x7f49d37d0da53a4899bc0ba916f59ec9d4e6d1e2", "nonBlacklistedVotes": 86890.30572622964, "nonBlacklistedVotesBreakdowns": [{"key": "42161-dd2f-f4c7-10", "nonBlacklistedVotes": 86890.30572622964}], "totalDeposited": 999.7439999999999, "dollarPerVote": 0.011505817497638364, "incentiveDirected": 1277.8367697235806, "incentiveDirectedUSD": 1571.7392267600042, "efficiency": 1.572141695033933, "platform": "votemarket"}, {"gauge": "0x14c80b2822c908b9af601ccebe50124c050518ca", "nonBlacklistedVotes": 50156.218351554526, "nonBlacklistedVotesBreakdowns": [{"key": "42161-dd2f-f4c7-11", "nonBlacklistedVotes": 50156.218351554526}], "totalDeposited": 1147.990648089205, "dollarPerVote": 0.021589592305483997, "incentiveDirected": 737.6134714249679, "incentiveDirectedUSD": 907.2645698527106, "efficiency": 0.8378470129282392, "platform": "votemarket"}]}