{"totalDepositedUSD": 3283.7528925425418, "globalAverageDollarPerVote": 0.014687965352441735, "globalAverageEfficiency": 1.230092674261584, "analytics": [{"gauge": "0xdc2df969ee5e66236b950f5c4c5f8abe62035df2", "nonBlacklistedVotes": 82086.24707306617, "nonBlacklistedVotesBreakdowns": [{"key": "42161-dd2f-f4c7-3", "nonBlacklistedVotes": 82086.24707306617}], "totalDeposited": 1135.9632444533368, "dollarPerVote": 0.013838654889925705, "incentiveDirected": 1205.770794790553, "incentiveDirectedUSD": 1483.0980775923802, "efficiency": 1.3055863249396737, "platform": "votemarket"}, {"gauge": "0x7f49d37d0da53a4899bc0ba916f59ec9d4e6d1e2", "nonBlacklistedVotes": 86890.30572622964, "nonBlacklistedVotesBreakdowns": [{"key": "42161-dd2f-f4c7-10", "nonBlacklistedVotes": 86890.30572622964}], "totalDeposited": 999.799, "dollarPerVote": 0.01150645047964413, "incentiveDirected": 1276.3379583166095, "incentiveDirectedUSD": 1569.8956887294298, "efficiency": 1.570211301200971, "platform": "votemarket"}, {"gauge": "0x14c80b2822c908b9af601ccebe50124c050518ca", "nonBlacklistedVotes": 50156.218351554526, "nonBlacklistedVotesBreakdowns": [{"key": "42161-dd2f-f4c7-11", "nonBlacklistedVotes": 50156.218351554526}], "totalDeposited": 1147.990648089205, "dollarPerVote": 0.021589592305483997, "incentiveDirected": 736.7483034229965, "incentiveDirectedUSD": 906.2004132102858, "efficiency": 0.8368642781298462, "platform": "votemarket"}]}