{"totalDepositedUSD": 3280.4204594830503, "globalAverageDollarPerVote": 0.01467298232626452, "globalAverageEfficiency": 1.2312390414649435, "analytics": [{"gauge": "0xdc2df969ee5e66236b950f5c4c5f8abe62035df2", "nonBlacklistedVotes": 82086.24707306617, "nonBlacklistedVotesBreakdowns": [{"key": "42161-dd2f-f4c7-3", "nonBlacklistedVotes": 82086.24707306617}], "totalDeposited": 1133.4902194301392, "dollarPerVote": 0.013808527735726581, "incentiveDirected": 1205.6633562378006, "incentiveDirectedUSD": 1482.9659281724946, "efficiency": 1.3083182393210715, "platform": "votemarket"}, {"gauge": "0x7f49d37d0da53a4899bc0ba916f59ec9d4e6d1e2", "nonBlacklistedVotes": 86890.30572622964, "nonBlacklistedVotesBreakdowns": [{"key": "42161-dd2f-f4c7-10", "nonBlacklistedVotes": 86890.30572622964}], "totalDeposited": 999.8059999999999, "dollarPerVote": 0.011506531040990316, "incentiveDirected": 1276.224231973546, "incentiveDirectedUSD": 1569.7558053274613, "efficiency": 1.5700603970444882, "platform": "votemarket"}, {"gauge": "0x14c80b2822c908b9af601ccebe50124c050518ca", "nonBlacklistedVotes": 50156.218351554526, "nonBlacklistedVotesBreakdowns": [{"key": "42161-dd2f-f4c7-11", "nonBlacklistedVotes": 50156.218351554526}], "totalDeposited": 1147.1242400529113, "dollarPerVote": 0.021573298273555332, "incentiveDirected": 736.6826564759941, "incentiveDirectedUSD": 906.1196674654728, "efficiency": 0.8374217268838916, "platform": "votemarket"}]}