{"totalDepositedUSD": 4456.40482734487, "globalAverageDollarPerVote": 0.018041977532577747, "globalAverageEfficiency": 0.9717896595251905, "analytics": [{"gauge": "0xdc2df969ee5e66236b950f5c4c5f8abe62035df2", "nonBlacklistedVotes": 55814.610401447026, "nonBlacklistedVotesBreakdowns": [{"key": "42161-dd2f-f4c7-3", "nonBlacklistedVotes": 55814.610401447026}], "totalDeposited": 1036.6058273448698, "dollarPerVote": 0.016246840000000002, "incentiveDirected": 802.1294805177221, "incentiveDirectedUSD": 978.5979662316208, "efficiency": 0.9440405797622916, "platform": "votemarket"}, {"gauge": "0x7f49d37d0da53a4899bc0ba916f59ec9d4e6d1e2", "nonBlacklistedVotes": 62805.59743925635, "nonBlacklistedVotesBreakdowns": [{"key": "42161-dd2f-f4c7-12", "nonBlacklistedVotes": 62805.59743925635}], "totalDeposited": 999.799, "dollarPerVote": 0.015918947367182915, "incentiveDirected": 902.5991740372301, "incentiveDirectedUSD": 1101.1709923254205, "efficiency": 1.1013923721922312, "platform": "votemarket"}, {"gauge": "0x183d73da7adc5011ec3c46e33bb50271e59ec976", "nonBlacklistedVotes": 121187.76426447424, "nonBlacklistedVotesBreakdowns": [{"key": "42161-dd2f-f4c7-13", "nonBlacklistedVotes": 121187.76426447424}], "totalDeposited": 2420.0, "dollarPerVote": 0.019969012669618282, "incentiveDirected": 1741.627822811905, "incentiveDirectedUSD": 2124.785943830524, "efficiency": 0.8780107205911256, "platform": "votemarket"}]}