{"totalDepositedUSD": 4497.154231166462, "globalAverageDollarPerVote": 0.018208851127152082, "globalAverageEfficiency": 0.9632557581582889, "analytics": [{"gauge": "0xdc2df969ee5e66236b950f5c4c5f8abe62035df2", "nonBlacklistedVotes": 55814.610401447026, "nonBlacklistedVotesBreakdowns": [{"key": "42161-dd2f-f4c7-3", "nonBlacklistedVotes": 55814.610401447026}], "totalDeposited": 1042.4502311664617, "dollarPerVote": 0.016338440000000003, "incentiveDirected": 802.4393657111665, "incentiveDirectedUSD": 978.976026167623, "efficiency": 0.9391105655683788, "platform": "votemarket"}, {"gauge": "0x7f49d37d0da53a4899bc0ba916f59ec9d4e6d1e2", "nonBlacklistedVotes": 62805.59743925635, "nonBlacklistedVotesBreakdowns": [{"key": "42161-dd2f-f4c7-12", "nonBlacklistedVotes": 62805.59743925635}], "totalDeposited": 999.7040000000001, "dollarPerVote": 0.015917434763149624, "incentiveDirected": 902.9478735008986, "incentiveDirectedUSD": 1101.5964056710961, "efficiency": 1.101922574753223, "platform": "votemarket"}, {"gauge": "0x183d73da7adc5011ec3c46e33bb50271e59ec976", "nonBlacklistedVotes": 121187.76426447424, "nonBlacklistedVotesBreakdowns": [{"key": "42161-dd2f-f4c7-13", "nonBlacklistedVotes": 121187.76426447424}], "totalDeposited": 2455.0, "dollarPerVote": 0.020257820704096232, "incentiveDirected": 1742.300662656205, "incentiveDirectedUSD": 2125.60680844057, "efficiency": 0.8658276205460571, "platform": "votemarket"}]}