{"totalDepositedUSD": 4510.966966897376, "globalAverageDollarPerVote": 0.01825793392827707, "globalAverageEfficiency": 0.9679093818149462, "analytics": [{"gauge": "0xdc2df969ee5e66236b950f5c4c5f8abe62035df2", "nonBlacklistedVotes": 55814.610401447026, "nonBlacklistedVotesBreakdowns": [{"key": "42161-dd2f-f4c7-3", "nonBlacklistedVotes": 55814.610401447026}], "totalDeposited": 1058.7609668973755, "dollarPerVote": 0.01659408, "incentiveDirected": 801.9164395255772, "incentiveDirectedUSD": 986.35722061646, "efficiency": 0.9316146433948264, "platform": "votemarket"}, {"gauge": "0x7f49d37d0da53a4899bc0ba916f59ec9d4e6d1e2", "nonBlacklistedVotes": 62805.59743925635, "nonBlacklistedVotesBreakdowns": [{"key": "42161-dd2f-f4c7-12", "nonBlacklistedVotes": 62805.59743925635}], "totalDeposited": 999.706, "dollarPerVote": 0.01591746660744506, "incentiveDirected": 902.359448870388, "incentiveDirectedUSD": 1109.9021221105772, "efficiency": 1.1102285292981908, "platform": "votemarket"}, {"gauge": "0x183d73da7adc5011ec3c46e33bb50271e59ec976", "nonBlacklistedVotes": 121187.76426447424, "nonBlacklistedVotesBreakdowns": [{"key": "42161-dd2f-f4c7-13", "nonBlacklistedVotes": 121187.76426447424}], "totalDeposited": 2452.5, "dollarPerVote": 0.02023719155877638, "incentiveDirected": 1741.1652564453386, "incentiveDirectedUSD": 2141.6332654277667, "efficiency": 0.873244960419069, "platform": "votemarket"}]}