{"totalDepositedUSD": 4456.39282734487, "globalAverageDollarPerVote": 0.018041927492539904, "globalAverageEfficiency": 0.9717835192762195, "analytics": [{"gauge": "0xdc2df969ee5e66236b950f5c4c5f8abe62035df2", "nonBlacklistedVotes": 55814.610401447026, "nonBlacklistedVotesBreakdowns": [{"key": "42161-dd2f-f4c7-3", "nonBlacklistedVotes": 55814.610401447026}], "totalDeposited": 1036.6058273448698, "dollarPerVote": 0.016246840000000002, "incentiveDirected": 802.1221875465774, "incentiveDirectedUSD": 978.5890688068243, "efficiency": 0.9440319965336798, "platform": "votemarket"}, {"gauge": "0x7f49d37d0da53a4899bc0ba916f59ec9d4e6d1e2", "nonBlacklistedVotes": 62805.59743925635, "nonBlacklistedVotesBreakdowns": [{"key": "42161-dd2f-f4c7-12", "nonBlacklistedVotes": 62805.59743925635}], "totalDeposited": 999.787, "dollarPerVote": 0.015918756301410292, "incentiveDirected": 902.5909675943909, "incentiveDirectedUSD": 1101.1609804651569, "efficiency": 1.1013955777232118, "platform": "votemarket"}, {"gauge": "0x183d73da7adc5011ec3c46e33bb50271e59ec976", "nonBlacklistedVotes": 121187.76426447424, "nonBlacklistedVotesBreakdowns": [{"key": "42161-dd2f-f4c7-13", "nonBlacklistedVotes": 121187.76426447424}], "totalDeposited": 2420.0, "dollarPerVote": 0.019969012669618282, "incentiveDirected": 1741.6119879102275, "incentiveDirectedUSD": 2124.7666252504773, "efficiency": 0.8780027377068088, "platform": "votemarket"}]}