{"totalDepositedUSD": 4467.533395953263, "globalAverageDollarPerVote": 0.01808513626550508, "globalAverageEfficiency": 0.9698095067316999, "analytics": [{"gauge": "0xdc2df969ee5e66236b950f5c4c5f8abe62035df2", "nonBlacklistedVotes": 55814.610401447026, "nonBlacklistedVotesBreakdowns": [{"key": "42161-dd2f-f4c7-3", "nonBlacklistedVotes": 55814.610401447026}], "totalDeposited": 1042.8253959532624, "dollarPerVote": 0.016344320000000002, "incentiveDirected": 802.409920445757, "incentiveDirectedUSD": 978.9401029438237, "efficiency": 0.9387382650467194, "platform": "votemarket"}, {"gauge": "0x7f49d37d0da53a4899bc0ba916f59ec9d4e6d1e2", "nonBlacklistedVotes": 62805.59743925635, "nonBlacklistedVotesBreakdowns": [{"key": "42161-dd2f-f4c7-12", "nonBlacklistedVotes": 62805.59743925635}], "totalDeposited": 999.7080000000001, "dollarPerVote": 0.0159174984517405, "incentiveDirected": 902.914740106748, "incentiveDirectedUSD": 1101.5559829302326, "efficiency": 1.101877731227751, "platform": "votemarket"}, {"gauge": "0x183d73da7adc5011ec3c46e33bb50271e59ec976", "nonBlacklistedVotes": 121187.76426447424, "nonBlacklistedVotesBreakdowns": [{"key": "42161-dd2f-f4c7-13", "nonBlacklistedVotes": 121187.76426447424}], "totalDeposited": 2425.0, "dollarPerVote": 0.02001027096025799, "incentiveDirected": 1742.2367294699397, "incentiveDirectedUSD": 2125.5288099533263, "efficiency": 0.8765067257539491, "platform": "votemarket"}]}