{"totalDepositedUSD": 4441.312827344869, "globalAverageDollarPerVote": 0.01797904384497965, "globalAverageEfficiency": 0.9751913783963939, "analytics": [{"gauge": "0xdc2df969ee5e66236b950f5c4c5f8abe62035df2", "nonBlacklistedVotes": 55814.610401447026, "nonBlacklistedVotesBreakdowns": [{"key": "42161-dd2f-f4c7-3", "nonBlacklistedVotes": 55814.610401447026}], "totalDeposited": 1036.6058273448698, "dollarPerVote": 0.016246840000000002, "incentiveDirected": 802.1295420917618, "incentiveDirectedUSD": 978.5980413519494, "efficiency": 0.944040652229884, "platform": "votemarket"}, {"gauge": "0x7f49d37d0da53a4899bc0ba916f59ec9d4e6d1e2", "nonBlacklistedVotes": 62805.59743925635, "nonBlacklistedVotesBreakdowns": [{"key": "42161-dd2f-f4c7-12", "nonBlacklistedVotes": 62805.59743925635}], "totalDeposited": 999.707, "dollarPerVote": 0.01591748252959278, "incentiveDirected": 902.5992433236466, "incentiveDirectedUSD": 1101.171076854849, "efficiency": 1.10149381454251, "platform": "votemarket"}, {"gauge": "0x183d73da7adc5011ec3c46e33bb50271e59ec976", "nonBlacklistedVotes": 121187.76426447424, "nonBlacklistedVotesBreakdowns": [{"key": "42161-dd2f-f4c7-13", "nonBlacklistedVotes": 121187.76426447424}], "totalDeposited": 2405.0, "dollarPerVote": 0.019845237797699162, "incentiveDirected": 1741.62795650486, "incentiveDirectedUSD": 2124.786106935929, "efficiency": 0.8834869467509061, "platform": "votemarket"}]}