{"totalDepositedUSD": 4462.530395953262, "globalAverageDollarPerVote": 0.01806427373972631, "globalAverageEfficiency": 0.9641167278759523, "analytics": [{"gauge": "0xdc2df969ee5e66236b950f5c4c5f8abe62035df2", "nonBlacklistedVotes": 55814.610401447026, "nonBlacklistedVotesBreakdowns": [{"key": "42161-dd2f-f4c7-3", "nonBlacklistedVotes": 55814.610401447026}], "totalDeposited": 1042.8253959532624, "dollarPerVote": 0.016344320000000002, "incentiveDirected": 803.3645268271094, "incentiveDirectedUSD": 972.0710774608025, "efficiency": 0.9321513277610751, "platform": "votemarket"}, {"gauge": "0x7f49d37d0da53a4899bc0ba916f59ec9d4e6d1e2", "nonBlacklistedVotes": 62805.59743925635, "nonBlacklistedVotesBreakdowns": [{"key": "42161-dd2f-f4c7-12", "nonBlacklistedVotes": 62805.59743925635}], "totalDeposited": 999.7049999999999, "dollarPerVote": 0.01591745068529734, "incentiveDirected": 903.9889144791739, "incentiveDirectedUSD": 1093.8265865198002, "efficiency": 1.0941493605811718, "platform": "votemarket"}, {"gauge": "0x183d73da7adc5011ec3c46e33bb50271e59ec976", "nonBlacklistedVotes": 121187.76426447424, "nonBlacklistedVotesBreakdowns": [{"key": "42161-dd2f-f4c7-13", "nonBlacklistedVotes": 121187.76426447424}], "totalDeposited": 2420.0, "dollarPerVote": 0.019969012669618282, "incentiveDirected": 1744.3094235598317, "incentiveDirectedUSD": 2110.614402507396, "efficiency": 0.8721547117799157, "platform": "votemarket"}]}