{"totalDepositedUSD": 4005.4233846864354, "globalAverageDollarPerVote": 0.017036682561781393, "globalAverageEfficiency": 0.9752626642334461, "analytics": [{"gauge": "0xdc2df969ee5e66236b950f5c4c5f8abe62035df2", "nonBlacklistedVotes": 54720.18071765531, "nonBlacklistedVotesBreakdowns": [{"key": "42161-dd2f-f4c7-3", "nonBlacklistedVotes": 54720.18071765531}], "totalDeposited": 833.2653846864354, "dollarPerVote": 0.015227752791715189, "incentiveDirected": 797.5341743139932, "incentiveDirectedUSD": 909.1889587179522, "efficiency": 1.0911157182655409, "platform": "votemarket"}, {"gauge": "0x7f49d37d0da53a4899bc0ba916f59ec9d4e6d1e2", "nonBlacklistedVotes": 61574.11513517209, "nonBlacklistedVotesBreakdowns": [{"key": "42161-dd2f-f4c7-12", "nonBlacklistedVotes": 61574.11513517209}], "totalDeposited": 999.658, "dollarPerVote": 0.016235036391598585, "incentiveDirected": 897.4287078258833, "incentiveDirectedUSD": 1023.0687269215069, "efficiency": 1.023418736129263, "platform": "votemarket"}, {"gauge": "0x183d73da7adc5011ec3c46e33bb50271e59ec976", "nonBlacklistedVotes": 118811.53359262181, "nonBlacklistedVotesBreakdowns": [{"key": "42161-dd2f-f4c7-13", "nonBlacklistedVotes": 118811.53359262181}], "totalDeposited": 2172.5, "dollarPerVote": 0.018285261828611832, "incentiveDirected": 1731.6510490287556, "incentiveDirectedUSD": 1974.082195892781, "efficiency": 0.9086684445996691, "platform": "votemarket"}]}