{"totalDepositedUSD": 4004.6759173289383, "globalAverageDollarPerVote": 0.017033503281372823, "globalAverageEfficiency": 0.9755241523516266, "analytics": [{"gauge": "0xdc2df969ee5e66236b950f5c4c5f8abe62035df2", "nonBlacklistedVotes": 54720.18071765531, "nonBlacklistedVotesBreakdowns": [{"key": "42161-dd2f-f4c7-3", "nonBlacklistedVotes": 54720.18071765531}], "totalDeposited": 835.0219173289383, "dollarPerVote": 0.01525985306293992, "incentiveDirected": 797.599138939942, "incentiveDirectedUSD": 909.2630183915338, "efficiency": 1.0889091645642994, "platform": "votemarket"}, {"gauge": "0x7f49d37d0da53a4899bc0ba916f59ec9d4e6d1e2", "nonBlacklistedVotes": 61574.11513517209, "nonBlacklistedVotesBreakdowns": [{"key": "42161-dd2f-f4c7-12", "nonBlacklistedVotes": 61574.11513517209}], "totalDeposited": 999.654, "dollarPerVote": 0.016234971429235887, "incentiveDirected": 897.501809546408, "incentiveDirectedUSD": 1023.152062882905, "efficiency": 1.0235061960267304, "platform": "votemarket"}, {"gauge": "0x183d73da7adc5011ec3c46e33bb50271e59ec976", "nonBlacklistedVotes": 118811.53359262181, "nonBlacklistedVotesBreakdowns": [{"key": "42161-dd2f-f4c7-13", "nonBlacklistedVotes": 118811.53359262181}], "totalDeposited": 2170.0, "dollarPerVote": 0.018264220100385583, "incentiveDirected": 1731.792103877936, "incentiveDirectedUSD": 1974.2429984208466, "efficiency": 0.9097894001939385, "platform": "votemarket"}]}