{"totalDepositedUSD": 4012.9693846864357, "globalAverageDollarPerVote": 0.017068778745945774, "globalAverageEfficiency": 0.966161621669286, "analytics": [{"gauge": "0xdc2df969ee5e66236b950f5c4c5f8abe62035df2", "nonBlacklistedVotes": 54720.18071765531, "nonBlacklistedVotesBreakdowns": [{"key": "42161-dd2f-f4c7-3", "nonBlacklistedVotes": 54720.18071765531}], "totalDeposited": 833.2653846864354, "dollarPerVote": 0.015227752791715189, "incentiveDirected": 798.5852981984846, "incentiveDirectedUSD": 902.4013869642874, "efficiency": 1.0829699679698905, "platform": "votemarket"}, {"gauge": "0x7f49d37d0da53a4899bc0ba916f59ec9d4e6d1e2", "nonBlacklistedVotes": 61574.11513517209, "nonBlacklistedVotesBreakdowns": [{"key": "42161-dd2f-f4c7-12", "nonBlacklistedVotes": 61574.11513517209}], "totalDeposited": 999.7040000000001, "dollarPerVote": 0.01623578345876957, "incentiveDirected": 898.6114894292365, "incentiveDirectedUSD": 1015.4309830550371, "efficiency": 1.0157316396203646, "platform": "votemarket"}, {"gauge": "0x183d73da7adc5011ec3c46e33bb50271e59ec976", "nonBlacklistedVotes": 118811.53359262181, "nonBlacklistedVotesBreakdowns": [{"key": "42161-dd2f-f4c7-13", "nonBlacklistedVotes": 118811.53359262181}], "totalDeposited": 2180.0, "dollarPerVote": 0.018348387013290585, "incentiveDirected": 1733.9333083172733, "incentiveDirectedUSD": 1959.344638398519, "efficiency": 0.8987819442195041, "platform": "votemarket"}]}