{"totalDepositedUSD": 3987.2259173289385, "globalAverageDollarPerVote": 0.01695928138716816, "globalAverageEfficiency": 0.9797935107505455, "analytics": [{"gauge": "0xdc2df969ee5e66236b950f5c4c5f8abe62035df2", "nonBlacklistedVotes": 54720.18071765531, "nonBlacklistedVotesBreakdowns": [{"key": "42161-dd2f-f4c7-3", "nonBlacklistedVotes": 54720.18071765531}], "totalDeposited": 835.0219173289383, "dollarPerVote": 0.01525985306293992, "incentiveDirected": 797.599138939942, "incentiveDirectedUSD": 909.2630183915338, "efficiency": 1.0889091645642994, "platform": "votemarket"}, {"gauge": "0x7f49d37d0da53a4899bc0ba916f59ec9d4e6d1e2", "nonBlacklistedVotes": 61574.11513517209, "nonBlacklistedVotesBreakdowns": [{"key": "42161-dd2f-f4c7-12", "nonBlacklistedVotes": 61574.11513517209}], "totalDeposited": 999.7040000000001, "dollarPerVote": 0.01623578345876957, "incentiveDirected": 897.501809546408, "incentiveDirectedUSD": 1023.152062882905, "efficiency": 1.0234550055645522, "platform": "votemarket"}, {"gauge": "0x183d73da7adc5011ec3c46e33bb50271e59ec976", "nonBlacklistedVotes": 118811.53359262181, "nonBlacklistedVotesBreakdowns": [{"key": "42161-dd2f-f4c7-13", "nonBlacklistedVotes": 118811.53359262181}], "totalDeposited": 2152.5, "dollarPerVote": 0.018116928002801826, "incentiveDirected": 1731.792103877936, "incentiveDirectedUSD": 1974.2429984208466, "efficiency": 0.9171860619841332, "platform": "votemarket"}]}