{"totalDepositedUSD": 3995.440384686435, "globalAverageDollarPerVote": 0.01699422083285044, "globalAverageEfficiency": 0.9776994537333867, "analytics": [{"gauge": "0xdc2df969ee5e66236b950f5c4c5f8abe62035df2", "nonBlacklistedVotes": 54720.18071765531, "nonBlacklistedVotesBreakdowns": [{"key": "42161-dd2f-f4c7-3", "nonBlacklistedVotes": 54720.18071765531}], "totalDeposited": 833.2653846864354, "dollarPerVote": 0.015227752791715189, "incentiveDirected": 797.5341743139932, "incentiveDirectedUSD": 909.1889587179522, "efficiency": 1.0911157182655409, "platform": "votemarket"}, {"gauge": "0x7f49d37d0da53a4899bc0ba916f59ec9d4e6d1e2", "nonBlacklistedVotes": 61574.11513517209, "nonBlacklistedVotesBreakdowns": [{"key": "42161-dd2f-f4c7-12", "nonBlacklistedVotes": 61574.11513517209}], "totalDeposited": 999.675, "dollarPerVote": 0.016235312481640035, "incentiveDirected": 897.4287078258833, "incentiveDirectedUSD": 1023.0687269215069, "efficiency": 1.0234013323545221, "platform": "votemarket"}, {"gauge": "0x183d73da7adc5011ec3c46e33bb50271e59ec976", "nonBlacklistedVotes": 118811.53359262181, "nonBlacklistedVotesBreakdowns": [{"key": "42161-dd2f-f4c7-13", "nonBlacklistedVotes": 118811.53359262181}], "totalDeposited": 2162.5, "dollarPerVote": 0.01820109491570683, "incentiveDirected": 1731.6510490287556, "incentiveDirectedUSD": 1974.082195892781, "efficiency": 0.9128703796035982, "platform": "votemarket"}]}