{"totalDepositedUSD": 3982.9862186091746, "globalAverageDollarPerVote": 0.016941248237034176, "globalAverageEfficiency": 0.9805286202843616, "analytics": [{"gauge": "0xdc2df969ee5e66236b950f5c4c5f8abe62035df2", "nonBlacklistedVotes": 54720.18071765531, "nonBlacklistedVotesBreakdowns": [{"key": "42161-dd2f-f4c7-3", "nonBlacklistedVotes": 54720.18071765531}], "totalDeposited": 830.7812186091746, "dollarPerVote": 0.0151823551697651, "incentiveDirected": 797.3488137747014, "incentiveDirectedUSD": 908.9776477031596, "efficiency": 1.0941239731260355, "platform": "votemarket"}, {"gauge": "0x7f49d37d0da53a4899bc0ba916f59ec9d4e6d1e2", "nonBlacklistedVotes": 61574.11513517209, "nonBlacklistedVotesBreakdowns": [{"key": "42161-dd2f-f4c7-12", "nonBlacklistedVotes": 61574.11513517209}], "totalDeposited": 999.7049999999999, "dollarPerVote": 0.016235799699360242, "incentiveDirected": 897.2201300938989, "incentiveDirectedUSD": 1022.8309483070447, "efficiency": 1.0231327724749248, "platform": "votemarket"}, {"gauge": "0x183d73da7adc5011ec3c46e33bb50271e59ec976", "nonBlacklistedVotes": 118811.53359262181, "nonBlacklistedVotesBreakdowns": [{"key": "42161-dd2f-f4c7-13", "nonBlacklistedVotes": 118811.53359262181}], "totalDeposited": 2152.5, "dollarPerVote": 0.018116928002801826, "incentiveDirected": 1731.248583801997, "incentiveDirectedUSD": 1973.6233855342762, "efficiency": 0.9168982046616847, "platform": "votemarket"}]}