{"totalDepositedUSD": 3982.9862186091746, "globalAverageDollarPerVote": 0.016941248237034176, "globalAverageEfficiency": 0.980528494216748, "analytics": [{"gauge": "0xdc2df969ee5e66236b950f5c4c5f8abe62035df2", "nonBlacklistedVotes": 54720.18071765531, "nonBlacklistedVotesBreakdowns": [{"key": "42161-dd2f-f4c7-3", "nonBlacklistedVotes": 54720.18071765531}], "totalDeposited": 830.7812186091746, "dollarPerVote": 0.0151823551697651, "incentiveDirected": 797.3487112587115, "incentiveDirectedUSD": 908.9775308349311, "efficiency": 1.094123832453346, "platform": "votemarket"}, {"gauge": "0x7f49d37d0da53a4899bc0ba916f59ec9d4e6d1e2", "nonBlacklistedVotes": 61574.11513517209, "nonBlacklistedVotesBreakdowns": [{"key": "42161-dd2f-f4c7-12", "nonBlacklistedVotes": 61574.11513517209}], "totalDeposited": 999.7049999999999, "dollarPerVote": 0.016235799699360242, "incentiveDirected": 897.220014737347, "incentiveDirectedUSD": 1022.8308168005756, "efficiency": 1.02313264092965, "platform": "votemarket"}, {"gauge": "0x183d73da7adc5011ec3c46e33bb50271e59ec976", "nonBlacklistedVotes": 118811.53359262181, "nonBlacklistedVotesBreakdowns": [{"key": "42161-dd2f-f4c7-13", "nonBlacklistedVotes": 118811.53359262181}], "totalDeposited": 2152.5, "dollarPerVote": 0.018116928002801826, "incentiveDirected": 1731.2483612135147, "incentiveDirectedUSD": 1973.6231317834065, "efficiency": 0.9168980867751018, "platform": "votemarket"}]}