{"totalDepositedUSD": 3987.1899173289385, "globalAverageDollarPerVote": 0.016959128264635703, "globalAverageEfficiency": 0.9798023440048511, "analytics": [{"gauge": "0xdc2df969ee5e66236b950f5c4c5f8abe62035df2", "nonBlacklistedVotes": 54720.18071765531, "nonBlacklistedVotesBreakdowns": [{"key": "42161-dd2f-f4c7-3", "nonBlacklistedVotes": 54720.18071765531}], "totalDeposited": 835.0219173289383, "dollarPerVote": 0.01525985306293992, "incentiveDirected": 797.5991281797037, "incentiveDirectedUSD": 909.2630061248622, "efficiency": 1.0889091498740604, "platform": "votemarket"}, {"gauge": "0x7f49d37d0da53a4899bc0ba916f59ec9d4e6d1e2", "nonBlacklistedVotes": 61574.11513517209, "nonBlacklistedVotesBreakdowns": [{"key": "42161-dd2f-f4c7-12", "nonBlacklistedVotes": 61574.11513517209}], "totalDeposited": 999.668, "dollarPerVote": 0.016235198797505318, "incentiveDirected": 897.5017974384044, "incentiveDirectedUSD": 1023.1520490797809, "efficiency": 1.023491848373441, "platform": "votemarket"}, {"gauge": "0x183d73da7adc5011ec3c46e33bb50271e59ec976", "nonBlacklistedVotes": 118811.53359262181, "nonBlacklistedVotesBreakdowns": [{"key": "42161-dd2f-f4c7-13", "nonBlacklistedVotes": 118811.53359262181}], "totalDeposited": 2152.5, "dollarPerVote": 0.018116928002801826, "incentiveDirected": 1731.7920805147016, "incentiveDirectedUSD": 1974.2429717867594, "efficiency": 0.9171860496105735, "platform": "votemarket"}]}