{"totalDepositedUSD": 2350.8844062675125, "globalAverageDollarPerVote": 0.010765683564994265, "globalAverageEfficiency": 1.5343122349461762, "analytics": [{"gauge": "0xdc2df969ee5e66236b950f5c4c5f8abe62035df2", "nonBlacklistedVotes": 68730.0901473965, "nonBlacklistedVotesBreakdowns": [{"key": "42161-dd2f-f4c7-3", "nonBlacklistedVotes": 68730.0901473965}], "totalDeposited": 851.3209062675126, "dollarPerVote": 0.012386436631201779, "incentiveDirected": 987.1983751531936, "incentiveDirectedUSD": 1135.2781314261726, "efficiency": 1.333548986132183, "platform": "votemarket"}, {"gauge": "0x7f49d37d0da53a4899bc0ba916f59ec9d4e6d1e2", "nonBlacklistedVotes": 149638.24587834894, "nonBlacklistedVotesBreakdowns": [{"key": "42161-dd2f-f4c7-14", "nonBlacklistedVotes": 149638.24587834894}], "totalDeposited": 1499.5635, "dollarPerVote": 0.010021258209743361, "incentiveDirected": 2149.315283525434, "incentiveDirectedUSD": 2471.7125760542485, "efficiency": 1.6482880358545995, "platform": "votemarket"}]}