{"totalDepositedUSD": 2346.8187916452307, "globalAverageDollarPerVote": 0.010747065414138352, "globalAverageEfficiency": 1.5384395764473175, "analytics": [{"gauge": "0xdc2df969ee5e66236b950f5c4c5f8abe62035df2", "nonBlacklistedVotes": 68730.0901473965, "nonBlacklistedVotesBreakdowns": [{"key": "42161-dd2f-f4c7-3", "nonBlacklistedVotes": 68730.0901473965}], "totalDeposited": 847.1082916452306, "dollarPerVote": 0.012325144486622195, "incentiveDirected": 988.1421141438998, "incentiveDirectedUSD": 1136.3634312654847, "efficiency": 1.3414618207295206, "platform": "votemarket"}, {"gauge": "0x7f49d37d0da53a4899bc0ba916f59ec9d4e6d1e2", "nonBlacklistedVotes": 149638.24587834894, "nonBlacklistedVotesBreakdowns": [{"key": "42161-dd2f-f4c7-14", "nonBlacklistedVotes": 149638.24587834894}], "totalDeposited": 1499.7105, "dollarPerVote": 0.010022240578917345, "incentiveDirected": 2151.3699796102696, "incentiveDirectedUSD": 2474.07547655181, "efficiency": 1.6497020435289413, "platform": "votemarket"}]}