{"totalDepositedUSD": 2351.0359062675125, "globalAverageDollarPerVote": 0.010766377346898533, "globalAverageEfficiency": 1.5341936332049488, "analytics": [{"gauge": "0xdc2df969ee5e66236b950f5c4c5f8abe62035df2", "nonBlacklistedVotes": 68730.0901473965, "nonBlacklistedVotesBreakdowns": [{"key": "42161-dd2f-f4c7-3", "nonBlacklistedVotes": 68730.0901473965}], "totalDeposited": 851.3209062675126, "dollarPerVote": 0.012386436631201779, "incentiveDirected": 987.1856790299666, "incentiveDirectedUSD": 1135.2635308844617, "efficiency": 1.333531835676223, "platform": "votemarket"}, {"gauge": "0x7f49d37d0da53a4899bc0ba916f59ec9d4e6d1e2", "nonBlacklistedVotes": 149638.24587834894, "nonBlacklistedVotesBreakdowns": [{"key": "42161-dd2f-f4c7-14", "nonBlacklistedVotes": 149638.24587834894}], "totalDeposited": 1499.715, "dollarPerVote": 0.01002227065144308, "incentiveDirected": 2149.287641693377, "incentiveDirectedUSD": 2471.680787947383, "efficiency": 1.6481003310278173, "platform": "votemarket"}]}