{"totalDepositedUSD": 2351.112052360416, "globalAverageDollarPerVote": 0.010766726051725841, "globalAverageEfficiency": 1.5358574407558538, "analytics": [{"gauge": "0xdc2df969ee5e66236b950f5c4c5f8abe62035df2", "nonBlacklistedVotes": 68730.0901473965, "nonBlacklistedVotesBreakdowns": [{"key": "42161-dd2f-f4c7-3", "nonBlacklistedVotes": 68730.0901473965}], "totalDeposited": 851.400052360416, "dollarPerVote": 0.012387588180584788, "incentiveDirected": 988.2882734824054, "incentiveDirectedUSD": 1136.5315145047662, "efficiency": 1.3348971630361703, "platform": "votemarket"}, {"gauge": "0x7f49d37d0da53a4899bc0ba916f59ec9d4e6d1e2", "nonBlacklistedVotes": 149638.24587834894, "nonBlacklistedVotesBreakdowns": [{"key": "42161-dd2f-f4c7-14", "nonBlacklistedVotes": 149638.24587834894}], "totalDeposited": 1499.712, "dollarPerVote": 0.01002225060309259, "incentiveDirected": 2151.6881957945616, "incentiveDirectedUSD": 2474.4414251637454, "efficiency": 1.649944406101802, "platform": "votemarket"}]}