{"totalDepositedUSD": 2344.9611838008964, "globalAverageDollarPerVote": 0.010738558650391637, "globalAverageEfficiency": 1.5380228512116376, "analytics": [{"gauge": "0xdc2df969ee5e66236b950f5c4c5f8abe62035df2", "nonBlacklistedVotes": 68730.0901473965, "nonBlacklistedVotesBreakdowns": [{"key": "42161-dd2f-f4c7-3", "nonBlacklistedVotes": 68730.0901473965}], "totalDeposited": 845.3721838008963, "dollarPerVote": 0.012299884693704553, "incentiveDirected": 987.092505835406, "incentiveDirectedUSD": 1135.1563817107167, "efficiency": 1.3427888963733292, "platform": "votemarket"}, {"gauge": "0x7f49d37d0da53a4899bc0ba916f59ec9d4e6d1e2", "nonBlacklistedVotes": 149638.24587834894, "nonBlacklistedVotesBreakdowns": [{"key": "42161-dd2f-f4c7-14", "nonBlacklistedVotes": 149638.24587834894}], "totalDeposited": 1499.589, "dollarPerVote": 0.010021428620722521, "incentiveDirected": 2149.0847862429173, "incentiveDirectedUSD": 2471.447504179355, "efficiency": 1.6480832442618312, "platform": "votemarket"}]}