{"totalDepositedUSD": 2346.8127916452304, "globalAverageDollarPerVote": 0.010747037937627293, "globalAverageEfficiency": 1.5386976112227246, "analytics": [{"gauge": "0xdc2df969ee5e66236b950f5c4c5f8abe62035df2", "nonBlacklistedVotes": 68730.0901473965, "nonBlacklistedVotesBreakdowns": [{"key": "42161-dd2f-f4c7-3", "nonBlacklistedVotes": 68730.0901473965}], "totalDeposited": 847.1082916452306, "dollarPerVote": 0.012325144486622195, "incentiveDirected": 988.3053235186736, "incentiveDirectedUSD": 1136.5511220464748, "efficiency": 1.3416833871842953, "platform": "votemarket"}, {"gauge": "0x7f49d37d0da53a4899bc0ba916f59ec9d4e6d1e2", "nonBlacklistedVotes": 149638.24587834894, "nonBlacklistedVotesBreakdowns": [{"key": "42161-dd2f-f4c7-14", "nonBlacklistedVotes": 149638.24587834894}], "totalDeposited": 1499.7045, "dollarPerVote": 0.010022200482216368, "incentiveDirected": 2151.725316908674, "incentiveDirectedUSD": 2474.484114444975, "efficiency": 1.6499811225777978, "platform": "votemarket"}]}