{"totalDepositedUSD": 2345.0781838008966, "globalAverageDollarPerVote": 0.010739094442357312, "globalAverageEfficiency": 1.5379448848480755, "analytics": [{"gauge": "0xdc2df969ee5e66236b950f5c4c5f8abe62035df2", "nonBlacklistedVotes": 68730.0901473965, "nonBlacklistedVotesBreakdowns": [{"key": "42161-dd2f-f4c7-3", "nonBlacklistedVotes": 68730.0901473965}], "totalDeposited": 845.3721838008963, "dollarPerVote": 0.012299884693704553, "incentiveDirected": 987.0917152687442, "incentiveDirectedUSD": 1135.1554725590559, "efficiency": 1.342787820927888, "platform": "votemarket"}, {"gauge": "0x7f49d37d0da53a4899bc0ba916f59ec9d4e6d1e2", "nonBlacklistedVotes": 149638.24587834894, "nonBlacklistedVotesBreakdowns": [{"key": "42161-dd2f-f4c7-14", "nonBlacklistedVotes": 149638.24587834894}], "totalDeposited": 1499.7060000000001, "dollarPerVote": 0.010022210506391613, "incentiveDirected": 2149.0830650316075, "incentiveDirectedUSD": 2471.445524786348, "efficiency": 1.647953348713913, "platform": "votemarket"}]}