{"totalDepositedUSD": 2346.7062916452305, "globalAverageDollarPerVote": 0.010746550229555974, "globalAverageEfficiency": 1.5385133285197294, "analytics": [{"gauge": "0xdc2df969ee5e66236b950f5c4c5f8abe62035df2", "nonBlacklistedVotes": 68730.0901473965, "nonBlacklistedVotesBreakdowns": [{"key": "42161-dd2f-f4c7-3", "nonBlacklistedVotes": 68730.0901473965}], "totalDeposited": 847.1082916452306, "dollarPerVote": 0.012325144486622195, "incentiveDirected": 988.1421141438998, "incentiveDirectedUSD": 1136.3634312654847, "efficiency": 1.3414618207295206, "platform": "votemarket"}, {"gauge": "0x7f49d37d0da53a4899bc0ba916f59ec9d4e6d1e2", "nonBlacklistedVotes": 149638.24587834894, "nonBlacklistedVotesBreakdowns": [{"key": "42161-dd2f-f4c7-14", "nonBlacklistedVotes": 149638.24587834894}], "totalDeposited": 1499.598, "dollarPerVote": 0.01002148876577399, "incentiveDirected": 2151.3699796102696, "incentiveDirectedUSD": 2474.07547655181, "efficiency": 1.649825804350106, "platform": "votemarket"}]}