{"totalDepositedUSD": 2344.940183800896, "globalAverageDollarPerVote": 0.010738462482602925, "globalAverageEfficiency": 1.5380353930817505, "analytics": [{"gauge": "0xdc2df969ee5e66236b950f5c4c5f8abe62035df2", "nonBlacklistedVotes": 68730.0901473965, "nonBlacklistedVotesBreakdowns": [{"key": "42161-dd2f-f4c7-3", "nonBlacklistedVotes": 68730.0901473965}], "totalDeposited": 845.3721838008963, "dollarPerVote": 0.012299884693704553, "incentiveDirected": 987.0917152687442, "incentiveDirectedUSD": 1135.1554725590559, "efficiency": 1.342787820927888, "platform": "votemarket"}, {"gauge": "0x7f49d37d0da53a4899bc0ba916f59ec9d4e6d1e2", "nonBlacklistedVotes": 149638.24587834894, "nonBlacklistedVotesBreakdowns": [{"key": "42161-dd2f-f4c7-14", "nonBlacklistedVotes": 149638.24587834894}], "totalDeposited": 1499.568, "dollarPerVote": 0.010021288282269095, "incentiveDirected": 2149.0830650316075, "incentiveDirectedUSD": 2471.445524786348, "efficiency": 1.648105004098746, "platform": "votemarket"}]}