{"totalDepositedUSD": 2350.8874062675127, "globalAverageDollarPerVote": 0.010765697303249794, "globalAverageEfficiency": 1.5345852976456085, "analytics": [{"gauge": "0xdc2df969ee5e66236b950f5c4c5f8abe62035df2", "nonBlacklistedVotes": 68730.0901473965, "nonBlacklistedVotesBreakdowns": [{"key": "42161-dd2f-f4c7-3", "nonBlacklistedVotes": 68730.0901473965}], "totalDeposited": 851.3209062675126, "dollarPerVote": 0.012386436631201779, "incentiveDirected": 987.3753275919156, "incentiveDirectedUSD": 1135.481626730703, "efficiency": 1.3337880209109982, "platform": "votemarket"}, {"gauge": "0x7f49d37d0da53a4899bc0ba916f59ec9d4e6d1e2", "nonBlacklistedVotes": 149638.24587834894, "nonBlacklistedVotesBreakdowns": [{"key": "42161-dd2f-f4c7-14", "nonBlacklistedVotes": 149638.24587834894}], "totalDeposited": 1499.5665000000001, "dollarPerVote": 0.010021278258093852, "incentiveDirected": 2149.700542041427, "incentiveDirectedUSD": 2472.155623347641, "efficiency": 1.6485801885729248, "platform": "votemarket"}]}