{"totalDepositedUSD": 2405.602079985464, "globalAverageDollarPerVote": 0.0025614042571167326, "globalAverageEfficiency": 6.783614506053544, "analytics": [{"gauge": "0xdc2df969ee5e66236b950f5c4c5f8abe62035df2", "nonBlacklistedVotes": 67382.23188379704, "nonBlacklistedVotesBreakdowns": [{"key": "42161-dd2f-f4c7-3", "nonBlacklistedVotes": 67382.23188379704}], "totalDeposited": 903.5408931580682, "dollarPerVote": 0.013409186188968263, "incentiveDirected": 983.6021869415849, "incentiveDirectedUSD": 1170.805298309462, "efficiency": 1.295796689640961, "platform": "votemarket"}, {"gauge": "0x7f49d37d0da53a4899bc0ba916f59ec9d4e6d1e2", "nonBlacklistedVotes": 146704.16262440334, "nonBlacklistedVotesBreakdowns": [{"key": "42161-dd2f-f4c7-14", "nonBlacklistedVotes": 146704.16262440334}], "totalDeposited": 1499.5619181368882, "dollarPerVote": 0.01022167259136412, "incentiveDirected": 2141.492366112847, "incentiveDirectedUSD": 2549.0697782304665, "efficiency": 1.6998763088072588, "platform": "votemarket"}, {"gauge": "0x79ef6103a513951a3b25743db509e267685726b7", "nonBlacklistedVotes": 724676.6820377047, "nonBlacklistedVotesBreakdowns": [{"key": "42161-dd2f-f4c7-15", "nonBlacklistedVotes": 724676.6820377047}], "totalDeposited": 2.4992686905079644, "dollarPerVote": 1.9994149524063716e-06, "incentiveDirected": 10578.36093210885, "incentiveDirectedUSD": 12591.676992152119, "efficiency": 8690.331666036709, "platform": "votemarket"}]}