{"totalDepositedUSD": 2403.5695565845285, "globalAverageDollarPerVote": 0.0025592392527372444, "globalAverageEfficiency": 6.79224682069383, "analytics": [{"gauge": "0xdc2df969ee5e66236b950f5c4c5f8abe62035df2", "nonBlacklistedVotes": 67382.23188379704, "nonBlacklistedVotesBreakdowns": [{"key": "42161-dd2f-f4c7-3", "nonBlacklistedVotes": 67382.23188379704}], "totalDeposited": 901.6481179024448, "dollarPerVote": 0.013381096064870155, "incentiveDirected": 983.5949692129525, "incentiveDirectedUSD": 1171.30430439197, "efficiency": 1.2990703148328437, "platform": "votemarket"}, {"gauge": "0x7f49d37d0da53a4899bc0ba916f59ec9d4e6d1e2", "nonBlacklistedVotes": 146704.16262440334, "nonBlacklistedVotesBreakdowns": [{"key": "42161-dd2f-f4c7-14", "nonBlacklistedVotes": 146704.16262440334}], "totalDeposited": 1499.4224013465061, "dollarPerVote": 0.010220721583649776, "incentiveDirected": 2141.4766517204107, "incentiveDirectedUSD": 2550.1562110693944, "efficiency": 1.7007590448023933, "platform": "votemarket"}, {"gauge": "0x79ef6103a513951a3b25743db509e267685726b7", "nonBlacklistedVotes": 724676.6820377047, "nonBlacklistedVotesBreakdowns": [{"key": "42161-dd2f-f4c7-15", "nonBlacklistedVotes": 724676.6820377047}], "totalDeposited": 2.49903733557751, "dollarPerVote": 1.999229868462008e-06, "incentiveDirected": 10578.283307496384, "incentiveDirectedUSD": 12597.043660219928, "efficiency": 8694.840424313985, "platform": "votemarket"}]}