{"totalDepositedUSD": 2403.997432864381, "globalAverageDollarPerVote": 0.0025596949323240443, "globalAverageEfficiency": 6.768829736848788, "analytics": [{"gauge": "0xdc2df969ee5e66236b950f5c4c5f8abe62035df2", "nonBlacklistedVotes": 67382.23188379704, "nonBlacklistedVotesBreakdowns": [{"key": "42161-dd2f-f4c7-3", "nonBlacklistedVotes": 67382.23188379704}], "totalDeposited": 901.9313551730402, "dollarPerVote": 0.013385299506381024, "incentiveDirected": 984.3726746563968, "incentiveDirectedUSD": 1167.4739275526586, "efficiency": 1.294415501641666, "platform": "votemarket"}, {"gauge": "0x7f49d37d0da53a4899bc0ba916f59ec9d4e6d1e2", "nonBlacklistedVotes": 146704.16262440334, "nonBlacklistedVotesBreakdowns": [{"key": "42161-dd2f-f4c7-14", "nonBlacklistedVotes": 146704.16262440334}], "totalDeposited": 1499.566799768144, "dollarPerVote": 0.010221705866706609, "incentiveDirected": 2143.169867018558, "incentiveDirectedUSD": 2541.816739208086, "efficiency": 1.695034018892049, "platform": "votemarket"}, {"gauge": "0x79ef6103a513951a3b25743db509e267685726b7", "nonBlacklistedVotes": 724676.6820377047, "nonBlacklistedVotesBreakdowns": [{"key": "42161-dd2f-f4c7-15", "nonBlacklistedVotes": 724676.6820377047}], "totalDeposited": 2.4992779231971247, "dollarPerVote": 1.9994223385576994e-06, "incentiveDirected": 10586.647307687559, "incentiveDirectedUSD": 12555.849049990138, "efficiency": 8665.572471134086, "platform": "votemarket"}]}