{"totalDepositedUSD": 2405.450216233918, "globalAverageDollarPerVote": 0.0025612425996608757, "globalAverageEfficiency": 6.7571984567517, "analytics": [{"gauge": "0xdc2df969ee5e66236b950f5c4c5f8abe62035df2", "nonBlacklistedVotes": 67382.23188379704, "nonBlacklistedVotesBreakdowns": [{"key": "42161-dd2f-f4c7-3", "nonBlacklistedVotes": 67382.23188379704}], "totalDeposited": 903.5408931580682, "dollarPerVote": 0.013409186188968263, "incentiveDirected": 984.2489604191275, "incentiveDirectedUSD": 1166.1724644474325, "efficiency": 1.2906692694023079, "platform": "votemarket"}, {"gauge": "0x7f49d37d0da53a4899bc0ba916f59ec9d4e6d1e2", "nonBlacklistedVotes": 146704.16262440334, "nonBlacklistedVotesBreakdowns": [{"key": "42161-dd2f-f4c7-14", "nonBlacklistedVotes": 146704.16262440334}], "totalDeposited": 1499.4103058993508, "dollarPerVote": 0.010220639135770052, "incentiveDirected": 2142.900517175492, "incentiveDirectedUSD": 2538.9832020915355, "efficiency": 1.6933211623943358, "platform": "votemarket"}, {"gauge": "0x79ef6103a513951a3b25743db509e267685726b7", "nonBlacklistedVotes": 724676.6820377047, "nonBlacklistedVotesBreakdowns": [{"key": "42161-dd2f-f4c7-15", "nonBlacklistedVotes": 724676.6820377047}], "totalDeposited": 2.499017176498918, "dollarPerVote": 1.999213741199134e-06, "incentiveDirected": 10585.316796357216, "incentiveDirectedUSD": 12541.852185556852, "efficiency": 8656.815519592468, "platform": "votemarket"}]}