{"totalDepositedUSD": 2405.416293167048, "globalAverageDollarPerVote": 0.0025612063454041167, "globalAverageEfficiency": 6.776030598938405, "analytics": [{"gauge": "0xdc2df969ee5e66236b950f5c4c5f8abe62035df2", "nonBlacklistedVotes": 67382.23188379704, "nonBlacklistedVotesBreakdowns": [{"key": "42161-dd2f-f4c7-3", "nonBlacklistedVotes": 67382.23188379704}], "totalDeposited": 903.3481023657993, "dollarPerVote": 0.013406325037194583, "incentiveDirected": 984.1676749099335, "incentiveDirectedUSD": 1169.406004666081, "efficiency": 1.294524227818154, "platform": "votemarket"}, {"gauge": "0x7f49d37d0da53a4899bc0ba916f59ec9d4e6d1e2", "nonBlacklistedVotes": 146704.16262440334, "nonBlacklistedVotesBreakdowns": [{"key": "42161-dd2f-f4c7-14", "nonBlacklistedVotes": 146704.16262440334}], "totalDeposited": 1499.5689092857722, "dollarPerVote": 0.010221720246105192, "incentiveDirected": 2142.723542886775, "incentiveDirectedUSD": 2546.0232450943736, "efficiency": 1.697836777842384, "platform": "votemarket"}, {"gauge": "0x79ef6103a513951a3b25743db509e267685726b7", "nonBlacklistedVotes": 724676.6820377047, "nonBlacklistedVotesBreakdowns": [{"key": "42161-dd2f-f4c7-15", "nonBlacklistedVotes": 724676.6820377047}], "totalDeposited": 2.4992815154762873, "dollarPerVote": 1.9994252123810296e-06, "incentiveDirected": 10584.442593893842, "incentiveDirectedUSD": 12576.62798818872, "efficiency": 8679.900833093126, "platform": "votemarket"}]}