{"totalDepositedUSD": 2404.0767334576126, "globalAverageDollarPerVote": 0.002560149191533966, "globalAverageEfficiency": 6.768140825750302, "analytics": [{"gauge": "0xdc2df969ee5e66236b950f5c4c5f8abe62035df2", "nonBlacklistedVotes": 67382.23188379704, "nonBlacklistedVotesBreakdowns": [{"key": "42161-dd2f-f4c7-3", "nonBlacklistedVotes": 67382.23188379704}], "totalDeposited": 902.0711260230621, "dollarPerVote": 0.013387373804695495, "incentiveDirected": 984.4471632221337, "incentiveDirectedUSD": 1167.5622715921036, "efficiency": 1.2943128739077432, "platform": "votemarket"}, {"gauge": "0x7f49d37d0da53a4899bc0ba916f59ec9d4e6d1e2", "nonBlacklistedVotes": 146704.16262440334, "nonBlacklistedVotesBreakdowns": [{"key": "42161-dd2f-f4c7-14", "nonBlacklistedVotes": 146704.16262440334}], "totalDeposited": 1499.5064300511317, "dollarPerVote": 0.010221294360203095, "incentiveDirected": 2143.33204304562, "incentiveDirectedUSD": 2542.0090812835456, "efficiency": 1.6952305307532864, "platform": "votemarket"}, {"gauge": "0x79ef6103a513951a3b25743db509e267685726b7", "nonBlacklistedVotes": 724540.9984585887, "nonBlacklistedVotesBreakdowns": [{"key": "42161-dd2f-f4c7-15", "nonBlacklistedVotes": 724540.9984585887}], "totalDeposited": 2.4991773834185524, "dollarPerVote": 1.999341906734842e-06, "incentiveDirected": 10585.466088460124, "incentiveDirectedUSD": 12554.448114464132, "efficiency": 8666.57683954137, "platform": "votemarket"}]}