{"totalDepositedUSD": 2403.5697683436456, "globalAverageDollarPerVote": 0.002559239478151991, "globalAverageEfficiency": 6.777307719418593, "analytics": [{"gauge": "0xdc2df969ee5e66236b950f5c4c5f8abe62035df2", "nonBlacklistedVotes": 67382.23188379704, "nonBlacklistedVotesBreakdowns": [{"key": "42161-dd2f-f4c7-3", "nonBlacklistedVotes": 67382.23188379704}], "totalDeposited": 901.6481179024448, "dollarPerVote": 0.013381096064870155, "incentiveDirected": 983.9536972956842, "incentiveDirectedUSD": 1168.7282003583216, "efficiency": 1.2962132090700753, "platform": "votemarket"}, {"gauge": "0x7f49d37d0da53a4899bc0ba916f59ec9d4e6d1e2", "nonBlacklistedVotes": 146704.16262440334, "nonBlacklistedVotesBreakdowns": [{"key": "42161-dd2f-f4c7-14", "nonBlacklistedVotes": 146704.16262440334}], "totalDeposited": 1499.4226127532784, "dollarPerVote": 0.010220723024691179, "incentiveDirected": 2142.2576721988917, "incentiveDirectedUSD": 2544.547533907417, "efficiency": 1.6970182470671515, "platform": "votemarket"}, {"gauge": "0x79ef6103a513951a3b25743db509e267685726b7", "nonBlacklistedVotes": 724676.6820377047, "nonBlacklistedVotesBreakdowns": [{"key": "42161-dd2f-f4c7-15", "nonBlacklistedVotes": 724676.6820377047}], "totalDeposited": 2.4990376879221308, "dollarPerVote": 1.9992301503377046e-06, "incentiveDirected": 10582.141325693168, "incentiveDirectedUSD": 12569.338396213421, "efficiency": 8675.716234166672, "platform": "votemarket"}]}