{"totalDepositedUSD": 2403.964622454124, "globalAverageDollarPerVote": 0.002559660077936619, "globalAverageEfficiency": 6.768922122629532, "analytics": [{"gauge": "0xdc2df969ee5e66236b950f5c4c5f8abe62035df2", "nonBlacklistedVotes": 67382.23188379704, "nonBlacklistedVotesBreakdowns": [{"key": "42161-dd2f-f4c7-3", "nonBlacklistedVotes": 67382.23188379704}], "totalDeposited": 901.9313551730402, "dollarPerVote": 0.013385299506381024, "incentiveDirected": 984.3727060622506, "incentiveDirectedUSD": 1167.4739648002542, "efficiency": 1.294415542939261, "platform": "votemarket"}, {"gauge": "0x7f49d37d0da53a4899bc0ba916f59ec9d4e6d1e2", "nonBlacklistedVotes": 146704.16262440334, "nonBlacklistedVotesBreakdowns": [{"key": "42161-dd2f-f4c7-14", "nonBlacklistedVotes": 146704.16262440334}], "totalDeposited": 1499.534204459434, "dollarPerVote": 0.010221483682767674, "incentiveDirected": 2143.169935395181, "incentiveDirectedUSD": 2541.816820303312, "efficiency": 1.6950709178518601, "platform": "votemarket"}, {"gauge": "0x79ef6103a513951a3b25743db509e267685726b7", "nonBlacklistedVotes": 724676.6820377047, "nonBlacklistedVotesBreakdowns": [{"key": "42161-dd2f-f4c7-15", "nonBlacklistedVotes": 724676.6820377047}], "totalDeposited": 2.4990628216496584, "dollarPerVote": 1.9992502573197265e-06, "incentiveDirected": 10586.647645448556, "incentiveDirectedUSD": 12555.849450577403, "efficiency": 8666.318618452959, "platform": "votemarket"}]}