{"totalDepositedUSD": 2403.566630438802, "globalAverageDollarPerVote": 0.00255923613789427, "globalAverageEfficiency": 6.792260264732984, "analytics": [{"gauge": "0xdc2df969ee5e66236b950f5c4c5f8abe62035df2", "nonBlacklistedVotes": 67382.23188379704, "nonBlacklistedVotesBreakdowns": [{"key": "42161-dd2f-f4c7-3", "nonBlacklistedVotes": 67382.23188379704}], "totalDeposited": 901.6481179024448, "dollarPerVote": 0.013381096064870155, "incentiveDirected": 983.5957189304061, "incentiveDirectedUSD": 1171.3051971855568, "efficiency": 1.2990713050124594, "platform": "votemarket"}, {"gauge": "0x7f49d37d0da53a4899bc0ba916f59ec9d4e6d1e2", "nonBlacklistedVotes": 146704.16262440334, "nonBlacklistedVotesBreakdowns": [{"key": "42161-dd2f-f4c7-14", "nonBlacklistedVotes": 146704.16262440334}], "totalDeposited": 1499.4194800695745, "dollarPerVote": 0.010220701670943284, "incentiveDirected": 2141.478284000437, "incentiveDirectedUSD": 2550.1581548538593, "efficiency": 1.7007636547015712, "platform": "votemarket"}, {"gauge": "0x79ef6103a513951a3b25743db509e267685726b7", "nonBlacklistedVotes": 724676.6820377047, "nonBlacklistedVotesBreakdowns": [{"key": "42161-dd2f-f4c7-15", "nonBlacklistedVotes": 724676.6820377047}], "totalDeposited": 2.4990324667826243, "dollarPerVote": 1.9992259734260994e-06, "incentiveDirected": 10578.291370493727, "incentiveDirectedUSD": 12597.053261960269, "efficiency": 8694.863991636967, "platform": "votemarket"}]}