{"totalDepositedUSD": 2405.268040999329, "globalAverageDollarPerVote": 0.0025610485329551906, "globalAverageEfficiency": 6.776449219080631, "analytics": [{"gauge": "0xdc2df969ee5e66236b950f5c4c5f8abe62035df2", "nonBlacklistedVotes": 67382.23188379704, "nonBlacklistedVotesBreakdowns": [{"key": "42161-dd2f-f4c7-3", "nonBlacklistedVotes": 67382.23188379704}], "totalDeposited": 903.3481023657993, "dollarPerVote": 0.013406325037194583, "incentiveDirected": 984.1678316819836, "incentiveDirectedUSD": 1169.406190945494, "efficiency": 1.2945244340281548, "platform": "votemarket"}, {"gauge": "0x7f49d37d0da53a4899bc0ba916f59ec9d4e6d1e2", "nonBlacklistedVotes": 146704.16262440334, "nonBlacklistedVotesBreakdowns": [{"key": "42161-dd2f-f4c7-14", "nonBlacklistedVotes": 146704.16262440334}], "totalDeposited": 1499.4209037938735, "dollarPerVote": 0.010220711375673359, "incentiveDirected": 2142.7238842098755, "incentiveDirectedUSD": 2546.0236506607157, "efficiency": 1.6980046391368164, "platform": "votemarket"}, {"gauge": "0x79ef6103a513951a3b25743db509e267685726b7", "nonBlacklistedVotes": 724676.6820377047, "nonBlacklistedVotesBreakdowns": [{"key": "42161-dd2f-f4c7-15", "nonBlacklistedVotes": 724676.6820377047}], "totalDeposited": 2.499034839656456, "dollarPerVote": 1.9992278717251646e-06, "incentiveDirected": 10584.444279932519, "incentiveDirectedUSD": 12576.629991570668, "efficiency": 8680.758995319558, "platform": "votemarket"}]}