{"totalDepositedUSD": 2404.1463228917364, "globalAverageDollarPerVote": 0.0025602232132266936, "globalAverageEfficiency": 6.76578742419828, "analytics": [{"gauge": "0xdc2df969ee5e66236b950f5c4c5f8abe62035df2", "nonBlacklistedVotes": 67382.23188379704, "nonBlacklistedVotesBreakdowns": [{"key": "42161-dd2f-f4c7-3", "nonBlacklistedVotes": 67382.23188379704}], "totalDeposited": 902.0711260230621, "dollarPerVote": 0.013387373804695495, "incentiveDirected": 984.0427368993984, "incentiveDirectedUSD": 1167.190035699016, "efficiency": 1.2939002280726764, "platform": "votemarket"}, {"gauge": "0x7f49d37d0da53a4899bc0ba916f59ec9d4e6d1e2", "nonBlacklistedVotes": 146704.16262440334, "nonBlacklistedVotesBreakdowns": [{"key": "42161-dd2f-f4c7-14", "nonBlacklistedVotes": 146704.16262440334}], "totalDeposited": 1499.5757562733404, "dollarPerVote": 0.010221766918179425, "incentiveDirected": 2142.4515286524124, "incentiveDirectedUSD": 2541.1986516870857, "efficiency": 1.6946117200522943, "platform": "votemarket"}, {"gauge": "0x79ef6103a513951a3b25743db509e267685726b7", "nonBlacklistedVotes": 724540.9984585887, "nonBlacklistedVotesBreakdowns": [{"key": "42161-dd2f-f4c7-15", "nonBlacklistedVotes": 724540.9984585887}], "totalDeposited": 2.499440595333703, "dollarPerVote": 1.999552476266962e-06, "incentiveDirected": 10581.117413097412, "incentiveDirectedUSD": 12550.445573169494, "efficiency": 8662.901436589758, "platform": "votemarket"}]}