{"totalDepositedUSD": 2401.961180418322, "globalAverageDollarPerVote": 0.0025575259118340667, "globalAverageEfficiency": 6.771448709528517, "analytics": [{"gauge": "0xdc2df969ee5e66236b950f5c4c5f8abe62035df2", "nonBlacklistedVotes": 67382.23188379704, "nonBlacklistedVotesBreakdowns": [{"key": "42161-dd2f-f4c7-3", "nonBlacklistedVotes": 67382.23188379704}], "totalDeposited": 899.975372447702, "dollarPerVote": 0.013356271338707513, "incentiveDirected": 983.8887636317561, "incentiveDirectedUSD": 1166.935972077532, "efficiency": 1.2966310054727006, "platform": "votemarket"}, {"gauge": "0x7f49d37d0da53a4899bc0ba916f59ec9d4e6d1e2", "nonBlacklistedVotes": 146704.16262440334, "nonBlacklistedVotesBreakdowns": [{"key": "42161-dd2f-f4c7-14", "nonBlacklistedVotes": 146704.16262440334}], "totalDeposited": 1499.4866635314008, "dollarPerVote": 0.010221159622923817, "incentiveDirected": 2142.116299042699, "incentiveDirectedUSD": 2540.645506001626, "efficiency": 1.694343516212555, "platform": "votemarket"}, {"gauge": "0x79ef6103a513951a3b25743db509e267685726b7", "nonBlacklistedVotes": 724676.6820377047, "nonBlacklistedVotesBreakdowns": [{"key": "42161-dd2f-f4c7-15", "nonBlacklistedVotes": 724676.6820377047}], "totalDeposited": 2.4991444392190014, "dollarPerVote": 1.999315551375201e-06, "incentiveDirected": 10581.442982661001, "incentiveDirectedUSD": 12550.063492315661, "efficiency": 8662.042129048856, "platform": "votemarket"}]}