{"totalDepositedUSD": 2402.023283035586, "globalAverageDollarPerVote": 0.0025575920192392122, "globalAverageEfficiency": 6.766844568083969, "analytics": [{"gauge": "0xdc2df969ee5e66236b950f5c4c5f8abe62035df2", "nonBlacklistedVotes": 67382.23188379704, "nonBlacklistedVotesBreakdowns": [{"key": "42161-dd2f-f4c7-3", "nonBlacklistedVotes": 67382.23188379704}], "totalDeposited": 899.975372447702, "dollarPerVote": 0.013356271338707513, "incentiveDirected": 984.2491379103873, "incentiveDirectedUSD": 1166.1726747452617, "efficiency": 1.2957828741175124, "platform": "votemarket"}, {"gauge": "0x7f49d37d0da53a4899bc0ba916f59ec9d4e6d1e2", "nonBlacklistedVotes": 146704.16262440334, "nonBlacklistedVotesBreakdowns": [{"key": "42161-dd2f-f4c7-14", "nonBlacklistedVotes": 146704.16262440334}], "totalDeposited": 1499.548662816523, "dollarPerVote": 0.010221582237279217, "incentiveDirected": 2142.900903608323, "incentiveDirectedUSD": 2538.9836599506193, "efficiency": 1.6931652322518036, "platform": "votemarket"}, {"gauge": "0x79ef6103a513951a3b25743db509e267685726b7", "nonBlacklistedVotes": 724676.6820377047, "nonBlacklistedVotesBreakdowns": [{"key": "42161-dd2f-f4c7-15", "nonBlacklistedVotes": 724676.6820377047}], "totalDeposited": 2.4992477713608716, "dollarPerVote": 1.999398217088697e-06, "incentiveDirected": 10585.318705225083, "incentiveDirectedUSD": 12541.854447250016, "efficiency": 8656.01835334437, "platform": "votemarket"}]}