{"totalDepositedUSD": 2276.4704087527366, "globalAverageDollarPerVote": 0.0039949597710596816, "globalAverageEfficiency": 3.577537368925271, "analytics": [{"gauge": "0xdc2df969ee5e66236b950f5c4c5f8abe62035df2", "nonBlacklistedVotes": 72847.40695467444, "nonBlacklistedVotesBreakdowns": [{"key": "42161-dd2f-f4c7-3", "nonBlacklistedVotes": 72847.40695467444}], "totalDeposited": 774.2659466659436, "dollarPerVote": 0.010628599960293588, "incentiveDirected": 1034.941667241951, "incentiveDirectedUSD": 1041.1437265976197, "efficiency": 1.344684899395195, "platform": "votemarket"}, {"gauge": "0x79ef6103a513951a3b25743db509e267685726b7", "nonBlacklistedVotes": 326734.98762164585, "nonBlacklistedVotesBreakdowns": [{"key": "42161-dd2f-f4c7-15", "nonBlacklistedVotes": 326734.98762164585}], "totalDeposited": 2.499508256384015, "dollarPerVote": 1.999606605107212e-06, "incentiveDirected": 4641.917495372511, "incentiveDirectedUSD": 4669.734954792363, "efficiency": 7147.464822238304, "platform": "votemarket"}, {"gauge": "0x7f49d37d0da53a4899bc0ba916f59ec9d4e6d1e2", "nonBlacklistedVotes": 75218.71227631027, "nonBlacklistedVotesBreakdowns": [{"key": "42161-dd2f-f4c7-16", "nonBlacklistedVotes": 75218.71227631027}], "totalDeposited": 1499.7049538304088, "dollarPerVote": 0.014915065667494693, "incentiveDirected": 1068.6307549625405, "incentiveDirectedUSD": 1075.0347017562115, "efficiency": 0.9582336536048135, "platform": "votemarket"}]}