{"totalDepositedUSD": 2278.074237916021, "globalAverageDollarPerVote": 0.003998302499739604, "globalAverageEfficiency": 3.590866911678479, "analytics": [{"gauge": "0xdc2df969ee5e66236b950f5c4c5f8abe62035df2", "nonBlacklistedVotes": 72847.40695467444, "nonBlacklistedVotesBreakdowns": [{"key": "42161-dd2f-f4c7-3", "nonBlacklistedVotes": 72847.40695467444}], "totalDeposited": 775.8037069798359, "dollarPerVote": 0.01064970929524698, "incentiveDirected": 1034.7167871673882, "incentiveDirectedUSD": 1045.8973317522114, "efficiency": 1.3481468602719573, "platform": "votemarket"}, {"gauge": "0x79ef6103a513951a3b25743db509e267685726b7", "nonBlacklistedVotes": 326734.98762164585, "nonBlacklistedVotesBreakdowns": [{"key": "42161-dd2f-f4c7-15", "nonBlacklistedVotes": 326734.98762164585}], "totalDeposited": 2.4996181879137853, "dollarPerVote": 1.999694550331028e-06, "incentiveDirected": 4640.908863885815, "incentiveDirectedUSD": 4691.055811447015, "efficiency": 7179.78260570825, "platform": "votemarket"}, {"gauge": "0x7f49d37d0da53a4899bc0ba916f59ec9d4e6d1e2", "nonBlacklistedVotes": 75218.71227631027, "nonBlacklistedVotesBreakdowns": [{"key": "42161-dd2f-f4c7-16", "nonBlacklistedVotes": 75218.71227631027}], "totalDeposited": 1499.7709127482713, "dollarPerVote": 0.014915721650919143, "incentiveDirected": 1068.398554664241, "incentiveDirectedUSD": 1079.9430447343066, "efficiency": 0.962566376955121, "platform": "votemarket"}]}