{"totalDepositedUSD": 2276.4778792729276, "globalAverageDollarPerVote": 0.003994971528356266, "globalAverageEfficiency": 3.5775296926391076, "analytics": [{"gauge": "0xdc2df969ee5e66236b950f5c4c5f8abe62035df2", "nonBlacklistedVotes": 72847.40695467444, "nonBlacklistedVotesBreakdowns": [{"key": "42161-dd2f-f4c7-3", "nonBlacklistedVotes": 72847.40695467444}], "totalDeposited": 774.2659466659436, "dollarPerVote": 0.010628599960293588, "incentiveDirected": 1034.9424924384268, "incentiveDirectedUSD": 1041.144556739222, "efficiency": 1.344685971561168, "platform": "votemarket"}, {"gauge": "0x79ef6103a513951a3b25743db509e267685726b7", "nonBlacklistedVotes": 326734.98762164585, "nonBlacklistedVotesBreakdowns": [{"key": "42161-dd2f-f4c7-15", "nonBlacklistedVotes": 326734.98762164585}], "totalDeposited": 2.4995208583268362, "dollarPerVote": 1.999616686661469e-06, "incentiveDirected": 4641.921196541454, "incentiveDirectedUSD": 4669.738678141175, "efficiency": 7147.434485458465, "platform": "votemarket"}, {"gauge": "0x7f49d37d0da53a4899bc0ba916f59ec9d4e6d1e2", "nonBlacklistedVotes": 75218.71227631027, "nonBlacklistedVotesBreakdowns": [{"key": "42161-dd2f-f4c7-16", "nonBlacklistedVotes": 75218.71227631027}], "totalDeposited": 1499.7124117486571, "dollarPerVote": 0.014915139838977647, "incentiveDirected": 1068.631607020546, "incentiveDirectedUSD": 1075.0355589203157, "efficiency": 0.958229652436301, "platform": "votemarket"}]}