{"totalDepositedUSD": 2631.6415143980403, "globalAverageDollarPerVote": 0.012770535074593995, "globalAverageEfficiency": 1.0752702935535132, "analytics": [{"gauge": "0xdc2df969ee5e66236b950f5c4c5f8abe62035df2", "nonBlacklistedVotes": 71390.15141141498, "nonBlacklistedVotesBreakdowns": [{"key": "42161-dd2f-f4c7-3", "nonBlacklistedVotes": 71390.15141141498}], "totalDeposited": 753.7270367412632, "dollarPerVote": 0.01055785737723965, "incentiveDirected": 1022.453778747757, "incentiveDirectedUSD": 980.313639070281, "efficiency": 1.3006215662750595, "platform": "votemarket"}, {"gauge": "0x7f49d37d0da53a4899bc0ba916f59ec9d4e6d1e2", "nonBlacklistedVotes": 73651.20436955398, "nonBlacklistedVotesBreakdowns": [{"key": "42161-dd2f-f4c7-16", "nonBlacklistedVotes": 73651.20436955398}], "totalDeposited": 1877.545452205207, "dollarPerVote": 0.014915284738783969, "incentiveDirected": 1054.8367068588798, "incentiveDirectedUSD": 1011.3619140732313, "efficiency": 0.9206513478611382, "platform": "votemarket"}, {"gauge": "0x3e8c72655e48591d93e6dfda16823db0ff23d859", "nonBlacklistedVotes": 0.0, "nonBlacklistedVotesBreakdowns": [{"key": "42161-dd2f-f4c7-17", "nonBlacklistedVotes": 0.0}], "totalDeposited": 0.3690254515702157, "dollarPerVote": 0.013396516454876753, "incentiveDirected": 0.0, "incentiveDirectedUSD": 0.0, "efficiency": 1.025025949450861, "platform": "votemarket"}]}