{"totalDepositedUSD": 2625.6144607017563, "globalAverageDollarPerVote": 0.012729080513470388, "globalAverageEfficiency": 1.0732206525802663, "analytics": [{"gauge": "0xdc2df969ee5e66236b950f5c4c5f8abe62035df2", "nonBlacklistedVotes": 71390.15141141498, "nonBlacklistedVotesBreakdowns": [{"key": "42161-dd2f-f4c7-3", "nonBlacklistedVotes": 71390.15141141498}], "totalDeposited": 747.7306165433056, "dollarPerVote": 0.01047386231518409, "incentiveDirected": 1022.344168716094, "incentiveDirectedUSD": 975.2688609398782, "efficiency": 1.304305105826029, "platform": "votemarket"}, {"gauge": "0x7f49d37d0da53a4899bc0ba916f59ec9d4e6d1e2", "nonBlacklistedVotes": 73651.20436955398, "nonBlacklistedVotesBreakdowns": [{"key": "42161-dd2f-f4c7-16", "nonBlacklistedVotes": 73651.20436955398}], "totalDeposited": 1877.517754559734, "dollarPerVote": 0.014915064707749117, "incentiveDirected": 1054.7236252827329, "incentiveDirectedUSD": 1006.1573588546812, "efficiency": 0.9159271088053554, "platform": "votemarket"}, {"gauge": "0x3e8c72655e48591d93e6dfda16823db0ff23d859", "nonBlacklistedVotes": 0.0, "nonBlacklistedVotesBreakdowns": [{"key": "42161-dd2f-f4c7-17", "nonBlacklistedVotes": 0.0}], "totalDeposited": 0.36608959871700875, "dollarPerVote": 0.013289937895349943, "incentiveDirected": 0.0, "incentiveDirectedUSD": 0.0, "efficiency": 1.0279289642273928, "platform": "votemarket"}]}