{"totalDepositedUSD": 2631.6098663768657, "globalAverageDollarPerVote": 0.012770407408476214, "globalAverageEfficiency": 1.0835100945022638, "analytics": [{"gauge": "0xdc2df969ee5e66236b950f5c4c5f8abe62035df2", "nonBlacklistedVotes": 71390.15141141498, "nonBlacklistedVotesBreakdowns": [{"key": "42161-dd2f-f4c7-3", "nonBlacklistedVotes": 71390.15141141498}], "totalDeposited": 753.7270367412632, "dollarPerVote": 0.01055785737723965, "incentiveDirected": 1021.3224110297487, "incentiveDirectedUSD": 987.8159115384994, "efficiency": 1.3105751331534012, "platform": "votemarket"}, {"gauge": "0x7f49d37d0da53a4899bc0ba916f59ec9d4e6d1e2", "nonBlacklistedVotes": 73651.20436955398, "nonBlacklistedVotesBreakdowns": [{"key": "42161-dd2f-f4c7-16", "nonBlacklistedVotes": 73651.20436955398}], "totalDeposited": 1877.5138041840328, "dollarPerVote": 0.014915033325830591, "incentiveDirected": 1053.6695067147598, "incentiveDirectedUSD": 1019.1017968423339, "efficiency": 0.9277126665233195, "platform": "votemarket"}, {"gauge": "0x3e8c72655e48591d93e6dfda16823db0ff23d859", "nonBlacklistedVotes": 0.0, "nonBlacklistedVotesBreakdowns": [{"key": "42161-dd2f-f4c7-17", "nonBlacklistedVotes": 0.0}], "totalDeposited": 0.3690254515702157, "dollarPerVote": 0.013396516454876753, "incentiveDirected": 0.0, "incentiveDirectedUSD": 0.0, "efficiency": 1.0328704021375212, "platform": "votemarket"}]}