{"totalDepositedUSD": 2625.614499471748, "globalAverageDollarPerVote": 0.012729080669866085, "globalAverageEfficiency": 1.0762408014963005, "analytics": [{"gauge": "0xdc2df969ee5e66236b950f5c4c5f8abe62035df2", "nonBlacklistedVotes": 71390.15141141498, "nonBlacklistedVotesBreakdowns": [{"key": "42161-dd2f-f4c7-3", "nonBlacklistedVotes": 71390.15141141498}], "totalDeposited": 747.7306165433056, "dollarPerVote": 0.01047386231518409, "incentiveDirected": 1021.9262435306025, "incentiveDirectedUSD": 978.0133758561002, "efficiency": 1.3079755652876328, "platform": "votemarket"}, {"gauge": "0x7f49d37d0da53a4899bc0ba916f59ec9d4e6d1e2", "nonBlacklistedVotes": 73651.20436955398, "nonBlacklistedVotesBreakdowns": [{"key": "42161-dd2f-f4c7-16", "nonBlacklistedVotes": 73651.20436955398}], "totalDeposited": 1877.5177933297257, "dollarPerVote": 0.014915065015739247, "incentiveDirected": 1054.2924636639484, "incentiveDirectedUSD": 1008.9887974354045, "efficiency": 0.9185046104721081, "platform": "votemarket"}, {"gauge": "0x3e8c72655e48591d93e6dfda16823db0ff23d859", "nonBlacklistedVotes": 0.0, "nonBlacklistedVotesBreakdowns": [{"key": "42161-dd2f-f4c7-17", "nonBlacklistedVotes": 0.0}], "totalDeposited": 0.36608959871700875, "dollarPerVote": 0.013289937895349943, "incentiveDirected": 0.0, "incentiveDirectedUSD": 0.0, "efficiency": 1.0308216705242184, "platform": "votemarket"}]}