{"totalDepositedUSD": 2625.623202927163, "globalAverageDollarPerVote": 0.012728624333909163, "globalAverageEfficiency": 1.077390999397075, "analytics": [{"gauge": "0xdc2df969ee5e66236b950f5c4c5f8abe62035df2", "nonBlacklistedVotes": 71390.15141141498, "nonBlacklistedVotesBreakdowns": [{"key": "42161-dd2f-f4c7-3", "nonBlacklistedVotes": 71390.15141141498}], "totalDeposited": 747.5587028387072, "dollarPerVote": 0.01047145422805723, "incentiveDirected": 1021.7457992825773, "incentiveDirectedUSD": 979.0234972117091, "efficiency": 1.3096275830835222, "platform": "votemarket"}, {"gauge": "0x7f49d37d0da53a4899bc0ba916f59ec9d4e6d1e2", "nonBlacklistedVotes": 73651.20436955398, "nonBlacklistedVotesBreakdowns": [{"key": "42161-dd2f-f4c7-16", "nonBlacklistedVotes": 73651.20436955398}], "totalDeposited": 1877.6984946588475, "dollarPerVote": 0.014916500513225265, "incentiveDirected": 1054.106304425932, "incentiveDirectedUSD": 1010.0309111293685, "efficiency": 0.9193647853195511, "platform": "votemarket"}, {"gauge": "0x3e8c72655e48591d93e6dfda16823db0ff23d859", "nonBlacklistedVotes": 0.0, "nonBlacklistedVotesBreakdowns": [{"key": "42161-dd2f-f4c7-17", "nonBlacklistedVotes": 0.0}], "totalDeposited": 0.3660054296088594, "dollarPerVote": 0.01328688235314407, "incentiveDirected": 0.0, "incentiveDirectedUSD": 0.0, "efficiency": 1.0321236334884272, "platform": "votemarket"}]}