{"totalDepositedUSD": 2625.45019446979, "globalAverageDollarPerVote": 0.012727926428723422, "globalAverageEfficiency": 1.0788561861200383, "analytics": [{"gauge": "0xdc2df969ee5e66236b950f5c4c5f8abe62035df2", "nonBlacklistedVotes": 71390.15141141498, "nonBlacklistedVotesBreakdowns": [{"key": "42161-dd2f-f4c7-3", "nonBlacklistedVotes": 71390.15141141498}], "totalDeposited": 747.5587028387072, "dollarPerVote": 0.01047145422805723, "incentiveDirected": 1021.5524482510384, "incentiveDirectedUSD": 980.3011576170544, "efficiency": 1.3113366935526984, "platform": "votemarket"}, {"gauge": "0x7f49d37d0da53a4899bc0ba916f59ec9d4e6d1e2", "nonBlacklistedVotes": 73651.20436955398, "nonBlacklistedVotesBreakdowns": [{"key": "42161-dd2f-f4c7-16", "nonBlacklistedVotes": 73651.20436955398}], "totalDeposited": 1877.525486201474, "dollarPerVote": 0.014915126128173277, "incentiveDirected": 1053.9068296236323, "incentiveDirectedUSD": 1011.349037310201, "efficiency": 0.9206494163110884, "platform": "votemarket"}, {"gauge": "0x3e8c72655e48591d93e6dfda16823db0ff23d859", "nonBlacklistedVotes": 0.0, "nonBlacklistedVotesBreakdowns": [{"key": "42161-dd2f-f4c7-17", "nonBlacklistedVotes": 0.0}], "totalDeposited": 0.3660054296088594, "dollarPerVote": 0.01328688235314407, "incentiveDirected": 0.0, "incentiveDirectedUSD": 0.0, "efficiency": 1.0334705914559172, "platform": "votemarket"}]}