{"totalDepositedUSD": 2636.3817613050383, "globalAverageDollarPerVote": 0.012803281035393025, "globalAverageEfficiency": 1.0812500167759709, "analytics": [{"gauge": "0xdc2df969ee5e66236b950f5c4c5f8abe62035df2", "nonBlacklistedVotes": 71390.15141141498, "nonBlacklistedVotesBreakdowns": [{"key": "42161-dd2f-f4c7-3", "nonBlacklistedVotes": 71390.15141141498}], "totalDeposited": 758.4929200902654, "dollarPerVote": 0.010624615652082588, "incentiveDirected": 1021.7176035622584, "incentiveDirectedUSD": 988.292975962284, "efficiency": 1.302969282619897, "platform": "votemarket"}, {"gauge": "0x7f49d37d0da53a4899bc0ba916f59ec9d4e6d1e2", "nonBlacklistedVotes": 73651.20436955398, "nonBlacklistedVotesBreakdowns": [{"key": "42161-dd2f-f4c7-16", "nonBlacklistedVotes": 73651.20436955398}], "totalDeposited": 1877.517482382324, "dollarPerVote": 0.014915062545562545, "incentiveDirected": 1054.0772156970459, "incentiveDirectedUSD": 1019.5939707441808, "efficiency": 0.9281588858254465, "platform": "votemarket"}, {"gauge": "0x3e8c72655e48591d93e6dfda16823db0ff23d859", "nonBlacklistedVotes": 0.0, "nonBlacklistedVotesBreakdowns": [{"key": "42161-dd2f-f4c7-17", "nonBlacklistedVotes": 0.0}], "totalDeposited": 0.37135883244852463, "dollarPerVote": 0.013481223824514136, "incentiveDirected": 0.0, "incentiveDirectedUSD": 0.0, "efficiency": 1.02687619570066, "platform": "votemarket"}]}