{"totalDepositedUSD": 4239.5495906508795, "globalAverageDollarPerVote": 0.014247287335998856, "globalAverageEfficiency": 0.9785020544684673, "analytics": [{"gauge": "0xdc2df969ee5e66236b950f5c4c5f8abe62035df2", "nonBlacklistedVotes": 53933.97410663542, "nonBlacklistedVotesBreakdowns": [{"key": "42161-dd2f-f4c7-3", "nonBlacklistedVotes": 53933.97410663542}], "totalDeposited": 810.6201700349881, "dollarPerVote": 0.01502986166812541, "incentiveDirected": 757.9691878734294, "incentiveDirectedUSD": 751.893529184683, "efficiency": 0.9275534423874867, "platform": "votemarket"}, {"gauge": "0x3e8c72655e48591d93e6dfda16823db0ff23d859", "nonBlacklistedVotes": 0.0, "nonBlacklistedVotesBreakdowns": [{"key": "42161-dd2f-f4c7-17", "nonBlacklistedVotes": 0.0}], "totalDeposited": 0.5291738427259028, "dollarPerVote": 0.014407717803887823, "incentiveDirected": 0.0, "incentiveDirectedUSD": 0.0, "efficiency": 0.9676063980872511, "platform": "votemarket"}, {"gauge": "0x4eb7c7fd67b9b2c24d9ff1601ccda5a01bd40c7f", "nonBlacklistedVotes": 135466.42871985023, "nonBlacklistedVotesBreakdowns": [{"key": "42161-dd2f-f4c7-18", "nonBlacklistedVotes": 135466.42871985023}], "totalDeposited": 1928.6010685250874, "dollarPerVote": 0.013775721918036339, "incentiveDirected": 1903.7977575671769, "incentiveDirectedUSD": 1888.537473148715, "efficiency": 1.011997774913322, "platform": "votemarket"}, {"gauge": "0x7f49d37d0da53a4899bc0ba916f59ec9d4e6d1e2", "nonBlacklistedVotes": 103747.83662848856, "nonBlacklistedVotesBreakdowns": [{"key": "42161-dd2f-f4c7-19", "nonBlacklistedVotes": 103747.83662848856}], "totalDeposited": 1499.799178248078, "dollarPerVote": 0.01445619713130714, "incentiveDirected": 1458.035770133357, "incentiveDirectedUSD": 1446.3485830589489, "efficiency": 0.9643614985497159, "platform": "votemarket"}]}