{"totalDepositedUSD": 4240.732576779654, "globalAverageDollarPerVote": 0.014251104378438954, "globalAverageEfficiency": 0.9776921675157969, "analytics": [{"gauge": "0xdc2df969ee5e66236b950f5c4c5f8abe62035df2", "nonBlacklistedVotes": 53933.97410663542, "nonBlacklistedVotesBreakdowns": [{"key": "42161-dd2f-f4c7-3", "nonBlacklistedVotes": 53933.97410663542}], "totalDeposited": 809.8913714452275, "dollarPerVote": 0.015016348875830155, "incentiveDirected": 758.5458423979783, "incentiveDirectedUSD": 751.4724774557117, "efficiency": 0.9278682351124831, "platform": "votemarket"}, {"gauge": "0x3e8c72655e48591d93e6dfda16823db0ff23d859", "nonBlacklistedVotes": 0.0, "nonBlacklistedVotesBreakdowns": [{"key": "42161-dd2f-f4c7-17", "nonBlacklistedVotes": 0.0}], "totalDeposited": 0.5286980821112858, "dollarPerVote": 0.01439476435811224, "incentiveDirected": 0.0, "incentiveDirectedUSD": 0.0, "efficiency": 0.9679347839687091, "platform": "votemarket"}, {"gauge": "0x4eb7c7fd67b9b2c24d9ff1601ccda5a01bd40c7f", "nonBlacklistedVotes": 135466.42871985023, "nonBlacklistedVotesBreakdowns": [{"key": "42161-dd2f-f4c7-18", "nonBlacklistedVotes": 135466.42871985023}], "totalDeposited": 1930.592956593663, "dollarPerVote": 0.013789949689954737, "incentiveDirected": 1905.2461457184252, "incentiveDirectedUSD": 1887.479913883431, "efficiency": 1.0103875244301619, "platform": "votemarket"}, {"gauge": "0x7f49d37d0da53a4899bc0ba916f59ec9d4e6d1e2", "nonBlacklistedVotes": 103747.83662848856, "nonBlacklistedVotesBreakdowns": [{"key": "42161-dd2f-f4c7-19", "nonBlacklistedVotes": 103747.83662848856}], "totalDeposited": 1499.7195506586518, "dollarPerVote": 0.014455429620465334, "incentiveDirected": 1459.1450275243603, "incentiveDirectedUSD": 1445.5386444865921, "efficiency": 0.9638726412893235, "platform": "votemarket"}]}