{"totalDepositedUSD": 4239.556060968236, "globalAverageDollarPerVote": 0.014247309407826302, "globalAverageEfficiency": 0.9811475405439203, "analytics": [{"gauge": "0xdc2df969ee5e66236b950f5c4c5f8abe62035df2", "nonBlacklistedVotes": 53933.97410663542, "nonBlacklistedVotesBreakdowns": [{"key": "42161-dd2f-f4c7-3", "nonBlacklistedVotes": 53933.97410663542}], "totalDeposited": 810.6201700349881, "dollarPerVote": 0.01502986166812541, "incentiveDirected": 757.7618935911744, "incentiveDirectedUSD": 753.9275225957779, "efficiency": 0.9300626242290971, "platform": "votemarket"}, {"gauge": "0x3e8c72655e48591d93e6dfda16823db0ff23d859", "nonBlacklistedVotes": 0.0, "nonBlacklistedVotesBreakdowns": [{"key": "42161-dd2f-f4c7-17", "nonBlacklistedVotes": 0.0}], "totalDeposited": 0.5291738427259028, "dollarPerVote": 0.014407717803887823, "incentiveDirected": 0.0, "incentiveDirectedUSD": 0.0, "efficiency": 0.9702239296417212, "platform": "votemarket"}, {"gauge": "0x4eb7c7fd67b9b2c24d9ff1601ccda5a01bd40c7f", "nonBlacklistedVotes": 135466.42871985023, "nonBlacklistedVotesBreakdowns": [{"key": "42161-dd2f-f4c7-18", "nonBlacklistedVotes": 135466.42871985023}], "totalDeposited": 1928.6010685250874, "dollarPerVote": 0.013775721918036339, "incentiveDirected": 1903.2770947275424, "incentiveDirectedUSD": 1893.6462719718086, "efficiency": 1.0147353923103604, "platform": "votemarket"}, {"gauge": "0x7f49d37d0da53a4899bc0ba916f59ec9d4e6d1e2", "nonBlacklistedVotes": 103747.83662848856, "nonBlacklistedVotesBreakdowns": [{"key": "42161-dd2f-f4c7-19", "nonBlacklistedVotes": 103747.83662848856}], "totalDeposited": 1499.8056485654351, "dollarPerVote": 0.014456259497112224, "incentiveDirected": 1457.637017145363, "incentiveDirectedUSD": 1450.2611895303444, "efficiency": 0.9669660805168456, "platform": "votemarket"}]}