{"totalDepositedUSD": 4243.239949032833, "globalAverageDollarPerVote": 0.014259380991647374, "globalAverageEfficiency": 0.9777800332557033, "analytics": [{"gauge": "0xdc2df969ee5e66236b950f5c4c5f8abe62035df2", "nonBlacklistedVotes": 53933.97410663542, "nonBlacklistedVotesBreakdowns": [{"key": "42161-dd2f-f4c7-3", "nonBlacklistedVotes": 53933.97410663542}], "totalDeposited": 809.8913714452275, "dollarPerVote": 0.015016348875830155, "incentiveDirected": 758.1839654827751, "incentiveDirectedUSD": 751.9764845632559, "efficiency": 0.9284905495676239, "platform": "votemarket"}, {"gauge": "0x3e8c72655e48591d93e6dfda16823db0ff23d859", "nonBlacklistedVotes": 0.0, "nonBlacklistedVotesBreakdowns": [{"key": "42161-dd2f-f4c7-17", "nonBlacklistedVotes": 0.0}], "totalDeposited": 0.5286980821112858, "dollarPerVote": 0.01439476435811224, "incentiveDirected": 0.0, "incentiveDirectedUSD": 0.0, "efficiency": 0.9685839707658241, "platform": "votemarket"}, {"gauge": "0x4eb7c7fd67b9b2c24d9ff1601ccda5a01bd40c7f", "nonBlacklistedVotes": 135466.42871985023, "nonBlacklistedVotesBreakdowns": [{"key": "42161-dd2f-f4c7-18", "nonBlacklistedVotes": 135466.42871985023}], "totalDeposited": 1933.0973117798346, "dollarPerVote": 0.013807837941284533, "incentiveDirected": 1904.3372163441159, "incentiveDirectedUSD": 1888.74583288976, "efficiency": 1.0097553345793142, "platform": "votemarket"}, {"gauge": "0x7f49d37d0da53a4899bc0ba916f59ec9d4e6d1e2", "nonBlacklistedVotes": 103747.83662848856, "nonBlacklistedVotesBreakdowns": [{"key": "42161-dd2f-f4c7-19", "nonBlacklistedVotes": 103747.83662848856}], "totalDeposited": 1499.7225677256595, "dollarPerVote": 0.014455458701235649, "incentiveDirected": 1458.4489181109525, "incentiveDirectedUSD": 1446.5081567081413, "efficiency": 0.9645171632655911, "platform": "votemarket"}]}