{"totalDepositedUSD": 4240.353800126306, "globalAverageDollarPerVote": 0.014249761564822846, "globalAverageEfficiency": 0.9745168814095897, "analytics": [{"gauge": "0xdc2df969ee5e66236b950f5c4c5f8abe62035df2", "nonBlacklistedVotes": 53933.97410663542, "nonBlacklistedVotesBreakdowns": [{"key": "42161-dd2f-f4c7-3", "nonBlacklistedVotes": 53933.97410663542}], "totalDeposited": 808.9008458321318, "dollarPerVote": 0.014997983353364904, "incentiveDirected": 758.123501491447, "incentiveDirectedUSD": 748.9613154900743, "efficiency": 0.9259000276104341, "platform": "votemarket"}, {"gauge": "0x3e8c72655e48591d93e6dfda16823db0ff23d859", "nonBlacklistedVotes": 0.0, "nonBlacklistedVotesBreakdowns": [{"key": "42161-dd2f-f4c7-17", "nonBlacklistedVotes": 0.0}], "totalDeposited": 0.5280514657743427, "dollarPerVote": 0.014377159055359424, "incentiveDirected": 0.0, "incentiveDirectedUSD": 0.0, "efficiency": 0.9658815867245224, "platform": "votemarket"}, {"gauge": "0x4eb7c7fd67b9b2c24d9ff1601ccda5a01bd40c7f", "nonBlacklistedVotes": 135466.42871985023, "nonBlacklistedVotesBreakdowns": [{"key": "42161-dd2f-f4c7-18", "nonBlacklistedVotes": 135466.42871985023}], "totalDeposited": 1931.0720220657145, "dollarPerVote": 0.013793371586183675, "incentiveDirected": 1904.185348414726, "incentiveDirectedUSD": 1881.1726066794517, "efficiency": 1.0067613356324814, "platform": "votemarket"}, {"gauge": "0x7f49d37d0da53a4899bc0ba916f59ec9d4e6d1e2", "nonBlacklistedVotes": 103747.83662848856, "nonBlacklistedVotesBreakdowns": [{"key": "42161-dd2f-f4c7-19", "nonBlacklistedVotes": 103747.83662848856}], "totalDeposited": 1499.8528807626851, "dollarPerVote": 0.01445671475669917, "incentiveDirected": 1458.3326090794353, "incentiveDirectedUSD": 1440.7081526551628, "efficiency": 0.9605663136257426, "platform": "votemarket"}]}