{"totalDepositedUSD": 4239.610052665799, "globalAverageDollarPerVote": 0.014247493586648811, "globalAverageEfficiency": 0.9810744417347284, "analytics": [{"gauge": "0xdc2df969ee5e66236b950f5c4c5f8abe62035df2", "nonBlacklistedVotes": 53933.97410663542, "nonBlacklistedVotesBreakdowns": [{"key": "42161-dd2f-f4c7-3", "nonBlacklistedVotes": 53933.97410663542}], "totalDeposited": 810.6201700349881, "dollarPerVote": 0.01502986166812541, "incentiveDirected": 757.7152328311319, "incentiveDirectedUSD": 753.881097945081, "efficiency": 0.9300053536942486, "platform": "votemarket"}, {"gauge": "0x3e8c72655e48591d93e6dfda16823db0ff23d859", "nonBlacklistedVotes": 0.0, "nonBlacklistedVotesBreakdowns": [{"key": "42161-dd2f-f4c7-17", "nonBlacklistedVotes": 0.0}], "totalDeposited": 0.5291738427259028, "dollarPerVote": 0.014407717803887823, "incentiveDirected": 0.0, "incentiveDirectedUSD": 0.0, "efficiency": 0.9701641860912056, "platform": "votemarket"}, {"gauge": "0x4eb7c7fd67b9b2c24d9ff1601ccda5a01bd40c7f", "nonBlacklistedVotes": 135466.42871985023, "nonBlacklistedVotesBreakdowns": [{"key": "42161-dd2f-f4c7-18", "nonBlacklistedVotes": 135466.42871985023}], "totalDeposited": 1928.6010685250874, "dollarPerVote": 0.013775721918036339, "incentiveDirected": 1903.1598964934233, "incentiveDirectedUSD": 1893.529666775573, "efficiency": 1.0146729078742232, "platform": "votemarket"}, {"gauge": "0x7f49d37d0da53a4899bc0ba916f59ec9d4e6d1e2", "nonBlacklistedVotes": 103747.83662848856, "nonBlacklistedVotesBreakdowns": [{"key": "42161-dd2f-f4c7-19", "nonBlacklistedVotes": 103747.83662848856}], "totalDeposited": 1499.8596402629983, "dollarPerVote": 0.014456779909867976, "incentiveDirected": 1457.5472601231884, "incentiveDirectedUSD": 1450.1718866900512, "efficiency": 0.9668717310346224, "platform": "votemarket"}]}