{"totalDepositedUSD": 4243.234086709506, "globalAverageDollarPerVote": 0.014259360993835558, "globalAverageEfficiency": 0.9759020463187538, "analytics": [{"gauge": "0xdc2df969ee5e66236b950f5c4c5f8abe62035df2", "nonBlacklistedVotes": 53933.97410663542, "nonBlacklistedVotesBreakdowns": [{"key": "42161-dd2f-f4c7-3", "nonBlacklistedVotes": 53933.97410663542}], "totalDeposited": 809.8913714452275, "dollarPerVote": 0.015016348875830155, "incentiveDirected": 758.3743752613957, "incentiveDirectedUSD": 750.531137809283, "efficiency": 0.926705931525091, "platform": "votemarket"}, {"gauge": "0x3e8c72655e48591d93e6dfda16823db0ff23d859", "nonBlacklistedVotes": 0.0, "nonBlacklistedVotesBreakdowns": [{"key": "42161-dd2f-f4c7-17", "nonBlacklistedVotes": 0.0}], "totalDeposited": 0.5286980821112858, "dollarPerVote": 0.01439476435811224, "incentiveDirected": 0.0, "incentiveDirectedUSD": 0.0, "efficiency": 0.9667222906111452, "platform": "votemarket"}, {"gauge": "0x4eb7c7fd67b9b2c24d9ff1601ccda5a01bd40c7f", "nonBlacklistedVotes": 135466.42871985023, "nonBlacklistedVotesBreakdowns": [{"key": "42161-dd2f-f4c7-18", "nonBlacklistedVotes": 135466.42871985023}], "totalDeposited": 1933.0973117798346, "dollarPerVote": 0.013807837941284533, "incentiveDirected": 1904.8154702301003, "incentiveDirectedUSD": 1885.1155429609032, "efficiency": 1.0078145204380466, "platform": "votemarket"}, {"gauge": "0x7f49d37d0da53a4899bc0ba916f59ec9d4e6d1e2", "nonBlacklistedVotes": 103747.83662848856, "nonBlacklistedVotesBreakdowns": [{"key": "42161-dd2f-f4c7-19", "nonBlacklistedVotes": 103747.83662848856}], "totalDeposited": 1499.7167054023328, "dollarPerVote": 0.014455402195736189, "incentiveDirected": 1458.8151919287457, "incentiveDirectedUSD": 1443.727875792698, "efficiency": 0.9626670627806238, "platform": "votemarket"}]}