{"totalDepositedUSD": 4240.211669854331, "globalAverageDollarPerVote": 0.01424927672386921, "globalAverageEfficiency": 0.976145748120042, "analytics": [{"gauge": "0xdc2df969ee5e66236b950f5c4c5f8abe62035df2", "nonBlacklistedVotes": 53933.97410663542, "nonBlacklistedVotesBreakdowns": [{"key": "42161-dd2f-f4c7-3", "nonBlacklistedVotes": 53933.97410663542}], "totalDeposited": 808.9008458321318, "dollarPerVote": 0.014997983353364904, "incentiveDirected": 757.9488385975062, "incentiveDirectedUSD": 750.187649301698, "efficiency": 0.9274160772201512, "platform": "votemarket"}, {"gauge": "0x3e8c72655e48591d93e6dfda16823db0ff23d859", "nonBlacklistedVotes": 0.0, "nonBlacklistedVotesBreakdowns": [{"key": "42161-dd2f-f4c7-17", "nonBlacklistedVotes": 0.0}], "totalDeposited": 0.5280514657743427, "dollarPerVote": 0.014377159055359424, "incentiveDirected": 0.0, "incentiveDirectedUSD": 0.0, "efficiency": 0.9674631013145649, "platform": "votemarket"}, {"gauge": "0x4eb7c7fd67b9b2c24d9ff1601ccda5a01bd40c7f", "nonBlacklistedVotes": 135466.42871985023, "nonBlacklistedVotesBreakdowns": [{"key": "42161-dd2f-f4c7-18", "nonBlacklistedVotes": 135466.42871985023}], "totalDeposited": 1931.0720220657145, "dollarPerVote": 0.013793371586183675, "incentiveDirected": 1903.7466461150354, "incentiveDirectedUSD": 1884.2527999088734, "efficiency": 1.0084097858802938, "platform": "votemarket"}, {"gauge": "0x7f49d37d0da53a4899bc0ba916f59ec9d4e6d1e2", "nonBlacklistedVotes": 103747.83662848856, "nonBlacklistedVotesBreakdowns": [{"key": "42161-dd2f-f4c7-19", "nonBlacklistedVotes": 103747.83662848856}], "totalDeposited": 1499.710750490711, "dollarPerVote": 0.014455344797800817, "incentiveDirected": 1457.996626098656, "incentiveDirectedUSD": 1443.0671384715756, "efficiency": 0.9622303087441352, "platform": "votemarket"}]}