{"totalDepositedUSD": 4233.934616379751, "globalAverageDollarPerVote": 0.014227972229989857, "globalAverageEfficiency": 0.9745400086512278, "analytics": [{"gauge": "0xdc2df969ee5e66236b950f5c4c5f8abe62035df2", "nonBlacklistedVotes": 53933.97410663542, "nonBlacklistedVotesBreakdowns": [{"key": "42161-dd2f-f4c7-3", "nonBlacklistedVotes": 53933.97410663542}], "totalDeposited": 803.4957341586822, "dollarPerVote": 0.014897766157006208, "incentiveDirected": 758.1473318006058, "incentiveDirectedUSD": 747.8338246353604, "efficiency": 0.9307253204254982, "platform": "votemarket"}, {"gauge": "0x3e8c72655e48591d93e6dfda16823db0ff23d859", "nonBlacklistedVotes": 0.0, "nonBlacklistedVotesBreakdowns": [{"key": "42161-dd2f-f4c7-17", "nonBlacklistedVotes": 0.0}], "totalDeposited": 0.524523002234534, "dollarPerVote": 0.014281090234759758, "incentiveDirected": 0.0, "incentiveDirectedUSD": 0.0, "efficiency": 0.9709152419158424, "platform": "votemarket"}, {"gauge": "0x4eb7c7fd67b9b2c24d9ff1601ccda5a01bd40c7f", "nonBlacklistedVotes": 135466.42871985023, "nonBlacklistedVotesBreakdowns": [{"key": "42161-dd2f-f4c7-18", "nonBlacklistedVotes": 135466.42871985023}], "totalDeposited": 1930.2027252017942, "dollarPerVote": 0.013787162322869959, "incentiveDirected": 1904.245203208119, "incentiveDirectedUSD": 1878.3406781588426, "efficiency": 1.0056984791644517, "platform": "votemarket"}, {"gauge": "0x7f49d37d0da53a4899bc0ba916f59ec9d4e6d1e2", "nonBlacklistedVotes": 103747.83662848856, "nonBlacklistedVotesBreakdowns": [{"key": "42161-dd2f-f4c7-19", "nonBlacklistedVotes": 103747.83662848856}], "totalDeposited": 1499.7116340170398, "dollarPerVote": 0.014455353313894814, "incentiveDirected": 1458.3784492583275, "incentiveDirectedUSD": 1438.5393019644332, "efficiency": 0.9592106037820392, "platform": "votemarket"}]}