{"totalDepositedUSD": 3870.977690876308, "globalAverageDollarPerVote": 0.013166897318585228, "globalAverageEfficiency": 0.865078743261908, "analytics": [{"gauge": "0xdc2df969ee5e66236b950f5c4c5f8abe62035df2", "nonBlacklistedVotes": 52854.79966385181, "nonBlacklistedVotesBreakdowns": [{"key": "42161-dd2f-f4c7-3", "nonBlacklistedVotes": 52854.79966385181}], "totalDeposited": 676.5649638920211, "dollarPerVote": 0.01280044514774188, "incentiveDirected": 712.0098073148487, "incentiveDirectedUSD": 602.0374678637875, "efficiency": 0.8898442869410422, "platform": "votemarket"}, {"gauge": "0x3e8c72655e48591d93e6dfda16823db0ff23d859", "nonBlacklistedVotes": 0.0, "nonBlacklistedVotesBreakdowns": [{"key": "42161-dd2f-f4c7-17", "nonBlacklistedVotes": 0.0}], "totalDeposited": 0.6624936592331515, "dollarPerVote": 0.012025061102702465, "incentiveDirected": 0.0, "incentiveDirectedUSD": 0.0, "efficiency": 0.9472220463362522, "platform": "votemarket"}, {"gauge": "0x4eb7c7fd67b9b2c24d9ff1601ccda5a01bd40c7f", "nonBlacklistedVotes": 132757.1001438806, "nonBlacklistedVotesBreakdowns": [{"key": "42161-dd2f-f4c7-18", "nonBlacklistedVotes": 132757.1001438806}], "totalDeposited": 1694.059073501054, "dollarPerVote": 0.012100421953578957, "incentiveDirected": 1788.377931508255, "incentiveDirectedUSD": 1512.1568697614962, "efficiency": 0.9413227926032235, "platform": "votemarket"}, {"gauge": "0x7f49d37d0da53a4899bc0ba916f59ec9d4e6d1e2", "nonBlacklistedVotes": 101674.69180646862, "nonBlacklistedVotesBreakdowns": [{"key": "42161-dd2f-f4c7-19", "nonBlacklistedVotes": 101674.69180646862}], "totalDeposited": 1499.6911598239992, "dollarPerVote": 0.014749896293549303, "incentiveDirected": 1369.6651615809883, "incentiveDirectedUSD": 1158.1157130534189, "efficiency": 0.7722361403992893, "platform": "votemarket"}]}