{"totalDepositedUSD": 3870.954986140385, "globalAverageDollarPerVote": 0.0131668182869263, "globalAverageEfficiency": 0.8653457369450445, "analytics": [{"gauge": "0xdc2df969ee5e66236b950f5c4c5f8abe62035df2", "nonBlacklistedVotes": 52854.79966385181, "nonBlacklistedVotesBreakdowns": [{"key": "42161-dd2f-f4c7-3", "nonBlacklistedVotes": 52854.79966385181}], "totalDeposited": 676.5649638920211, "dollarPerVote": 0.01280044514774188, "incentiveDirected": 711.9854393690623, "incentiveDirectedUSD": 602.2196630465252, "efficiency": 0.8901135813805438, "platform": "votemarket"}, {"gauge": "0x3e8c72655e48591d93e6dfda16823db0ff23d859", "nonBlacklistedVotes": 0.0, "nonBlacklistedVotesBreakdowns": [{"key": "42161-dd2f-f4c7-17", "nonBlacklistedVotes": 0.0}], "totalDeposited": 0.6624936592331515, "dollarPerVote": 0.012025061102702465, "incentiveDirected": 0.0, "incentiveDirectedUSD": 0.0, "efficiency": 0.9475087050627228, "platform": "votemarket"}, {"gauge": "0x4eb7c7fd67b9b2c24d9ff1601ccda5a01bd40c7f", "nonBlacklistedVotes": 132757.1001438806, "nonBlacklistedVotesBreakdowns": [{"key": "42161-dd2f-f4c7-18", "nonBlacklistedVotes": 132757.1001438806}], "totalDeposited": 1694.059073501054, "dollarPerVote": 0.012100421953578957, "incentiveDirected": 1788.316725755142, "incentiveDirectedUSD": 1512.614495261437, "efficiency": 0.941607666032816, "platform": "votemarket"}, {"gauge": "0x7f49d37d0da53a4899bc0ba916f59ec9d4e6d1e2", "nonBlacklistedVotes": 101674.69180646862, "nonBlacklistedVotesBreakdowns": [{"key": "42161-dd2f-f4c7-19", "nonBlacklistedVotes": 101674.69180646862}], "totalDeposited": 1499.6684550880764, "dollarPerVote": 0.0147496729859049, "incentiveDirected": 1369.6182859255407, "incentiveDirectedUSD": 1158.4661947347665, "efficiency": 0.7724815380388388, "platform": "votemarket"}]}