{"totalDepositedUSD": 3866.126685413343, "globalAverageDollarPerVote": 0.013150946672045617, "globalAverageEfficiency": 0.8693538183677196, "analytics": [{"gauge": "0xdc2df969ee5e66236b950f5c4c5f8abe62035df2", "nonBlacklistedVotes": 52854.79966385181, "nonBlacklistedVotesBreakdowns": [{"key": "42161-dd2f-f4c7-3", "nonBlacklistedVotes": 52854.79966385181}], "totalDeposited": 676.898535969805, "dollarPerVote": 0.012806756250610597, "incentiveDirected": 711.6483023414877, "incentiveDirectedUSD": 604.279712202719, "efficiency": 0.8927183028058352, "platform": "votemarket"}, {"gauge": "0x3e8c72655e48591d93e6dfda16823db0ff23d859", "nonBlacklistedVotes": 0.0, "nonBlacklistedVotesBreakdowns": [{"key": "42161-dd2f-f4c7-17", "nonBlacklistedVotes": 0.0}], "totalDeposited": 0.6628202936263337, "dollarPerVote": 0.012030989911954474, "incentiveDirected": 0.0, "incentiveDirectedUSD": 0.0, "efficiency": 0.9502813806811524, "platform": "votemarket"}, {"gauge": "0x4eb7c7fd67b9b2c24d9ff1601ccda5a01bd40c7f", "nonBlacklistedVotes": 132757.1001438806, "nonBlacklistedVotesBreakdowns": [{"key": "42161-dd2f-f4c7-18", "nonBlacklistedVotes": 132757.1001438806}], "totalDeposited": 1688.8609441052356, "dollarPerVote": 0.01206329245789454, "incentiveDirected": 1787.4699278405424, "incentiveDirectedUSD": 1517.7887869789247, "efficiency": 0.9477367596282695, "platform": "votemarket"}, {"gauge": "0x7f49d37d0da53a4899bc0ba916f59ec9d4e6d1e2", "nonBlacklistedVotes": 101674.69180646862, "nonBlacklistedVotesBreakdowns": [{"key": "42161-dd2f-f4c7-19", "nonBlacklistedVotes": 101674.69180646862}], "totalDeposited": 1499.704385044676, "dollarPerVote": 0.014750026367419622, "incentiveDirected": 1368.96974873321, "incentiveDirectedUSD": 1162.4290299814097, "efficiency": 0.7751054418279781, "platform": "votemarket"}]}