{"totalDepositedUSD": 3872.441756278323, "globalAverageDollarPerVote": 0.013171706112827088, "globalAverageEfficiency": 0.8647733745898021, "analytics": [{"gauge": "0xdc2df969ee5e66236b950f5c4c5f8abe62035df2", "nonBlacklistedVotes": 52854.79966385181, "nonBlacklistedVotesBreakdowns": [{"key": "42161-dd2f-f4c7-3", "nonBlacklistedVotes": 52854.79966385181}], "totalDeposited": 676.5649638920211, "dollarPerVote": 0.01280044514774188, "incentiveDirected": 712.008833160586, "incentiveDirectedUSD": 602.044749102633, "efficiency": 0.8898550490100735, "platform": "votemarket"}, {"gauge": "0x3e8c72655e48591d93e6dfda16823db0ff23d859", "nonBlacklistedVotes": 0.0, "nonBlacklistedVotesBreakdowns": [{"key": "42161-dd2f-f4c7-17", "nonBlacklistedVotes": 0.0}], "totalDeposited": 0.6624936592331515, "dollarPerVote": 0.012025061102702465, "incentiveDirected": 0.0, "incentiveDirectedUSD": 0.0, "efficiency": 0.9472335023507483, "platform": "votemarket"}, {"gauge": "0x4eb7c7fd67b9b2c24d9ff1601ccda5a01bd40c7f", "nonBlacklistedVotes": 132757.1001438806, "nonBlacklistedVotesBreakdowns": [{"key": "42161-dd2f-f4c7-18", "nonBlacklistedVotes": 132757.1001438806}], "totalDeposited": 1695.6549620897626, "dollarPerVote": 0.012111821157784019, "incentiveDirected": 1788.3754846936642, "incentiveDirectedUSD": 1512.1751582832717, "efficiency": 0.9404482278847175, "platform": "votemarket"}, {"gauge": "0x7f49d37d0da53a4899bc0ba916f59ec9d4e6d1e2", "nonBlacklistedVotes": 101674.69180646862, "nonBlacklistedVotesBreakdowns": [{"key": "42161-dd2f-f4c7-19", "nonBlacklistedVotes": 101674.69180646862}], "totalDeposited": 1499.5593366373057, "dollarPerVote": 0.014748599774382622, "incentiveDirected": 1369.6632876388853, "incentiveDirectedUSD": 1158.1297196851779, "efficiency": 0.7723133665935699, "platform": "votemarket"}]}