{"totalDepositedUSD": 3866.932381215135, "globalAverageDollarPerVote": 0.013153747939005585, "globalAverageEfficiency": 0.8681872372330117, "analytics": [{"gauge": "0xdc2df969ee5e66236b950f5c4c5f8abe62035df2", "nonBlacklistedVotes": 52854.79966385181, "nonBlacklistedVotesBreakdowns": [{"key": "42161-dd2f-f4c7-3", "nonBlacklistedVotes": 52854.79966385181}], "totalDeposited": 677.8476402520151, "dollarPerVote": 0.012824713073609573, "incentiveDirected": 711.7358198891135, "incentiveDirectedUSD": 603.597376714556, "efficiency": 0.8904617215900408, "platform": "votemarket"}, {"gauge": "0x3e8c72655e48591d93e6dfda16823db0ff23d859", "nonBlacklistedVotes": 0.0, "nonBlacklistedVotesBreakdowns": [{"key": "42161-dd2f-f4c7-17", "nonBlacklistedVotes": 0.0}], "totalDeposited": 0.6637496582882252, "dollarPerVote": 0.012047859004496243, "incentiveDirected": 0.0, "incentiveDirectedUSD": 0.0, "efficiency": 0.9478792935875817, "platform": "votemarket"}, {"gauge": "0x4eb7c7fd67b9b2c24d9ff1601ccda5a01bd40c7f", "nonBlacklistedVotes": 132757.1001438806, "nonBlacklistedVotesBreakdowns": [{"key": "42161-dd2f-f4c7-18", "nonBlacklistedVotes": 132757.1001438806}], "totalDeposited": 1688.8609441052356, "dollarPerVote": 0.01206329245789454, "incentiveDirected": 1787.689748479508, "incentiveDirectedUSD": 1516.0749429891664, "efficiency": 0.9466666021970799, "platform": "votemarket"}, {"gauge": "0x7f49d37d0da53a4899bc0ba916f59ec9d4e6d1e2", "nonBlacklistedVotes": 101674.69180646862, "nonBlacklistedVotesBreakdowns": [{"key": "42161-dd2f-f4c7-19", "nonBlacklistedVotes": 101674.69180646862}], "totalDeposited": 1499.5600471995963, "dollarPerVote": 0.014748606762968257, "incentiveDirected": 1369.1381027850484, "incentiveDirectedUSD": 1161.1164481362641, "efficiency": 0.7743047371158162, "platform": "votemarket"}]}