{"totalDepositedUSD": 3866.9346371048837, "globalAverageDollarPerVote": 0.013153755791407384, "globalAverageEfficiency": 0.8686451603599945, "analytics": [{"gauge": "0xdc2df969ee5e66236b950f5c4c5f8abe62035df2", "nonBlacklistedVotes": 52854.79966385181, "nonBlacklistedVotesBreakdowns": [{"key": "42161-dd2f-f4c7-3", "nonBlacklistedVotes": 52854.79966385181}], "totalDeposited": 677.8476402520151, "dollarPerVote": 0.012824713073609573, "incentiveDirected": 711.6934894518934, "incentiveDirectedUSD": 603.9161031196099, "efficiency": 0.8909319251964669, "platform": "votemarket"}, {"gauge": "0x3e8c72655e48591d93e6dfda16823db0ff23d859", "nonBlacklistedVotes": 0.0, "nonBlacklistedVotesBreakdowns": [{"key": "42161-dd2f-f4c7-17", "nonBlacklistedVotes": 0.0}], "totalDeposited": 0.6637496582882252, "dollarPerVote": 0.012047859004496243, "incentiveDirected": 0.0, "incentiveDirectedUSD": 0.0, "efficiency": 0.948379816239477, "platform": "votemarket"}, {"gauge": "0x4eb7c7fd67b9b2c24d9ff1601ccda5a01bd40c7f", "nonBlacklistedVotes": 132757.1001438806, "nonBlacklistedVotesBreakdowns": [{"key": "42161-dd2f-f4c7-18", "nonBlacklistedVotes": 132757.1001438806}], "totalDeposited": 1688.8609441052356, "dollarPerVote": 0.01206329245789454, "incentiveDirected": 1787.5834257589809, "incentiveDirectedUSD": 1516.8754983510892, "efficiency": 0.9471664844936949, "platform": "votemarket"}, {"gauge": "0x7f49d37d0da53a4899bc0ba916f59ec9d4e6d1e2", "nonBlacklistedVotes": 101674.69180646862, "nonBlacklistedVotesBreakdowns": [{"key": "42161-dd2f-f4c7-19", "nonBlacklistedVotes": 101674.69180646862}], "totalDeposited": 1499.5623030893448, "dollarPerVote": 0.014748628950296376, "incentiveDirected": 1369.0566733938526, "incentiveDirectedUSD": 1161.7295695407636, "efficiency": 0.7747124391880282, "platform": "votemarket"}]}