{"totalDepositedUSD": 1708.121013928273, "globalAverageDollarPerVote": 0.009725591466286121, "globalAverageEfficiency": 1.0960766222145404, "analytics": [{"gauge": "0x3e8c72655e48591d93e6dfda16823db0ff23d859", "nonBlacklistedVotes": 0.0, "nonBlacklistedVotesBreakdowns": [{"key": "42161-dd2f-f4c7-17", "nonBlacklistedVotes": 0.0}], "totalDeposited": 1.3518725583021127, "dollarPerVote": 0.012269060911063381, "incentiveDirected": 0.0, "incentiveDirectedUSD": 0.0, "efficiency": 0.8688516195883431, "platform": "votemarket"}, {"gauge": "0x4eb7c7fd67b9b2c24d9ff1601ccda5a01bd40c7f", "nonBlacklistedVotes": 92021.91075402165, "nonBlacklistedVotesBreakdowns": [{"key": "42161-dd2f-f4c7-20", "nonBlacklistedVotes": 92021.91075402165}], "totalDeposited": 895.6456063887032, "dollarPerVote": 0.009732960324881763, "incentiveDirected": 1224.2909468440046, "incentiveDirectedUSD": 980.9529652875124, "efficiency": 1.0952467787373776, "platform": "votemarket"}, {"gauge": "0xdc2df969ee5e66236b950f5c4c5f8abe62035df2", "nonBlacklistedVotes": 83470.66954677615, "nonBlacklistedVotesBreakdowns": [{"key": "42161-dd2f-f4c7-21", "nonBlacklistedVotes": 83470.66954677615}], "totalDeposited": 811.1235349812677, "dollarPerVote": 0.00971746769716184, "incentiveDirected": 1110.5223116512984, "incentiveDirectedUSD": 889.7967900852967, "efficiency": 1.0969929384503014, "platform": "votemarket"}]}