{"totalDepositedUSD": 1708.2876624797996, "globalAverageDollarPerVote": 0.009726544565940113, "globalAverageEfficiency": 1.087162539171037, "analytics": [{"gauge": "0x3e8c72655e48591d93e6dfda16823db0ff23d859", "nonBlacklistedVotes": 0.0, "nonBlacklistedVotesBreakdowns": [{"key": "42161-dd2f-f4c7-17", "nonBlacklistedVotes": 0.0}], "totalDeposited": 1.351259192265911, "dollarPerVote": 0.01226349424339732, "incentiveDirected": 0.0, "incentiveDirectedUSD": 0.0, "efficiency": 0.8622611694347179, "platform": "votemarket"}, {"gauge": "0x4eb7c7fd67b9b2c24d9ff1601ccda5a01bd40c7f", "nonBlacklistedVotes": 92021.91075402165, "nonBlacklistedVotesBreakdowns": [{"key": "42161-dd2f-f4c7-20", "nonBlacklistedVotes": 92021.91075402165}], "totalDeposited": 896.180887927987, "dollarPerVote": 0.009738777217129466, "incentiveDirected": 1225.3230743343108, "incentiveDirectedUSD": 973.0705013160949, "efficiency": 1.0857969796319584, "platform": "votemarket"}, {"gauge": "0xdc2df969ee5e66236b950f5c4c5f8abe62035df2", "nonBlacklistedVotes": 83470.66954677615, "nonBlacklistedVotesBreakdowns": [{"key": "42161-dd2f-f4c7-21", "nonBlacklistedVotes": 83470.66954677615}], "totalDeposited": 810.7555153595465, "dollarPerVote": 0.009713058727835016, "incentiveDirected": 1111.4585275151894, "incentiveDirectedUSD": 882.6468130854571, "efficiency": 1.0886719810891805, "platform": "votemarket"}]}