{"totalDepositedUSD": 1708.2123479335214, "globalAverageDollarPerVote": 0.00972610991544498, "globalAverageEfficiency": 1.0878668786620098, "analytics": [{"gauge": "0x3e8c72655e48591d93e6dfda16823db0ff23d859", "nonBlacklistedVotes": 0.0, "nonBlacklistedVotesBreakdowns": [{"key": "42161-dd2f-f4c7-17", "nonBlacklistedVotes": 0.0}], "totalDeposited": 1.3522225829077512, "dollarPerVote": 0.01227223759601092, "incentiveDirected": 0.0, "incentiveDirectedUSD": 0.0, "efficiency": 0.8621665570325988, "platform": "votemarket"}, {"gauge": "0x4eb7c7fd67b9b2c24d9ff1601ccda5a01bd40c7f", "nonBlacklistedVotes": 92021.91075402165, "nonBlacklistedVotesBreakdowns": [{"key": "42161-dd2f-f4c7-20", "nonBlacklistedVotes": 92021.91075402165}], "totalDeposited": 895.526575605963, "dollarPerVote": 0.009731666820087472, "incentiveDirected": 1225.2327446003628, "incentiveDirectedUSD": 973.6574122382718, "efficiency": 1.0872456929370757, "platform": "votemarket"}, {"gauge": "0xdc2df969ee5e66236b950f5c4c5f8abe62035df2", "nonBlacklistedVotes": 83470.66954677615, "nonBlacklistedVotesBreakdowns": [{"key": "42161-dd2f-f4c7-21", "nonBlacklistedVotes": 83470.66954677615}], "totalDeposited": 811.3335497446507, "dollarPerVote": 0.00971998372781696, "incentiveDirected": 1111.3765917749854, "incentiveDirectedUSD": 883.1791846395469, "efficiency": 1.0885525255519237, "platform": "votemarket"}]}