{"totalDepositedUSD": 1707.8132271022087, "globalAverageDollarPerVote": 0.009723841116160196, "globalAverageEfficiency": 1.092284705966989, "analytics": [{"gauge": "0x3e8c72655e48591d93e6dfda16823db0ff23d859", "nonBlacklistedVotes": 0.0, "nonBlacklistedVotesBreakdowns": [{"key": "42161-dd2f-f4c7-17", "nonBlacklistedVotes": 0.0}], "totalDeposited": 1.351259192265911, "dollarPerVote": 0.01226349424339732, "incentiveDirected": 0.0, "incentiveDirectedUSD": 0.0, "efficiency": 0.8660829225041815, "platform": "votemarket"}, {"gauge": "0x4eb7c7fd67b9b2c24d9ff1601ccda5a01bd40c7f", "nonBlacklistedVotes": 92021.91075402165, "nonBlacklistedVotesBreakdowns": [{"key": "42161-dd2f-f4c7-20", "nonBlacklistedVotes": 92021.91075402165}], "totalDeposited": 895.7064525503961, "dollarPerVote": 0.009733621538729578, "incentiveDirected": 1224.689764634786, "incentiveDirectedUSD": 977.383388532908, "efficiency": 1.0911871693565995, "platform": "votemarket"}, {"gauge": "0xdc2df969ee5e66236b950f5c4c5f8abe62035df2", "nonBlacklistedVotes": 83470.66954677615, "nonBlacklistedVotesBreakdowns": [{"key": "42161-dd2f-f4c7-21", "nonBlacklistedVotes": 83470.66954677615}], "totalDeposited": 810.7555153595465, "dollarPerVote": 0.009713058727835016, "incentiveDirected": 1110.884068843155, "incentiveDirectedUSD": 886.5589203294527, "efficiency": 1.0934972424286125, "platform": "votemarket"}]}