{"totalDepositedUSD": 1709.1778112053057, "globalAverageDollarPerVote": 0.009731601630701648, "globalAverageEfficiency": 1.0908913135219735, "analytics": [{"gauge": "0x3e8c72655e48591d93e6dfda16823db0ff23d859", "nonBlacklistedVotes": 0.0, "nonBlacklistedVotesBreakdowns": [{"key": "42161-dd2f-f4c7-17", "nonBlacklistedVotes": 0.0}], "totalDeposited": 1.3539305740217689, "dollarPerVote": 0.012287738648151336, "incentiveDirected": 0.0, "incentiveDirectedUSD": 0.0, "efficiency": 0.863960407164574, "platform": "votemarket"}, {"gauge": "0x4eb7c7fd67b9b2c24d9ff1601ccda5a01bd40c7f", "nonBlacklistedVotes": 92021.91075402165, "nonBlacklistedVotesBreakdowns": [{"key": "42161-dd2f-f4c7-20", "nonBlacklistedVotes": 92021.91075402165}], "totalDeposited": 895.4655362182225, "dollarPerVote": 0.009731003506456616, "incentiveDirected": 1224.9245225843597, "incentiveDirectedUSD": 976.9156182612558, "efficiency": 1.0909583660662336, "platform": "votemarket"}, {"gauge": "0xdc2df969ee5e66236b950f5c4c5f8abe62035df2", "nonBlacklistedVotes": 83470.66954677615, "nonBlacklistedVotesBreakdowns": [{"key": "42161-dd2f-f4c7-21", "nonBlacklistedVotes": 83470.66954677615}], "totalDeposited": 812.3583444130613, "dollarPerVote": 0.009732261030418878, "incentiveDirected": 1111.0970116420146, "incentiveDirectedUSD": 886.1346181447996, "efficiency": 1.0908174012603298, "platform": "votemarket"}]}