{"totalDepositedUSD": 1479.027812502724, "globalAverageDollarPerVote": 0.00860576555404437, "globalAverageEfficiency": 1.0856974171900133, "analytics": [{"gauge": "0x4eb7c7fd67b9b2c24d9ff1601ccda5a01bd40c7f", "nonBlacklistedVotes": 90104.78761167474, "nonBlacklistedVotesBreakdowns": [{"key": "42161-dd2f-f4c7-20", "nonBlacklistedVotes": 90104.78761167474}], "totalDeposited": 791.7888927695683, "dollarPerVote": 0.008787423107659348, "incentiveDirected": 1221.162010510725, "incentiveDirectedUSD": 841.8722267790608, "efficiency": 1.0632533930026575, "platform": "votemarket"}, {"gauge": "0xdc2df969ee5e66236b950f5c4c5f8abe62035df2", "nonBlacklistedVotes": 81759.9701736032, "nonBlacklistedVotesBreakdowns": [{"key": "42161-dd2f-f4c7-21", "nonBlacklistedVotes": 81759.9701736032}], "totalDeposited": 687.2389197331557, "dollarPerVote": 0.008405567153142576, "incentiveDirected": 1108.067309217627, "incentiveDirectedUSD": 763.9044492073419, "efficiency": 1.111555861102794, "platform": "votemarket"}]}