{"totalDepositedUSD": 1508.7358620369498, "globalAverageDollarPerVote": 0.00851346284274293, "globalAverageEfficiency": 1.1120545928069354, "analytics": [{"gauge": "0x4eb7c7fd67b9b2c24d9ff1601ccda5a01bd40c7f", "nonBlacklistedVotes": 90104.78761167474, "nonBlacklistedVotesBreakdowns": [{"key": "42161-dd2f-f4c7-20", "nonBlacklistedVotes": 90104.78761167474}], "totalDeposited": 799.906409441859, "dollarPerVote": 0.008877512845257696, "incentiveDirected": 1219.5878401350367, "incentiveDirectedUSD": 853.0612608967222, "efficiency": 1.0664513383408847, "platform": "votemarket"}, {"gauge": "0xdc2df969ee5e66236b950f5c4c5f8abe62035df2", "nonBlacklistedVotes": 87112.8604717994, "nonBlacklistedVotesBreakdowns": [{"key": "42161-dd2f-f4c7-21", "nonBlacklistedVotes": 87112.8604717994}], "totalDeposited": 708.8294525950909, "dollarPerVote": 0.00813690939266719, "incentiveDirected": 1179.0914574779051, "incentiveDirectedUSD": 824.735383813999, "efficiency": 1.16351737472895, "platform": "votemarket"}]}