{"totalDepositedUSD": 1510.5243804996783, "globalAverageDollarPerVote": 0.008789029234177705, "globalAverageEfficiency": 1.0714207449105624, "analytics": [{"gauge": "0x4eb7c7fd67b9b2c24d9ff1601ccda5a01bd40c7f", "nonBlacklistedVotes": 90104.78761167474, "nonBlacklistedVotesBreakdowns": [{"key": "42161-dd2f-f4c7-20", "nonBlacklistedVotes": 90104.78761167474}], "totalDeposited": 799.1258402032197, "dollarPerVote": 0.008868849939996731, "incentiveDirected": 1220.338912297797, "incentiveDirectedUSD": 848.4941009798729, "efficiency": 1.0617778305906098, "platform": "votemarket"}, {"gauge": "0xdc2df969ee5e66236b950f5c4c5f8abe62035df2", "nonBlacklistedVotes": 81759.9701736032, "nonBlacklistedVotesBreakdowns": [{"key": "42161-dd2f-f4c7-21", "nonBlacklistedVotes": 81759.9701736032}], "totalDeposited": 711.3985402964586, "dollarPerVote": 0.008701061641606845, "incentiveDirected": 1107.3204400764557, "incentiveDirectedUSD": 769.9130559806584, "efficiency": 1.0822527913254016, "platform": "votemarket"}]}