{"totalDepositedUSD": 1477.9977294847208, "globalAverageDollarPerVote": 0.008599771986594725, "globalAverageEfficiency": 1.077694366237995, "analytics": [{"gauge": "0x4eb7c7fd67b9b2c24d9ff1601ccda5a01bd40c7f", "nonBlacklistedVotes": 90104.78761167474, "nonBlacklistedVotesBreakdowns": [{"key": "42161-dd2f-f4c7-20", "nonBlacklistedVotes": 90104.78761167474}], "totalDeposited": 790.7588097515652, "dollarPerVote": 0.008775991051213662, "incentiveDirected": 1222.2777420618331, "incentiveDirectedUSD": 835.0844876915509, "efficiency": 1.0560546115874594, "platform": "votemarket"}, {"gauge": "0xdc2df969ee5e66236b950f5c4c5f8abe62035df2", "nonBlacklistedVotes": 81759.9701736032, "nonBlacklistedVotesBreakdowns": [{"key": "42161-dd2f-f4c7-21", "nonBlacklistedVotes": 81759.9701736032}], "totalDeposited": 687.2389197331557, "dollarPerVote": 0.008405567153142576, "incentiveDirected": 1109.079710231583, "incentiveDirectedUSD": 757.7453386866807, "efficiency": 1.1025937515018818, "platform": "votemarket"}]}