{"totalDepositedUSD": 1496.4316611007866, "globalAverageDollarPerVote": 0.00870703034400094, "globalAverageEfficiency": 1.0722147620908742, "analytics": [{"gauge": "0x4eb7c7fd67b9b2c24d9ff1601ccda5a01bd40c7f", "nonBlacklistedVotes": 90104.78761167474, "nonBlacklistedVotesBreakdowns": [{"key": "42161-dd2f-f4c7-20", "nonBlacklistedVotes": 90104.78761167474}], "totalDeposited": 794.8000703900908, "dollarPerVote": 0.00882084172725035, "incentiveDirected": 1221.4138299101976, "incentiveDirectedUSD": 841.2008590559134, "efficiency": 1.0583804536442087, "platform": "votemarket"}, {"gauge": "0xdc2df969ee5e66236b950f5c4c5f8abe62035df2", "nonBlacklistedVotes": 81759.9701736032, "nonBlacklistedVotesBreakdowns": [{"key": "42161-dd2f-f4c7-21", "nonBlacklistedVotes": 81759.9701736032}], "totalDeposited": 701.6315907106958, "dollarPerVote": 0.008581602821293869, "incentiveDirected": 1108.2958070270747, "incentiveDirectedUSD": 763.2952584365183, "efficiency": 1.0878861051044784, "platform": "votemarket"}]}