{"totalDepositedUSD": 1508.7358620369498, "globalAverageDollarPerVote": 0.00851346284274293, "globalAverageEfficiency": 1.1122861559571857, "analytics": [{"gauge": "0x4eb7c7fd67b9b2c24d9ff1601ccda5a01bd40c7f", "nonBlacklistedVotes": 90104.78761167474, "nonBlacklistedVotesBreakdowns": [{"key": "42161-dd2f-f4c7-20", "nonBlacklistedVotes": 90104.78761167474}], "totalDeposited": 799.906409441859, "dollarPerVote": 0.008877512845257696, "incentiveDirected": 1219.5596338386028, "incentiveDirectedUSD": 853.238893860254, "efficiency": 1.066673405524539, "platform": "votemarket"}, {"gauge": "0xdc2df969ee5e66236b950f5c4c5f8abe62035df2", "nonBlacklistedVotes": 87112.8604717994, "nonBlacklistedVotesBreakdowns": [{"key": "42161-dd2f-f4c7-21", "nonBlacklistedVotes": 87112.8604717994}], "totalDeposited": 708.8294525950909, "dollarPerVote": 0.00813690939266719, "incentiveDirected": 1179.0641877708142, "incentiveDirectedUSD": 824.9071184795756, "efficiency": 1.1637596539753159, "platform": "votemarket"}]}