{"totalDepositedUSD": 1510.5243804996783, "globalAverageDollarPerVote": 0.008523555056933054, "globalAverageEfficiency": 1.1134105961371445, "analytics": [{"gauge": "0x4eb7c7fd67b9b2c24d9ff1601ccda5a01bd40c7f", "nonBlacklistedVotes": 90104.78761167474, "nonBlacklistedVotesBreakdowns": [{"key": "42161-dd2f-f4c7-20", "nonBlacklistedVotes": 90104.78761167474}], "totalDeposited": 799.1258402032197, "dollarPerVote": 0.008868849939996731, "incentiveDirected": 1219.2869728748483, "incentiveDirectedUSD": 855.1139436663925, "efficiency": 1.0700616857151495, "platform": "votemarket"}, {"gauge": "0xdc2df969ee5e66236b950f5c4c5f8abe62035df2", "nonBlacklistedVotes": 87112.8604717994, "nonBlacklistedVotesBreakdowns": [{"key": "42161-dd2f-f4c7-21", "nonBlacklistedVotes": 87112.8604717994}], "totalDeposited": 711.3985402964586, "dollarPerVote": 0.008166400878625217, "incentiveDirected": 1178.800580507302, "incentiveDirectedUSD": 826.7199073054454, "efficiency": 1.1621051498937984, "platform": "votemarket"}]}