{"totalDepositedUSD": 1839.6346194178645, "globalAverageDollarPerVote": 0.007740026400082548, "globalAverageEfficiency": 1.160671969402468, "analytics": [{"gauge": "0xdc2df969ee5e66236b950f5c4c5f8abe62035df2", "nonBlacklistedVotes": 128230.73594497323, "nonBlacklistedVotesBreakdowns": [{"key": "42161-dd2f-f4c7-22", "nonBlacklistedVotes": 128230.73594497323}], "totalDeposited": 839.9282244384506, "dollarPerVote": 0.006550131824860485, "incentiveDirected": 1716.867777851453, "incentiveDirectedUSD": 1151.9777024275286, "efficiency": 1.3715192190352985, "platform": "votemarket"}, {"gauge": "0x7f49d37d0da53a4899bc0ba916f59ec9d4e6d1e2", "nonBlacklistedVotes": 70735.43076257379, "nonBlacklistedVotesBreakdowns": [{"key": "42161-dd2f-f4c7-23", "nonBlacklistedVotes": 70735.43076257379}], "totalDeposited": 999.7063949794139, "dollarPerVote": 0.009897093310296198, "incentiveDirected": 947.0692103086699, "incentiveDirectedUSD": 635.4610570515531, "efficiency": 0.9077040504069016, "platform": "votemarket"}]}