{"totalDepositedUSD": 1839.72825405915, "globalAverageDollarPerVote": 0.00773458146659745, "globalAverageEfficiency": 1.1614890506755415, "analytics": [{"gauge": "0xdc2df969ee5e66236b950f5c4c5f8abe62035df2", "nonBlacklistedVotes": 128230.73594497323, "nonBlacklistedVotesBreakdowns": [{"key": "42161-dd2f-f4c7-22", "nonBlacklistedVotes": 128230.73594497323}], "totalDeposited": 839.9282244384506, "dollarPerVote": 0.006550131824860485, "incentiveDirected": 1716.867777851453, "incentiveDirectedUSD": 1151.9777024275286, "efficiency": 1.3715192190352985, "platform": "votemarket"}, {"gauge": "0x7f49d37d0da53a4899bc0ba916f59ec9d4e6d1e2", "nonBlacklistedVotes": 70204.36509640186, "nonBlacklistedVotesBreakdowns": [{"key": "42161-dd2f-f4c7-23", "nonBlacklistedVotes": 70204.36509640186}], "totalDeposited": 999.8000296206994, "dollarPerVote": 0.009898020293244925, "incentiveDirected": 939.9588282036724, "incentiveDirectedUSD": 630.6901587061096, "efficiency": 0.9076190408643577, "platform": "votemarket"}]}