{"totalDepositedUSD": 1838.453052416592, "globalAverageDollarPerVote": 0.007728183839947825, "globalAverageEfficiency": 1.1664847663377955, "analytics": [{"gauge": "0xdc2df969ee5e66236b950f5c4c5f8abe62035df2", "nonBlacklistedVotes": 128230.73594497323, "nonBlacklistedVotesBreakdowns": [{"key": "42161-dd2f-f4c7-22", "nonBlacklistedVotes": 128230.73594497323}], "totalDeposited": 838.6716732381053, "dollarPerVote": 0.006540332682782065, "incentiveDirected": 1716.028126510835, "incentiveDirectedUSD": 1155.9755566658412, "efficiency": 1.3783410046539761, "platform": "votemarket"}, {"gauge": "0x7f49d37d0da53a4899bc0ba916f59ec9d4e6d1e2", "nonBlacklistedVotes": 70204.36509640186, "nonBlacklistedVotesBreakdowns": [{"key": "42161-dd2f-f4c7-23", "nonBlacklistedVotes": 70204.36509640186}], "totalDeposited": 999.7813791784866, "dollarPerVote": 0.009897835653867018, "incentiveDirected": 939.4991319472637, "incentiveDirectedUSD": 632.8789227062565, "efficiency": 0.9107858562225207, "platform": "votemarket"}]}