{"totalDepositedUSD": 1839.7593920903937, "globalAverageDollarPerVote": 0.007740465549632241, "globalAverageEfficiency": 1.1606061648292547, "analytics": [{"gauge": "0xdc2df969ee5e66236b950f5c4c5f8abe62035df2", "nonBlacklistedVotes": 128230.73594497323, "nonBlacklistedVotesBreakdowns": [{"key": "42161-dd2f-f4c7-22", "nonBlacklistedVotes": 128230.73594497323}], "totalDeposited": 839.9282244384506, "dollarPerVote": 0.006550131824860485, "incentiveDirected": 1716.8678448435248, "incentiveDirectedUSD": 1151.9777473776253, "efficiency": 1.3715192725518912, "platform": "votemarket"}, {"gauge": "0x7f49d37d0da53a4899bc0ba916f59ec9d4e6d1e2", "nonBlacklistedVotes": 70735.43076257379, "nonBlacklistedVotesBreakdowns": [{"key": "42161-dd2f-f4c7-23", "nonBlacklistedVotes": 70735.43076257379}], "totalDeposited": 999.831167651943, "dollarPerVote": 0.009898328559754237, "incentiveDirected": 947.0692472632504, "incentiveDirectedUSD": 635.4610818472032, "efficiency": 0.9075908100361842, "platform": "votemarket"}]}