{"totalDepositedUSD": 1838.3760252990533, "globalAverageDollarPerVote": 0.007727914050809962, "globalAverageEfficiency": 1.1649285292149019, "analytics": [{"gauge": "0xdc2df969ee5e66236b950f5c4c5f8abe62035df2", "nonBlacklistedVotes": 128230.73594497323, "nonBlacklistedVotesBreakdowns": [{"key": "42161-dd2f-f4c7-22", "nonBlacklistedVotes": 128230.73594497323}], "totalDeposited": 838.6716732381053, "dollarPerVote": 0.006540332682782065, "incentiveDirected": 1716.3102071887251, "incentiveDirectedUSD": 1154.393039143015, "efficiency": 1.3764540713362974, "platform": "votemarket"}, {"gauge": "0x7f49d37d0da53a4899bc0ba916f59ec9d4e6d1e2", "nonBlacklistedVotes": 70204.36509640186, "nonBlacklistedVotesBreakdowns": [{"key": "42161-dd2f-f4c7-23", "nonBlacklistedVotes": 70204.36509640186}], "totalDeposited": 999.7043520609478, "dollarPerVote": 0.009897073085403385, "incentiveDirected": 939.6535668005873, "incentiveDirectedUSD": 632.0125185861739, "efficiency": 0.9096090805256793, "platform": "votemarket"}]}