{"totalDepositedUSD": 1838.3773184347556, "globalAverageDollarPerVote": 0.007727918580045606, "globalAverageEfficiency": 1.1665248449908698, "analytics": [{"gauge": "0xdc2df969ee5e66236b950f5c4c5f8abe62035df2", "nonBlacklistedVotes": 128230.73594497323, "nonBlacklistedVotesBreakdowns": [{"key": "42161-dd2f-f4c7-22", "nonBlacklistedVotes": 128230.73594497323}], "totalDeposited": 838.6716732381053, "dollarPerVote": 0.006540332682782065, "incentiveDirected": 1716.028184176066, "incentiveDirectedUSD": 1155.9755955111239, "efficiency": 1.378341050971604, "platform": "votemarket"}, {"gauge": "0x7f49d37d0da53a4899bc0ba916f59ec9d4e6d1e2", "nonBlacklistedVotes": 70204.36509640186, "nonBlacklistedVotesBreakdowns": [{"key": "42161-dd2f-f4c7-23", "nonBlacklistedVotes": 70204.36509640186}], "totalDeposited": 999.7056451966503, "dollarPerVote": 0.009897085887446838, "incentiveDirected": 939.499163518095, "incentiveDirectedUSD": 632.878943973454, "efficiency": 0.9108548845801037, "platform": "votemarket"}]}