{"totalDepositedUSD": 1841.9011833742304, "globalAverageDollarPerVote": 0.007751422616225915, "globalAverageEfficiency": 1.1631588264262909, "analytics": [{"gauge": "0xdc2df969ee5e66236b950f5c4c5f8abe62035df2", "nonBlacklistedVotes": 128230.73594497323, "nonBlacklistedVotesBreakdowns": [{"key": "42161-dd2f-f4c7-22", "nonBlacklistedVotes": 128230.73594497323}], "totalDeposited": 842.1977828127385, "dollarPerVote": 0.006567830844971092, "incentiveDirected": 1716.360947771224, "incentiveDirectedUSD": 1156.1457076535987, "efficiency": 1.3727722053510392, "platform": "votemarket"}, {"gauge": "0x7f49d37d0da53a4899bc0ba916f59ec9d4e6d1e2", "nonBlacklistedVotes": 70735.43076257379, "nonBlacklistedVotesBreakdowns": [{"key": "42161-dd2f-f4c7-23", "nonBlacklistedVotes": 70735.43076257379}], "totalDeposited": 999.7034005614919, "dollarPerVote": 0.00989706366555877, "incentiveDirected": 946.7896295686528, "incentiveDirectedUSD": 637.7602378440056, "efficiency": 0.9109909704632086, "platform": "votemarket"}]}