{"totalDepositedUSD": 1838.5100492065944, "globalAverageDollarPerVote": 0.007734382255230368, "globalAverageEfficiency": 1.1625296093622397, "analytics": [{"gauge": "0xdc2df969ee5e66236b950f5c4c5f8abe62035df2", "nonBlacklistedVotes": 128230.73594497323, "nonBlacklistedVotesBreakdowns": [{"key": "42161-dd2f-f4c7-22", "nonBlacklistedVotes": 128230.73594497323}], "totalDeposited": 838.8089136349967, "dollarPerVote": 0.006541402944103424, "incentiveDirected": 1716.655932587198, "incentiveDirectedUSD": 1152.9800432134534, "efficiency": 1.374544338372597, "platform": "votemarket"}, {"gauge": "0x7f49d37d0da53a4899bc0ba916f59ec9d4e6d1e2", "nonBlacklistedVotes": 70735.43076257379, "nonBlacklistedVotesBreakdowns": [{"key": "42161-dd2f-f4c7-23", "nonBlacklistedVotes": 70735.43076257379}], "totalDeposited": 999.7011355715978, "dollarPerVote": 0.00989704124215882, "incentiveDirected": 946.9523509152361, "incentiveDirectedUSD": 636.013974468277, "efficiency": 0.9084986271988006, "platform": "votemarket"}]}