{"totalDepositedUSD": 1838.4772707464126, "globalAverageDollarPerVote": 0.007724139285647424, "globalAverageEfficiency": 1.1669001843000986, "analytics": [{"gauge": "0xdc2df969ee5e66236b950f5c4c5f8abe62035df2", "nonBlacklistedVotes": 128230.73594497323, "nonBlacklistedVotesBreakdowns": [{"key": "42161-dd2f-f4c7-22", "nonBlacklistedVotes": 128230.73594497323}], "totalDeposited": 838.6716732381053, "dollarPerVote": 0.006540332682782065, "incentiveDirected": 1715.7408470707005, "incentiveDirectedUSD": 1155.7820353560226, "efficiency": 1.3781102572518713, "platform": "votemarket"}, {"gauge": "0x7f49d37d0da53a4899bc0ba916f59ec9d4e6d1e2", "nonBlacklistedVotes": 69827.43873158417, "nonBlacklistedVotesBreakdowns": [{"key": "42161-dd2f-f4c7-23", "nonBlacklistedVotes": 69827.43873158417}], "totalDeposited": 999.8055975083072, "dollarPerVote": 0.009898075415332242, "incentiveDirected": 934.2985361131912, "incentiveDirectedUSD": 629.3756225147208, "efficiency": 0.910611323694291, "platform": "votemarket"}]}