{"totalDepositedUSD": 1841.895085129334, "globalAverageDollarPerVote": 0.007751401152860211, "globalAverageEfficiency": 1.1631620014993944, "analytics": [{"gauge": "0xdc2df969ee5e66236b950f5c4c5f8abe62035df2", "nonBlacklistedVotes": 128230.73594497323, "nonBlacklistedVotesBreakdowns": [{"key": "42161-dd2f-f4c7-22", "nonBlacklistedVotes": 128230.73594497323}], "totalDeposited": 842.1977828127385, "dollarPerVote": 0.006567830844971092, "incentiveDirected": 1716.3608803746215, "incentiveDirectedUSD": 1156.145662255052, "efficiency": 1.3727721514461875, "platform": "votemarket"}, {"gauge": "0x7f49d37d0da53a4899bc0ba916f59ec9d4e6d1e2", "nonBlacklistedVotes": 70735.43076257379, "nonBlacklistedVotesBreakdowns": [{"key": "42161-dd2f-f4c7-23", "nonBlacklistedVotes": 70735.43076257379}], "totalDeposited": 999.6973023165955, "dollarPerVote": 0.009897003292934296, "incentiveDirected": 946.7895923909225, "incentiveDirectedUSD": 637.7602128009788, "efficiency": 0.9109964918191378, "platform": "votemarket"}]}