{"totalDepositedUSD": 1838.4714365788072, "globalAverageDollarPerVote": 0.007724118922381336, "globalAverageEfficiency": 1.1670688044044113, "analytics": [{"gauge": "0xdc2df969ee5e66236b950f5c4c5f8abe62035df2", "nonBlacklistedVotes": 128230.73594497323, "nonBlacklistedVotesBreakdowns": [{"key": "42161-dd2f-f4c7-22", "nonBlacklistedVotes": 128230.73594497323}], "totalDeposited": 838.6716732381053, "dollarPerVote": 0.006540332682782065, "incentiveDirected": 1715.984252187469, "incentiveDirectedUSD": 1155.9460014128751, "efficiency": 1.3783057641016727, "platform": "votemarket"}, {"gauge": "0x7f49d37d0da53a4899bc0ba916f59ec9d4e6d1e2", "nonBlacklistedVotes": 69827.43873158417, "nonBlacklistedVotesBreakdowns": [{"key": "42161-dd2f-f4c7-23", "nonBlacklistedVotes": 69827.43873158417}], "totalDeposited": 999.7997633407019, "dollarPerVote": 0.00989801765707295, "incentiveDirected": 934.4310812144329, "incentiveDirectedUSD": 629.4649094528684, "efficiency": 0.9107458228647851, "platform": "votemarket"}]}