{"totalDepositedUSD": 2228.0275404679946, "globalAverageDollarPerVote": 0.008229766240533138, "globalAverageEfficiency": 1.1747258614725644, "analytics": [{"gauge": "0xdc2df969ee5e66236b950f5c4c5f8abe62035df2", "nonBlacklistedVotes": 125704.29702432941, "nonBlacklistedVotesBreakdowns": [{"key": "42161-dd2f-f4c7-22", "nonBlacklistedVotes": 125704.29702432941}], "totalDeposited": 919.4272718456742, "dollarPerVote": 0.007314207179948064, "incentiveDirected": 1739.8322291377026, "incentiveDirectedUSD": 1215.2738504689241, "efficiency": 1.321772681409985, "platform": "votemarket"}, {"gauge": "0x7f49d37d0da53a4899bc0ba916f59ec9d4e6d1e2", "nonBlacklistedVotes": 68940.09704685323, "nonBlacklistedVotesBreakdowns": [{"key": "42161-dd2f-f4c7-23", "nonBlacklistedVotes": 68940.09704685323}], "totalDeposited": 1308.6002686223203, "dollarPerVote": 0.00989918234270202, "incentiveDirected": 954.1774271947253, "incentiveDirectedUSD": 666.4935023948723, "efficiency": 0.9766179571139485, "platform": "votemarket"}]}