{"totalDepositedUSD": 2214.7479167417423, "globalAverageDollarPerVote": 0.008161914679815904, "globalAverageEfficiency": 1.1659166334309952, "analytics": [{"gauge": "0xdc2df969ee5e66236b950f5c4c5f8abe62035df2", "nonBlacklistedVotes": 125704.29702432941, "nonBlacklistedVotesBreakdowns": [{"key": "42161-dd2f-f4c7-22", "nonBlacklistedVotes": 125704.29702432941}], "totalDeposited": 906.2995804270781, "dollarPerVote": 0.007209774064061379, "incentiveDirected": 1741.447205762899, "incentiveDirectedUSD": 1196.2161801554907, "efficiency": 1.3198904710866073, "platform": "votemarket"}, {"gauge": "0x7f49d37d0da53a4899bc0ba916f59ec9d4e6d1e2", "nonBlacklistedVotes": 68940.09704685323, "nonBlacklistedVotesBreakdowns": [{"key": "42161-dd2f-f4c7-23", "nonBlacklistedVotes": 68940.09704685323}], "totalDeposited": 1308.4483363146644, "dollarPerVote": 0.009898033018761552, "incentiveDirected": 955.0631299742245, "incentiveDirectedUSD": 656.0416907066788, "efficiency": 0.9614144616212482, "platform": "votemarket"}]}