{"totalDepositedUSD": 2227.8806736952693, "globalAverageDollarPerVote": 0.00822937273951455, "globalAverageEfficiency": 1.1725904122979782, "analytics": [{"gauge": "0xdc2df969ee5e66236b950f5c4c5f8abe62035df2", "nonBlacklistedVotes": 125704.29702432941, "nonBlacklistedVotesBreakdowns": [{"key": "42161-dd2f-f4c7-22", "nonBlacklistedVotes": 125704.29702432941}], "totalDeposited": 919.4272718456742, "dollarPerVote": 0.007314207179948064, "incentiveDirected": 1740.2850823826495, "incentiveDirectedUSD": 1213.0066901242324, "efficiency": 1.3193068416267681, "platform": "votemarket"}, {"gauge": "0x7f49d37d0da53a4899bc0ba916f59ec9d4e6d1e2", "nonBlacklistedVotes": 68940.09704685323, "nonBlacklistedVotesBreakdowns": [{"key": "42161-dd2f-f4c7-23", "nonBlacklistedVotes": 68940.09704685323}], "totalDeposited": 1308.4534018495951, "dollarPerVote": 0.00989807133806741, "incentiveDirected": 954.4257858220249, "incentiveDirectedUSD": 665.2501220341072, "efficiency": 0.9749054380391243, "platform": "votemarket"}]}