{"totalDepositedUSD": 2220.3060025799396, "globalAverageDollarPerVote": 0.008190107297234975, "globalAverageEfficiency": 1.164967729797937, "analytics": [{"gauge": "0xdc2df969ee5e66236b950f5c4c5f8abe62035df2", "nonBlacklistedVotes": 125704.29702432941, "nonBlacklistedVotesBreakdowns": [{"key": "42161-dd2f-f4c7-22", "nonBlacklistedVotes": 125704.29702432941}], "totalDeposited": 911.7102207990025, "dollarPerVote": 0.007252816668809227, "incentiveDirected": 1742.2564282525889, "incentiveDirectedUSD": 1199.371184415602, "efficiency": 1.3155179760565807, "platform": "votemarket"}, {"gauge": "0x7f49d37d0da53a4899bc0ba916f59ec9d4e6d1e2", "nonBlacklistedVotes": 68940.09704685323, "nonBlacklistedVotesBreakdowns": [{"key": "42161-dd2f-f4c7-23", "nonBlacklistedVotes": 68940.09704685323}], "totalDeposited": 1308.595781780937, "dollarPerVote": 0.009899148401045381, "incentiveDirected": 955.5069324399502, "incentiveDirectedUSD": 657.7719919376161, "efficiency": 0.9638415668012174, "platform": "votemarket"}]}