{"totalDepositedUSD": 2210.557817365242, "globalAverageDollarPerVote": 0.00814038166750222, "globalAverageEfficiency": 1.160874515221608, "analytics": [{"gauge": "0xdc2df969ee5e66236b950f5c4c5f8abe62035df2", "nonBlacklistedVotes": 125704.29702432941, "nonBlacklistedVotesBreakdowns": [{"key": "42161-dd2f-f4c7-22", "nonBlacklistedVotes": 125704.29702432941}], "totalDeposited": 902.1070133658347, "dollarPerVote": 0.007176421448753153, "incentiveDirected": 1742.2736172298567, "incentiveDirectedUSD": 1187.900782597951, "efficiency": 1.3168069475103585, "platform": "votemarket"}, {"gauge": "0x7f49d37d0da53a4899bc0ba916f59ec9d4e6d1e2", "nonBlacklistedVotes": 68940.09704685323, "nonBlacklistedVotesBreakdowns": [{"key": "42161-dd2f-f4c7-23", "nonBlacklistedVotes": 68940.09704685323}], "totalDeposited": 1308.4508039994073, "dollarPerVote": 0.00989805168608252, "incentiveDirected": 955.516359402982, "incentiveDirectedUSD": 651.4812713083746, "efficiency": 0.9547294681505789, "platform": "votemarket"}]}