{"totalDepositedUSD": 2210.6840263212152, "globalAverageDollarPerVote": 0.00814071981990939, "globalAverageEfficiency": 1.1608078218758615, "analytics": [{"gauge": "0xdc2df969ee5e66236b950f5c4c5f8abe62035df2", "nonBlacklistedVotes": 125704.29702432941, "nonBlacklistedVotesBreakdowns": [{"key": "42161-dd2f-f4c7-22", "nonBlacklistedVotes": 125704.29702432941}], "totalDeposited": 902.1070133658347, "dollarPerVote": 0.007176421448753153, "incentiveDirected": 1742.2458920443567, "incentiveDirectedUSD": 1187.881879270008, "efficiency": 1.3167859928700965, "platform": "votemarket"}, {"gauge": "0x7f49d37d0da53a4899bc0ba916f59ec9d4e6d1e2", "nonBlacklistedVotes": 68940.09704685323, "nonBlacklistedVotesBreakdowns": [{"key": "42161-dd2f-f4c7-23", "nonBlacklistedVotes": 68940.09704685323}], "totalDeposited": 1308.5770129553805, "dollarPerVote": 0.009899006420311465, "incentiveDirected": 955.5011540597736, "incentiveDirectedUSD": 651.4709041427824, "efficiency": 0.954622195542868, "platform": "votemarket"}]}