{"totalDepositedUSD": 2220.1605637079015, "globalAverageDollarPerVote": 0.0081897176219992, "globalAverageEfficiency": 1.1650231601675458, "analytics": [{"gauge": "0xdc2df969ee5e66236b950f5c4c5f8abe62035df2", "nonBlacklistedVotes": 125704.29702432941, "nonBlacklistedVotesBreakdowns": [{"key": "42161-dd2f-f4c7-22", "nonBlacklistedVotes": 125704.29702432941}], "totalDeposited": 911.7102207990025, "dollarPerVote": 0.007252816668809227, "incentiveDirected": 1742.2564282525889, "incentiveDirectedUSD": 1199.371184415602, "efficiency": 1.3155179760565807, "platform": "votemarket"}, {"gauge": "0x7f49d37d0da53a4899bc0ba916f59ec9d4e6d1e2", "nonBlacklistedVotes": 68940.09704685323, "nonBlacklistedVotesBreakdowns": [{"key": "42161-dd2f-f4c7-23", "nonBlacklistedVotes": 68940.09704685323}], "totalDeposited": 1308.450342908899, "dollarPerVote": 0.009898048198066257, "incentiveDirected": 955.5069324399502, "incentiveDirectedUSD": 657.7719919376161, "efficiency": 0.9639487011919556, "platform": "votemarket"}]}