{"totalDepositedUSD": 2220.2888463409954, "globalAverageDollarPerVote": 0.008190061330421827, "globalAverageEfficiency": 1.1720702436141857, "analytics": [{"gauge": "0xdc2df969ee5e66236b950f5c4c5f8abe62035df2", "nonBlacklistedVotes": 125704.29702432941, "nonBlacklistedVotesBreakdowns": [{"key": "42161-dd2f-f4c7-22", "nonBlacklistedVotes": 125704.29702432941}], "totalDeposited": 911.7102207990025, "dollarPerVote": 0.007252816668809227, "incentiveDirected": 1740.7725254935133, "incentiveDirectedUSD": 1206.6766749128958, "efficiency": 1.3235309283418928, "platform": "votemarket"}, {"gauge": "0x7f49d37d0da53a4899bc0ba916f59ec9d4e6d1e2", "nonBlacklistedVotes": 68940.09704685323, "nonBlacklistedVotesBreakdowns": [{"key": "42161-dd2f-f4c7-23", "nonBlacklistedVotes": 68940.09704685323}], "totalDeposited": 1308.5786255419928, "dollarPerVote": 0.009899018619062528, "incentiveDirected": 954.6931145940976, "incentiveDirectedUSD": 661.7785472883917, "efficiency": 0.9697251362147373, "platform": "votemarket"}]}