{"totalDepositedUSD": 2214.7501721290882, "globalAverageDollarPerVote": 0.008161920722688646, "globalAverageEfficiency": 1.1614871022415547, "analytics": [{"gauge": "0xdc2df969ee5e66236b950f5c4c5f8abe62035df2", "nonBlacklistedVotes": 125704.29702432941, "nonBlacklistedVotesBreakdowns": [{"key": "42161-dd2f-f4c7-22", "nonBlacklistedVotes": 125704.29702432941}], "totalDeposited": 906.2995804270781, "dollarPerVote": 0.007209774064061379, "incentiveDirected": 1742.3791398681453, "incentiveDirectedUSD": 1191.6724177123965, "efficiency": 1.3148769385403902, "platform": "votemarket"}, {"gauge": "0x7f49d37d0da53a4899bc0ba916f59ec9d4e6d1e2", "nonBlacklistedVotes": 68940.09704685323, "nonBlacklistedVotesBreakdowns": [{"key": "42161-dd2f-f4c7-23", "nonBlacklistedVotes": 68940.09704685323}], "totalDeposited": 1308.4505917020101, "dollarPerVote": 0.009898050080114145, "incentiveDirected": 955.5742312585704, "incentiveDirectedUSD": 653.5497518374441, "efficiency": 0.9577609298993979, "platform": "votemarket"}]}