{"totalDepositedUSD": 2210.557798505696, "globalAverageDollarPerVote": 0.008140381616971726, "globalAverageEfficiency": 1.1612437414482397, "analytics": [{"gauge": "0xdc2df969ee5e66236b950f5c4c5f8abe62035df2", "nonBlacklistedVotes": 125704.29702432941, "nonBlacklistedVotesBreakdowns": [{"key": "42161-dd2f-f4c7-22", "nonBlacklistedVotes": 125704.29702432941}], "totalDeposited": 902.1070133658347, "dollarPerVote": 0.007176421448753153, "incentiveDirected": 1742.195618893032, "incentiveDirectedUSD": 1188.278597387654, "efficiency": 1.3172257612254779, "platform": "votemarket"}, {"gauge": "0x7f49d37d0da53a4899bc0ba916f59ec9d4e6d1e2", "nonBlacklistedVotes": 68940.09704685323, "nonBlacklistedVotesBreakdowns": [{"key": "42161-dd2f-f4c7-23", "nonBlacklistedVotes": 68940.09704685323}], "totalDeposited": 1308.4507851398614, "dollarPerVote": 0.009898051543415514, "incentiveDirected": 955.4735827196267, "incentiveDirectedUSD": 651.6884765422801, "efficiency": 0.9550331359910044, "platform": "votemarket"}]}