{"totalDepositedUSD": 2942.91580441472, "globalAverageDollarPerVote": 0.009033486608639322, "globalAverageEfficiency": 1.0638167753354626, "analytics": [{"gauge": "0xdc2df969ee5e66236b950f5c4c5f8abe62035df2", "nonBlacklistedVotes": 100987.3526895934, "nonBlacklistedVotesBreakdowns": [{"key": "42161-dd2f-f4c7-22", "nonBlacklistedVotes": 100987.3526895934}], "totalDeposited": 932.0789293186807, "dollarPerVote": 0.009229659996966432, "incentiveDirected": 1394.9025160029378, "incentiveDirectedUSD": 970.4858936662251, "efficiency": 1.0412056995812775, "platform": "votemarket"}, {"gauge": "0x4eb7c7fd67b9b2c24d9ff1601ccda5a01bd40c7f", "nonBlacklistedVotes": 97302.60383405373, "nonBlacklistedVotesBreakdowns": [{"key": "42161-dd2f-f4c7-24", "nonBlacklistedVotes": 97302.60383405373}], "totalDeposited": 1012.0531101415186, "dollarPerVote": 0.010297031814488686, "incentiveDirected": 1344.0063858188964, "incentiveDirectedUSD": 935.0755507790755, "efficiency": 0.9332761874656753, "platform": "votemarket"}, {"gauge": "0x7f49d37d0da53a4899bc0ba916f59ec9d4e6d1e2", "nonBlacklistedVotes": 126367.71206471602, "nonBlacklistedVotesBreakdowns": [{"key": "42161-dd2f-f4c7-25", "nonBlacklistedVotes": 126367.71206471602}], "totalDeposited": 998.7837649545206, "dollarPerVote": 0.007903789256254151, "incentiveDirected": 1745.4724260612445, "incentiveDirectedUSD": 1214.3905024487271, "efficiency": 1.2158692852842117, "platform": "votemarket"}]}