{"totalDepositedUSD": 2943.4997451782606, "globalAverageDollarPerVote": 0.009035267964525733, "globalAverageEfficiency": 1.0663838162330068, "analytics": [{"gauge": "0xdc2df969ee5e66236b950f5c4c5f8abe62035df2", "nonBlacklistedVotes": 100987.3526895934, "nonBlacklistedVotesBreakdowns": [{"key": "42161-dd2f-f4c7-22", "nonBlacklistedVotes": 100987.3526895934}], "totalDeposited": 932.0789293186807, "dollarPerVote": 0.009229659996966432, "incentiveDirected": 1394.3403628563408, "incentiveDirectedUSD": 973.0195591632917, "efficiency": 1.0439239945854555, "platform": "votemarket"}, {"gauge": "0x4eb7c7fd67b9b2c24d9ff1601ccda5a01bd40c7f", "nonBlacklistedVotes": 97302.60383405373, "nonBlacklistedVotesBreakdowns": [{"key": "42161-dd2f-f4c7-24", "nonBlacklistedVotes": 97302.60383405373}], "totalDeposited": 1012.6138482935285, "dollarPerVote": 0.010302736987994882, "incentiveDirected": 1343.4647440839603, "incentiveDirectedUSD": 937.5167698381279, "efficiency": 0.9351945549930958, "platform": "votemarket"}, {"gauge": "0x7f49d37d0da53a4899bc0ba916f59ec9d4e6d1e2", "nonBlacklistedVotes": 126367.71206471602, "nonBlacklistedVotesBreakdowns": [{"key": "42161-dd2f-f4c7-25", "nonBlacklistedVotes": 126367.71206471602}], "totalDeposited": 998.8069675660512, "dollarPerVote": 0.007903972868121072, "incentiveDirected": 1744.768991372905, "incentiveDirectedUSD": 1217.5609342253251, "efficiency": 1.219015258966751, "platform": "votemarket"}]}