{"totalDepositedUSD": 2944.542350242174, "globalAverageDollarPerVote": 0.009038455331914138, "globalAverageEfficiency": 1.0667325160684944, "analytics": [{"gauge": "0xdc2df969ee5e66236b950f5c4c5f8abe62035df2", "nonBlacklistedVotes": 100987.3526895934, "nonBlacklistedVotesBreakdowns": [{"key": "42161-dd2f-f4c7-22", "nonBlacklistedVotes": 100987.3526895934}], "totalDeposited": 932.3269667207417, "dollarPerVote": 0.009232116120386396, "incentiveDirected": 1394.35518706131, "incentiveDirectedUSD": 973.6810934685549, "efficiency": 1.0443558196040037, "platform": "votemarket"}, {"gauge": "0x4eb7c7fd67b9b2c24d9ff1601ccda5a01bd40c7f", "nonBlacklistedVotes": 97302.60383405373, "nonBlacklistedVotesBreakdowns": [{"key": "42161-dd2f-f4c7-24", "nonBlacklistedVotes": 97302.60383405373}], "totalDeposited": 1013.3936758894474, "dollarPerVote": 0.010310671264847084, "incentiveDirected": 1343.4790273947401, "incentiveDirectedUSD": 938.1541665884467, "efficiency": 0.9351102319067547, "platform": "votemarket"}, {"gauge": "0x7f49d37d0da53a4899bc0ba916f59ec9d4e6d1e2", "nonBlacklistedVotes": 126367.71206471602, "nonBlacklistedVotesBreakdowns": [{"key": "42161-dd2f-f4c7-25", "nonBlacklistedVotes": 126367.71206471602}], "totalDeposited": 998.821707631985, "dollarPerVote": 0.00790408951236265, "incentiveDirected": 1744.787541229053, "incentiveDirectedUSD": 1218.3887267595585, "efficiency": 1.2198260384709947, "platform": "votemarket"}]}