{"totalDepositedUSD": 2948.963244225229, "globalAverageDollarPerVote": 0.009051997768299519, "globalAverageEfficiency": 1.0698203786457214, "analytics": [{"gauge": "0xdc2df969ee5e66236b950f5c4c5f8abe62035df2", "nonBlacklistedVotes": 100987.3526895934, "nonBlacklistedVotesBreakdowns": [{"key": "42161-dd2f-f4c7-22", "nonBlacklistedVotes": 100987.3526895934}], "totalDeposited": 934.3314898954163, "dollarPerVote": 0.009251965370032892, "incentiveDirected": 1393.6926796368161, "incentiveDirectedUSD": 977.9627029765263, "efficiency": 1.0466977871911327, "platform": "votemarket"}, {"gauge": "0x4eb7c7fd67b9b2c24d9ff1601ccda5a01bd40c7f", "nonBlacklistedVotes": 97302.60383405373, "nonBlacklistedVotesBreakdowns": [{"key": "42161-dd2f-f4c7-24", "nonBlacklistedVotes": 97302.60383405373}], "totalDeposited": 1015.8163973951761, "dollarPerVote": 0.010335320999304839, "incentiveDirected": 1342.8406930316164, "incentiveDirectedUSD": 942.2795520216782, "efficiency": 0.9369821876489148, "platform": "votemarket"}, {"gauge": "0x7f49d37d0da53a4899bc0ba916f59ec9d4e6d1e2", "nonBlacklistedVotes": 126367.71206471602, "nonBlacklistedVotesBreakdowns": [{"key": "42161-dd2f-f4c7-25", "nonBlacklistedVotes": 126367.71206471602}], "totalDeposited": 998.8153569346367, "dollarPerVote": 0.00790403925666644, "incentiveDirected": 1743.958531009164, "incentiveDirectedUSD": 1223.746399607365, "efficiency": 1.2251978217105526, "platform": "votemarket"}]}