{"totalDepositedUSD": 2942.9727992232692, "globalAverageDollarPerVote": 0.009033659010390722, "globalAverageEfficiency": 1.0676556225587719, "analytics": [{"gauge": "0xdc2df969ee5e66236b950f5c4c5f8abe62035df2", "nonBlacklistedVotes": 100987.3526895934, "nonBlacklistedVotesBreakdowns": [{"key": "42161-dd2f-f4c7-22", "nonBlacklistedVotes": 100987.3526895934}], "totalDeposited": 932.0789293186807, "dollarPerVote": 0.009229659996966432, "incentiveDirected": 1394.1222917912635, "incentiveDirectedUSD": 974.0065390616893, "efficiency": 1.0449828962163712, "platform": "votemarket"}, {"gauge": "0x4eb7c7fd67b9b2c24d9ff1601ccda5a01bd40c7f", "nonBlacklistedVotes": 97302.60383405373, "nonBlacklistedVotesBreakdowns": [{"key": "42161-dd2f-f4c7-24", "nonBlacklistedVotes": 97302.60383405373}], "totalDeposited": 1012.1553897267559, "dollarPerVote": 0.010298072447764359, "incentiveDirected": 1343.254629828187, "incentiveDirectedUSD": 938.4677375730791, "efficiency": 0.9365671958169409, "platform": "votemarket"}, {"gauge": "0x7f49d37d0da53a4899bc0ba916f59ec9d4e6d1e2", "nonBlacklistedVotes": 126367.71206471602, "nonBlacklistedVotesBreakdowns": [{"key": "42161-dd2f-f4c7-25", "nonBlacklistedVotes": 126367.71206471602}], "totalDeposited": 998.7384801778323, "dollarPerVote": 0.007903430899076132, "incentiveDirected": 1744.4961142172276, "incentiveDirectedUSD": 1218.795964041363, "efficiency": 1.2203354413903706, "platform": "votemarket"}]}