{"totalDepositedUSD": 2960.448282106709, "globalAverageDollarPerVote": 0.00908733530780052, "globalAverageEfficiency": 1.0713998356034309, "analytics": [{"gauge": "0xdc2df969ee5e66236b950f5c4c5f8abe62035df2", "nonBlacklistedVotes": 100987.3526895934, "nonBlacklistedVotesBreakdowns": [{"key": "42161-dd2f-f4c7-22", "nonBlacklistedVotes": 100987.3526895934}], "totalDeposited": 943.5377528134744, "dollarPerVote": 0.009343127903487508, "incentiveDirected": 1394.171122261768, "incentiveDirectedUSD": 983.2299886813922, "efficiency": 1.0420674591446522, "platform": "votemarket"}, {"gauge": "0x4eb7c7fd67b9b2c24d9ff1601ccda5a01bd40c7f", "nonBlacklistedVotes": 97302.60383405373, "nonBlacklistedVotesBreakdowns": [{"key": "42161-dd2f-f4c7-24", "nonBlacklistedVotes": 97302.60383405373}], "totalDeposited": 1017.0593052823664, "dollarPerVote": 0.010347966839655142, "incentiveDirected": 1343.3016786100393, "incentiveDirectedUSD": 947.3546490568158, "efficiency": 0.9408775371737853, "platform": "votemarket"}, {"gauge": "0x7f49d37d0da53a4899bc0ba916f59ec9d4e6d1e2", "nonBlacklistedVotes": 126367.71206471602, "nonBlacklistedVotesBreakdowns": [{"key": "42161-dd2f-f4c7-25", "nonBlacklistedVotes": 126367.71206471602}], "totalDeposited": 999.8512240108683, "dollarPerVote": 0.007912236501510923, "incentiveDirected": 1744.5572168669391, "incentiveDirectedUSD": 1230.3374709206312, "efficiency": 1.230520542831538, "platform": "votemarket"}]}