{"totalDepositedUSD": 2948.6576961272435, "globalAverageDollarPerVote": 0.009051069580710698, "globalAverageEfficiency": 1.0699302897274368, "analytics": [{"gauge": "0xdc2df969ee5e66236b950f5c4c5f8abe62035df2", "nonBlacklistedVotes": 100987.3526895934, "nonBlacklistedVotesBreakdowns": [{"key": "42161-dd2f-f4c7-22", "nonBlacklistedVotes": 100987.3526895934}], "totalDeposited": 934.3314898954163, "dollarPerVote": 0.009251965370032892, "incentiveDirected": 1393.6929414001029, "incentiveDirectedUSD": 977.9628866574304, "efficiency": 1.0466979837818569, "platform": "votemarket"}, {"gauge": "0x4eb7c7fd67b9b2c24d9ff1601ccda5a01bd40c7f", "nonBlacklistedVotes": 97302.60383405373, "nonBlacklistedVotesBreakdowns": [{"key": "42161-dd2f-f4c7-24", "nonBlacklistedVotes": 97302.60383405373}], "totalDeposited": 1015.3960993169479, "dollarPerVote": 0.010331044719098084, "incentiveDirected": 1342.8409452438857, "incentiveDirectedUSD": 942.2797290005749, "efficiency": 0.937370204286408, "platform": "votemarket"}, {"gauge": "0x7f49d37d0da53a4899bc0ba916f59ec9d4e6d1e2", "nonBlacklistedVotes": 126367.71206471602, "nonBlacklistedVotesBreakdowns": [{"key": "42161-dd2f-f4c7-25", "nonBlacklistedVotes": 126367.71206471602}], "totalDeposited": 998.930106914879, "dollarPerVote": 0.007904947320746793, "incentiveDirected": 1743.9588585593651, "incentiveDirectedUSD": 1223.7466294513504, "efficiency": 1.2250573097959778, "platform": "votemarket"}]}