{"totalDepositedUSD": 2959.9667789670866, "globalAverageDollarPerVote": 0.009085868240448118, "globalAverageEfficiency": 1.0715728312576254, "analytics": [{"gauge": "0xdc2df969ee5e66236b950f5c4c5f8abe62035df2", "nonBlacklistedVotes": 100987.3526895934, "nonBlacklistedVotesBreakdowns": [{"key": "42161-dd2f-f4c7-22", "nonBlacklistedVotes": 100987.3526895934}], "totalDeposited": 943.5377528134744, "dollarPerVote": 0.009343127903487508, "incentiveDirected": 1394.171122261768, "incentiveDirectedUSD": 983.2299886813922, "efficiency": 1.0420674591446522, "platform": "votemarket"}, {"gauge": "0x4eb7c7fd67b9b2c24d9ff1601ccda5a01bd40c7f", "nonBlacklistedVotes": 97302.60383405373, "nonBlacklistedVotesBreakdowns": [{"key": "42161-dd2f-f4c7-24", "nonBlacklistedVotes": 97302.60383405373}], "totalDeposited": 1016.5386931244949, "dollarPerVote": 0.010342669924010207, "incentiveDirected": 1343.3016786100393, "incentiveDirectedUSD": 947.3546490568158, "efficiency": 0.9413594000760379, "platform": "votemarket"}, {"gauge": "0x7f49d37d0da53a4899bc0ba916f59ec9d4e6d1e2", "nonBlacklistedVotes": 126367.71206471602, "nonBlacklistedVotesBreakdowns": [{"key": "42161-dd2f-f4c7-25", "nonBlacklistedVotes": 126367.71206471602}], "totalDeposited": 999.8903330291174, "dollarPerVote": 0.007912545987356714, "incentiveDirected": 1744.5572168669391, "incentiveDirectedUSD": 1230.3374709206312, "efficiency": 1.230472413102931, "platform": "votemarket"}]}