{"totalDepositedUSD": 2942.8748176582576, "globalAverageDollarPerVote": 0.009033360360741031, "globalAverageEfficiency": 1.0646223697289798, "analytics": [{"gauge": "0xdc2df969ee5e66236b950f5c4c5f8abe62035df2", "nonBlacklistedVotes": 100987.3526895934, "nonBlacklistedVotesBreakdowns": [{"key": "42161-dd2f-f4c7-22", "nonBlacklistedVotes": 100987.3526895934}], "totalDeposited": 932.0789293186807, "dollarPerVote": 0.009229659996966432, "incentiveDirected": 1393.8824939160072, "incentiveDirectedUSD": 971.2072382302481, "efficiency": 1.0419796088944624, "platform": "votemarket"}, {"gauge": "0x4eb7c7fd67b9b2c24d9ff1601ccda5a01bd40c7f", "nonBlacklistedVotes": 97302.60383405373, "nonBlacklistedVotesBreakdowns": [{"key": "42161-dd2f-f4c7-24", "nonBlacklistedVotes": 97302.60383405373}], "totalDeposited": 1012.0531693008685, "dollarPerVote": 0.010297032416399496, "incentiveDirected": 1343.0235815133744, "incentiveDirectedUSD": 935.7705754774327, "efficiency": 0.9339698201349074, "platform": "votemarket"}, {"gauge": "0x7f49d37d0da53a4899bc0ba916f59ec9d4e6d1e2", "nonBlacklistedVotes": 126367.71206471602, "nonBlacklistedVotesBreakdowns": [{"key": "42161-dd2f-f4c7-25", "nonBlacklistedVotes": 126367.71206471602}], "totalDeposited": 998.7427190387085, "dollarPerVote": 0.007903464442936402, "incentiveDirected": 1744.1960498225578, "incentiveDirectedUSD": 1215.2931368850025, "efficiency": 1.2168230253079835, "platform": "votemarket"}]}