{"totalDepositedUSD": 2942.7418563564347, "globalAverageDollarPerVote": 0.009032956206225297, "globalAverageEfficiency": 1.0649996141488207, "analytics": [{"gauge": "0xdc2df969ee5e66236b950f5c4c5f8abe62035df2", "nonBlacklistedVotes": 100987.3526895934, "nonBlacklistedVotesBreakdowns": [{"key": "42161-dd2f-f4c7-22", "nonBlacklistedVotes": 100987.3526895934}], "totalDeposited": 932.0789293186807, "dollarPerVote": 0.009229659996966432, "incentiveDirected": 1393.6883926854243, "incentiveDirectedUSD": 971.5079139735514, "efficiency": 1.0423021950337317, "platform": "votemarket"}, {"gauge": "0x4eb7c7fd67b9b2c24d9ff1601ccda5a01bd40c7f", "nonBlacklistedVotes": 97302.60383405373, "nonBlacklistedVotesBreakdowns": [{"key": "42161-dd2f-f4c7-24", "nonBlacklistedVotes": 97302.60383405373}], "totalDeposited": 1011.878304392705, "dollarPerVote": 0.01029525327111102, "incentiveDirected": 1342.8365624992098, "incentiveDirectedUSD": 936.060280395464, "efficiency": 0.9344204188980557, "platform": "votemarket"}, {"gauge": "0x7f49d37d0da53a4899bc0ba916f59ec9d4e6d1e2", "nonBlacklistedVotes": 126367.71206471602, "nonBlacklistedVotesBreakdowns": [{"key": "42161-dd2f-f4c7-25", "nonBlacklistedVotes": 126367.71206471602}], "totalDeposited": 998.7846226450489, "dollarPerVote": 0.007903796043514238, "incentiveDirected": 1743.9531666518988, "incentiveDirectedUSD": 1215.669379104871, "efficiency": 1.217148674040909, "platform": "votemarket"}]}