{
    "totalDepositedUSD": 3877.692153818451,
    "globalAverageDollarPerVote": 0.012142164097762623,
    "globalAverageEfficiency": 0.6911880974549875,
    "analytics": [
        {
            "gauge": "0xdc2df969ee5e66236b950f5c4c5f8abe62035df2",
            "nonBlacklistedVotes": 98931.67516877096,
            "nonBlacklistedVotesBreakdowns": [
                {
                    "key": "42161-dd2f-f4c7-22",
                    "nonBlacklistedVotes": 98931.67516877096
                }
            ],
            "totalDeposited": 792.3851740773632,
            "dollarPerVote": 0.008009418345798816,
            "incentiveDirected": 1352.3142969655662,
            "incentiveDirectedUSD": 830.285993405285,
            "efficiency": 1.0478313080151362,
            "platform": "votemarket"
        },
        {
            "gauge": "0x4eb7c7fd67b9b2c24d9ff1601ccda5a01bd40c7f",
            "nonBlacklistedVotes": 95316.83640706856,
            "nonBlacklistedVotesBreakdowns": [
                {
                    "key": "42161-dd2f-f4c7-24",
                    "nonBlacklistedVotes": 95316.83640706856
                }
            ],
            "totalDeposited": 2085.1961976771954,
            "dollarPerVote": 0.021215617413527357,
            "incentiveDirected": 1302.9024364028476,
            "incentiveDirectedUSD": 799.9483893250964,
            "efficiency": 0.39558213829627326,
            "platform": "votemarket"
        },
        {
            "gauge": "0x7f49d37d0da53a4899bc0ba916f59ec9d4e6d1e2",
            "nonBlacklistedVotes": 119921.30689369627,
            "nonBlacklistedVotesBreakdowns": [
                {
                    "key": "42161-dd2f-f4c7-25",
                    "nonBlacklistedVotes": 119921.30689369627
                }
            ],
            "totalDeposited": 1000.1107820638922,
            "dollarPerVote": 0.00833972550808203,
            "incentiveDirected": 1639.2252283860264,
            "incentiveDirectedUSD": 1006.44188279269,
            "efficiency": 1.006330399434083,
            "platform": "votemarket"
        }
    ]
}