{"totalDepositedUSD": 1507.06920090521, "globalAverageDollarPerVote": 0.0017167372169646761, "globalAverageEfficiency": 4.905610158434766, "analytics": [{"gauge": "0xdc2df969ee5e66236b950f5c4c5f8abe62035df2", "nonBlacklistedVotes": 143580.01344331753, "nonBlacklistedVotesBreakdowns": [{"key": "42161-dd2f-f4c7-22", "nonBlacklistedVotes": 143580.01344331753}], "totalDeposited": 504.5889713903484, "dollarPerVote": 0.003514339909081774, "incentiveDirected": 1944.5054134013942, "incentiveDirectedUSD": 1209.17969138216, "efficiency": 2.3963656757110186, "platform": "votemarket"}, {"gauge": "0x7f49d37d0da53a4899bc0ba916f59ec9d4e6d1e2", "nonBlacklistedVotes": 145388.3829944962, "nonBlacklistedVotesBreakdowns": [{"key": "42161-dd2f-f4c7-26", "nonBlacklistedVotes": 145388.3829944962}], "totalDeposited": 999.9301920647357, "dollarPerVote": 0.0068776484851791, "incentiveDirected": 1968.9961784972295, "incentiveDirectedUSD": 1224.4091351143295, "efficiency": 1.2244946145551139, "platform": "votemarket"}, {"gauge": "0x9fdd52efeb601e4bc78b89c6490505b8ac637e9f", "nonBlacklistedVotes": 588899.9144559319, "nonBlacklistedVotesBreakdowns": [{"key": "42161-dd2f-f4c7-27", "nonBlacklistedVotes": 588899.9144559319}], "totalDeposited": 2.5500374501260357, "dollarPerVote": 4.33017120147138e-06, "incentiveDirected": 7975.476837960092, "incentiveDirectedUSD": 4959.505154928273, "efficiency": 1944.8754192543918, "platform": "votemarket"}]}