{"totalDepositedUSD": 1507.1681823435813, "globalAverageDollarPerVote": 0.0017253704698592513, "globalAverageEfficiency": 4.878467812375297, "analytics": [{"gauge": "0xdc2df969ee5e66236b950f5c4c5f8abe62035df2", "nonBlacklistedVotes": 139244.7835153833, "nonBlacklistedVotesBreakdowns": [{"key": "42161-dd2f-f4c7-22", "nonBlacklistedVotes": 139244.7835153833}], "totalDeposited": 504.5895229205442, "dollarPerVote": 0.00362375889553377, "incentiveDirected": 1887.2428296396054, "incentiveDirectedUSD": 1172.0462209940488, "efficiency": 2.3227716148569466, "platform": "votemarket"}, {"gauge": "0x7f49d37d0da53a4899bc0ba916f59ec9d4e6d1e2", "nonBlacklistedVotes": 145388.3829944962, "nonBlacklistedVotesBreakdowns": [{"key": "42161-dd2f-f4c7-26", "nonBlacklistedVotes": 145388.3829944962}], "totalDeposited": 1000.0286191856471, "dollarPerVote": 0.006878325479577719, "incentiveDirected": 1970.509604684378, "incentiveDirectedUSD": 1223.7579072131582, "efficiency": 1.2237228852607243, "platform": "votemarket"}, {"gauge": "0x9fdd52efeb601e4bc78b89c6490505b8ac637e9f", "nonBlacklistedVotes": 588899.9144559319, "nonBlacklistedVotesBreakdowns": [{"key": "42161-dd2f-f4c7-27", "nonBlacklistedVotes": 588899.9144559319}], "totalDeposited": 2.550040237389995, "dollarPerVote": 4.330175934472508e-06, "incentiveDirected": 7981.607015170885, "incentiveDirectedUSD": 4956.867337192138, "efficiency": 1943.8388714468158, "platform": "votemarket"}]}