{"totalDepositedUSD": 1507.205019863721, "globalAverageDollarPerVote": 0.0017254126405805922, "globalAverageEfficiency": 4.9002079123485345, "analytics": [{"gauge": "0xdc2df969ee5e66236b950f5c4c5f8abe62035df2", "nonBlacklistedVotes": 139244.7835153833, "nonBlacklistedVotesBreakdowns": [{"key": "42161-dd2f-f4c7-22", "nonBlacklistedVotes": 139244.7835153833}], "totalDeposited": 504.70632835217316, "dollarPerVote": 0.0036245977451386173, "incentiveDirected": 1889.1989631127979, "incentiveDirectedUSD": 1177.2980290214389, "efficiency": 2.3326397211329315, "platform": "votemarket"}, {"gauge": "0x7f49d37d0da53a4899bc0ba916f59ec9d4e6d1e2", "nonBlacklistedVotes": 145388.3829944962, "nonBlacklistedVotesBreakdowns": [{"key": "42161-dd2f-f4c7-26", "nonBlacklistedVotes": 145388.3829944962}], "totalDeposited": 999.9480609754359, "dollarPerVote": 0.00687777138984543, "incentiveDirected": 1972.5520444469955, "incentiveDirectedUSD": 1229.2414295227418, "efficiency": 1.2293052784397958, "platform": "votemarket"}, {"gauge": "0x9fdd52efeb601e4bc78b89c6490505b8ac637e9f", "nonBlacklistedVotes": 588899.9144559319, "nonBlacklistedVotesBreakdowns": [{"key": "42161-dd2f-f4c7-27", "nonBlacklistedVotes": 588899.9144559319}], "totalDeposited": 2.5506305361121635, "dollarPerVote": 4.3311783097618885e-06, "incentiveDirected": 7989.879977402898, "incentiveDirectedUSD": 4979.078505323454, "efficiency": 1952.097112784076, "platform": "votemarket"}]}