{"totalDepositedUSD": 1507.165721026671, "globalAverageDollarPerVote": 0.0017253676522018962, "globalAverageEfficiency": 4.900335552013654, "analytics": [{"gauge": "0xdc2df969ee5e66236b950f5c4c5f8abe62035df2", "nonBlacklistedVotes": 139244.7835153833, "nonBlacklistedVotesBreakdowns": [{"key": "42161-dd2f-f4c7-22", "nonBlacklistedVotes": 139244.7835153833}], "totalDeposited": 504.70632835217316, "dollarPerVote": 0.0036245977451386173, "incentiveDirected": 1889.198912377445, "incentiveDirectedUSD": 1177.2979974045304, "efficiency": 2.3326396584887625, "platform": "votemarket"}, {"gauge": "0x7f49d37d0da53a4899bc0ba916f59ec9d4e6d1e2", "nonBlacklistedVotes": 145388.3829944962, "nonBlacklistedVotesBreakdowns": [{"key": "42161-dd2f-f4c7-26", "nonBlacklistedVotes": 145388.3829944962}], "totalDeposited": 999.9087621383859, "dollarPerVote": 0.006877501087389068, "incentiveDirected": 1972.551991473155, "incentiveDirectedUSD": 1229.241396510868, "efficiency": 1.2293535601008594, "platform": "votemarket"}, {"gauge": "0x9fdd52efeb601e4bc78b89c6490505b8ac637e9f", "nonBlacklistedVotes": 588899.9144559319, "nonBlacklistedVotesBreakdowns": [{"key": "42161-dd2f-f4c7-27", "nonBlacklistedVotes": 588899.9144559319}], "totalDeposited": 2.5506305361121635, "dollarPerVote": 4.3311783097618885e-06, "incentiveDirected": 7989.879762830802, "incentiveDirectedUSD": 4979.07837160789, "efficiency": 1952.0970603595626, "platform": "votemarket"}]}