{"totalDepositedUSD": 1507.1923490085092, "globalAverageDollarPerVote": 0.0017168774978038076, "globalAverageEfficiency": 4.9016192796637945, "analytics": [{"gauge": "0xdc2df969ee5e66236b950f5c4c5f8abe62035df2", "nonBlacklistedVotes": 143580.01344331753, "nonBlacklistedVotesBreakdowns": [{"key": "42161-dd2f-f4c7-22", "nonBlacklistedVotes": 143580.01344331753}], "totalDeposited": 504.5895229205442, "dollarPerVote": 0.003514343750355936, "incentiveDirected": 1945.6105783821479, "incentiveDirectedUSD": 1208.2947091415392, "efficiency": 2.394609190749695, "platform": "votemarket"}, {"gauge": "0x7f49d37d0da53a4899bc0ba916f59ec9d4e6d1e2", "nonBlacklistedVotes": 145388.3829944962, "nonBlacklistedVotesBreakdowns": [{"key": "42161-dd2f-f4c7-26", "nonBlacklistedVotes": 145388.3829944962}], "totalDeposited": 1000.052785850575, "dollarPerVote": 0.006878491701007726, "incentiveDirected": 1970.115262871444, "incentiveDirectedUSD": 1223.513006650088, "efficiency": 1.2234484258842933, "platform": "votemarket"}, {"gauge": "0x9fdd52efeb601e4bc78b89c6490505b8ac637e9f", "nonBlacklistedVotes": 588899.9144559319, "nonBlacklistedVotesBreakdowns": [{"key": "42161-dd2f-f4c7-27", "nonBlacklistedVotes": 588899.9144559319}], "totalDeposited": 2.550040237389995, "dollarPerVote": 4.330175934472508e-06, "incentiveDirected": 7980.009722078273, "incentiveDirectedUSD": 4955.875360270243, "efficiency": 1943.449867027454, "platform": "votemarket"}]}