{"totalDepositedUSD": 1507.199629197225, "globalAverageDollarPerVote": 0.0017168857908343518, "globalAverageEfficiency": 4.90447652542818, "analytics": [{"gauge": "0xdc2df969ee5e66236b950f5c4c5f8abe62035df2", "nonBlacklistedVotes": 143580.01344331753, "nonBlacklistedVotesBreakdowns": [{"key": "42161-dd2f-f4c7-22", "nonBlacklistedVotes": 143580.01344331753}], "totalDeposited": 504.5889713903484, "dollarPerVote": 0.003514339909081774, "incentiveDirected": 1944.4703061782088, "incentiveDirectedUSD": 1209.0048866044176, "efficiency": 2.396019245670622, "platform": "votemarket"}, {"gauge": "0x7f49d37d0da53a4899bc0ba916f59ec9d4e6d1e2", "nonBlacklistedVotes": 145388.3829944962, "nonBlacklistedVotesBreakdowns": [{"key": "42161-dd2f-f4c7-26", "nonBlacklistedVotes": 145388.3829944962}], "totalDeposited": 1000.0606203567506, "dollarPerVote": 0.0068785455877489795, "incentiveDirected": 1968.960629103634, "incentiveDirectedUSD": 1224.232128695635, "efficiency": 1.2241579198058172, "platform": "votemarket"}, {"gauge": "0x9fdd52efeb601e4bc78b89c6490505b8ac637e9f", "nonBlacklistedVotes": 588899.9144559319, "nonBlacklistedVotesBreakdowns": [{"key": "42161-dd2f-f4c7-27", "nonBlacklistedVotes": 588899.9144559319}], "totalDeposited": 2.5500374501260357, "dollarPerVote": 4.33017120147138e-06, "incentiveDirected": 7975.332844097472, "incentiveDirectedUSD": 4958.788185231794, "efficiency": 1944.5942587967506, "platform": "votemarket"}]}