{"totalDepositedUSD": 1507.0219522143993, "globalAverageDollarPerVote": 0.0017252030690677205, "globalAverageEfficiency": 4.8789413578269825, "analytics": [{"gauge": "0xdc2df969ee5e66236b950f5c4c5f8abe62035df2", "nonBlacklistedVotes": 139244.7835153833, "nonBlacklistedVotesBreakdowns": [{"key": "42161-dd2f-f4c7-22", "nonBlacklistedVotes": 139244.7835153833}], "totalDeposited": 504.5895229205442, "dollarPerVote": 0.00362375889553377, "incentiveDirected": 1887.242897507573, "incentiveDirectedUSD": 1172.0462631425175, "efficiency": 2.3227716983871565, "platform": "votemarket"}, {"gauge": "0x7f49d37d0da53a4899bc0ba916f59ec9d4e6d1e2", "nonBlacklistedVotes": 145388.3829944962, "nonBlacklistedVotesBreakdowns": [{"key": "42161-dd2f-f4c7-26", "nonBlacklistedVotes": 145388.3829944962}], "totalDeposited": 999.8823890564651, "dollarPerVote": 0.006877319689939164, "incentiveDirected": 1970.5096755467387, "incentiveDirectedUSD": 1223.7579512212535, "efficiency": 1.223901895477975, "platform": "votemarket"}, {"gauge": "0x9fdd52efeb601e4bc78b89c6490505b8ac637e9f", "nonBlacklistedVotes": 588899.9144559319, "nonBlacklistedVotesBreakdowns": [{"key": "42161-dd2f-f4c7-27", "nonBlacklistedVotes": 588899.9144559319}], "totalDeposited": 2.550040237389995, "dollarPerVote": 4.330175934472508e-06, "incentiveDirected": 7981.607302200958, "incentiveDirectedUSD": 4956.86751544822, "efficiency": 1943.8389413500588, "platform": "votemarket"}]}