{"totalDepositedUSD": 1474.405484576239, "globalAverageDollarPerVote": 0.0016983983969499176, "globalAverageEfficiency": 4.906772983309191, "analytics": [{"gauge": "0xdc2df969ee5e66236b950f5c4c5f8abe62035df2", "nonBlacklistedVotes": 140555.76847096998, "nonBlacklistedVotesBreakdowns": [{"key": "42161-dd2f-f4c7-22", "nonBlacklistedVotes": 140555.76847096998}], "totalDeposited": 472.139609317324, "dollarPerVote": 0.0033590909462733183, "incentiveDirected": 1955.5448080671795, "incentiveDirectedUSD": 1171.3433345689766, "efficiency": 2.480925792823536, "platform": "votemarket"}, {"gauge": "0x7f49d37d0da53a4899bc0ba916f59ec9d4e6d1e2", "nonBlacklistedVotes": 138659.52916000405, "nonBlacklistedVotesBreakdowns": [{"key": "42161-dd2f-f4c7-26", "nonBlacklistedVotes": 138659.52916000405}], "totalDeposited": 999.8798269033006, "dollarPerVote": 0.007211042998346724, "incentiveDirected": 1929.1625330474376, "incentiveDirectedUSD": 1155.5407296541428, "efficiency": 1.1556796112518193, "platform": "votemarket"}, {"gauge": "0x9fdd52efeb601e4bc78b89c6490505b8ac637e9f", "nonBlacklistedVotes": 588899.9144559319, "nonBlacklistedVotesBreakdowns": [{"key": "42161-dd2f-f4c7-27", "nonBlacklistedVotes": 588899.9144559319}], "totalDeposited": 2.3860483556142995, "dollarPerVote": 4.051704367827431e-06, "incentiveDirected": 8193.33267295505, "incentiveDirectedUSD": 4907.688933938464, "efficiency": 2056.8271059514873, "platform": "votemarket"}]}