{"totalDepositedUSD": 1475.8836860892436, "globalAverageDollarPerVote": 0.0017001011680711046, "globalAverageEfficiency": 4.902645925358045, "analytics": [{"gauge": "0xdc2df969ee5e66236b950f5c4c5f8abe62035df2", "nonBlacklistedVotes": 140555.76847096998, "nonBlacklistedVotesBreakdowns": [{"key": "42161-dd2f-f4c7-22", "nonBlacklistedVotes": 140555.76847096998}], "totalDeposited": 473.6505736327499, "dollarPerVote": 0.003369840873735299, "incentiveDirected": 1955.858941362774, "incentiveDirectedUSD": 1171.5314959143177, "efficiency": 2.473408797817011, "platform": "votemarket"}, {"gauge": "0x7f49d37d0da53a4899bc0ba916f59ec9d4e6d1e2", "nonBlacklistedVotes": 138659.52916000405, "nonBlacklistedVotesBreakdowns": [{"key": "42161-dd2f-f4c7-26", "nonBlacklistedVotes": 138659.52916000405}], "totalDeposited": 999.839428152001, "dollarPerVote": 0.007210751646201333, "incentiveDirected": 1929.4724283675262, "incentiveDirectedUSD": 1155.726352512848, "efficiency": 1.1559119594322982, "platform": "votemarket"}, {"gauge": "0x9fdd52efeb601e4bc78b89c6490505b8ac637e9f", "nonBlacklistedVotes": 588899.9144559319, "nonBlacklistedVotesBreakdowns": [{"key": "42161-dd2f-f4c7-27", "nonBlacklistedVotes": 588899.9144559319}], "totalDeposited": 2.3936843044926976, "dollarPerVote": 4.064670830703305e-06, "incentiveDirected": 8194.648827196997, "incentiveDirectedUSD": 4908.477291480675, "efficiency": 2050.5950940430916, "platform": "votemarket"}]}