{"totalDepositedUSD": 1462.8151368269764, "globalAverageDollarPerVote": 0.001682035849297685, "globalAverageEfficiency": 4.962256547229609, "analytics": [{"gauge": "0xdc2df969ee5e66236b950f5c4c5f8abe62035df2", "nonBlacklistedVotes": 140555.76847096998, "nonBlacklistedVotesBreakdowns": [{"key": "42161-dd2f-f4c7-22", "nonBlacklistedVotes": 140555.76847096998}], "totalDeposited": 460.68728724627675, "dollarPerVote": 0.0032776120984420918, "incentiveDirected": 1955.5268283692649, "incentiveDirectedUSD": 1173.1759058511552, "efficiency": 2.5465775555989945, "platform": "votemarket"}, {"gauge": "0x7f49d37d0da53a4899bc0ba916f59ec9d4e6d1e2", "nonBlacklistedVotes": 140213.73430802708, "nonBlacklistedVotesBreakdowns": [{"key": "42161-dd2f-f4c7-26", "nonBlacklistedVotes": 140213.73430802708}], "totalDeposited": 999.7996777381047, "dollarPerVote": 0.007130540261781383, "incentiveDirected": 1950.7681693036868, "incentiveDirectedUSD": 1170.3210515587434, "efficiency": 1.1705555398921685, "platform": "votemarket"}, {"gauge": "0x9fdd52efeb601e4bc78b89c6490505b8ac637e9f", "nonBlacklistedVotes": 588899.9144559319, "nonBlacklistedVotesBreakdowns": [{"key": "42161-dd2f-f4c7-27", "nonBlacklistedVotes": 588899.9144559319}], "totalDeposited": 2.3281718425949864, "dollarPerVote": 3.953425336707544e-06, "incentiveDirected": 8193.257341699144, "incentiveDirectedUSD": 4915.367032696341, "efficiency": 2111.25611209938, "platform": "votemarket"}]}