{"totalDepositedUSD": 1462.524432180567, "globalAverageDollarPerVote": 0.0016847123651533885, "globalAverageEfficiency": 4.953584120665946, "analytics": [{"gauge": "0xdc2df969ee5e66236b950f5c4c5f8abe62035df2", "nonBlacklistedVotes": 140555.76847096998, "nonBlacklistedVotesBreakdowns": [{"key": "42161-dd2f-f4c7-22", "nonBlacklistedVotes": 140555.76847096998}], "totalDeposited": 460.3163051008833, "dollarPerVote": 0.0032749727037774037, "incentiveDirected": 1955.630906010887, "incentiveDirectedUSD": 1172.989109211218, "efficiency": 2.548224115055287, "platform": "votemarket"}, {"gauge": "0x7f49d37d0da53a4899bc0ba916f59ec9d4e6d1e2", "nonBlacklistedVotes": 138659.52916000405, "nonBlacklistedVotesBreakdowns": [{"key": "42161-dd2f-f4c7-26", "nonBlacklistedVotes": 138659.52916000405}], "totalDeposited": 999.8818300667376, "dollarPerVote": 0.007211057444980498, "incentiveDirected": 1929.2474694429054, "incentiveDirectedUSD": 1157.1643011338417, "efficiency": 1.1573010593227864, "platform": "votemarket"}, {"gauge": "0x9fdd52efeb601e4bc78b89c6490505b8ac637e9f", "nonBlacklistedVotes": 588899.9144559319, "nonBlacklistedVotesBreakdowns": [{"key": "42161-dd2f-f4c7-27", "nonBlacklistedVotes": 588899.9144559319}], "totalDeposited": 2.326297012946065, "dollarPerVote": 3.9502417233245235e-06, "incentiveDirected": 8193.693405724938, "incentiveDirectedUSD": 4914.584392990576, "efficiency": 2112.621202555153, "platform": "votemarket"}]}