{"totalDepositedUSD": 1462.5831839284824, "globalAverageDollarPerVote": 0.0016817691354246924, "globalAverageEfficiency": 4.9622530153894395, "analytics": [{"gauge": "0xdc2df969ee5e66236b950f5c4c5f8abe62035df2", "nonBlacklistedVotes": 140555.76847096998, "nonBlacklistedVotesBreakdowns": [{"key": "42161-dd2f-f4c7-22", "nonBlacklistedVotes": 140555.76847096998}], "totalDeposited": 460.3163051008833, "dollarPerVote": 0.0032749727037774037, "incentiveDirected": 1955.6307990444636, "incentiveDirectedUSD": 1172.9890450526643, "efficiency": 2.5482239756760108, "platform": "votemarket"}, {"gauge": "0x7f49d37d0da53a4899bc0ba916f59ec9d4e6d1e2", "nonBlacklistedVotes": 140213.73430802708, "nonBlacklistedVotesBreakdowns": [{"key": "42161-dd2f-f4c7-26", "nonBlacklistedVotes": 140213.73430802708}], "totalDeposited": 999.9405818146531, "dollarPerVote": 0.007131545185280809, "incentiveDirected": 1950.8718869723866, "incentiveDirectedUSD": 1170.1346454749719, "efficiency": 1.1702041768836475, "platform": "votemarket"}, {"gauge": "0x9fdd52efeb601e4bc78b89c6490505b8ac637e9f", "nonBlacklistedVotes": 588899.9144559319, "nonBlacklistedVotesBreakdowns": [{"key": "42161-dd2f-f4c7-27", "nonBlacklistedVotes": 588899.9144559319}], "totalDeposited": 2.326297012946065, "dollarPerVote": 3.9502417233245235e-06, "incentiveDirected": 8193.692957557507, "incentiveDirectedUSD": 4914.584124179362, "efficiency": 2112.621087001889, "platform": "votemarket"}]}