{"totalDepositedUSD": 1475.9051464602228, "globalAverageDollarPerVote": 0.0017001258887195628, "globalAverageEfficiency": 4.9025748119359, "analytics": [{"gauge": "0xdc2df969ee5e66236b950f5c4c5f8abe62035df2", "nonBlacklistedVotes": 140555.76847096998, "nonBlacklistedVotesBreakdowns": [{"key": "42161-dd2f-f4c7-22", "nonBlacklistedVotes": 140555.76847096998}], "totalDeposited": 473.6505736327499, "dollarPerVote": 0.003369840873735299, "incentiveDirected": 1955.8590105433057, "incentiveDirectedUSD": 1171.5315373524654, "efficiency": 2.473408885303758, "platform": "votemarket"}, {"gauge": "0x7f49d37d0da53a4899bc0ba916f59ec9d4e6d1e2", "nonBlacklistedVotes": 138659.52916000405, "nonBlacklistedVotesBreakdowns": [{"key": "42161-dd2f-f4c7-26", "nonBlacklistedVotes": 138659.52916000405}], "totalDeposited": 999.86088852298, "dollarPerVote": 0.0072109064164584446, "incentiveDirected": 1929.4724966147428, "incentiveDirectedUSD": 1155.7263933919533, "efficiency": 1.1558871905663015, "platform": "votemarket"}, {"gauge": "0x9fdd52efeb601e4bc78b89c6490505b8ac637e9f", "nonBlacklistedVotes": 588899.9144559319, "nonBlacklistedVotesBreakdowns": [{"key": "42161-dd2f-f4c7-27", "nonBlacklistedVotes": 588899.9144559319}], "totalDeposited": 2.3936843044926976, "dollarPerVote": 4.064670830703305e-06, "incentiveDirected": 8194.649117049274, "incentiveDirectedUSD": 4908.477465098036, "efficiency": 2050.595166574528, "platform": "votemarket"}]}