{"totalDepositedUSD": 1463.6240934581515, "globalAverageDollarPerVote": 0.0016829660379591963, "globalAverageEfficiency": 4.956458911968621, "analytics": [{"gauge": "0xdc2df969ee5e66236b950f5c4c5f8abe62035df2", "nonBlacklistedVotes": 140555.76847096998, "nonBlacklistedVotesBreakdowns": [{"key": "42161-dd2f-f4c7-22", "nonBlacklistedVotes": 140555.76847096998}], "totalDeposited": 461.4324016595263, "dollarPerVote": 0.003282913299675988, "incentiveDirected": 1955.8546619598685, "incentiveDirectedUSD": 1172.4532540438909, "efficiency": 2.5408992732786033, "platform": "votemarket"}, {"gauge": "0x7f49d37d0da53a4899bc0ba916f59ec9d4e6d1e2", "nonBlacklistedVotes": 140213.73430802708, "nonBlacklistedVotesBreakdowns": [{"key": "42161-dd2f-f4c7-26", "nonBlacklistedVotes": 140213.73430802708}], "totalDeposited": 999.8597543769824, "dollarPerVote": 0.0071309687265047154, "incentiveDirected": 1951.0952051306058, "incentiveDirectedUSD": 1169.6001582819806, "efficiency": 1.1697642125927592, "platform": "votemarket"}, {"gauge": "0x9fdd52efeb601e4bc78b89c6490505b8ac637e9f", "nonBlacklistedVotes": 588899.9144559319, "nonBlacklistedVotesBreakdowns": [{"key": "42161-dd2f-f4c7-27", "nonBlacklistedVotes": 588899.9144559319}], "totalDeposited": 2.3319374216427797, "dollarPerVote": 3.959819596505106e-06, "incentiveDirected": 8194.630897374322, "incentiveDirectedUSD": 4912.339269466778, "efficiency": 2106.548496488462, "platform": "votemarket"}]}