{"totalDepositedUSD": 1462.5235347785547, "globalAverageDollarPerVote": 0.0016817005471211994, "globalAverageEfficiency": 4.962464644948925, "analytics": [{"gauge": "0xdc2df969ee5e66236b950f5c4c5f8abe62035df2", "nonBlacklistedVotes": 140555.76847096998, "nonBlacklistedVotesBreakdowns": [{"key": "42161-dd2f-f4c7-22", "nonBlacklistedVotes": 140555.76847096998}], "totalDeposited": 460.3163051008833, "dollarPerVote": 0.0032749727037774037, "incentiveDirected": 1955.6344418262352, "incentiveDirectedUSD": 1172.9912299963225, "efficiency": 2.548228722289663, "platform": "votemarket"}, {"gauge": "0x7f49d37d0da53a4899bc0ba916f59ec9d4e6d1e2", "nonBlacklistedVotes": 140213.73430802708, "nonBlacklistedVotesBreakdowns": [{"key": "42161-dd2f-f4c7-26", "nonBlacklistedVotes": 140213.73430802708}], "totalDeposited": 999.8809326647254, "dollarPerVote": 0.0071311197693953955, "incentiveDirected": 1950.8755208896641, "incentiveDirectedUSD": 1170.1368251016986, "efficiency": 1.170276166766411, "platform": "votemarket"}, {"gauge": "0x9fdd52efeb601e4bc78b89c6490505b8ac637e9f", "nonBlacklistedVotes": 588899.9144559319, "nonBlacklistedVotesBreakdowns": [{"key": "42161-dd2f-f4c7-27", "nonBlacklistedVotes": 588899.9144559319}], "totalDeposited": 2.326297012946065, "dollarPerVote": 3.9502417233245235e-06, "incentiveDirected": 8193.708220067876, "incentiveDirectedUSD": 4914.593278646286, "efficiency": 2112.6250222117405, "platform": "votemarket"}]}