{"totalDepositedUSD": 1463.7395992376705, "globalAverageDollarPerVote": 0.001683098853690358, "globalAverageEfficiency": 4.956067927564349, "analytics": [{"gauge": "0xdc2df969ee5e66236b950f5c4c5f8abe62035df2", "nonBlacklistedVotes": 140555.76847096998, "nonBlacklistedVotesBreakdowns": [{"key": "42161-dd2f-f4c7-22", "nonBlacklistedVotes": 140555.76847096998}], "totalDeposited": 461.4324016595263, "dollarPerVote": 0.003282913299675988, "incentiveDirected": 1955.854715961361, "incentiveDirectedUSD": 1172.4532864155321, "efficiency": 2.5408993434332805, "platform": "votemarket"}, {"gauge": "0x7f49d37d0da53a4899bc0ba916f59ec9d4e6d1e2", "nonBlacklistedVotes": 140213.73430802708, "nonBlacklistedVotesBreakdowns": [{"key": "42161-dd2f-f4c7-26", "nonBlacklistedVotes": 140213.73430802708}], "totalDeposited": 999.9752601565015, "dollarPerVote": 0.0071317925101382455, "incentiveDirected": 1951.0952590006889, "incentiveDirectedUSD": 1169.6001905748471, "efficiency": 1.169629127016401, "platform": "votemarket"}, {"gauge": "0x9fdd52efeb601e4bc78b89c6490505b8ac637e9f", "nonBlacklistedVotes": 588899.9144559319, "nonBlacklistedVotesBreakdowns": [{"key": "42161-dd2f-f4c7-27", "nonBlacklistedVotes": 588899.9144559319}], "totalDeposited": 2.3319374216427797, "dollarPerVote": 3.959819596505106e-06, "incentiveDirected": 8194.631123629528, "incentiveDirectedUSD": 4912.339405097332, "efficiency": 2106.5485546506375, "platform": "votemarket"}]}