{
    "totalDepositedUSD": 5389.261604769544,
    "globalAverageDollarPerVote": 0.007467993819714533,
    "globalAverageEfficiency": 2.0127028976520993,
    "analytics": [
        {
            "gauge": "0x004f76045b42ef3e89814b12b37e69da19c8a212",
            "nonBlacklistedVotes": 20367.801645884698,
            "nonBlacklistedVotesBreakdowns": [
                {
                    "key": "42161-1056-135b-4",
                    "nonBlacklistedVotes": 20367.801645884698
                }
            ],
            "totalDeposited": 176.56,
            "dollarPerVote": 0.008668584026380375,
            "incentiveDirected": 64.45166913912735,
            "incentiveDirectedUSD": 306.14542841085483,
            "efficiency": 1.7339455619101427,
            "platform": "votemarket"
        },
        {
            "gauge": "0xc65b7a0f8fc97e1d548860d866f4304e039ef016",
            "nonBlacklistedVotes": 122281.66546283069,
            "nonBlacklistedVotesBreakdowns": [
                {
                    "key": "42161-1056-135b-8",
                    "nonBlacklistedVotes": 122281.66546283069
                }
            ],
            "totalDeposited": 1230.6112256722142,
            "dollarPerVote": 0.010063742761553052,
            "incentiveDirected": 351.54731193883134,
            "incentiveDirectedUSD": 1683.9116241870022,
            "efficiency": 1.3683538627458687,
            "platform": "votemarket"
        },
        {
            "gauge": "0x9bc2fb257e00468fe921635fe5a73271f385d0eb",
            "nonBlacklistedVotes": 105781.77782870606,
            "nonBlacklistedVotesBreakdowns": [
                {
                    "key": "42161-1056-135b-9",
                    "nonBlacklistedVotes": 105781.77782870606
                }
            ],
            "totalDeposited": 1000.0,
            "dollarPerVote": 0.009453424025632413,
            "incentiveDirected": 304.1118184565118,
            "incentiveDirectedUSD": 1456.695610406692,
            "efficiency": 1.456695610406692,
            "platform": "votemarket"
        },
        {
            "gauge": "0x1821ec9c2d2c13f6b89d21301b93bd8d6667712b",
            "nonBlacklistedVotes": 96344.70583757549,
            "nonBlacklistedVotesBreakdowns": [
                {
                    "key": "42161-1056-135b-10",
                    "nonBlacklistedVotes": 96344.70583757549
                }
            ],
            "totalDeposited": 1999.414,
            "dollarPerVote": 0.010417081151710219,
            "incentiveDirected": 276.98119933631665,
            "incentiveDirectedUSD": 1326.7399448209567,
            "efficiency": 1.3219404822617788,
            "platform": "votemarket"
        },
        {
            "gauge": "0x4c60ab7ce24d4d7268317f44b6dc3d6530864e86",
            "nonBlacklistedVotes": 5419.631454190705,
            "nonBlacklistedVotesBreakdowns": [
                {
                    "key": "42161-1056-135b-11",
                    "nonBlacklistedVotes": 5419.631454190705
                }
            ],
            "totalDeposited": 983.3983423308001,
            "dollarPerVote": 0.009999000000000001,
            "incentiveDirected": 15.5808874716301,
            "incentiveDirectedUSD": 74.63245098910818,
            "efficiency": 1.3772138495301423,
            "platform": "votemarket"
        }
    ]
}