{"totalDepositedUSD": 1178.34780515945, "globalAverageDollarPerVote": 0.009178101766849462, "globalAverageEfficiency": 1.3727341908472992, "analytics": [{"gauge": "0xe8cfd40995720f69dc5ae941c1166f9d4b5e40e2", "nonBlacklistedVotes": 74866.54203701597, "nonBlacklistedVotesBreakdowns": [{"key": "42161-1056-135b-27", "nonBlacklistedVotes": 74866.54203701597}], "totalDeposited": 678.34780515945, "dollarPerVote": 0.009060760477277783, "incentiveDirected": 197.74645875218346, "incentiveDirectedUSD": 943.2506082479151, "efficiency": 1.3905117715037023, "platform": "votemarket"}, {"gauge": "0x9bc2fb257e00468fe921635fe5a73271f385d0eb", "nonBlacklistedVotes": 53520.33305904627, "nonBlacklistedVotesBreakdowns": [{"key": "42161-1056-135b-28", "nonBlacklistedVotes": 53520.33305904627}], "totalDeposited": 500.0, "dollarPerVote": 0.009342243805702317, "incentiveDirected": 141.3643003363382, "incentiveDirectedUSD": 674.3077126043332, "efficiency": 1.3486154252086664, "platform": "votemarket"}]}