{"totalDepositedUSD": 1179.5697407175899, "globalAverageDollarPerVote": 0.009187619371801101, "globalAverageEfficiency": 1.3799367578170285, "analytics": [{"gauge": "0xe8cfd40995720f69dc5ae941c1166f9d4b5e40e2", "nonBlacklistedVotes": 74866.54203701597, "nonBlacklistedVotesBreakdowns": [{"key": "42161-1056-135b-27", "nonBlacklistedVotes": 74866.54203701597}], "totalDeposited": 679.5697407175899, "dollarPerVote": 0.009077081994538935, "incentiveDirected": 197.74645875218346, "incentiveDirectedUSD": 949.1830020104805, "efficiency": 1.3967411218283399, "platform": "votemarket"}, {"gauge": "0x9bc2fb257e00468fe921635fe5a73271f385d0eb", "nonBlacklistedVotes": 53520.33305904627, "nonBlacklistedVotesBreakdowns": [{"key": "42161-1056-135b-28", "nonBlacklistedVotes": 53520.33305904627}], "totalDeposited": 500.0, "dollarPerVote": 0.009342243805702317, "incentiveDirected": 141.3643003363382, "incentiveDirectedUSD": 678.5486416144233, "efficiency": 1.3570972832288466, "platform": "votemarket"}]}