{"totalDepositedUSD": 1181.734163503102, "globalAverageDollarPerVote": 0.009204477970344705, "globalAverageEfficiency": 1.3831485195971351, "analytics": [{"gauge": "0xe8cfd40995720f69dc5ae941c1166f9d4b5e40e2", "nonBlacklistedVotes": 74866.54203701597, "nonBlacklistedVotesBreakdowns": [{"key": "42161-1056-135b-27", "nonBlacklistedVotes": 74866.54203701597}], "totalDeposited": 681.734163503102, "dollarPerVote": 0.009105992409346685, "incentiveDirected": 197.74645875218346, "incentiveDirectedUSD": 953.1379311855244, "efficiency": 1.398107916856931, "platform": "votemarket"}, {"gauge": "0x9bc2fb257e00468fe921635fe5a73271f385d0eb", "nonBlacklistedVotes": 53520.33305904627, "nonBlacklistedVotesBreakdowns": [{"key": "42161-1056-135b-28", "nonBlacklistedVotes": 53520.33305904627}], "totalDeposited": 500.0, "dollarPerVote": 0.009342243805702317, "incentiveDirected": 141.3643003363382, "incentiveDirectedUSD": 681.3759276211501, "efficiency": 1.3627518552423004, "platform": "votemarket"}]}