{"totalDepositedUSD": 1181.734163503102, "globalAverageDollarPerVote": 0.009204477970344705, "globalAverageEfficiency": 1.3774093141216281, "analytics": [{"gauge": "0xe8cfd40995720f69dc5ae941c1166f9d4b5e40e2", "nonBlacklistedVotes": 74866.54203701597, "nonBlacklistedVotesBreakdowns": [{"key": "42161-1056-135b-27", "nonBlacklistedVotes": 74866.54203701597}], "totalDeposited": 681.734163503102, "dollarPerVote": 0.009105992409346685, "incentiveDirected": 197.74645875218346, "incentiveDirectedUSD": 949.1830020104805, "efficiency": 1.3923066391936243, "platform": "votemarket"}, {"gauge": "0x9bc2fb257e00468fe921635fe5a73271f385d0eb", "nonBlacklistedVotes": 53520.33305904627, "nonBlacklistedVotesBreakdowns": [{"key": "42161-1056-135b-28", "nonBlacklistedVotes": 53520.33305904627}], "totalDeposited": 500.0, "dollarPerVote": 0.009342243805702317, "incentiveDirected": 141.3643003363382, "incentiveDirectedUSD": 678.5486416144233, "efficiency": 1.3570972832288466, "platform": "votemarket"}]}