{"totalDepositedUSD": 1188.3749666926524, "globalAverageDollarPerVote": 0.009256202908618819, "globalAverageEfficiency": 1.3725657279329444, "analytics": [{"gauge": "0xe8cfd40995720f69dc5ae941c1166f9d4b5e40e2", "nonBlacklistedVotes": 74866.54203701597, "nonBlacklistedVotesBreakdowns": [{"key": "42161-1056-135b-27", "nonBlacklistedVotes": 74866.54203701597}], "totalDeposited": 688.3749666926523, "dollarPerVote": 0.009194694291507436, "incentiveDirected": 197.74645875218346, "incentiveDirectedUSD": 951.1604665980024, "efficiency": 1.3817476123048493, "platform": "votemarket"}, {"gauge": "0x9bc2fb257e00468fe921635fe5a73271f385d0eb", "nonBlacklistedVotes": 53520.33305904627, "nonBlacklistedVotesBreakdowns": [{"key": "42161-1056-135b-28", "nonBlacklistedVotes": 53520.33305904627}], "totalDeposited": 500.0, "dollarPerVote": 0.009342243805702317, "incentiveDirected": 141.3643003363382, "incentiveDirectedUSD": 679.9622846177866, "efficiency": 1.3599245692355733, "platform": "votemarket"}]}