{"totalDepositedUSD": 1188.4773732238032, "globalAverageDollarPerVote": 0.009257000548806526, "globalAverageEfficiency": 1.3638874958521328, "analytics": [{"gauge": "0xe8cfd40995720f69dc5ae941c1166f9d4b5e40e2", "nonBlacklistedVotes": 74866.54203701597, "nonBlacklistedVotesBreakdowns": [{"key": "42161-1056-135b-27", "nonBlacklistedVotes": 74866.54203701597}], "totalDeposited": 688.4773732238033, "dollarPerVote": 0.009196062145936995, "incentiveDirected": 197.74645875218346, "incentiveDirectedUSD": 945.2280728354369, "efficiency": 1.372925399725768, "platform": "votemarket"}, {"gauge": "0x9bc2fb257e00468fe921635fe5a73271f385d0eb", "nonBlacklistedVotes": 53520.33305904627, "nonBlacklistedVotesBreakdowns": [{"key": "42161-1056-135b-28", "nonBlacklistedVotes": 53520.33305904627}], "totalDeposited": 500.0, "dollarPerVote": 0.009342243805702317, "incentiveDirected": 141.3643003363382, "incentiveDirectedUSD": 675.7213556076966, "efficiency": 1.3514427112153933, "platform": "votemarket"}]}