{"totalDepositedUSD": 1181.14055276321, "globalAverageDollarPerVote": 0.009199854361121036, "globalAverageEfficiency": 1.3752305195465249, "analytics": [{"gauge": "0xe8cfd40995720f69dc5ae941c1166f9d4b5e40e2", "nonBlacklistedVotes": 74866.54203701597, "nonBlacklistedVotesBreakdowns": [{"key": "42161-1056-135b-27", "nonBlacklistedVotes": 74866.54203701597}], "totalDeposited": 681.1405527632102, "dollarPerVote": 0.009098063490449932, "incentiveDirected": 197.74645875218346, "incentiveDirectedUSD": 947.2055374229589, "efficiency": 1.3906168610581064, "platform": "votemarket"}, {"gauge": "0x9bc2fb257e00468fe921635fe5a73271f385d0eb", "nonBlacklistedVotes": 53520.33305904627, "nonBlacklistedVotesBreakdowns": [{"key": "42161-1056-135b-28", "nonBlacklistedVotes": 53520.33305904627}], "totalDeposited": 500.0, "dollarPerVote": 0.009342243805702317, "incentiveDirected": 141.3643003363382, "incentiveDirectedUSD": 677.13499861106, "efficiency": 1.35426999722212, "platform": "votemarket"}]}