{"totalDepositedUSD": 3492.5463816741367, "globalAverageDollarPerVote": 0.009649246861262213, "globalAverageEfficiency": 1.2828000555522052, "analytics": [{"gauge": "0xe8cfd40995720f69dc5ae941c1166f9d4b5e40e2", "nonBlacklistedVotes": 33622.330497418014, "nonBlacklistedVotesBreakdowns": [{"key": "42161-1056-135b-27", "nonBlacklistedVotes": 33622.330497418014}], "totalDeposited": 657.9781838238966, "dollarPerVote": 0.009477108639778464, "incentiveDirected": 87.21698485496967, "incentiveDirectedUSD": 416.1790362767491, "efficiency": 1.3061002970578437, "platform": "votemarket"}, {"gauge": "0x9bc2fb257e00468fe921635fe5a73271f385d0eb", "nonBlacklistedVotes": 78597.64111249003, "nonBlacklistedVotesBreakdowns": [{"key": "42161-1056-135b-29", "nonBlacklistedVotes": 78597.64111249003}], "totalDeposited": 500.0, "dollarPerVote": 0.006361514072469339, "incentiveDirected": 203.88382283824168, "incentiveDirectedUSD": 972.8858781616543, "efficiency": 1.9457717563233086, "platform": "votemarket"}, {"gauge": "0x75636d1cf056d765b269e7cbacf4e0ea57300507", "nonBlacklistedVotes": 60689.45261828764, "nonBlacklistedVotesBreakdowns": [{"key": "42161-1056-135b-30", "nonBlacklistedVotes": 60689.45261828764}], "totalDeposited": 2334.5681978502403, "dollarPerVote": 0.01400248648665409, "incentiveDirected": 157.4296305924443, "incentiveDirectedUSD": 751.2173466018963, "efficiency": 0.8839897414978231, "platform": "votemarket"}]}