{"totalDepositedUSD": 3497.3370671252405, "globalAverageDollarPerVote": 0.009659112320398348, "globalAverageEfficiency": 1.2798609939563228, "analytics": [{"gauge": "0xe8cfd40995720f69dc5ae941c1166f9d4b5e40e2", "nonBlacklistedVotes": 33622.330497418014, "nonBlacklistedVotesBreakdowns": [{"key": "42161-1056-135b-27", "nonBlacklistedVotes": 33622.330497418014}], "totalDeposited": 657.6620478018681, "dollarPerVote": 0.009472555213085349, "incentiveDirected": 87.21698485496967, "incentiveDirectedUSD": 415.65004557535383, "efficiency": 1.3050671985573155, "platform": "votemarket"}, {"gauge": "0x9bc2fb257e00468fe921635fe5a73271f385d0eb", "nonBlacklistedVotes": 78597.64111249003, "nonBlacklistedVotesBreakdowns": [{"key": "42161-1056-135b-29", "nonBlacklistedVotes": 78597.64111249003}], "totalDeposited": 500.0, "dollarPerVote": 0.006361514072469339, "incentiveDirected": 203.88382283824168, "incentiveDirectedUSD": 971.6492767516687, "efficiency": 1.9432985535033371, "platform": "votemarket"}, {"gauge": "0x75636d1cf056d765b269e7cbacf4e0ea57300507", "nonBlacklistedVotes": 60689.45261828764, "nonBlacklistedVotesBreakdowns": [{"key": "42161-1056-135b-30", "nonBlacklistedVotes": 60689.45261828764}], "totalDeposited": 2339.6750193233725, "dollarPerVote": 0.01403311664718362, "incentiveDirected": 157.4296305924443, "incentiveDirectedUSD": 750.262500354391, "efficiency": 0.8809390961345605, "platform": "votemarket"}]}