{"totalDepositedUSD": 3492.477716047032, "globalAverageDollarPerVote": 0.009650372819219058, "globalAverageEfficiency": 1.2789159321187704, "analytics": [{"gauge": "0xe8cfd40995720f69dc5ae941c1166f9d4b5e40e2", "nonBlacklistedVotes": 33622.330497418014, "nonBlacklistedVotesBreakdowns": [{"key": "42161-1056-135b-27", "nonBlacklistedVotes": 33622.330497418014}], "totalDeposited": 659.8048256399736, "dollarPerVote": 0.009503418452721377, "incentiveDirected": 87.21698485496967, "incentiveDirectedUSD": 414.9673258057009, "efficiency": 1.298692213837112, "platform": "votemarket"}, {"gauge": "0x9bc2fb257e00468fe921635fe5a73271f385d0eb", "nonBlacklistedVotes": 78597.64111249003, "nonBlacklistedVotesBreakdowns": [{"key": "42161-1056-135b-29", "nonBlacklistedVotes": 78597.64111249003}], "totalDeposited": 500.0, "dollarPerVote": 0.006361514072469339, "incentiveDirected": 203.88382283824168, "incentiveDirectedUSD": 970.0533087553483, "efficiency": 1.9401066175106967, "platform": "votemarket"}, {"gauge": "0x75636d1cf056d765b269e7cbacf4e0ea57300507", "nonBlacklistedVotes": 60689.45261828764, "nonBlacklistedVotesBreakdowns": [{"key": "42161-1056-135b-30", "nonBlacklistedVotes": 60689.45261828764}], "totalDeposited": 2332.6728904070587, "dollarPerVote": 0.013991118638464589, "incentiveDirected": 157.4296305924443, "incentiveDirectedUSD": 749.0301678985816, "efficiency": 0.8821321488515104, "platform": "votemarket"}]}