{"totalDepositedUSD": 3500.570299181057, "globalAverageDollarPerVote": 0.009667035176946429, "globalAverageEfficiency": 1.263818760771448, "analytics": [{"gauge": "0xe8cfd40995720f69dc5ae941c1166f9d4b5e40e2", "nonBlacklistedVotes": 33622.330497418014, "nonBlacklistedVotesBreakdowns": [{"key": "42161-1056-135b-27", "nonBlacklistedVotes": 33622.330497418014}], "totalDeposited": 659.2669168636244, "dollarPerVote": 0.00949567074916968, "incentiveDirected": 87.21698485496967, "incentiveDirectedUSD": 410.77680221532916, "efficiency": 1.2866263732586496, "platform": "votemarket"}, {"gauge": "0x9bc2fb257e00468fe921635fe5a73271f385d0eb", "nonBlacklistedVotes": 78597.64111249003, "nonBlacklistedVotesBreakdowns": [{"key": "42161-1056-135b-29", "nonBlacklistedVotes": 78597.64111249003}], "totalDeposited": 500.0, "dollarPerVote": 0.006361514072469339, "incentiveDirected": 203.88382283824168, "incentiveDirectedUSD": 960.2572814021953, "efficiency": 1.9205145628043905, "platform": "votemarket"}, {"gauge": "0x75636d1cf056d765b269e7cbacf4e0ea57300507", "nonBlacklistedVotes": 60689.45261828764, "nonBlacklistedVotesBreakdowns": [{"key": "42161-1056-135b-30", "nonBlacklistedVotes": 60689.45261828764}], "totalDeposited": 2341.303382317433, "dollarPerVote": 0.014042883391560887, "incentiveDirected": 157.4296305924443, "incentiveDirectedUSD": 741.4661299773194, "efficiency": 0.8700051176814942, "platform": "votemarket"}]}