{"totalDepositedUSD": 3490.700877354084, "globalAverageDollarPerVote": 0.009645396347778163, "globalAverageEfficiency": 1.2811841588083994, "analytics": [{"gauge": "0xe8cfd40995720f69dc5ae941c1166f9d4b5e40e2", "nonBlacklistedVotes": 33622.330497418014, "nonBlacklistedVotesBreakdowns": [{"key": "42161-1056-135b-27", "nonBlacklistedVotes": 33622.330497418014}], "totalDeposited": 658.027986947025, "dollarPerVote": 0.009477825972997242, "incentiveDirected": 87.21698485496967, "incentiveDirectedUSD": 415.4889243779456, "efficiency": 1.3038358207260754, "platform": "votemarket"}, {"gauge": "0x9bc2fb257e00468fe921635fe5a73271f385d0eb", "nonBlacklistedVotes": 78597.64111249003, "nonBlacklistedVotesBreakdowns": [{"key": "42161-1056-135b-29", "nonBlacklistedVotes": 78597.64111249003}], "totalDeposited": 500.0, "dollarPerVote": 0.006361514072469339, "incentiveDirected": 203.88382283824168, "incentiveDirectedUSD": 971.2726298666325, "efficiency": 1.9425452597332649, "platform": "votemarket"}, {"gauge": "0x75636d1cf056d765b269e7cbacf4e0ea57300507", "nonBlacklistedVotes": 60689.45261828764, "nonBlacklistedVotesBreakdowns": [{"key": "42161-1056-135b-30", "nonBlacklistedVotes": 60689.45261828764}], "totalDeposited": 2332.6728904070587, "dollarPerVote": 0.013991118638464589, "incentiveDirected": 157.4296305924443, "incentiveDirectedUSD": 749.9716711009977, "efficiency": 0.8832409563184085, "platform": "votemarket"}]}