{"totalDepositedUSD": 2579.0997857291604, "globalAverageDollarPerVote": 0.003707557029662857, "globalAverageEfficiency": 1.399821933905368, "analytics": [{"gauge": "0x75636d1cf056d765b269e7cbacf4e0ea57300507", "nonBlacklistedVotes": 488758.3761393861, "nonBlacklistedVotesBreakdowns": [{"key": "42161-1056-135b-45", "nonBlacklistedVotes": 488758.3761393861}], "totalDeposited": 1775.0534905378695, "dollarPerVote": 0.003631760757858915, "incentiveDirected": 1093.7030424505936, "incentiveDirectedUSD": 2536.616701076523, "efficiency": 1.4290367668344957, "platform": "votemarket"}, {"gauge": "0xe8cfd40995720f69dc5ae941c1166f9d4b5e40e2", "nonBlacklistedVotes": 91865.59596389733, "nonBlacklistedVotesBreakdowns": [{"key": "42161-1056-135b-46", "nonBlacklistedVotes": 91865.59596389733}], "totalDeposited": 304.0462951912908, "dollarPerVote": 0.0033096861997257312, "incentiveDirected": 205.56922746956258, "incentiveDirectedUSD": 476.7750617739064, "efficiency": 1.568100218007732, "platform": "votemarket"}, {"gauge": "0x0e3735d5ee96d21426ee40e7dcb623513e0b6876", "nonBlacklistedVotes": 115009.23464031954, "nonBlacklistedVotesBreakdowns": [{"key": "42161-1056-135b-49", "nonBlacklistedVotes": 115009.23464031954}], "totalDeposited": 500.0, "dollarPerVote": 0.0043474769792504276, "incentiveDirected": 257.3581466359556, "incentiveDirectedUSD": 596.888686943884, "efficiency": 1.1937773738877677, "platform": "votemarket"}]}