{"totalDepositedUSD": 2593.542812532071, "globalAverageDollarPerVote": 0.00372089254841395, "globalAverageEfficiency": 1.4189723260583607, "analytics": [{"gauge": "0x75636d1cf056d765b269e7cbacf4e0ea57300507", "nonBlacklistedVotes": 488758.3761393861, "nonBlacklistedVotesBreakdowns": [{"key": "42161-1056-135b-45", "nonBlacklistedVotes": 488758.3761393861}], "totalDeposited": 1784.7143764538573, "dollarPerVote": 0.0036515269376066616, "incentiveDirected": 1093.7030424505936, "incentiveDirectedUSD": 2580.5677619362236, "efficiency": 1.4459275926625803, "platform": "votemarket"}, {"gauge": "0xe8cfd40995720f69dc5ae941c1166f9d4b5e40e2", "nonBlacklistedVotes": 91865.59596389733, "nonBlacklistedVotesBreakdowns": [{"key": "42161-1056-135b-46", "nonBlacklistedVotes": 91865.59596389733}], "totalDeposited": 308.82843607821354, "dollarPerVote": 0.0033617420410529033, "incentiveDirected": 205.56922746956258, "incentiveDirectedUSD": 485.03597472442016, "efficiency": 1.5705677264822222, "platform": "votemarket"}, {"gauge": "0x0e3735d5ee96d21426ee40e7dcb623513e0b6876", "nonBlacklistedVotes": 116397.71793116338, "nonBlacklistedVotesBreakdowns": [{"key": "42161-1056-135b-49", "nonBlacklistedVotes": 116397.71793116338}], "totalDeposited": 500.0, "dollarPerVote": 0.004295616863345171, "incentiveDirected": 260.46517962755934, "incentiveDirectedUSD": 614.5617407699317, "efficiency": 1.2291234815398633, "platform": "votemarket"}]}