{"totalDepositedUSD": 2594.169716435912, "globalAverageDollarPerVote": 0.003721791952138115, "globalAverageEfficiency": 1.4348997892168986, "analytics": [{"gauge": "0x75636d1cf056d765b269e7cbacf4e0ea57300507", "nonBlacklistedVotes": 488758.3761393861, "nonBlacklistedVotesBreakdowns": [{"key": "42161-1056-135b-45", "nonBlacklistedVotes": 488758.3761393861}], "totalDeposited": 1786.457647753485, "dollarPerVote": 0.0036550936719783513, "incentiveDirected": 1093.7030424505936, "incentiveDirectedUSD": 2610.164492752314, "efficiency": 1.4610838919325408, "platform": "votemarket"}, {"gauge": "0xe8cfd40995720f69dc5ae941c1166f9d4b5e40e2", "nonBlacklistedVotes": 91865.59596389733, "nonBlacklistedVotesBreakdowns": [{"key": "42161-1056-135b-46", "nonBlacklistedVotes": 91865.59596389733}], "totalDeposited": 307.71206868242706, "dollarPerVote": 0.003349589859552603, "incentiveDirected": 205.56922746956258, "incentiveDirectedUSD": 490.5988897510217, "efficiency": 1.5943439977888623, "platform": "votemarket"}, {"gauge": "0x0e3735d5ee96d21426ee40e7dcb623513e0b6876", "nonBlacklistedVotes": 116397.71793116338, "nonBlacklistedVotesBreakdowns": [{"key": "42161-1056-135b-49", "nonBlacklistedVotes": 116397.71793116338}], "totalDeposited": 500.0, "dollarPerVote": 0.004295616863345171, "incentiveDirected": 260.46517962755934, "incentiveDirectedUSD": 621.6101968034163, "efficiency": 1.2432203936068327, "platform": "votemarket"}]}