{"totalDepositedUSD": 2579.0997857291604, "globalAverageDollarPerVote": 0.003707557029662857, "globalAverageEfficiency": 1.4242339365198324, "analytics": [{"gauge": "0x75636d1cf056d765b269e7cbacf4e0ea57300507", "nonBlacklistedVotes": 488758.3761393861, "nonBlacklistedVotesBreakdowns": [{"key": "42161-1056-135b-45", "nonBlacklistedVotes": 488758.3761393861}], "totalDeposited": 1775.0534905378695, "dollarPerVote": 0.003631760757858915, "incentiveDirected": 1093.7030424505936, "incentiveDirectedUSD": 2580.853680108429, "efficiency": 1.453958257520673, "platform": "votemarket"}, {"gauge": "0xe8cfd40995720f69dc5ae941c1166f9d4b5e40e2", "nonBlacklistedVotes": 91865.59596389733, "nonBlacklistedVotesBreakdowns": [{"key": "42161-1056-135b-46", "nonBlacklistedVotes": 91865.59596389733}], "totalDeposited": 304.0462951912908, "dollarPerVote": 0.0033096861997257312, "incentiveDirected": 205.56922746956258, "incentiveDirectedUSD": 485.089715068461, "efficiency": 1.5954468866764735, "platform": "votemarket"}, {"gauge": "0x0e3735d5ee96d21426ee40e7dcb623513e0b6876", "nonBlacklistedVotes": 115009.23464031954, "nonBlacklistedVotesBreakdowns": [{"key": "42161-1056-135b-49", "nonBlacklistedVotes": 115009.23464031954}], "totalDeposited": 500.0, "dollarPerVote": 0.0043474769792504276, "incentiveDirected": 257.3581466359556, "incentiveDirectedUSD": 607.298045329608, "efficiency": 1.214596090659216, "platform": "votemarket"}]}