{"totalDepositedUSD": 2588.210363791142, "globalAverageDollarPerVote": 0.0037132422144040204, "globalAverageEfficiency": 1.4281356261178666, "analytics": [{"gauge": "0x75636d1cf056d765b269e7cbacf4e0ea57300507", "nonBlacklistedVotes": 488758.3761393861, "nonBlacklistedVotesBreakdowns": [{"key": "42161-1056-135b-45", "nonBlacklistedVotes": 488758.3761393861}], "totalDeposited": 1784.164068599851, "dollarPerVote": 0.003650401007329306, "incentiveDirected": 1093.7030424505936, "incentiveDirectedUSD": 2591.8922643613423, "efficiency": 1.452720806329974, "platform": "votemarket"}, {"gauge": "0xe8cfd40995720f69dc5ae941c1166f9d4b5e40e2", "nonBlacklistedVotes": 91865.59596389733, "nonBlacklistedVotesBreakdowns": [{"key": "42161-1056-135b-46", "nonBlacklistedVotes": 91865.59596389733}], "totalDeposited": 304.0462951912908, "dollarPerVote": 0.0033096861997257312, "incentiveDirected": 205.56922746956258, "incentiveDirectedUSD": 487.16449510394904, "efficiency": 1.6022707818144908, "platform": "votemarket"}, {"gauge": "0x0e3735d5ee96d21426ee40e7dcb623513e0b6876", "nonBlacklistedVotes": 116397.71793116338, "nonBlacklistedVotesBreakdowns": [{"key": "42161-1056-135b-49", "nonBlacklistedVotes": 116397.71793116338}], "totalDeposited": 500.0, "dollarPerVote": 0.004295616863345171, "incentiveDirected": 260.46517962755934, "incentiveDirectedUSD": 617.2586689523222, "efficiency": 1.2345173379046444, "platform": "votemarket"}]}