{"totalDepositedUSD": 2563.8229705440367, "globalAverageDollarPerVote": 0.0036855960090602935, "globalAverageEfficiency": 1.3927408554583394, "analytics": [{"gauge": "0x75636d1cf056d765b269e7cbacf4e0ea57300507", "nonBlacklistedVotes": 488758.3761393861, "nonBlacklistedVotesBreakdowns": [{"key": "42161-1056-135b-45", "nonBlacklistedVotes": 488758.3761393861}], "totalDeposited": 1766.0280084451624, "dollarPerVote": 0.0036132946148047587, "incentiveDirected": 1093.7030424505936, "incentiveDirectedUSD": 2508.8359131024667, "efficiency": 1.4206093567628544, "platform": "votemarket"}, {"gauge": "0xe8cfd40995720f69dc5ae941c1166f9d4b5e40e2", "nonBlacklistedVotes": 91865.59596389733, "nonBlacklistedVotesBreakdowns": [{"key": "42161-1056-135b-46", "nonBlacklistedVotes": 91865.59596389733}], "totalDeposited": 297.7949620988743, "dollarPerVote": 0.0032416375137424252, "incentiveDirected": 205.56922746956258, "incentiveDirectedUSD": 471.5534660567304, "efficiency": 1.5834836920450135, "platform": "votemarket"}, {"gauge": "0x0e3735d5ee96d21426ee40e7dcb623513e0b6876", "nonBlacklistedVotes": 115009.23464031954, "nonBlacklistedVotesBreakdowns": [{"key": "42161-1056-135b-49", "nonBlacklistedVotes": 115009.23464031954}], "totalDeposited": 500.0, "dollarPerVote": 0.0043474769792504276, "incentiveDirected": 257.3581466359556, "incentiveDirectedUSD": 590.3516180800452, "efficiency": 1.1807032361600902, "platform": "votemarket"}]}