{"totalDepositedUSD": 1130.7932443956306, "globalAverageDollarPerVote": 0.003627618203207114, "globalAverageEfficiency": 1.6744243195242843, "analytics": [{"gauge": "0xe8cfd40995720f69dc5ae941c1166f9d4b5e40e2", "nonBlacklistedVotes": 80870.69888031956, "nonBlacklistedVotesBreakdowns": [{"key": "42161-1056-135b-50", "nonBlacklistedVotes": 80870.69888031956}], "totalDeposited": 630.7932443956307, "dollarPerVote": 0.003366427006928245, "incentiveDirected": 179.9826201831228, "incentiveDirectedUSD": 491.2225461943026, "efficiency": 1.8043379906643107, "platform": "votemarket"}, {"gauge": "0x0e3735d5ee96d21426ee40e7dcb623513e0b6876", "nonBlacklistedVotes": 132008.73371739453, "nonBlacklistedVotesBreakdowns": [{"key": "42161-1056-135b-51", "nonBlacklistedVotes": 132008.73371739453}], "totalDeposited": 500.0, "dollarPerVote": 0.003787628181256586, "incentiveDirected": 293.7934024370698, "incentiveDirectedUSD": 801.8437727675539, "efficiency": 1.6036875455351076, "platform": "votemarket"}]}