{"totalDepositedUSD": 1130.7932443956306, "globalAverageDollarPerVote": 0.003629898011729803, "globalAverageEfficiency": 1.6707992087929715, "analytics": [{"gauge": "0xe8cfd40995720f69dc5ae941c1166f9d4b5e40e2", "nonBlacklistedVotes": 80870.69888031956, "nonBlacklistedVotesBreakdowns": [{"key": "42161-1056-135b-50", "nonBlacklistedVotes": 80870.69888031956}], "totalDeposited": 630.7932443956307, "dollarPerVote": 0.003366427006928245, "incentiveDirected": 179.9826201831228, "incentiveDirectedUSD": 490.4670994022403, "efficiency": 1.8015631152897906, "platform": "votemarket"}, {"gauge": "0x0e3735d5ee96d21426ee40e7dcb623513e0b6876", "nonBlacklistedVotes": 131875.0317943176, "nonBlacklistedVotesBreakdowns": [{"key": "42161-1056-135b-51", "nonBlacklistedVotes": 131875.0317943176}], "totalDeposited": 500.0, "dollarPerVote": 0.0037914682802112102, "incentiveDirected": 293.4958407395442, "incentiveDirectedUSD": 799.7997448180528, "efficiency": 1.5995994896361054, "platform": "votemarket"}]}