{"totalDepositedUSD": 1131.3177160542555, "globalAverageDollarPerVote": 0.0036076475479114175, "globalAverageEfficiency": 1.6751742021209037, "analytics": [{"gauge": "0xe8cfd40995720f69dc5ae941c1166f9d4b5e40e2", "nonBlacklistedVotes": 80870.69888031956, "nonBlacklistedVotesBreakdowns": [{"key": "42161-1056-135b-50", "nonBlacklistedVotes": 80870.69888031956}], "totalDeposited": 631.3177160542554, "dollarPerVote": 0.0033692260152747176, "incentiveDirected": 179.9826201831228, "incentiveDirectedUSD": 488.737062997695, "efficiency": 1.7937170362591948, "platform": "votemarket"}, {"gauge": "0x0e3735d5ee96d21426ee40e7dcb623513e0b6876", "nonBlacklistedVotes": 133249.90250387863, "nonBlacklistedVotesBreakdowns": [{"key": "42161-1056-135b-51", "nonBlacklistedVotes": 133249.90250387863}], "totalDeposited": 500.0, "dollarPerVote": 0.0037523479612710862, "incentiveDirected": 296.55569846485, "incentiveDirectedUSD": 805.2875379604671, "efficiency": 1.6105750759209343, "platform": "votemarket"}]}