{"totalDepositedUSD": 1131.2710414749931, "globalAverageDollarPerVote": 0.0036308673067960663, "globalAverageEfficiency": 1.669165022188657, "analytics": [{"gauge": "0xe8cfd40995720f69dc5ae941c1166f9d4b5e40e2", "nonBlacklistedVotes": 80870.69888031956, "nonBlacklistedVotesBreakdowns": [{"key": "42161-1056-135b-50", "nonBlacklistedVotes": 80870.69888031956}], "totalDeposited": 631.271041474993, "dollarPerVote": 0.003368976921668276, "incentiveDirected": 179.9826201831228, "incentiveDirectedUSD": 490.11822180941977, "efficiency": 1.7989190337674477, "platform": "votemarket"}, {"gauge": "0x0e3735d5ee96d21426ee40e7dcb623513e0b6876", "nonBlacklistedVotes": 131875.0317943176, "nonBlacklistedVotesBreakdowns": [{"key": "42161-1056-135b-51", "nonBlacklistedVotes": 131875.0317943176}], "totalDeposited": 500.0, "dollarPerVote": 0.0037914682802112102, "incentiveDirected": 293.4958407395442, "incentiveDirectedUSD": 799.2308336514309, "efficiency": 1.5984616673028618, "platform": "votemarket"}]}