{"totalDepositedUSD": 1128.2754513260516, "globalAverageDollarPerVote": 0.003601515410010442, "globalAverageEfficiency": 1.6610349683981684, "analytics": [{"gauge": "0xe8cfd40995720f69dc5ae941c1166f9d4b5e40e2", "nonBlacklistedVotes": 80870.69888031956, "nonBlacklistedVotesBreakdowns": [{"key": "42161-1056-135b-50", "nonBlacklistedVotes": 80870.69888031956}], "totalDeposited": 628.2754513260516, "dollarPerVote": 0.0033529900104756136, "incentiveDirected": 179.9826201831228, "incentiveDirectedUSD": 483.78817513277033, "efficiency": 1.7841517620279588, "platform": "votemarket"}, {"gauge": "0x0e3735d5ee96d21426ee40e7dcb623513e0b6876", "nonBlacklistedVotes": 133249.90250387863, "nonBlacklistedVotesBreakdowns": [{"key": "42161-1056-135b-51", "nonBlacklistedVotes": 133249.90250387863}], "totalDeposited": 500.0, "dollarPerVote": 0.0037523479612710862, "incentiveDirected": 296.55569846485, "incentiveDirectedUSD": 797.133301201864, "efficiency": 1.594266602403728, "platform": "votemarket"}]}