{"totalDepositedUSD": 500.0, "globalAverageDollarPerVote": 0.004722225851025541, "globalAverageEfficiency": 1.2819794519616303, "analytics": [{"gauge": "0x0e3735d5ee96d21426ee40e7dcb623513e0b6876", "nonBlacklistedVotes": 105882.27157568361, "nonBlacklistedVotesBreakdowns": [{"key": "42161-1056-135b-52", "nonBlacklistedVotes": 105882.27157568361}], "totalDeposited": 500.0, "dollarPerVote": 0.004722225851025541, "incentiveDirected": 233.9072750406049, "incentiveDirectedUSD": 640.9897259808151, "efficiency": 1.2819794519616303, "platform": "votemarket"}]}