{"totalDepositedUSD": 1516.5399129714147, "globalAverageDollarPerVote": 0.004281458930718767, "globalAverageEfficiency": 1.154369412905158, "analytics": [{"gauge": "0x75636d1cf056d765b269e7cbacf4e0ea57300507", "nonBlacklistedVotes": 237724.41488907396, "nonBlacklistedVotesBreakdowns": [{"key": "42161-1056-135b-53", "nonBlacklistedVotes": 237724.41488907396}], "totalDeposited": 1016.5399129714145, "dollarPerVote": 0.004276127521212949, "incentiveDirected": 468.80354172902224, "incentiveDirectedUSD": 1174.925637488602, "efficiency": 1.155808662794376, "platform": "votemarket"}, {"gauge": "0x0e3735d5ee96d21426ee40e7dcb623513e0b6876", "nonBlacklistedVotes": 44230.069623881835, "nonBlacklistedVotesBreakdowns": [{"key": "42161-1056-135b-54", "nonBlacklistedVotes": 44230.069623881835}], "totalDeposited": 500.0, "dollarPerVote": 0.004310113785121714, "incentiveDirected": 87.22374309038653, "incentiveDirectedUSD": 218.6020429296388, "efficiency": 1.1466948388444458, "platform": "votemarket"}]}