{"totalDepositedUSD": 1512.1566043137093, "globalAverageDollarPerVote": 0.004265912773808807, "globalAverageEfficiency": 1.111883947646728, "analytics": [{"gauge": "0x75636d1cf056d765b269e7cbacf4e0ea57300507", "nonBlacklistedVotes": 237724.41488907396, "nonBlacklistedVotesBreakdowns": [{"key": "42161-1056-135b-53", "nonBlacklistedVotes": 237724.41488907396}], "totalDeposited": 1012.1566043137093, "dollarPerVote": 0.00425768890749399, "incentiveDirected": 468.80354172902224, "incentiveDirectedUSD": 1127.5744293113726, "efficiency": 1.1140315881018454, "platform": "votemarket"}, {"gauge": "0x0e3735d5ee96d21426ee40e7dcb623513e0b6876", "nonBlacklistedVotes": 44230.069623881835, "nonBlacklistedVotesBreakdowns": [{"key": "42161-1056-135b-54", "nonBlacklistedVotes": 44230.069623881835}], "totalDeposited": 500.0, "dollarPerVote": 0.004310113785121714, "incentiveDirected": 87.22374309038653, "incentiveDirectedUSD": 209.7920633765036, "efficiency": 1.1004813728195335, "platform": "votemarket"}]}