{"totalDepositedUSD": 1515.3973177927546, "globalAverageDollarPerVote": 0.004277406520697222, "globalAverageEfficiency": 1.125109027621343, "analytics": [{"gauge": "0x75636d1cf056d765b269e7cbacf4e0ea57300507", "nonBlacklistedVotes": 237724.41488907396, "nonBlacklistedVotesBreakdowns": [{"key": "42161-1056-135b-53", "nonBlacklistedVotes": 237724.41488907396}], "totalDeposited": 1015.3973177927545, "dollarPerVote": 0.00427132113572161, "incentiveDirected": 468.80354172902224, "incentiveDirectedUSD": 1144.0603217508833, "efficiency": 1.12671197934402, "platform": "votemarket"}, {"gauge": "0x0e3735d5ee96d21426ee40e7dcb623513e0b6876", "nonBlacklistedVotes": 44230.069623881835, "nonBlacklistedVotesBreakdowns": [{"key": "42161-1056-135b-54", "nonBlacklistedVotes": 44230.069623881835}], "totalDeposited": 500.0, "dollarPerVote": 0.004310113785121714, "incentiveDirected": 87.22374309038653, "incentiveDirectedUSD": 212.8593636819923, "efficiency": 1.1165711466494241, "platform": "votemarket"}]}