{"totalDepositedUSD": 1515.8176163753405, "globalAverageDollarPerVote": 0.00427889718179918, "globalAverageEfficiency": 1.1335079675059012, "analytics": [{"gauge": "0x75636d1cf056d765b269e7cbacf4e0ea57300507", "nonBlacklistedVotes": 237724.41488907396, "nonBlacklistedVotesBreakdowns": [{"key": "42161-1056-135b-53", "nonBlacklistedVotes": 237724.41488907396}], "totalDeposited": 1015.8176163753405, "dollarPerVote": 0.0042730891433651755, "incentiveDirected": 468.80354172902224, "incentiveDirectedUSD": 1153.002410357387, "efficiency": 1.135048646302819, "platform": "votemarket"}, {"gauge": "0x0e3735d5ee96d21426ee40e7dcb623513e0b6876", "nonBlacklistedVotes": 44230.069623881835, "nonBlacklistedVotesBreakdowns": [{"key": "42161-1056-135b-54", "nonBlacklistedVotes": 44230.069623881835}], "totalDeposited": 500.0, "dollarPerVote": 0.004310113785121714, "incentiveDirected": 87.22374309038653, "incentiveDirectedUSD": 214.52309351736963, "efficiency": 1.1252983771450364, "platform": "votemarket"}]}