{"totalDepositedUSD": 1517.6266014674234, "globalAverageDollarPerVote": 0.004285313058089312, "globalAverageEfficiency": 1.1572665181563775, "analytics": [{"gauge": "0x75636d1cf056d765b269e7cbacf4e0ea57300507", "nonBlacklistedVotes": 237724.41488907396, "nonBlacklistedVotesBreakdowns": [{"key": "42161-1056-135b-53", "nonBlacklistedVotes": 237724.41488907396}], "totalDeposited": 1017.6266014674235, "dollarPerVote": 0.004280698732363121, "incentiveDirected": 468.80354172902224, "incentiveDirectedUSD": 1178.9346433484297, "efficiency": 1.158513979143626, "platform": "votemarket"}, {"gauge": "0x0e3735d5ee96d21426ee40e7dcb623513e0b6876", "nonBlacklistedVotes": 44230.069623881835, "nonBlacklistedVotesBreakdowns": [{"key": "42161-1056-135b-54", "nonBlacklistedVotes": 44230.069623881835}], "totalDeposited": 500.0, "dollarPerVote": 0.004310113785121714, "incentiveDirected": 87.22374309038653, "incentiveDirectedUSD": 219.34794279181946, "efficiency": 1.150607517384841, "platform": "votemarket"}]}