{"totalDepositedUSD": 1511.8795186471561, "globalAverageDollarPerVote": 0.004264930041907834, "globalAverageEfficiency": 1.1054511128006776, "analytics": [{"gauge": "0x75636d1cf056d765b269e7cbacf4e0ea57300507", "nonBlacklistedVotes": 237724.41488907396, "nonBlacklistedVotesBreakdowns": [{"key": "42161-1056-135b-53", "nonBlacklistedVotes": 237724.41488907396}], "totalDeposited": 1011.879518647156, "dollarPerVote": 0.0042565233323607725, "incentiveDirected": 468.80354172902224, "incentiveDirectedUSD": 1120.792561968252, "efficiency": 1.1076343984773094, "platform": "votemarket"}, {"gauge": "0x0e3735d5ee96d21426ee40e7dcb623513e0b6876", "nonBlacklistedVotes": 44230.069623881835, "nonBlacklistedVotesBreakdowns": [{"key": "42161-1056-135b-54", "nonBlacklistedVotes": 44230.069623881835}], "totalDeposited": 500.0, "dollarPerVote": 0.004310113785121714, "incentiveDirected": 87.22374309038653, "incentiveDirectedUSD": 208.53025581287523, "efficiency": 1.093862458369163, "platform": "votemarket"}]}