{"totalDepositedUSD": 1512.6150634306325, "globalAverageDollarPerVote": 0.004267538777799187, "globalAverageEfficiency": 1.114343193302975, "analytics": [{"gauge": "0x75636d1cf056d765b269e7cbacf4e0ea57300507", "nonBlacklistedVotes": 237724.41488907396, "nonBlacklistedVotesBreakdowns": [{"key": "42161-1056-135b-53", "nonBlacklistedVotes": 237724.41488907396}], "totalDeposited": 1012.6150634306325, "dollarPerVote": 0.00425961743939147, "incentiveDirected": 468.80354172902224, "incentiveDirectedUSD": 1130.499118065221, "efficiency": 1.1164154661448642, "platform": "votemarket"}, {"gauge": "0x0e3735d5ee96d21426ee40e7dcb623513e0b6876", "nonBlacklistedVotes": 44230.069623881835, "nonBlacklistedVotesBreakdowns": [{"key": "42161-1056-135b-54", "nonBlacklistedVotes": 44230.069623881835}], "totalDeposited": 500.0, "dollarPerVote": 0.004310113785121714, "incentiveDirected": 87.22374309038653, "incentiveDirectedUSD": 210.33621946274846, "efficiency": 1.1033357879350576, "platform": "votemarket"}]}