{"totalDepositedUSD": 1514.6687224564046, "globalAverageDollarPerVote": 0.004274822432213548, "globalAverageEfficiency": 1.125967876697165, "analytics": [{"gauge": "0x75636d1cf056d765b269e7cbacf4e0ea57300507", "nonBlacklistedVotes": 237724.41488907396, "nonBlacklistedVotesBreakdowns": [{"key": "42161-1056-135b-53", "nonBlacklistedVotes": 237724.41488907396}], "totalDeposited": 1014.6687224564046, "dollarPerVote": 0.004268256261898321, "incentiveDirected": 468.80354172902224, "incentiveDirectedUSD": 1144.2419541425234, "efficiency": 1.1277000353104765, "platform": "votemarket"}, {"gauge": "0x0e3735d5ee96d21426ee40e7dcb623513e0b6876", "nonBlacklistedVotes": 44230.069623881835, "nonBlacklistedVotesBreakdowns": [{"key": "42161-1056-135b-54", "nonBlacklistedVotes": 44230.069623881835}], "totalDeposited": 500.0, "dollarPerVote": 0.004310113785121714, "incentiveDirected": 87.22374309038653, "incentiveDirectedUSD": 212.89315749038988, "efficiency": 1.1167484148265878, "platform": "votemarket"}]}