{"totalDepositedUSD": 1512.8304625040969, "globalAverageDollarPerVote": 0.004268302727604194, "globalAverageEfficiency": 1.110535210611257, "analytics": [{"gauge": "0x75636d1cf056d765b269e7cbacf4e0ea57300507", "nonBlacklistedVotes": 237724.41488907396, "nonBlacklistedVotesBreakdowns": [{"key": "42161-1056-135b-53", "nonBlacklistedVotes": 237724.41488907396}], "totalDeposited": 1012.830462504097, "dollarPerVote": 0.004260523526692452, "incentiveDirected": 468.80354172902224, "incentiveDirectedUSD": 1126.8376104020742, "efficiency": 1.112562913654975, "platform": "votemarket"}, {"gauge": "0x0e3735d5ee96d21426ee40e7dcb623513e0b6876", "nonBlacklistedVotes": 44230.069623881835, "nonBlacklistedVotesBreakdowns": [{"key": "42161-1056-135b-54", "nonBlacklistedVotes": 44230.069623881835}], "totalDeposited": 500.0, "dollarPerVote": 0.004310113785121714, "incentiveDirected": 87.22374309038653, "incentiveDirectedUSD": 209.65497374827308, "efficiency": 1.0997622579977127, "platform": "votemarket"}]}