{"totalDepositedUSD": 1513.394891962345, "globalAverageDollarPerVote": 0.004270304573608604, "globalAverageEfficiency": 1.1123253872708057, "analytics": [{"gauge": "0x75636d1cf056d765b269e7cbacf4e0ea57300507", "nonBlacklistedVotes": 237724.41488907396, "nonBlacklistedVotesBreakdowns": [{"key": "42161-1056-135b-53", "nonBlacklistedVotes": 237724.41488907396}], "totalDeposited": 1013.3948919623449, "dollarPerVote": 0.004262897828290844, "incentiveDirected": 468.80354172902224, "incentiveDirectedUSD": 1129.1834083774772, "efficiency": 1.1142580422829236, "platform": "votemarket"}, {"gauge": "0x0e3735d5ee96d21426ee40e7dcb623513e0b6876", "nonBlacklistedVotes": 44230.069623881835, "nonBlacklistedVotesBreakdowns": [{"key": "42161-1056-135b-54", "nonBlacklistedVotes": 44230.069623881835}], "totalDeposited": 500.0, "dollarPerVote": 0.004310113785121714, "incentiveDirected": 87.22374309038653, "incentiveDirectedUSD": 210.0914236931559, "efficiency": 1.1020516917674243, "platform": "votemarket"}]}