{"totalDepositedUSD": 1515.4134709799398, "globalAverageDollarPerVote": 0.004277463810749597, "globalAverageEfficiency": 1.1150380978220806, "analytics": [{"gauge": "0x75636d1cf056d765b269e7cbacf4e0ea57300507", "nonBlacklistedVotes": 237724.41488907396, "nonBlacklistedVotesBreakdowns": [{"key": "42161-1056-135b-53", "nonBlacklistedVotes": 237724.41488907396}], "totalDeposited": 1015.4134709799398, "dollarPerVote": 0.004271389084935798, "incentiveDirected": 468.80354172902224, "incentiveDirectedUSD": 1133.8349435651207, "efficiency": 1.1166238935858284, "platform": "votemarket"}, {"gauge": "0x0e3735d5ee96d21426ee40e7dcb623513e0b6876", "nonBlacklistedVotes": 44230.069623881835, "nonBlacklistedVotesBreakdowns": [{"key": "42161-1056-135b-54", "nonBlacklistedVotes": 44230.069623881835}], "totalDeposited": 500.0, "dollarPerVote": 0.004310113785121714, "incentiveDirected": 87.22374309038653, "incentiveDirectedUSD": 210.95687003489326, "efficiency": 1.1065914611129766, "platform": "votemarket"}]}