{"totalDepositedUSD": 1512.2018027516108, "globalAverageDollarPerVote": 0.004266073077830854, "globalAverageEfficiency": 1.1073868832916764, "analytics": [{"gauge": "0x75636d1cf056d765b269e7cbacf4e0ea57300507", "nonBlacklistedVotes": 237724.41488907396, "nonBlacklistedVotesBreakdowns": [{"key": "42161-1056-135b-53", "nonBlacklistedVotes": 237724.41488907396}], "totalDeposited": 1012.2018027516108, "dollarPerVote": 0.0042578790370518755, "incentiveDirected": 468.80354172902224, "incentiveDirectedUSD": 1123.0561045999814, "efficiency": 1.109517984997675, "platform": "votemarket"}, {"gauge": "0x0e3735d5ee96d21426ee40e7dcb623513e0b6876", "nonBlacklistedVotes": 44230.069623881835, "nonBlacklistedVotesBreakdowns": [{"key": "42161-1056-135b-54", "nonBlacklistedVotes": 44230.069623881835}], "totalDeposited": 500.0, "dollarPerVote": 0.004310113785121714, "incentiveDirected": 87.22374309038653, "incentiveDirectedUSD": 208.95140165203836, "efficiency": 1.096071613204576, "platform": "votemarket"}]}