{"totalDepositedUSD": 1515.4421913031847, "globalAverageDollarPerVote": 0.0042775656723081906, "globalAverageEfficiency": 1.1014162154579943, "analytics": [{"gauge": "0x75636d1cf056d765b269e7cbacf4e0ea57300507", "nonBlacklistedVotes": 237724.41488907396, "nonBlacklistedVotesBreakdowns": [{"key": "42161-1056-135b-53", "nonBlacklistedVotes": 237724.41488907396}], "totalDeposited": 1015.4421913031846, "dollarPerVote": 0.004271509898455345, "incentiveDirected": 468.80354172902224, "incentiveDirectedUSD": 1120.0100999782546, "efficiency": 1.1029777072202123, "platform": "votemarket"}, {"gauge": "0x0e3735d5ee96d21426ee40e7dcb623513e0b6876", "nonBlacklistedVotes": 44230.069623881835, "nonBlacklistedVotesBreakdowns": [{"key": "42161-1056-135b-54", "nonBlacklistedVotes": 44230.069623881835}], "totalDeposited": 500.0, "dollarPerVote": 0.004310113785121714, "incentiveDirected": 87.22374309038653, "incentiveDirectedUSD": 208.38467401257185, "efficiency": 1.0930987971663657, "platform": "votemarket"}]}