{"totalDepositedUSD": 1512.0543246057364, "globalAverageDollarPerVote": 0.004265550021259759, "globalAverageEfficiency": 1.107229008150299, "analytics": [{"gauge": "0x75636d1cf056d765b269e7cbacf4e0ea57300507", "nonBlacklistedVotes": 237724.41488907396, "nonBlacklistedVotesBreakdowns": [{"key": "42161-1056-135b-53", "nonBlacklistedVotes": 237724.41488907396}], "totalDeposited": 1012.0543246057365, "dollarPerVote": 0.004257258662632432, "incentiveDirected": 468.80354172902224, "incentiveDirectedUSD": 1122.75831904066, "efficiency": 1.1093854269908388, "platform": "votemarket"}, {"gauge": "0x0e3735d5ee96d21426ee40e7dcb623513e0b6876", "nonBlacklistedVotes": 44230.069623881835, "nonBlacklistedVotesBreakdowns": [{"key": "42161-1056-135b-54", "nonBlacklistedVotes": 44230.069623881835}], "totalDeposited": 500.0, "dollarPerVote": 0.004310113785121714, "incentiveDirected": 87.22374309038653, "incentiveDirectedUSD": 208.89599684211203, "efficiency": 1.0957809827569451, "platform": "votemarket"}]}