{"number": 24, "endVoting": 1734480000, "totalDepositedUSD": 15110.160000000003, "globalAverageDollarPerVote": 0.0, "globalAverageEfficiency": 0, "analytics": [{"gauge": "0xb1d54d76e2cb9425ec9c018538cc531440b55dbb", "nonBlacklistedVotes": 181209.3446607029, "totalDeposited": 1781.0, "dollarPerVote": 0, "incentiveDirected": 2.5120272969605196e+21, "incentiveDirectedUSD": 7.033676431489454e+21, "efficiency": -1}, {"gauge": "0xa0bec9b22a22cad9d9813ad861e331210fe6c589", "nonBlacklistedVotes": 0, "totalDeposited": 1196.0, "dollarPerVote": 0, "incentiveDirected": 0.0, "incentiveDirectedUSD": 0.0, "efficiency": -1}, {"gauge": "0x172fcd41e0913e95784454622d1c3724f546f849", "nonBlacklistedVotes": 1115820.0297647754, "totalDeposited": 6066.580000000001, "dollarPerVote": 0, "incentiveDirected": 1.546813371304172e+22, "incentiveDirectedUSD": 4.3310774396516815e+22, "efficiency": -1}, {"gauge": "0x7f51c8aaa6b0599abd16674e2b17fec7a9f674a1", "nonBlacklistedVotes": 951954.4549224264, "totalDeposited": 6066.580000000001, "dollarPerVote": 0, "incentiveDirected": 1.3196535646138193e+22, "incentiveDirectedUSD": 3.695029980918694e+22, "efficiency": -1}]}