{"totalDepositedUSD": 10.325450397757553, "globalAverageDollarPerVote": 8.083585457746337e-07, "globalAverageEfficiency": 30324.80804763086, "analytics": [{"gauge": "0xfB18127c1471131468a1AaD4785c19678e521D86", "nonBlacklistedVotes": 8226479.355258631, "nonBlacklistedVotesBreakdowns": [], "totalDeposited": 5.0496, "dollarPerVote": 6.138227280388338e-07, "efficiency": 39935.50029109861, "platform": "convex"}, {"gauge": "0xAB1927160EC7414C6Fa71763E2a9f3D107c126dd", "nonBlacklistedVotes": 0, "nonBlacklistedVotesBreakdowns": [], "totalDeposited": 1.918491053730019, "dollarPerVote": 0, "efficiency": -1, "platform": "convex"}, {"gauge": "0x0c58c509305a8a7fE9a6a60CEaAC6185B96ECBb7", "nonBlacklistedVotes": 2173558.33590144, "nonBlacklistedVotesBreakdowns": [], "totalDeposited": 3.3573593440275333, "dollarPerVote": 1.5446373297522449e-06, "efficiency": 15869.950351523392, "platform": "convex"}]}