{"number": 107, "endVoting": 1696377600, "totalDepositedUSD": 9812.515364981713, "globalAverageDollarPerVote": 0.0, "globalAverageEfficiency": 0, "analytics": [{"gauge": "0x7af00cf8d3a8a75210a5ed74f2254e2ec43b5b5b", "nonBlacklistedVotes": 2973717.537795151, "totalDeposited": 0.0, "dollarPerVote": 0, "incentiveDirected": 1849.4471215617248, "incentiveDirectedUSD": 10356.903880745658, "efficiency": -1}, {"gauge": "0x39cd4db6460d8b5961f73e997e86ddbb7ca4d5f6", "nonBlacklistedVotes": 4303556.724646993, "totalDeposited": 4175.80257679364, "dollarPerVote": 0, "incentiveDirected": 2676.5153366843633, "incentiveDirectedUSD": 14988.485885432434, "efficiency": -1}, {"gauge": "0x698137c473bc1f0ea9b85ade45caf64ef2df48d6", "nonBlacklistedVotes": 1349157.7920014714, "totalDeposited": 490.4536177429025, "dollarPerVote": 0, "incentiveDirected": 839.0830545391156, "incentiveDirectedUSD": 4698.865105419047, "efficiency": -1}, {"gauge": "0x10460d02226d6ef7b2419ae150e6377bdbb7ef16", "nonBlacklistedVotes": 3959845.817853028, "totalDeposited": 5146.259170445171, "dollarPerVote": 0, "incentiveDirected": 2462.750868761567, "incentiveDirectedUSD": 13791.404865064775, "efficiency": -1}]}