{"number": 170, "endVoting": 1734480000, "totalDepositedUSD": 6248.217685909185, "globalAverageDollarPerVote": 0.0, "globalAverageEfficiency": 0, "analytics": [{"gauge": "0x83dc6775c1b0fc7aaa46680d78b04b4a3d4f5650", "nonBlacklistedVotes": 4019615.686110562, "totalDeposited": 1608.2468768769115, "dollarPerVote": 0, "incentiveDirected": 1746.5380655585386, "incentiveDirectedUSD": 5099.891151430933, "efficiency": -1}, {"gauge": "0x6f82a6551cc351bc295602c3ea99c78edacf590c", "nonBlacklistedVotes": 3569092.7222247357, "totalDeposited": 2797.7279355148535, "dollarPerVote": 0, "incentiveDirected": 1550.784150935864, "incentiveDirectedUSD": 4528.289720732723, "efficiency": -1}, {"gauge": "0xe1e697fd7ec9b3675808ba8ad508fd51cac756a3", "nonBlacklistedVotes": 1538038.8792451718, "totalDeposited": 1383.0447440406704, "dollarPerVote": 0, "incentiveDirected": 668.2836516418148, "incentiveDirectedUSD": 1951.3882627940993, "efficiency": -1}, {"gauge": "0x4c9ad8c53d0a001e7ff08a3e5e26de6795bea5ac", "nonBlacklistedVotes": 608230.2415206893, "totalDeposited": 459.19812947674905, "dollarPerVote": 0, "incentiveDirected": 264.27831723078026, "incentiveDirectedUSD": 771.6926863138783, "efficiency": -1}]}