{"number": 173, "endVoting": 1736294400, "totalDepositedUSD": 4288.250214140075, "globalAverageDollarPerVote": 0.00038190826319615603, "globalAverageEfficiency": 0.5720768829776518, "analytics": [{"gauge": "0x83dc6775c1b0fc7aaa46680d78b04b4a3d4f5650", "nonBlacklistedVotes": 2566286.7912416537, "totalDeposited": 1549.4123153823575, "dollarPerVote": 0.0006037564938845752, "incentiveDirected": 560.6846190473544, "incentiveDirectedUSD": 1827.8318580943753, "efficiency": 1.1796936425171698}, {"gauge": "0x6f82a6551cc351bc295602c3ea99c78edacf590c", "nonBlacklistedVotes": 3986338.197680261, "totalDeposited": 1221.9657530339493, "dollarPerVote": 0.0003065384050317252, "incentiveDirected": 870.9387124573361, "incentiveDirectedUSD": 2839.2602026109157, "efficiency": 2.3235186383591175}, {"gauge": "0xe1e697fd7ec9b3675808ba8ad508fd51cac756a3", "nonBlacklistedVotes": 3614336.763974592, "totalDeposited": 939.4124609692973, "dollarPerVote": 0.00025991282005948164, "incentiveDirected": 789.6635085891759, "incentiveDirectedUSD": 2574.303038000713, "efficiency": 2.7403330751483916}, {"gauge": "0x4c9ad8c53d0a001e7ff08a3e5e26de6795bea5ac", "nonBlacklistedVotes": 281279.2216940183, "totalDeposited": 577.4596847544703, "dollarPerVote": 0.0009935999999999999, "incentiveDirected": 61.45413435461835, "incentiveDirectedUSD": 200.3404779960558, "efficiency": 0.716835444307659}]}