{"number": 184, "endVoting": 1742947200, "totalDepositedUSD": 6349.901373728078, "globalAverageDollarPerVote": 0.0005956629740669376, "globalAverageEfficiency": 0.41525075861034527, "analytics": [{"gauge": "0x83dc6775c1b0fc7aaa46680d78b04b4a3d4f5650", "nonBlacklistedVotes": 2201332.854148894, "totalDeposited": 1597.3888659978113, "dollarPerVote": 0.0007256462206463607, "incentiveDirected": 544.498584896036, "incentiveDirectedUSD": 1219.676830167121, "efficiency": 0.7635440913163295}, {"gauge": "0x6f82a6551cc351bc295602c3ea99c78edacf590c", "nonBlacklistedVotes": 2290671.129393287, "totalDeposited": 1606.3920692365214, "dollarPerVote": 0.0007012757303410876, "incentiveDirected": 566.5963627745351, "incentiveDirectedUSD": 1269.1758526149588, "efficiency": 0.7900785100477786}, {"gauge": "0xe1e697fd7ec9b3675808ba8ad508fd51cac756a3", "nonBlacklistedVotes": 1322729.0772536034, "totalDeposited": 1013.4852382204201, "dollarPerVote": 0.0007662077258668347, "incentiveDirected": 327.1763783509643, "incentiveDirectedUSD": 732.8750875061601, "efficiency": 0.7231235935838752}, {"gauge": "0xb4fdd7444e1d86b2035c97124c46b1528802da35", "nonBlacklistedVotes": 4845492.016438088, "totalDeposited": 2132.6352002733256, "dollarPerVote": 0.0004401276883830306, "incentiveDirected": 1198.5300365199228, "incentiveDirectedUSD": 2684.707281804627, "efficiency": 1.2588685029022058}]}