{"number": 184, "endVoting": 1742947200, "totalDepositedUSD": 5641.075173870061, "globalAverageDollarPerVote": 0.0005291703630083027, "globalAverageEfficiency": 0.46742886440431536, "analytics": [{"gauge": "0x83dc6775c1b0fc7aaa46680d78b04b4a3d4f5650", "nonBlacklistedVotes": 2201332.854148894, "totalDeposited": 1419.0756902585208, "dollarPerVote": 0.0006446438518300227, "incentiveDirected": 544.498584896036, "incentiveDirectedUSD": 1219.676830167121, "efficiency": 0.8594868043613133}, {"gauge": "0x6f82a6551cc351bc295602c3ea99c78edacf590c", "nonBlacklistedVotes": 2290671.129393287, "totalDeposited": 1427.0738847636073, "dollarPerVote": 0.0006229937883495243, "incentiveDirected": 566.5963627745351, "incentiveDirectedUSD": 1269.1758526149588, "efficiency": 0.8893553908914785}, {"gauge": "0xe1e697fd7ec9b3675808ba8ad508fd51cac756a3", "nonBlacklistedVotes": 1322729.0772536034, "totalDeposited": 900.3520023260477, "dollarPerVote": 0.000680677561118909, "incentiveDirected": 327.1763783509643, "incentiveDirectedUSD": 732.8750875061601, "efficiency": 0.81398729120698}, {"gauge": "0xb4fdd7444e1d86b2035c97124c46b1528802da35", "nonBlacklistedVotes": 4845492.016438088, "totalDeposited": 1894.5735965218848, "dollarPerVote": 0.00039099715572632026, "incentiveDirected": 1198.5300365199228, "incentiveDirectedUSD": 2684.707281804627, "efficiency": 1.4170509325862524}]}