{"number": 185, "endVoting": 1743552000, "totalDepositedUSD": 2908.8350787006048, "globalAverageDollarPerVote": 0.00027642372245423026, "globalAverageEfficiency": 0.9102064243815801, "analytics": [{"gauge": "0x83dc6775c1b0fc7aaa46680d78b04b4a3d4f5650", "nonBlacklistedVotes": 2162656.7535213823, "totalDeposited": 704.0833276384294, "dollarPerVote": 0.0003255640667396682, "incentiveDirected": 544.1301659644532, "incentiveDirectedUSD": 1039.2886169921055, "efficiency": 1.4760875257165802}, {"gauge": "0x6f82a6551cc351bc295602c3ea99c78edacf590c", "nonBlacklistedVotes": 2263453.6375613282, "totalDeposited": 914.4832938300424, "dollarPerVote": 0.0004040212172471611, "incentiveDirected": 569.4909289020071, "incentiveDirectedUSD": 1087.7276742028334, "efficiency": 1.189445101448719}, {"gauge": "0xe1e697fd7ec9b3675808ba8ad508fd51cac756a3", "nonBlacklistedVotes": 1305358.8469432276, "totalDeposited": 538.0607644569793, "dollarPerVote": 0.0004121937547801218, "incentiveDirected": 328.43174251940445, "incentiveDirectedUSD": 627.3046282120624, "efficiency": 1.165862054344642}, {"gauge": "0xb4fdd7444e1d86b2035c97124c46b1528802da35", "nonBlacklistedVotes": 4791632.950434911, "totalDeposited": 752.2076927751534, "dollarPerVote": 0.00015698357961806727, "incentiveDirected": 1205.587538713925, "incentiveDirectedUSD": 2302.6721989435964, "efficiency": 3.0612186249362128}]}