{"number": 85, "endVoting": 1683072000, "totalDepositedUSD": 0.0, "globalAverageDollarPerVote": 0.0, "globalAverageEfficiency": 0, "analytics": [{"gauge": "0x9b8aed182b8a9430c14e97bf2c02f129f2b36854", "nonBlacklistedVotes": 1926863.3946824507, "totalDeposited": 0.0, "dollarPerVote": 0, "incentiveDirected": 1206.7689011070186, "incentiveDirectedUSD": 9750.69272094471, "efficiency": -1}]}