{"number": 86, "endVoting": 1683676800, "totalDepositedUSD": 0.0, "globalAverageDollarPerVote": 0.0, "globalAverageEfficiency": 0, "analytics": [{"gauge": "0x9b8aed182b8a9430c14e97bf2c02f129f2b36854", "nonBlacklistedVotes": 1912533.3292914873, "totalDeposited": 0.0, "dollarPerVote": 0, "incentiveDirected": 1210.1422416998532, "incentiveDirectedUSD": 8192.662976308005, "efficiency": -1}]}