{"number": 87, "endVoting": 1684281600, "totalDepositedUSD": 6689.812, "globalAverageDollarPerVote": 0.0, "globalAverageEfficiency": 0, "analytics": [{"gauge": "0x9b8aed182b8a9430c14e97bf2c02f129f2b36854", "nonBlacklistedVotes": 1898203.2639005242, "totalDeposited": 0.0, "dollarPerVote": 0, "incentiveDirected": 1201.4511912262892, "incentiveDirectedUSD": 8854.695279337751, "efficiency": -1}, {"gauge": "0x10460d02226d6ef7b2419ae150e6377bdbb7ef16", "nonBlacklistedVotes": 2090828.917719528, "totalDeposited": 5998.812, "dollarPerVote": 0, "incentiveDirected": 1323.3719178643998, "incentiveDirectedUSD": 9753.251034660627, "efficiency": -1}, {"gauge": "0x9c8d9667d5726aeca4d24171958bee9f46861bed", "nonBlacklistedVotes": 400569.80187682033, "totalDeposited": 691.0, "dollarPerVote": 0, "incentiveDirected": 253.53716052792822, "incentiveDirectedUSD": 1868.568873090831, "efficiency": -1}]}