{"number": 88, "endVoting": 1684886400, "totalDepositedUSD": 7553.357824968777, "globalAverageDollarPerVote": 0.0, "globalAverageEfficiency": 0, "analytics": [{"gauge": "0x9b8aed182b8a9430c14e97bf2c02f129f2b36854", "nonBlacklistedVotes": 1899172.6964835662, "totalDeposited": 0.0, "dollarPerVote": 0, "incentiveDirected": 1213.4170160230992, "incentiveDirectedUSD": 8384.711580719615, "efficiency": -1}, {"gauge": "0x10460d02226d6ef7b2419ae150e6377bdbb7ef16", "nonBlacklistedVotes": 1946939.8416982447, "totalDeposited": 6361.512138561003, "dollarPerVote": 0, "incentiveDirected": 1243.9363399990896, "incentiveDirectedUSD": 8595.600109393708, "efficiency": -1}, {"gauge": "0x9c8d9667d5726aeca4d24171958bee9f46861bed", "nonBlacklistedVotes": 398396.7013794598, "totalDeposited": 717.4189364077743, "dollarPerVote": 0, "incentiveDirected": 254.5431163139581, "incentiveDirectedUSD": 1758.8929337294505, "efficiency": -1}, {"gauge": "0x698137c473bc1f0ea9b85ade45caf64ef2df48d6", "nonBlacklistedVotes": 182735.9373577403, "totalDeposited": 474.42674999999997, "dollarPerVote": 0, "incentiveDirected": 116.7534138624512, "incentiveDirectedUSD": 806.7660897895378, "efficiency": -1}]}