{"number": 89, "endVoting": 1685491200, "totalDepositedUSD": 8279.750856936902, "globalAverageDollarPerVote": 0.0, "globalAverageEfficiency": 0, "analytics": [{"gauge": "0x9b8aed182b8a9430c14e97bf2c02f129f2b36854", "nonBlacklistedVotes": 2147574.5053162207, "totalDeposited": 0.0, "dollarPerVote": 0, "incentiveDirected": 1381.820262325845, "incentiveDirectedUSD": 9050.922718234286, "efficiency": -1}, {"gauge": "0x10460d02226d6ef7b2419ae150e6377bdbb7ef16", "nonBlacklistedVotes": 2090432.8989258169, "totalDeposited": 7000.93613732757, "dollarPerVote": 0, "incentiveDirected": 1345.0534682813789, "incentiveDirectedUSD": 8810.10021724303, "efficiency": -1}, {"gauge": "0x9c8d9667d5726aeca4d24171958bee9f46861bed", "nonBlacklistedVotes": 305514.0519864658, "totalDeposited": 689.0113832513598, "dollarPerVote": 0, "incentiveDirected": 196.57781670210696, "incentiveDirectedUSD": 1287.5846993988005, "efficiency": -1}, {"gauge": "0x698137c473bc1f0ea9b85ade45caf64ef2df48d6", "nonBlacklistedVotes": 182590.92229824598, "totalDeposited": 589.8033363579724, "dollarPerVote": 0, "incentiveDirected": 117.48502113612541, "incentiveDirectedUSD": 769.5268884416214, "efficiency": -1}]}