{"number": 90, "endVoting": 1686096000, "totalDepositedUSD": 9269.900349231386, "globalAverageDollarPerVote": 0.0, "globalAverageEfficiency": 0, "analytics": [{"gauge": "0x9b8aed182b8a9430c14e97bf2c02f129f2b36854", "nonBlacklistedVotes": 2131228.641719817, "totalDeposited": 0.0, "dollarPerVote": 0, "incentiveDirected": 1385.9395808022775, "incentiveDirectedUSD": 8481.950234509939, "efficiency": -1}, {"gauge": "0x10460d02226d6ef7b2419ae150e6377bdbb7ef16", "nonBlacklistedVotes": 2074540.7260222952, "totalDeposited": 7949.039665257602, "dollarPerVote": 0, "incentiveDirected": 1349.0753867968056, "incentiveDirectedUSD": 8256.34136719645, "efficiency": -1}, {"gauge": "0x9c8d9667d5726aeca4d24171958bee9f46861bed", "nonBlacklistedVotes": 303788.46640315664, "totalDeposited": 602.0095825057854, "dollarPerVote": 0, "incentiveDirected": 197.5538670687164, "incentiveDirectedUSD": 1209.0296664605444, "efficiency": -1}, {"gauge": "0x698137c473bc1f0ea9b85ade45caf64ef2df48d6", "nonBlacklistedVotes": 180785.29653443594, "totalDeposited": 718.8511014679982, "dollarPerVote": 0, "incentiveDirected": 117.56481364287674, "incentiveDirectedUSD": 719.4966594944057, "efficiency": -1}]}