{"number": 91, "endVoting": 1686700800, "totalDepositedUSD": 11758.313126576912, "globalAverageDollarPerVote": 0.0, "globalAverageEfficiency": 0, "analytics": [{"gauge": "0x9b8aed182b8a9430c14e97bf2c02f129f2b36854", "nonBlacklistedVotes": 1855996.196106303, "totalDeposited": 0.0, "dollarPerVote": 0, "incentiveDirected": 1193.5616585133591, "incentiveDirectedUSD": 5717.16034427899, "efficiency": -1}, {"gauge": "0x10460d02226d6ef7b2419ae150e6377bdbb7ef16", "nonBlacklistedVotes": 2424900.061615137, "totalDeposited": 9686.653117064243, "dollarPerVote": 0, "incentiveDirected": 1559.4146934904272, "incentiveDirectedUSD": 7469.596381819147, "efficiency": -1}, {"gauge": "0x9c8d9667d5726aeca4d24171958bee9f46861bed", "nonBlacklistedVotes": 333179.809919356, "totalDeposited": 894.3694977449896, "dollarPerVote": 0, "incentiveDirected": 214.26264091746853, "incentiveDirectedUSD": 1026.3180499946743, "efficiency": -1}, {"gauge": "0x698137c473bc1f0ea9b85ade45caf64ef2df48d6", "nonBlacklistedVotes": 178979.6707706259, "totalDeposited": 1177.290511767679, "dollarPerVote": 0, "incentiveDirected": 115.09898195552543, "incentiveDirectedUSD": 551.3241235669668, "efficiency": -1}]}