{"number": 92, "endVoting": 1687305600, "totalDepositedUSD": 15697.544390084668, "globalAverageDollarPerVote": 0.0, "globalAverageEfficiency": 0, "analytics": [{"gauge": "0x9b8aed182b8a9430c14e97bf2c02f129f2b36854", "nonBlacklistedVotes": 1849629.3390830727, "totalDeposited": 0.0, "dollarPerVote": 0, "incentiveDirected": 1202.7171203048126, "incentiveDirectedUSD": 7288.4657490471645, "efficiency": -1}, {"gauge": "0x10460d02226d6ef7b2419ae150e6377bdbb7ef16", "nonBlacklistedVotes": 2489522.426016514, "totalDeposited": 14565.730259092732, "dollarPerVote": 0, "incentiveDirected": 1618.8060925964553, "incentiveDirectedUSD": 9809.964921134519, "efficiency": -1}, {"gauge": "0x9c8d9667d5726aeca4d24171958bee9f46861bed", "nonBlacklistedVotes": 307712.57063071686, "totalDeposited": 1131.8141309919363, "dollarPerVote": 0, "incentiveDirected": 200.08937413051333, "incentiveDirectedUSD": 1212.5416072309108, "efficiency": -1}, {"gauge": "0x7af00cf8d3a8a75210a5ed74f2254e2ec43b5b5b", "nonBlacklistedVotes": 1736149.1292021151, "totalDeposited": 0.0, "dollarPerVote": 0, "incentiveDirected": 1128.9268811711324, "incentiveDirectedUSD": 6841.296899897062, "efficiency": -1}]}