{"number": 93, "endVoting": 1687910400, "totalDepositedUSD": 5329.5, "globalAverageDollarPerVote": 0.0, "globalAverageEfficiency": 0, "analytics": [{"gauge": "0x9b8aed182b8a9430c14e97bf2c02f129f2b36854", "nonBlacklistedVotes": 898784.7986797463, "totalDeposited": 0.0, "dollarPerVote": 0, "incentiveDirected": 524.7286415199418, "incentiveDirectedUSD": 2865.018382698882, "efficiency": -1}, {"gauge": "0x7af00cf8d3a8a75210a5ed74f2254e2ec43b5b5b", "nonBlacklistedVotes": 9567433.439056987, "totalDeposited": 0.0, "dollarPerVote": 0, "incentiveDirected": 5585.660058651776, "incentiveDirectedUSD": 30497.7039202387, "efficiency": -1}, {"gauge": "0x9c8d9667d5726aeca4d24171958bee9f46861bed", "nonBlacklistedVotes": 226737.14074250788, "totalDeposited": 627.0, "dollarPerVote": 0, "incentiveDirected": 132.3737028248574, "incentiveDirectedUSD": 722.7604174237213, "efficiency": -1}, {"gauge": "0x39cd4db6460d8b5961f73e997e86ddbb7ca4d5f6", "nonBlacklistedVotes": 1657643.62892775, "totalDeposited": 4702.5, "dollarPerVote": 0, "incentiveDirected": 967.7656885264869, "incentiveDirectedUSD": 5284.000659354619, "efficiency": -1}]}