{"number": 131, "endVoting": 1710892800, "totalDepositedUSD": 0.0, "globalAverageDollarPerVote": 0.0, "globalAverageEfficiency": 0, "analytics": [{"gauge": "0x5b1d12365bec01b8b672ee45912d1bbc86305dba", "nonBlacklistedVotes": 5486.194987608192, "totalDeposited": 0.0, "dollarPerVote": 0, "incentiveDirected": 103.96537552180361, "incentiveDirectedUSD": 16919.32521241832, "efficiency": -1}]}