{"number": 132, "endVoting": 1711497600, "totalDepositedUSD": 0.0, "globalAverageDollarPerVote": 0.0, "globalAverageEfficiency": 0, "analytics": [{"gauge": "0x5b1d12365bec01b8b672ee45912d1bbc86305dba", "nonBlacklistedVotes": 5470.422898673274, "totalDeposited": 0.0, "dollarPerVote": 0, "incentiveDirected": 104.18661682951905, "incentiveDirectedUSD": 19911.10434228939, "efficiency": -1}]}