{"number": 133, "endVoting": 1712102400, "totalDepositedUSD": 6214.0, "globalAverageDollarPerVote": 0.0, "globalAverageEfficiency": 0, "analytics": [{"gauge": "0x61f32964c39cca4353144a6db2f8efdb3216b35b", "nonBlacklistedVotes": 5188.201011289051, "totalDeposited": 6214.0, "dollarPerVote": 0, "incentiveDirected": 81.39020761297223, "incentiveDirectedUSD": 13577.514433996028, "efficiency": -1}]}