{"number": 134, "endVoting": 1712707200, "totalDepositedUSD": 7313.973668993817, "globalAverageDollarPerVote": 0.0, "globalAverageEfficiency": 0, "analytics": [{"gauge": "0x61f32964c39cca4353144a6db2f8efdb3216b35b", "nonBlacklistedVotes": 5162.0141160588155, "totalDeposited": 7313.721795034209, "dollarPerVote": 0, "incentiveDirected": 81.36469330787912, "incentiveDirectedUSD": 11646.542200089816, "efficiency": -1}, {"gauge": "0x5b1d12365bec01b8b672ee45912d1bbc86305dba", "nonBlacklistedVotes": 1074.6437849119038, "totalDeposited": 0.2518739596082306, "dollarPerVote": 0, "incentiveDirected": 16.938749102324074, "incentiveDirectedUSD": 2424.612546506668, "efficiency": -1}]}