{"number": 135, "endVoting": 1713312000, "totalDepositedUSD": 2349.3057160788353, "globalAverageDollarPerVote": 0.0, "globalAverageEfficiency": 0, "analytics": [{"gauge": "0x5b1d12365bec01b8b672ee45912d1bbc86305dba", "nonBlacklistedVotes": 991.8303618511145, "totalDeposited": 3.8057160788350797, "dollarPerVote": 0, "incentiveDirected": 15.63114139388648, "incentiveDirectedUSD": 1449.4757414550934, "efficiency": -1}, {"gauge": "0x61f32964c39cca4353144a6db2f8efdb3216b35b", "nonBlacklistedVotes": 5240.800930573643, "totalDeposited": 2345.5, "dollarPerVote": 0, "incentiveDirected": 82.59446727373484, "incentiveDirectedUSD": 7658.984950293432, "efficiency": -1}]}