{"number": 136, "endVoting": 1713916800, "totalDepositedUSD": 2194.229136776403, "globalAverageDollarPerVote": 0.0, "globalAverageEfficiency": 0, "analytics": [{"gauge": "0x5b1d12365bec01b8b672ee45912d1bbc86305dba", "nonBlacklistedVotes": 986.9846867281522, "totalDeposited": 3.597371993500999, "dollarPerVote": 0, "incentiveDirected": 15.627918544686, "incentiveDirectedUSD": 1781.2701557233104, "efficiency": -1}, {"gauge": "0x61f32964c39cca4353144a6db2f8efdb3216b35b", "nonBlacklistedVotes": 5214.101968466602, "totalDeposited": 2190.631764782902, "dollarPerVote": 0, "incentiveDirected": 82.56010649669459, "incentiveDirectedUSD": 9410.20093849325, "efficiency": -1}]}