{"number": 137, "endVoting": 1714521600, "totalDepositedUSD": 2314.9605281481, "globalAverageDollarPerVote": 0.0, "globalAverageEfficiency": 0, "analytics": [{"gauge": "0x5b1d12365bec01b8b672ee45912d1bbc86305dba", "nonBlacklistedVotes": 710.5634200970682, "totalDeposited": 12.960528148100135, "dollarPerVote": 0, "incentiveDirected": 10.923802661529031, "incentiveDirectedUSD": 1363.5090482120536, "efficiency": -1}, {"gauge": "0x61f32964c39cca4353144a6db2f8efdb3216b35b", "nonBlacklistedVotes": 5995.531681522549, "totalDeposited": 2302.0, "dollarPerVote": 0, "incentiveDirected": 92.17193439390769, "incentiveDirectedUSD": 11504.900851047558, "efficiency": -1}]}