{"number": 139, "endVoting": 1715731200, "totalDepositedUSD": 2981.865932827015, "globalAverageDollarPerVote": 0.0, "globalAverageEfficiency": 0, "analytics": [{"gauge": "0x5b1d12365bec01b8b672ee45912d1bbc86305dba", "nonBlacklistedVotes": 2937.6415033630396, "totalDeposited": 832.3659328270148, "dollarPerVote": 0, "incentiveDirected": 39.75258835333924, "incentiveDirectedUSD": 5186.122676576638, "efficiency": -1}, {"gauge": "0x61f32964c39cca4353144a6db2f8efdb3216b35b", "nonBlacklistedVotes": 5703.9760169680585, "totalDeposited": 2149.5, "dollarPerVote": 0, "incentiveDirected": 77.18702582335789, "incentiveDirectedUSD": 10069.81938891527, "efficiency": -1}]}