{"number": 141, "endVoting": 1716940800, "totalDepositedUSD": 2665.7359369505584, "globalAverageDollarPerVote": 0.0, "globalAverageEfficiency": 0, "analytics": [{"gauge": "0x5b1d12365bec01b8b672ee45912d1bbc86305dba", "nonBlacklistedVotes": 2828.8688390531092, "totalDeposited": 568.7359369505582, "dollarPerVote": 0, "incentiveDirected": 36.72992056947774, "incentiveDirectedUSD": 4084.734466531619, "efficiency": -1}, {"gauge": "0x61f32964c39cca4353144a6db2f8efdb3216b35b", "nonBlacklistedVotes": 6242.316085200351, "totalDeposited": 2097.0, "dollarPerVote": 0, "incentiveDirected": 81.04998394189516, "incentiveDirectedUSD": 9013.56871417816, "efficiency": -1}]}