{"number": 143, "endVoting": 1718150400, "totalDepositedUSD": 2248.8590494033974, "globalAverageDollarPerVote": 0.0, "globalAverageEfficiency": 0, "analytics": [{"gauge": "0x5b1d12365bec01b8b672ee45912d1bbc86305dba", "nonBlacklistedVotes": 1553.170484557317, "totalDeposited": 365.10904940339736, "dollarPerVote": 0, "incentiveDirected": 19.860311645996223, "incentiveDirectedUSD": 1881.3673222252223, "efficiency": -1}, {"gauge": "0x61f32964c39cca4353144a6db2f8efdb3216b35b", "nonBlacklistedVotes": 8495.829285988335, "totalDeposited": 1883.75, "dollarPerVote": 0, "incentiveDirected": 108.63573509060153, "incentiveDirectedUSD": 10291.063185132683, "efficiency": -1}]}