{"number": 144, "endVoting": 1718755200, "totalDepositedUSD": 2208.5121161322004, "globalAverageDollarPerVote": 0.0, "globalAverageEfficiency": 0, "analytics": [{"gauge": "0x5b1d12365bec01b8b672ee45912d1bbc86305dba", "nonBlacklistedVotes": 1545.6928301531623, "totalDeposited": 343.98628565457346, "dollarPerVote": 0, "incentiveDirected": 19.806500280139353, "incentiveDirectedUSD": 1976.8867929607088, "efficiency": -1}, {"gauge": "0x61f32964c39cca4353144a6db2f8efdb3216b35b", "nonBlacklistedVotes": 8453.799037840474, "totalDeposited": 1864.525830477627, "dollarPerVote": 0, "incentiveDirected": 108.32693905595559, "incentiveDirectedUSD": 10812.111787174928, "efficiency": -1}]}