{"number": 146, "endVoting": 1719964800, "totalDepositedUSD": 2584.3269255912105, "globalAverageDollarPerVote": 0.0, "globalAverageEfficiency": 0, "analytics": [{"gauge": "0x5b1d12365bec01b8b672ee45912d1bbc86305dba", "nonBlacklistedVotes": 2525.3845512756725, "totalDeposited": 279.91631165777545, "dollarPerVote": 0, "incentiveDirected": 29.132295476497312, "incentiveDirectedUSD": 2556.941573972169, "efficiency": -1}, {"gauge": "0x61f32964c39cca4353144a6db2f8efdb3216b35b", "nonBlacklistedVotes": 8661.248859816993, "totalDeposited": 2304.410613933435, "dollarPerVote": 0, "incentiveDirected": 99.91431239737574, "incentiveDirectedUSD": 8769.479199117668, "efficiency": -1}]}