{"number": 148, "endVoting": 1721174400, "totalDepositedUSD": 8552.418093533042, "globalAverageDollarPerVote": 0.0, "globalAverageEfficiency": 0, "analytics": [{"gauge": "0x5b1d12365bec01b8b672ee45912d1bbc86305dba", "nonBlacklistedVotes": 1257.3930482353853, "totalDeposited": 242.22329859554543, "dollarPerVote": 0, "incentiveDirected": 14.521473004218459, "incentiveDirectedUSD": 1114.0874088836401, "efficiency": -1}, {"gauge": "0xdf7fbdbae50c7931a11765faed9fe1a002605b55", "nonBlacklistedVotes": 5550.747484716392, "totalDeposited": 5764.116675258067, "dollarPerVote": 0, "incentiveDirected": 64.10487942943776, "incentiveDirectedUSD": 4918.126349826465, "efficiency": -1}, {"gauge": "0x61f32964c39cca4353144a6db2f8efdb3216b35b", "nonBlacklistedVotes": 9677.3064939325, "totalDeposited": 2546.0781196794305, "dollarPerVote": 0, "incentiveDirected": 111.76198659791034, "incentiveDirectedUSD": 8574.37961179168, "efficiency": -1}]}