{"number": 149, "endVoting": 1721779200, "totalDepositedUSD": 10267.894638104166, "globalAverageDollarPerVote": 0.0, "globalAverageEfficiency": 0, "analytics": [{"gauge": "0x5b1d12365bec01b8b672ee45912d1bbc86305dba", "nonBlacklistedVotes": 1782.8571920721768, "totalDeposited": 163.10897350135338, "dollarPerVote": 0, "incentiveDirected": 20.24049874631018, "incentiveDirectedUSD": 1465.4121092328571, "efficiency": -1}, {"gauge": "0xdf7fbdbae50c7931a11765faed9fe1a002605b55", "nonBlacklistedVotes": 13951.64074926441, "totalDeposited": 7326.785664602813, "dollarPerVote": 0, "incentiveDirected": 158.39079447874488, "incentiveDirectedUSD": 11467.49352026113, "efficiency": -1}, {"gauge": "0x61f32964c39cca4353144a6db2f8efdb3216b35b", "nonBlacklistedVotes": 7267.782815409674, "totalDeposited": 2778.0, "dollarPerVote": 0, "incentiveDirected": 82.51000114752819, "incentiveDirectedUSD": 5973.7240830810415, "efficiency": -1}]}