{"number": 150, "endVoting": 1722384000, "totalDepositedUSD": 13018.681428064257, "globalAverageDollarPerVote": 0.0, "globalAverageEfficiency": 0, "analytics": [{"gauge": "0x5b1d12365bec01b8b672ee45912d1bbc86305dba", "nonBlacklistedVotes": 1774.2208658316656, "totalDeposited": 120.93894975902994, "dollarPerVote": 0, "incentiveDirected": 20.227908471007414, "incentiveDirectedUSD": 1358.910891082278, "efficiency": -1}, {"gauge": "0xdf7fbdbae50c7931a11765faed9fe1a002605b55", "nonBlacklistedVotes": 13883.529042774928, "totalDeposited": 10244.027570399865, "dollarPerVote": 0, "incentiveDirected": 158.2862427898362, "incentiveDirectedUSD": 10633.669790621196, "efficiency": -1}, {"gauge": "0x61f32964c39cca4353144a6db2f8efdb3216b35b", "nonBlacklistedVotes": 7231.6199864104055, "totalDeposited": 2653.714907905363, "dollarPerVote": 0, "incentiveDirected": 82.44776622759905, "incentiveDirectedUSD": 5538.840935170105, "efficiency": -1}]}