{"number": 151, "endVoting": 1722988800, "totalDepositedUSD": 8453.958166187993, "globalAverageDollarPerVote": 0.0, "globalAverageEfficiency": 0, "analytics": [{"gauge": "0x5b1d12365bec01b8b672ee45912d1bbc86305dba", "nonBlacklistedVotes": 1749.5213297377081, "totalDeposited": 103.51864490943711, "dollarPerVote": 0, "incentiveDirected": 18.67362148184174, "incentiveDirectedUSD": 865.1488832537277, "efficiency": -1}, {"gauge": "0xdf7fbdbae50c7931a11765faed9fe1a002605b55", "nonBlacklistedVotes": 5779.44547126703, "totalDeposited": 5500.439521278557, "dollarPerVote": 0, "incentiveDirected": 61.68725997845653, "incentiveDirectedUSD": 2857.970754801891, "efficiency": -1}, {"gauge": "0x61f32964c39cca4353144a6db2f8efdb3216b35b", "nonBlacklistedVotes": 7809.595029341105, "totalDeposited": 2850.0, "dollarPerVote": 0, "incentiveDirected": 83.35618378899798, "incentiveDirectedUSD": 3861.891994944276, "efficiency": -1}]}