{"number": 152, "endVoting": 1723593600, "totalDepositedUSD": 13490.27837518639, "globalAverageDollarPerVote": 0.0, "globalAverageEfficiency": 0, "analytics": [{"gauge": "0x5b1d12365bec01b8b672ee45912d1bbc86305dba", "nonBlacklistedVotes": 1741.016199935151, "totalDeposited": 108.4479983791388, "dollarPerVote": 0, "incentiveDirected": 18.621740979451484, "incentiveDirectedUSD": 1286.948519089892, "efficiency": -1}, {"gauge": "0xdf7fbdbae50c7931a11765faed9fe1a002605b55", "nonBlacklistedVotes": 5751.483016815475, "totalDeposited": 10389.903507888592, "dollarPerVote": 0, "incentiveDirected": 61.51730638166451, "incentiveDirectedUSD": 4251.461044036834, "efficiency": -1}, {"gauge": "0x61f32964c39cca4353144a6db2f8efdb3216b35b", "nonBlacklistedVotes": 7770.497177545528, "totalDeposited": 2991.9268689186592, "dollarPerVote": 0, "incentiveDirected": 83.11248667714946, "incentiveDirectedUSD": 5743.903954257799, "efficiency": -1}]}