{"number": 153, "endVoting": 1724198400, "totalDepositedUSD": 9887.084117884682, "globalAverageDollarPerVote": 0.0, "globalAverageEfficiency": 0, "analytics": [{"gauge": "0x5b1d12365bec01b8b672ee45912d1bbc86305dba", "nonBlacklistedVotes": 2514.9407464854544, "totalDeposited": 94.80866273238341, "dollarPerVote": 0, "incentiveDirected": 24.85165755236486, "incentiveDirectedUSD": 1742.3497109963002, "efficiency": -1}, {"gauge": "0xdf7fbdbae50c7931a11765faed9fe1a002605b55", "nonBlacklistedVotes": 3133.0931551354324, "totalDeposited": 7072.2754551522985, "dollarPerVote": 0, "incentiveDirected": 30.959997081400196, "incentiveDirectedUSD": 2170.605395376968, "efficiency": -1}, {"gauge": "0x61f32964c39cca4353144a6db2f8efdb3216b35b", "nonBlacklistedVotes": 9053.629601620805, "totalDeposited": 2720.0, "dollarPerVote": 0, "incentiveDirected": 89.46441492900398, "incentiveDirectedUSD": 6272.350130672469, "efficiency": -1}]}