{"number": 154, "endVoting": 1724803200, "totalDepositedUSD": 14940.229784471696, "globalAverageDollarPerVote": 0.0, "globalAverageEfficiency": 0, "analytics": [{"gauge": "0x5b1d12365bec01b8b672ee45912d1bbc86305dba", "nonBlacklistedVotes": 2513.0084166254096, "totalDeposited": 94.56771802117521, "dollarPerVote": 0, "incentiveDirected": 24.93688443621934, "incentiveDirectedUSD": 1927.8705357641172, "efficiency": -1}, {"gauge": "0xdf7fbdbae50c7931a11765faed9fe1a002605b55", "nonBlacklistedVotes": 3118.0302072742047, "totalDeposited": 12428.2076778109, "dollarPerVote": 0, "incentiveDirected": 30.94058835340062, "incentiveDirectedUSD": 2392.016885601402, "efficiency": -1}, {"gauge": "0x61f32964c39cca4353144a6db2f8efdb3216b35b", "nonBlacklistedVotes": 9008.619929866438, "totalDeposited": 2417.45438863962, "dollarPerVote": 0, "incentiveDirected": 89.39361787835496, "incentiveDirectedUSD": 6911.020598175623, "efficiency": -1}]}