{"number": 155, "endVoting": 1725408000, "totalDepositedUSD": 11827.995711806918, "globalAverageDollarPerVote": 0.0, "globalAverageEfficiency": 0, "analytics": [{"gauge": "0x5b1d12365bec01b8b672ee45912d1bbc86305dba", "nonBlacklistedVotes": 2265.360395671395, "totalDeposited": 70.55311480104638, "dollarPerVote": 0, "incentiveDirected": 22.100988536753647, "incentiveDirectedUSD": 1510.8235763724792, "efficiency": -1}, {"gauge": "0xdf7fbdbae50c7931a11765faed9fe1a002605b55", "nonBlacklistedVotes": 4963.011899817237, "totalDeposited": 9566.564575892005, "dollarPerVote": 0, "incentiveDirected": 48.41943441547812, "incentiveDirectedUSD": 3309.9525366420844, "efficiency": -1}, {"gauge": "0x61f32964c39cca4353144a6db2f8efdb3216b35b", "nonBlacklistedVotes": 6353.0393430170125, "totalDeposited": 2190.8780211138646, "dollarPerVote": 0, "incentiveDirected": 61.98062346364558, "incentiveDirectedUSD": 4236.995419974812, "efficiency": -1}]}