{"number": 156, "endVoting": 1726012800, "totalDepositedUSD": 19850.383238701736, "globalAverageDollarPerVote": 0.0, "globalAverageEfficiency": 0, "analytics": [{"gauge": "0x5b1d12365bec01b8b672ee45912d1bbc86305dba", "nonBlacklistedVotes": 2254.4541509674955, "totalDeposited": 67.85893651364452, "dollarPerVote": 0, "incentiveDirected": 22.087718055084903, "incentiveDirectedUSD": 1362.8122039987386, "efficiency": -1}, {"gauge": "0xdf7fbdbae50c7931a11765faed9fe1a002605b55", "nonBlacklistedVotes": 4939.151265683499, "totalDeposited": 17593.973681270945, "dollarPerVote": 0, "incentiveDirected": 48.3906849651456, "incentiveDirectedUSD": 2985.7052623494837, "efficiency": -1}, {"gauge": "0x61f32964c39cca4353144a6db2f8efdb3216b35b", "nonBlacklistedVotes": 6322.4902372451315, "totalDeposited": 2188.550620917147, "dollarPerVote": 0, "incentiveDirected": 61.94376661258204, "incentiveDirectedUSD": 3821.9303999963117, "efficiency": -1}]}