{"number": 158, "endVoting": 1727222400, "totalDepositedUSD": 22752.8089707385, "globalAverageDollarPerVote": 0.0, "globalAverageEfficiency": 0, "analytics": [{"gauge": "0x5b1d12365bec01b8b672ee45912d1bbc86305dba", "nonBlacklistedVotes": 1906.0976127770368, "totalDeposited": 59.397101494195184, "dollarPerVote": 0, "incentiveDirected": 16.704285730847626, "incentiveDirectedUSD": 1388.7943156626716, "efficiency": -1}, {"gauge": "0xdf7fbdbae50c7931a11765faed9fe1a002605b55", "nonBlacklistedVotes": 7229.967602750392, "totalDeposited": 20187.278464897867, "dollarPerVote": 0, "incentiveDirected": 63.36057705101437, "incentiveDirectedUSD": 5267.798376021335, "efficiency": -1}, {"gauge": "0x61f32964c39cca4353144a6db2f8efdb3216b35b", "nonBlacklistedVotes": 4822.789064946039, "totalDeposited": 2506.133404346437, "dollarPerVote": 0, "incentiveDirected": 42.26501624074466, "incentiveDirectedUSD": 3513.9134502555107, "efficiency": -1}]}