{"number": 159, "endVoting": 1727827200, "totalDepositedUSD": 14072.864905904224, "globalAverageDollarPerVote": 0.0, "globalAverageEfficiency": 0, "analytics": [{"gauge": "0x5b1d12365bec01b8b672ee45912d1bbc86305dba", "nonBlacklistedVotes": 1887.4521512160634, "totalDeposited": 56.731116567001465, "dollarPerVote": 0, "incentiveDirected": 16.23930055898617, "incentiveDirectedUSD": 1087.8707444464835, "efficiency": -1}, {"gauge": "0xdf7fbdbae50c7931a11765faed9fe1a002605b55", "nonBlacklistedVotes": 9144.882196140128, "totalDeposited": 12411.883789337222, "dollarPerVote": 0, "incentiveDirected": 78.68092998487938, "incentiveDirectedUSD": 5270.835499687069, "efficiency": -1}, {"gauge": "0x61f32964c39cca4353144a6db2f8efdb3216b35b", "nonBlacklistedVotes": 4945.520131273102, "totalDeposited": 1604.25, "dollarPerVote": 0, "incentiveDirected": 42.550370233500594, "incentiveDirectedUSD": 2850.449301942205, "efficiency": -1}]}