{"number": 160, "endVoting": 1728432000, "totalDepositedUSD": 27146.653037027078, "globalAverageDollarPerVote": 0.0, "globalAverageEfficiency": 0, "analytics": [{"gauge": "0x5b1d12365bec01b8b672ee45912d1bbc86305dba", "nonBlacklistedVotes": 1878.360680263826, "totalDeposited": 60.095235777692075, "dollarPerVote": 0, "incentiveDirected": 16.229902026825677, "incentiveDirectedUSD": 1090.0002201216123, "efficiency": -1}, {"gauge": "0xdf7fbdbae50c7931a11765faed9fe1a002605b55", "nonBlacklistedVotes": 9100.916416350992, "totalDeposited": 25465.340634927532, "dollarPerVote": 0, "incentiveDirected": 78.63611251219324, "incentiveDirectedUSD": 5281.201316318898, "efficiency": -1}, {"gauge": "0x61f32964c39cca4353144a6db2f8efdb3216b35b", "nonBlacklistedVotes": 4921.7137240462225, "totalDeposited": 1621.2171663218546, "dollarPerVote": 0, "incentiveDirected": 42.525875027438346, "incentiveDirectedUSD": 2856.037766842759, "efficiency": -1}]}