{"number": 165, "endVoting": 1731456000, "totalDepositedUSD": 17740.47195847521, "globalAverageDollarPerVote": 0.0, "globalAverageEfficiency": 0, "analytics": [{"gauge": "0x5b1d12365bec01b8b672ee45912d1bbc86305dba", "nonBlacklistedVotes": 2042.4248600779863, "totalDeposited": 56.53120899258923, "dollarPerVote": 0, "incentiveDirected": 15.750181675112879, "incentiveDirectedUSD": 1484.2971210626376, "efficiency": -1}, {"gauge": "0xdf7fbdbae50c7931a11765faed9fe1a002605b55", "nonBlacklistedVotes": 11683.150031105593, "totalDeposited": 15289.94074948262, "dollarPerVote": 0, "incentiveDirected": 90.09473940720034, "incentiveDirectedUSD": 8490.528241734559, "efficiency": -1}, {"gauge": "0x61f32964c39cca4353144a6db2f8efdb3216b35b", "nonBlacklistedVotes": 3689.8081344362945, "totalDeposited": 2394.0, "dollarPerVote": 0, "incentiveDirected": 28.45399583584286, "incentiveDirectedUSD": 2681.504567569831, "efficiency": -1}]}