{"number": 168, "endVoting": 1733270400, "totalDepositedUSD": 17878.662775003617, "globalAverageDollarPerVote": 0.0, "globalAverageEfficiency": 0, "analytics": [{"gauge": "0x5b1d12365bec01b8b672ee45912d1bbc86305dba", "nonBlacklistedVotes": 1849.6285924695846, "totalDeposited": 106.50782946286176, "dollarPerVote": 0, "incentiveDirected": 13.80848091310842, "incentiveDirectedUSD": 2390.8003852955917, "efficiency": -1}, {"gauge": "0xdf7fbdbae50c7931a11765faed9fe1a002605b55", "nonBlacklistedVotes": 12140.12042978648, "totalDeposited": 14017.117300753687, "dollarPerVote": 0, "incentiveDirected": 90.63258533093898, "incentiveDirectedUSD": 15692.125824198774, "efficiency": -1}, {"gauge": "0x61f32964c39cca4353144a6db2f8efdb3216b35b", "nonBlacklistedVotes": 4720.461386229281, "totalDeposited": 3755.0376447870663, "dollarPerVote": 0, "incentiveDirected": 35.240805217971996, "incentiveDirectedUSD": 6101.593015439671, "efficiency": -1}]}