{"number": 171, "endVoting": 1735084800, "totalDepositedUSD": 2884.9445391017016, "globalAverageDollarPerVote": 0.0, "globalAverageEfficiency": 0, "analytics": [{"gauge": "0x61f32964c39cca4353144a6db2f8efdb3216b35b", "nonBlacklistedVotes": 17539.029494713533, "totalDeposited": 2884.9445391017016, "dollarPerVote": 0, "incentiveDirected": 97.27455314739412, "incentiveDirectedUSD": 12278.445454504868, "efficiency": -1}]}