{"number": 172, "endVoting": 1735689600, "totalDepositedUSD": 3766.486032772929, "globalAverageDollarPerVote": 0.0, "globalAverageEfficiency": 0, "analytics": [{"gauge": "0x61f32964c39cca4353144a6db2f8efdb3216b35b", "nonBlacklistedVotes": 17454.148786976515, "totalDeposited": 3766.486032772929, "dollarPerVote": 0, "incentiveDirected": 97.1147597288055, "incentiveDirectedUSD": 11269.238919961856, "efficiency": -1}]}