{"number": 173, "endVoting": 1736294400, "totalDepositedUSD": 4324.187889608295, "globalAverageDollarPerVote": 0.2523307786556992, "globalAverageEfficiency": 2.1857359141601536, "analytics": [{"gauge": "0x61f32964c39cca4353144a6db2f8efdb3216b35b", "nonBlacklistedVotes": 10271.835547678771, "totalDeposited": 3747.75, "dollarPerVote": 0.244853, "incentiveDirected": 59.185735167183275, "incentiveDirectedUSD": 5665.209488506917, "efficiency": 2.2524880036420143}, {"gauge": "0x9c7003bc16f2a1aa47451c858fee6480b755363e", "nonBlacklistedVotes": 1813.8557847068776, "totalDeposited": 576.4378896082957, "dollarPerVote": 0.2946773164901266, "incentiveDirected": 10.451334389731793, "incentiveDirectedUSD": 1000.3930606761616, "efficiency": 1.8716352236573914}]}