{"number": 174, "endVoting": 1736899200, "totalDepositedUSD": 5620.69118328333, "globalAverageDollarPerVote": 0.2436298833188996, "globalAverageEfficiency": 2.384151288456895, "analytics": [{"gauge": "0x61f32964c39cca4353144a6db2f8efdb3216b35b", "nonBlacklistedVotes": 10222.205510290078, "totalDeposited": 4870.731781870549, "dollarPerVote": 0.241913, "incentiveDirected": 59.09797137471393, "incentiveDirectedUSD": 5937.5731840175085, "efficiency": 2.401071873861089}, {"gauge": "0x9c7003bc16f2a1aa47451c858fee6480b755363e", "nonBlacklistedVotes": 1805.0725428690669, "totalDeposited": 749.9594014127815, "dollarPerVote": 0.25335266936, "incentiveDirected": 10.435724987173638, "incentiveDirectedUSD": 1048.4772894613354, "efficiency": 2.2926559317044393}]}