{"number": 175, "endVoting": 1737504000, "totalDepositedUSD": 2811.7, "globalAverageDollarPerVote": 0.24577857115315555, "globalAverageEfficiency": 2.2248132091759705, "analytics": [{"gauge": "0x9c7003bc16f2a1aa47451c858fee6480b755363e", "nonBlacklistedVotes": 1326.8498276551065, "totalDeposited": 446.70000000000005, "dollarPerVote": 0.23670445386000002, "incentiveDirected": 7.681700659463572, "incentiveDirectedUSD": 725.5366272863344, "efficiency": 2.31010191281551}, {"gauge": "0x61f32964c39cca4353144a6db2f8efdb3216b35b", "nonBlacklistedVotes": 9573.49535394288, "totalDeposited": 2365.0, "dollarPerVote": 0.24703620909221685, "incentiveDirected": 55.42505567771774, "incentiveDirectedUSD": 5234.89650876044, "efficiency": 2.213486895881793}]}