{"number": 176, "endVoting": 1738108800, "totalDepositedUSD": 2350.3195847347397, "globalAverageDollarPerVote": 0.19494766111155543, "globalAverageEfficiency": 0.029692027760987425, "analytics": [{"gauge": "0x9c7003bc16f2a1aa47451c858fee6480b755363e", "nonBlacklistedVotes": 1320.3751708540283, "totalDeposited": 496.1744475891824, "dollarPerVote": 0.19728020634, "incentiveDirected": 7.642848238408417, "incentiveDirectedUSD": 517.7265396697861, "efficiency": 1.9875568785360112}, {"gauge": "0x61f32964c39cca4353144a6db2f8efdb3216b35b", "nonBlacklistedVotes": 9526.787658597888, "totalDeposited": 1854.145137145557, "dollarPerVote": 0.19462437954856676, "incentiveDirected": 55.14477542554115, "incentiveDirectedUSD": 3735.507087326157, "efficiency": 2.014678901068631}]}