{"number": 177, "endVoting": 1738713600, "totalDepositedUSD": 2223.7, "globalAverageDollarPerVote": 0.14314402054555095, "globalAverageEfficiency": 0.04040655901865558, "analytics": [{"gauge": "0x9c7003bc16f2a1aa47451c858fee6480b755363e", "nonBlacklistedVotes": 2696.9934119004874, "totalDeposited": 398.7, "dollarPerVote": 0.14326619999999998, "incentiveDirected": 15.59929477149253, "incentiveDirectedUSD": 706.3360672531818, "efficiency": 1.8280486757754513}, {"gauge": "0x61f32964c39cca4353144a6db2f8efdb3216b35b", "nonBlacklistedVotes": 5147.053666645721, "totalDeposited": 1825.0, "dollarPerVote": 0.14307999999999998, "incentiveDirected": 29.770338702503505, "incentiveDirectedUSD": 1348.0009364493587, "efficiency": 1.8304276432302276}]}