{"number": 178, "endVoting": 1739318400, "totalDepositedUSD": 3365.0165939586336, "globalAverageDollarPerVote": 0.13819995525260312, "globalAverageEfficiency": 0.04199144262877692, "analytics": [{"gauge": "0x9c7003bc16f2a1aa47451c858fee6480b755363e", "nonBlacklistedVotes": 2683.8469090107346, "totalDeposited": 506.5136396719737, "dollarPerVote": 0.1327018, "incentiveDirected": 15.574941961303635, "incentiveDirectedUSD": 671.2799985321867, "efficiency": 1.8848168428586909}, {"gauge": "0x61f32964c39cca4353144a6db2f8efdb3216b35b", "nonBlacklistedVotes": 5122.180566409791, "totalDeposited": 2858.50295428666, "dollarPerVote": 0.1410808, "incentiveDirected": 29.725117617292078, "incentiveDirectedUSD": 1281.1525693052886, "efficiency": 1.7728747477875477}]}