{"number": 180, "endVoting": 1740528000, "totalDepositedUSD": 389.40000000000003, "globalAverageDollarPerVote": 0.021283517754192245, "globalAverageEfficiency": 0.20659320603791448, "analytics": [{"gauge": "0x9c7003bc16f2a1aa47451c858fee6480b755363e", "nonBlacklistedVotes": 18295.847730495556, "totalDeposited": 389.40000000000003, "dollarPerVote": 0.021283517754192245, "incentiveDirected": 80.4473944311639, "incentiveDirectedUSD": 3369.941352721456, "efficiency": 8.654189400928237}]}