{"number": 181, "endVoting": 1741132800, "totalDepositedUSD": 321.6901596137517, "globalAverageDollarPerVote": 0.03832200404495776, "globalAverageEfficiency": 5.3794604056999455, "analytics": [{"gauge": "0x9c7003bc16f2a1aa47451c858fee6480b755363e", "nonBlacklistedVotes": 4644.660639734142, "totalDeposited": 316.6911946137517, "dollarPerVote": 0.06818392540986136, "incentiveDirected": 19.425942437029367, "incentiveDirectedUSD": 957.5047027211774, "efficiency": 3.0234648736886593}, {"gauge": "0x5b1d12365bec01b8b672ee45912d1bbc86305dba", "nonBlacklistedVotes": 3749.737503858723, "totalDeposited": 4.998965, "dollarPerVote": 0.0013331506525072064, "incentiveDirected": 15.682993991160393, "incentiveDirectedUSD": 773.0147738242957, "efficiency": 154.63496420244905}]}