{"number": 181, "endVoting": 1741132800, "totalDepositedUSD": 316.6911946137517, "globalAverageDollarPerVote": 0.06818392540986136, "globalAverageEfficiency": 0.06134033016207465, "analytics": [{"gauge": "0x9c7003bc16f2a1aa47451c858fee6480b755363e", "nonBlacklistedVotes": 4644.660639734142, "totalDeposited": 316.6911946137517, "dollarPerVote": 0.06818392540986136, "incentiveDirected": 19.425942437029367, "incentiveDirectedUSD": 957.5047027211774, "efficiency": 3.0234648736886593}]}