{"number": 182, "endVoting": 1741737600, "totalDepositedUSD": 359.25176099003517, "globalAverageDollarPerVote": 0.07772091542177191, "globalAverageEfficiency": 0.053951621287845385, "analytics": [{"gauge": "0x9c7003bc16f2a1aa47451c858fee6480b755363e", "nonBlacklistedVotes": 4622.33054050465, "totalDeposited": 359.25176099003517, "dollarPerVote": 0.07772091542177191, "incentiveDirected": 19.382214955925924, "incentiveDirectedUSD": 621.0061671878666, "efficiency": 1.7286099460625661}]}