{"number": 182, "endVoting": 1741737600, "totalDepositedUSD": 364.25075599003515, "globalAverageDollarPerVote": 0.04360189644276526, "globalAverageEfficiency": 3.081268439585374, "analytics": [{"gauge": "0x9c7003bc16f2a1aa47451c858fee6480b755363e", "nonBlacklistedVotes": 4622.33054050465, "totalDeposited": 359.25176099003517, "dollarPerVote": 0.07772091542177191, "incentiveDirected": 19.382214955925924, "incentiveDirectedUSD": 621.0061671878666, "efficiency": 1.7286099460625661}, {"gauge": "0x5b1d12365bec01b8b672ee45912d1bbc86305dba", "nonBlacklistedVotes": 3731.681227496652, "totalDeposited": 4.998995, "dollarPerVote": 0.001339609332963713, "incentiveDirected": 15.647571514960733, "incentiveDirectedUSD": 501.3481913393419, "efficiency": 100.2897965169683}]}