{"number": 184, "endVoting": 1742947200, "totalDepositedUSD": 508.6581921223643, "globalAverageDollarPerVote": 0.1844950681579259, "globalAverageEfficiency": 0.022903535353395246, "analytics": [{"gauge": "0x9c7003bc16f2a1aa47451c858fee6480b755363e", "nonBlacklistedVotes": 2757.028668576431, "totalDeposited": 508.6581921223643, "dollarPerVote": 0.1844950681579259, "incentiveDirected": 11.650070886068683, "incentiveDirectedUSD": 405.4224668351901, "efficiency": 0.7970430302981545}]}