{"number": 185, "endVoting": 1743552000, "totalDepositedUSD": 9379.478417967899, "globalAverageDollarPerVote": 0.09375021696974921, "globalAverageEfficiency": 1.3476840596059259, "analytics": [{"gauge": "0x215d87bd3c7482e2348338815e059de07daf798a", "nonBlacklistedVotes": 15025.890022624912, "totalDeposited": 1558.5764, "dollarPerVote": 0.10372606199387903, "incentiveDirected": 62.428680935656445, "incentiveDirectedUSD": 1898.4561872533125, "efficiency": 1.2180706619536346}, {"gauge": "0xf0a3eced42dbd8353569639c0eaa833857aa0a75", "nonBlacklistedVotes": 82175.79163697478, "totalDeposited": 7500.0, "dollarPerVote": 0.09126775478029463, "incentiveDirected": 341.4191285185174, "incentiveDirectedUSD": 10382.555698248116, "efficiency": 1.3843407597664155}, {"gauge": "0x9516c367952430371a733e5ebb587e01ee082f99", "nonBlacklistedVotes": 1809.445176166657, "totalDeposited": 320.90201796789887, "dollarPerVote": 0.12365018085071001, "incentiveDirected": 7.5177760121618, "incentiveDirectedUSD": 228.61556852984035, "efficiency": 1.0217993384681934}]}