{"number": 186, "endVoting": 1744156800, "totalDepositedUSD": 9366.061250943827, "globalAverageDollarPerVote": 0.09340483898120407, "globalAverageEfficiency": 1.0145477048161302, "analytics": [{"gauge": "0x215d87bd3c7482e2348338815e059de07daf798a", "nonBlacklistedVotes": 14953.264864828665, "totalDeposited": 1489.8812, "dollarPerVote": 0.09963584631636706, "incentiveDirected": 62.28686516101424, "incentiveDirectedUSD": 1417.026182413074, "efficiency": 0.9511001161791114}, {"gauge": "0xf0a3eced42dbd8353569639c0eaa833857aa0a75", "nonBlacklistedVotes": 81686.33779817224, "totalDeposited": 7500.0, "dollarPerVote": 0.09181461921491374, "incentiveDirected": 340.2591978357305, "incentiveDirectedUSD": 7740.8967507628695, "efficiency": 1.0321195667683827}, {"gauge": "0x9516c367952430371a733e5ebb587e01ee082f99", "nonBlacklistedVotes": 1800.7456826714786, "totalDeposited": 376.1800509438268, "dollarPerVote": 0.11379934904364518, "incentiveDirected": 7.5008905773917816, "incentiveDirectedUSD": 170.64526063566302, "efficiency": 0.8327258969711357}]}