{"totalDepositedUSD": 1490.0316, "globalAverageDollarPerVote": 0.05854277465802133, "globalAverageEfficiency": 1.2958469927059115, "analytics": [{"gauge": "0x215d87bd3c7482e2348338815e059de07daf798a", "nonBlacklistedVotes": 25452.015363194627, "nonBlacklistedVotesBreakdowns": [{"key": "42161-155a-f2b4-4", "nonBlacklistedVotes": 25452.015363194627}], "totalDeposited": 1490.0316, "dollarPerVote": 0.05854277465802133, "incentiveDirected": 99.7856830954407, "incentiveDirectedUSD": 1930.8529678967777, "efficiency": 1.2958469927059115, "platform": "votemarket"}]}