{"totalDepositedUSD": 1490.2289999999998, "globalAverageDollarPerVote": 0.058550530428917384, "globalAverageEfficiency": 1.2755873513185865, "analytics": [{"gauge": "0x215d87bd3c7482e2348338815e059de07daf798a", "nonBlacklistedVotes": 25452.015363194627, "nonBlacklistedVotesBreakdowns": [{"key": "42161-155a-f2b4-4", "nonBlacklistedVotes": 25452.015363194627}], "totalDeposited": 1490.2289999999998, "dollarPerVote": 0.058550530428917384, "incentiveDirected": 99.7856830954407, "incentiveDirectedUSD": 1900.9172629681455, "efficiency": 1.2755873513185865, "platform": "votemarket"}]}