{"totalDepositedUSD": 1492.9832, "globalAverageDollarPerVote": 0.05865874189903864, "globalAverageEfficiency": 1.283259661215519, "analytics": [{"gauge": "0x215d87bd3c7482e2348338815e059de07daf798a", "nonBlacklistedVotes": 25452.015363194627, "nonBlacklistedVotesBreakdowns": [{"key": "42161-155a-f2b4-4", "nonBlacklistedVotes": 25452.015363194627}], "totalDeposited": 1492.9832, "dollarPerVote": 0.05865874189903864, "incentiveDirected": 99.7856830954407, "incentiveDirectedUSD": 1915.8851154324614, "efficiency": 1.283259661215519, "platform": "votemarket"}]}