{"totalDepositedUSD": 1492.8139999999999, "globalAverageDollarPerVote": 0.05865209409541344, "globalAverageEfficiency": 1.2733785072809778, "analytics": [{"gauge": "0x215d87bd3c7482e2348338815e059de07daf798a", "nonBlacklistedVotes": 25452.015363194627, "nonBlacklistedVotesBreakdowns": [{"key": "42161-155a-f2b4-4", "nonBlacklistedVotes": 25452.015363194627}], "totalDeposited": 1492.8139999999999, "dollarPerVote": 0.05865209409541344, "incentiveDirected": 99.7856830954407, "incentiveDirectedUSD": 1900.9172629681455, "efficiency": 1.2733785072809778, "platform": "votemarket"}]}