{"totalDepositedUSD": 1486.5911999999998, "globalAverageDollarPerVote": 0.058407602650975665, "globalAverageEfficiency": 1.2995171939183632, "analytics": [{"gauge": "0x215d87bd3c7482e2348338815e059de07daf798a", "nonBlacklistedVotes": 25452.015363194627, "nonBlacklistedVotesBreakdowns": [{"key": "42161-155a-f2b4-4", "nonBlacklistedVotes": 25452.015363194627}], "totalDeposited": 1486.5911999999998, "dollarPerVote": 0.058407602650975665, "incentiveDirected": 99.7856830954407, "incentiveDirectedUSD": 1931.850824727732, "efficiency": 1.2995171939183632, "platform": "votemarket"}]}