{"totalDepositedUSD": 1547.4186, "globalAverageDollarPerVote": 0.10343032633451216, "globalAverageEfficiency": 1.0009047137791645, "analytics": [{"gauge": "0x215d87bd3c7482e2348338815e059de07daf798a", "nonBlacklistedVotes": 14880.63970703242, "nonBlacklistedVotesBreakdowns": [{"key": "42161-155a-f2b4-4", "nonBlacklistedVotes": 14880.63970703242}], "totalDeposited": 1547.4186, "dollarPerVote": 0.10343032633451216, "incentiveDirected": 62.14206835278141, "incentiveDirectedUSD": 1540.5018744654512, "efficiency": 1.0009047137791645, "platform": "votemarket"}]}