{"totalDepositedUSD": 1490.1819999999998, "globalAverageDollarPerVote": 0.05854868381679928, "globalAverageEfficiency": 1.2963858271860298, "analytics": [{"gauge": "0x215d87bd3c7482e2348338815e059de07daf798a", "nonBlacklistedVotes": 25452.015363194627, "nonBlacklistedVotesBreakdowns": [{"key": "42161-155a-f2b4-4", "nonBlacklistedVotes": 25452.015363194627}], "totalDeposited": 1490.1819999999998, "dollarPerVote": 0.05854868381679928, "incentiveDirected": 99.7856830954407, "incentiveDirectedUSD": 1931.850824727732, "efficiency": 1.2963858271860298, "platform": "votemarket"}]}