{"totalDepositedUSD": 1468.8533999999997, "globalAverageDollarPerVote": 0.057710691237600906, "globalAverageEfficiency": 1.2941504325538178, "analytics": [{"gauge": "0x215d87bd3c7482e2348338815e059de07daf798a", "nonBlacklistedVotes": 25452.015363194627, "nonBlacklistedVotesBreakdowns": [{"key": "42161-155a-f2b4-4", "nonBlacklistedVotes": 25452.015363194627}], "totalDeposited": 1468.8533999999997, "dollarPerVote": 0.057710691237600906, "incentiveDirected": 99.7856830954407, "incentiveDirectedUSD": 1900.9172629681455, "efficiency": 1.2941504325538176, "platform": "votemarket"}]}