{"totalDepositedUSD": 1490.0127999999997, "globalAverageDollarPerVote": 0.05854203601317408, "globalAverageEfficiency": 1.2958633428496575, "analytics": [{"gauge": "0x215d87bd3c7482e2348338815e059de07daf798a", "nonBlacklistedVotes": 25452.015363194627, "nonBlacklistedVotesBreakdowns": [{"key": "42161-155a-f2b4-4", "nonBlacklistedVotes": 25452.015363194627}], "totalDeposited": 1490.0127999999997, "dollarPerVote": 0.05854203601317408, "incentiveDirected": 99.7856830954407, "incentiveDirectedUSD": 1930.8529678967777, "efficiency": 1.2958633428496573, "platform": "votemarket"}]}