{"totalDepositedUSD": 1497.9088, "globalAverageDollarPerVote": 0.059138344841744385, "globalAverageEfficiency": 1.414349124006415, "analytics": [{"gauge": "0x215d87bd3c7482e2348338815e059de07daf798a", "nonBlacklistedVotes": 25328.892852994777, "nonBlacklistedVotesBreakdowns": [{"key": "42161-155a-f2b4-4", "nonBlacklistedVotes": 25328.892852994777}], "totalDeposited": 1497.9088, "dollarPerVote": 0.059138344841744385, "incentiveDirected": 99.55667289104792, "incentiveDirectedUSD": 2118.5659991215, "efficiency": 1.414349124006415, "platform": "votemarket"}]}