{"totalDepositedUSD": 1492.2594, "globalAverageDollarPerVote": 0.05891530311493902, "globalAverageEfficiency": 1.3222990967257906, "analytics": [{"gauge": "0x215d87bd3c7482e2348338815e059de07daf798a", "nonBlacklistedVotes": 25328.892852994777, "nonBlacklistedVotesBreakdowns": [{"key": "42161-155a-f2b4-4", "nonBlacklistedVotes": 25328.892852994777}], "totalDeposited": 1492.2594, "dollarPerVote": 0.05891530311493902, "incentiveDirected": 99.55667289104792, "incentiveDirectedUSD": 1973.2132567005701, "efficiency": 1.3222990967257906, "platform": "votemarket"}]}