{"totalDepositedUSD": 1693.2595999999999, "globalAverageDollarPerVote": 0.06685091250641839, "globalAverageEfficiency": 1.4775402364481114, "analytics": [{"gauge": "0x215d87bd3c7482e2348338815e059de07daf798a", "nonBlacklistedVotes": 25328.892852994777, "nonBlacklistedVotesBreakdowns": [{"key": "42161-155a-f2b4-4", "nonBlacklistedVotes": 25328.892852994777}], "totalDeposited": 1693.2595999999999, "dollarPerVote": 0.06685091250641839, "incentiveDirected": 99.55667289104792, "incentiveDirectedUSD": 2501.859189752034, "efficiency": 1.4775402364481114, "platform": "votemarket"}]}