{"totalDepositedUSD": 1684.5176, "globalAverageDollarPerVote": 0.06650577306227698, "globalAverageEfficiency": 1.4639317437296337, "analytics": [{"gauge": "0x215d87bd3c7482e2348338815e059de07daf798a", "nonBlacklistedVotes": 25328.892852994777, "nonBlacklistedVotesBreakdowns": [{"key": "42161-155a-f2b4-4", "nonBlacklistedVotes": 25328.892852994777}], "totalDeposited": 1684.5176, "dollarPerVote": 0.06650577306227698, "incentiveDirected": 99.55667289104792, "incentiveDirectedUSD": 2466.0187875112574, "efficiency": 1.4639317437296335, "platform": "votemarket"}]}