{"totalDepositedUSD": 1487.4748, "globalAverageDollarPerVote": 0.05872640421486593, "globalAverageEfficiency": 1.418915779474191, "analytics": [{"gauge": "0x215d87bd3c7482e2348338815e059de07daf798a", "nonBlacklistedVotes": 25328.892852994777, "nonBlacklistedVotesBreakdowns": [{"key": "42161-155a-f2b4-4", "nonBlacklistedVotes": 25328.892852994777}], "totalDeposited": 1487.4748, "dollarPerVote": 0.05872640421486593, "incentiveDirected": 99.55667289104792, "incentiveDirectedUSD": 2110.6014652902163, "efficiency": 1.418915779474191, "platform": "votemarket"}]}