{"totalDepositedUSD": 1692.3477999999998, "globalAverageDollarPerVote": 0.06681491409127675, "globalAverageEfficiency": 1.4648059665909654, "analytics": [{"gauge": "0x215d87bd3c7482e2348338815e059de07daf798a", "nonBlacklistedVotes": 25328.892852994777, "nonBlacklistedVotesBreakdowns": [{"key": "42161-155a-f2b4-4", "nonBlacklistedVotes": 25328.892852994777}], "totalDeposited": 1692.3477999999998, "dollarPerVote": 0.06681491409127675, "incentiveDirected": 99.55667289104792, "incentiveDirectedUSD": 2478.9611549870933, "efficiency": 1.4648059665909654, "platform": "votemarket"}]}