{"totalDepositedUSD": 1673.0683999999999, "globalAverageDollarPerVote": 0.06605375172575628, "globalAverageEfficiency": 1.473949772472696, "analytics": [{"gauge": "0x215d87bd3c7482e2348338815e059de07daf798a", "nonBlacklistedVotes": 25328.892852994777, "nonBlacklistedVotesBreakdowns": [{"key": "42161-155a-f2b4-4", "nonBlacklistedVotes": 25328.892852994777}], "totalDeposited": 1673.0683999999999, "dollarPerVote": 0.06605375172575628, "incentiveDirected": 99.55667289104792, "incentiveDirectedUSD": 2466.0187875112574, "efficiency": 1.473949772472696, "platform": "votemarket"}]}