{"totalDepositedUSD": 1689.8192, "globalAverageDollarPerVote": 0.06671508343485306, "globalAverageEfficiency": 1.4575713705493025, "analytics": [{"gauge": "0x215d87bd3c7482e2348338815e059de07daf798a", "nonBlacklistedVotes": 25328.892852994777, "nonBlacklistedVotesBreakdowns": [{"key": "42161-155a-f2b4-4", "nonBlacklistedVotes": 25328.892852994777}], "totalDeposited": 1689.8192, "dollarPerVote": 0.06671508343485306, "incentiveDirected": 99.55667289104792, "incentiveDirectedUSD": 2463.032087324526, "efficiency": 1.4575713705493023, "platform": "votemarket"}]}