{"totalDepositedUSD": 1684.7807999999998, "globalAverageDollarPerVote": 0.0665161643573694, "globalAverageEfficiency": 1.4713849748211125, "analytics": [{"gauge": "0x215d87bd3c7482e2348338815e059de07daf798a", "nonBlacklistedVotes": 25328.892852994777, "nonBlacklistedVotesBreakdowns": [{"key": "42161-155a-f2b4-4", "nonBlacklistedVotes": 25328.892852994777}], "totalDeposited": 1684.7807999999998, "dollarPerVote": 0.0665161643573694, "incentiveDirected": 99.55667289104792, "incentiveDirectedUSD": 2478.9611549870933, "efficiency": 1.4713849748211125, "platform": "votemarket"}]}