{"totalDepositedUSD": 1488.1704, "globalAverageDollarPerVote": 0.058753866923324495, "globalAverageEfficiency": 1.3259323372515475, "analytics": [{"gauge": "0x215d87bd3c7482e2348338815e059de07daf798a", "nonBlacklistedVotes": 25328.892852994777, "nonBlacklistedVotesBreakdowns": [{"key": "42161-155a-f2b4-4", "nonBlacklistedVotes": 25328.892852994777}], "totalDeposited": 1488.1704, "dollarPerVote": 0.058753866923324495, "incentiveDirected": 99.55667289104792, "incentiveDirectedUSD": 1973.2132567005701, "efficiency": 1.3259323372515472, "platform": "votemarket"}]}