{"totalDepositedUSD": 1496.3577999999998, "globalAverageDollarPerVote": 0.05907711042423542, "globalAverageEfficiency": 1.2920643629111643, "analytics": [{"gauge": "0x215d87bd3c7482e2348338815e059de07daf798a", "nonBlacklistedVotes": 25328.892852994777, "nonBlacklistedVotesBreakdowns": [{"key": "42161-155a-f2b4-4", "nonBlacklistedVotes": 25328.892852994777}], "totalDeposited": 1496.3577999999998, "dollarPerVote": 0.05907711042423542, "incentiveDirected": 99.55667289104792, "incentiveDirectedUSD": 1933.390587544151, "efficiency": 1.2920643629111643, "platform": "votemarket"}]}