{"totalDepositedUSD": 1486.5348, "globalAverageDollarPerVote": 0.05868929244667868, "globalAverageEfficiency": 1.4251708060393207, "analytics": [{"gauge": "0x215d87bd3c7482e2348338815e059de07daf798a", "nonBlacklistedVotes": 25328.892852994777, "nonBlacklistedVotesBreakdowns": [{"key": "42161-155a-f2b4-4", "nonBlacklistedVotes": 25328.892852994777}], "totalDeposited": 1486.5348, "dollarPerVote": 0.05868929244667868, "incentiveDirected": 99.55667289104792, "incentiveDirectedUSD": 2118.5659991215, "efficiency": 1.4251708060393207, "platform": "votemarket"}]}