{"totalDepositedUSD": 1682.6375999999998, "globalAverageDollarPerVote": 0.06643154952590248, "globalAverageEfficiency": 1.4655673851049433, "analytics": [{"gauge": "0x215d87bd3c7482e2348338815e059de07daf798a", "nonBlacklistedVotes": 25328.892852994777, "nonBlacklistedVotesBreakdowns": [{"key": "42161-155a-f2b4-4", "nonBlacklistedVotes": 25328.892852994777}], "totalDeposited": 1682.6375999999998, "dollarPerVote": 0.06643154952590248, "incentiveDirected": 99.55667289104792, "incentiveDirectedUSD": 2466.0187875112574, "efficiency": 1.465567385104943, "platform": "votemarket"}]}