{"totalDepositedUSD": 1483.8275999999998, "globalAverageDollarPerVote": 0.05829505948878092, "globalAverageEfficiency": 1.304003891576685, "analytics": [{"gauge": "0x215d87bd3c7482e2348338815e059de07daf798a", "nonBlacklistedVotes": 25453.7453604549, "nonBlacklistedVotesBreakdowns": [{"key": "42161-155a-f2b4-4", "nonBlacklistedVotes": 25453.7453604549}], "totalDeposited": 1483.8275999999998, "dollarPerVote": 0.05829505948878092, "incentiveDirected": 100.04741286602338, "incentiveDirectedUSD": 1934.9169648288926, "efficiency": 1.304003891576685, "platform": "votemarket"}]}