{"totalDepositedUSD": 5436.38785, "globalAverageDollarPerVote": 0.08097534597268143, "globalAverageEfficiency": 1.7379454562137002, "analytics": [{"gauge": "0xf0a3eced42dbd8353569639c0eaa833857aa0a75", "nonBlacklistedVotes": 53256.09190565001, "nonBlacklistedVotesBreakdowns": [{"key": "42161-155a-f2b4-5", "nonBlacklistedVotes": 53256.09190565001}], "totalDeposited": 3746.60625, "dollarPerVote": 0.07035075455100222, "incentiveDirected": 208.30375029822773, "incentiveDirectedUSD": 7494.768935730234, "efficiency": 2.000415425488129, "platform": "votemarket"}, {"gauge": "0x215d87bd3c7482e2348338815e059de07daf798a", "nonBlacklistedVotes": 13880.241810467342, "nonBlacklistedVotesBreakdowns": [{"key": "42161-155a-f2b4-6", "nonBlacklistedVotes": 13880.241810467342}], "totalDeposited": 1689.7816, "dollarPerVote": 0.12174006930669645, "incentiveDirected": 54.290623301629594, "incentiveDirectedUSD": 1953.3766263926327, "efficiency": 1.1559935475641543, "platform": "votemarket"}]}