{"totalDepositedUSD": 5436.7468, "globalAverageDollarPerVote": 0.08098069255597146, "globalAverageEfficiency": 1.7330007210861618, "analytics": [{"gauge": "0xf0a3eced42dbd8353569639c0eaa833857aa0a75", "nonBlacklistedVotes": 53256.09190565001, "nonBlacklistedVotesBreakdowns": [{"key": "42161-155a-f2b4-5", "nonBlacklistedVotes": 53256.09190565001}], "totalDeposited": 3748.065, "dollarPerVote": 0.07037814578358804, "incentiveDirected": 208.30375029822773, "incentiveDirectedUSD": 7473.938560700412, "efficiency": 1.9940792277349546, "platform": "votemarket"}, {"gauge": "0x215d87bd3c7482e2348338815e059de07daf798a", "nonBlacklistedVotes": 13880.241810467342, "nonBlacklistedVotesBreakdowns": [{"key": "42161-155a-f2b4-6", "nonBlacklistedVotes": 13880.241810467342}], "totalDeposited": 1688.6817999999998, "dollarPerVote": 0.12166083437584886, "incentiveDirected": 54.290623301629594, "incentiveDirectedUSD": 1947.94756406247, "efficiency": 1.1535314492419295, "platform": "votemarket"}]}