{"totalDepositedUSD": 5429.91905, "globalAverageDollarPerVote": 0.08087899278146678, "globalAverageEfficiency": 1.7274421475927717, "analytics": [{"gauge": "0xf0a3eced42dbd8353569639c0eaa833857aa0a75", "nonBlacklistedVotes": 53256.09190565001, "nonBlacklistedVotesBreakdowns": [{"key": "42161-155a-f2b4-5", "nonBlacklistedVotes": 53256.09190565001}], "totalDeposited": 3747.91125, "dollarPerVote": 0.0703752587899222, "incentiveDirected": 208.30375029822773, "incentiveDirectedUSD": 7440.609960652695, "efficiency": 1.9852684507010923, "platform": "votemarket"}, {"gauge": "0x215d87bd3c7482e2348338815e059de07daf798a", "nonBlacklistedVotes": 13880.241810467342, "nonBlacklistedVotesBreakdowns": [{"key": "42161-155a-f2b4-6", "nonBlacklistedVotes": 13880.241810467342}], "totalDeposited": 1682.0077999999999, "dollarPerVote": 0.121180007017714, "incentiveDirected": 54.290623301629594, "incentiveDirectedUSD": 1939.2610643342089, "efficiency": 1.1529441565813245, "platform": "votemarket"}]}