{"totalDepositedUSD": 5434.5903499999995, "globalAverageDollarPerVote": 0.0809485720948048, "globalAverageEfficiency": 1.7370707124070304, "analytics": [{"gauge": "0xf0a3eced42dbd8353569639c0eaa833857aa0a75", "nonBlacklistedVotes": 53256.09190565001, "nonBlacklistedVotesBreakdowns": [{"key": "42161-155a-f2b4-5", "nonBlacklistedVotes": 53256.09190565001}], "totalDeposited": 3748.0987499999997, "dollarPerVote": 0.07037877951390493, "incentiveDirected": 208.30375029822773, "incentiveDirectedUSD": 7488.519823221288, "efficiency": 1.9979515809772326, "platform": "votemarket"}, {"gauge": "0x215d87bd3c7482e2348338815e059de07daf798a", "nonBlacklistedVotes": 13880.241810467342, "nonBlacklistedVotesBreakdowns": [{"key": "42161-155a-f2b4-6", "nonBlacklistedVotes": 13880.241810467342}], "totalDeposited": 1686.4916, "dollarPerVote": 0.12150304173578491, "incentiveDirected": 54.290623301629594, "incentiveDirectedUSD": 1951.747907693584, "efficiency": 1.15728291068487, "platform": "votemarket"}]}