{"totalDepositedUSD": 5435.6489, "globalAverageDollarPerVote": 0.08096433926500024, "globalAverageEfficiency": 1.7357662382209553, "analytics": [{"gauge": "0xf0a3eced42dbd8353569639c0eaa833857aa0a75", "nonBlacklistedVotes": 53256.09190565001, "nonBlacklistedVotesBreakdowns": [{"key": "42161-155a-f2b4-5", "nonBlacklistedVotes": 53256.09190565001}], "totalDeposited": 3748.0575, "dollarPerVote": 0.07037800495462873, "incentiveDirected": 208.30375029822773, "incentiveDirectedUSD": 7484.353748215323, "efficiency": 1.99686204072785, "platform": "votemarket"}, {"gauge": "0x215d87bd3c7482e2348338815e059de07daf798a", "nonBlacklistedVotes": 13880.241810467342, "nonBlacklistedVotesBreakdowns": [{"key": "42161-155a-f2b4-6", "nonBlacklistedVotes": 13880.241810467342}], "totalDeposited": 1687.5913999999998, "dollarPerVote": 0.12158227666663246, "incentiveDirected": 54.290623301629594, "incentiveDirectedUSD": 1950.6620952275514, "efficiency": 1.1558853021101858, "platform": "votemarket"}]}