{"totalDepositedUSD": 5437.40365, "globalAverageDollarPerVote": 0.08099047637888288, "globalAverageEfficiency": 1.7361719560612114, "analytics": [{"gauge": "0xf0a3eced42dbd8353569639c0eaa833857aa0a75", "nonBlacklistedVotes": 53256.09190565001, "nonBlacklistedVotesBreakdowns": [{"key": "42161-155a-f2b4-5", "nonBlacklistedVotes": 53256.09190565001}], "totalDeposited": 3748.49625, "dollarPerVote": 0.07038624344874839, "incentiveDirected": 208.30375029822773, "incentiveDirectedUSD": 7488.519823221288, "efficiency": 1.99773971315065, "platform": "votemarket"}, {"gauge": "0x215d87bd3c7482e2348338815e059de07daf798a", "nonBlacklistedVotes": 13880.241810467342, "nonBlacklistedVotesBreakdowns": [{"key": "42161-155a-f2b4-6", "nonBlacklistedVotes": 13880.241810467342}], "totalDeposited": 1688.9073999999998, "dollarPerVote": 0.12167708769499709, "incentiveDirected": 54.290623301629594, "incentiveDirectedUSD": 1951.747907693584, "efficiency": 1.1556275422166924, "platform": "votemarket"}]}