{"totalDepositedUSD": 5447.449549999999, "globalAverageDollarPerVote": 0.08114011070420182, "globalAverageEfficiency": 1.7146522942919087, "analytics": [{"gauge": "0xf0a3eced42dbd8353569639c0eaa833857aa0a75", "nonBlacklistedVotes": 53256.09190565001, "nonBlacklistedVotesBreakdowns": [{"key": "42161-155a-f2b4-5", "nonBlacklistedVotes": 53256.09190565001}], "totalDeposited": 3748.80375, "dollarPerVote": 0.0703920174360801, "incentiveDirected": 208.30375029822773, "incentiveDirectedUSD": 7409.36439810796, "efficiency": 1.976460997220236, "platform": "votemarket"}, {"gauge": "0x215d87bd3c7482e2348338815e059de07daf798a", "nonBlacklistedVotes": 13880.241810467342, "nonBlacklistedVotesBreakdowns": [{"key": "42161-155a-f2b4-6", "nonBlacklistedVotes": 13880.241810467342}], "totalDeposited": 1698.6457999999998, "dollarPerVote": 0.12237868930489527, "incentiveDirected": 54.290623301629594, "incentiveDirectedUSD": 1931.1174708389644, "efficiency": 1.136857060394206, "platform": "votemarket"}]}