{"totalDepositedUSD": 5444.463599999999, "globalAverageDollarPerVote": 0.08109563478729181, "globalAverageEfficiency": 1.7155926745376582, "analytics": [{"gauge": "0xf0a3eced42dbd8353569639c0eaa833857aa0a75", "nonBlacklistedVotes": 53256.09190565001, "nonBlacklistedVotesBreakdowns": [{"key": "42161-155a-f2b4-5", "nonBlacklistedVotes": 53256.09190565001}], "totalDeposited": 3746.8799999999997, "dollarPerVote": 0.07035589480801703, "incentiveDirected": 208.30375029822773, "incentiveDirectedUSD": 7409.36439810796, "efficiency": 1.9774757659994346, "platform": "votemarket"}, {"gauge": "0x215d87bd3c7482e2348338815e059de07daf798a", "nonBlacklistedVotes": 13880.241810467342, "nonBlacklistedVotesBreakdowns": [{"key": "42161-155a-f2b4-6", "nonBlacklistedVotes": 13880.241810467342}], "totalDeposited": 1697.5836, "dollarPerVote": 0.1223021632605724, "incentiveDirected": 54.290623301629594, "incentiveDirectedUSD": 1931.1174708389644, "efficiency": 1.1375684065509144, "platform": "votemarket"}]}