{"totalDepositedUSD": 5436.6199, "globalAverageDollarPerVote": 0.08097880237232609, "globalAverageEfficiency": 1.7378712758864874, "analytics": [{"gauge": "0xf0a3eced42dbd8353569639c0eaa833857aa0a75", "nonBlacklistedVotes": 53256.09190565001, "nonBlacklistedVotesBreakdowns": [{"key": "42161-155a-f2b4-5", "nonBlacklistedVotes": 53256.09190565001}], "totalDeposited": 3748.4175, "dollarPerVote": 0.07038476474467563, "incentiveDirected": 208.30375029822773, "incentiveDirectedUSD": 7494.768935730234, "efficiency": 1.9994488169288063, "platform": "votemarket"}, {"gauge": "0x215d87bd3c7482e2348338815e059de07daf798a", "nonBlacklistedVotes": 13880.241810467342, "nonBlacklistedVotesBreakdowns": [{"key": "42161-155a-f2b4-6", "nonBlacklistedVotes": 13880.241810467342}], "totalDeposited": 1688.2024, "dollarPerVote": 0.1216262960726589, "incentiveDirected": 54.290623301629594, "incentiveDirectedUSD": 1953.3766263926327, "efficiency": 1.1570749019149793, "platform": "votemarket"}]}