{"totalDepositedUSD": 5435.40535, "globalAverageDollarPerVote": 0.08096071157211743, "globalAverageEfficiency": 1.7382596059966102, "analytics": [{"gauge": "0xf0a3eced42dbd8353569639c0eaa833857aa0a75", "nonBlacklistedVotes": 53256.09190565001, "nonBlacklistedVotesBreakdowns": [{"key": "42161-155a-f2b4-5", "nonBlacklistedVotes": 53256.09190565001}], "totalDeposited": 3747.03375, "dollarPerVote": 0.0703587818016829, "incentiveDirected": 208.30375029822773, "incentiveDirectedUSD": 7494.768935730234, "efficiency": 2.000187197601365, "platform": "votemarket"}, {"gauge": "0x215d87bd3c7482e2348338815e059de07daf798a", "nonBlacklistedVotes": 13880.241810467342, "nonBlacklistedVotesBreakdowns": [{"key": "42161-155a-f2b4-6", "nonBlacklistedVotes": 13880.241810467342}], "totalDeposited": 1688.3716, "dollarPerVote": 0.12163848606202007, "incentiveDirected": 54.290623301629594, "incentiveDirectedUSD": 1953.3766263926327, "efficiency": 1.1569589457632625, "platform": "votemarket"}]}