{"totalDepositedUSD": 5432.61525, "globalAverageDollarPerVote": 0.0809191528535285, "globalAverageEfficiency": 1.7377022477185131, "analytics": [{"gauge": "0xf0a3eced42dbd8353569639c0eaa833857aa0a75", "nonBlacklistedVotes": 53256.09190565001, "nonBlacklistedVotesBreakdowns": [{"key": "42161-155a-f2b4-5", "nonBlacklistedVotes": 53256.09190565001}], "totalDeposited": 3747.80625, "dollarPerVote": 0.07037328718449185, "incentiveDirected": 208.30375029822773, "incentiveDirectedUSD": 7488.519823221288, "efficiency": 1.9981075124204428, "platform": "votemarket"}, {"gauge": "0x215d87bd3c7482e2348338815e059de07daf798a", "nonBlacklistedVotes": 13880.241810467342, "nonBlacklistedVotesBreakdowns": [{"key": "42161-155a-f2b4-6", "nonBlacklistedVotes": 13880.241810467342}], "totalDeposited": 1684.8089999999997, "dollarPerVote": 0.12138181906380441, "incentiveDirected": 54.290623301629594, "incentiveDirectedUSD": 1951.747907693584, "efficiency": 1.158438676249702, "platform": "votemarket"}]}