{"totalDepositedUSD": 5434.65605, "globalAverageDollarPerVote": 0.0809495507005219, "globalAverageEfficiency": 1.7370497128175888, "analytics": [{"gauge": "0xf0a3eced42dbd8353569639c0eaa833857aa0a75", "nonBlacklistedVotes": 53256.09190565001, "nonBlacklistedVotesBreakdowns": [{"key": "42161-155a-f2b4-5", "nonBlacklistedVotes": 53256.09190565001}], "totalDeposited": 3748.84125, "dollarPerVote": 0.07039272158087664, "incentiveDirected": 208.30375029822773, "incentiveDirectedUSD": 7488.519823221288, "efficiency": 1.997555864287742, "platform": "votemarket"}, {"gauge": "0x215d87bd3c7482e2348338815e059de07daf798a", "nonBlacklistedVotes": 13880.241810467342, "nonBlacklistedVotesBreakdowns": [{"key": "42161-155a-f2b4-6", "nonBlacklistedVotes": 13880.241810467342}], "totalDeposited": 1685.8147999999999, "dollarPerVote": 0.12145428177834024, "incentiveDirected": 54.290623301629594, "incentiveDirectedUSD": 1951.747907693584, "efficiency": 1.1577475222625784, "platform": "votemarket"}]}