{"totalDepositedUSD": 5436.03225, "globalAverageDollarPerVote": 0.08097004928785644, "globalAverageEfficiency": 1.7332285187901308, "analytics": [{"gauge": "0xf0a3eced42dbd8353569639c0eaa833857aa0a75", "nonBlacklistedVotes": 53256.09190565001, "nonBlacklistedVotesBreakdowns": [{"key": "42161-155a-f2b4-5", "nonBlacklistedVotes": 53256.09190565001}], "totalDeposited": 3748.12125, "dollarPerVote": 0.07037920200078288, "incentiveDirected": 208.30375029822773, "incentiveDirectedUSD": 7473.938560700412, "efficiency": 1.9940493015535214, "platform": "votemarket"}, {"gauge": "0x215d87bd3c7482e2348338815e059de07daf798a", "nonBlacklistedVotes": 13880.241810467342, "nonBlacklistedVotesBreakdowns": [{"key": "42161-155a-f2b4-6", "nonBlacklistedVotes": 13880.241810467342}], "totalDeposited": 1687.911, "dollarPerVote": 0.12160530220209247, "incentiveDirected": 54.290623301629594, "incentiveDirectedUSD": 1947.94756406247, "efficiency": 1.1540582199313054, "platform": "votemarket"}]}