{"totalDepositedUSD": 5433.4518499999995, "globalAverageDollarPerVote": 0.08093161406422758, "globalAverageEfficiency": 1.7374346900515687, "analytics": [{"gauge": "0xf0a3eced42dbd8353569639c0eaa833857aa0a75", "nonBlacklistedVotes": 53256.09190565001, "nonBlacklistedVotesBreakdowns": [{"key": "42161-155a-f2b4-5", "nonBlacklistedVotes": 53256.09190565001}], "totalDeposited": 3747.80625, "dollarPerVote": 0.07037328718449185, "incentiveDirected": 208.30375029822773, "incentiveDirectedUSD": 7488.519823221288, "efficiency": 1.9981075124204428, "platform": "votemarket"}, {"gauge": "0x215d87bd3c7482e2348338815e059de07daf798a", "nonBlacklistedVotes": 13880.241810467342, "nonBlacklistedVotesBreakdowns": [{"key": "42161-155a-f2b4-6", "nonBlacklistedVotes": 13880.241810467342}], "totalDeposited": 1685.6455999999998, "dollarPerVote": 0.12144209178897906, "incentiveDirected": 54.290623301629594, "incentiveDirectedUSD": 1951.747907693584, "efficiency": 1.1578637334523842, "platform": "votemarket"}]}