{"totalDepositedUSD": 6534.35297201711, "globalAverageDollarPerVote": 0.09768033025937975, "globalAverageEfficiency": 1.172152994414407, "analytics": [{"gauge": "0xf0a3eced42dbd8353569639c0eaa833857aa0a75", "nonBlacklistedVotes": 52725.17134876708, "nonBlacklistedVotesBreakdowns": [{"key": "42161-155a-f2b4-5", "nonBlacklistedVotes": 52725.17134876708}], "totalDeposited": 4835.312372017111, "dollarPerVote": 0.09170785505906524, "incentiveDirected": 206.6702017760602, "incentiveDirectedUSD": 6036.836593878718, "efficiency": 1.2484894727412155, "platform": "votemarket"}, {"gauge": "0x215d87bd3c7482e2348338815e059de07daf798a", "nonBlacklistedVotes": 14170.10792256451, "nonBlacklistedVotesBreakdowns": [{"key": "42161-155a-f2b4-6", "nonBlacklistedVotes": 14170.10792256451}], "totalDeposited": 1699.0405999999998, "dollarPerVote": 0.11990315171096502, "incentiveDirected": 55.543471716255254, "incentiveDirectedUSD": 1622.4248088318163, "efficiency": 0.9549064388642722, "platform": "votemarket"}]}