{"totalDepositedUSD": 6520.48877780711, "globalAverageDollarPerVote": 0.09747307805322981, "globalAverageEfficiency": 1.1766559759290665, "analytics": [{"gauge": "0xf0a3eced42dbd8353569639c0eaa833857aa0a75", "nonBlacklistedVotes": 52725.17134876708, "nonBlacklistedVotesBreakdowns": [{"key": "42161-155a-f2b4-5", "nonBlacklistedVotes": 52725.17134876708}], "totalDeposited": 4834.84317780711, "dollarPerVote": 0.09169895619353292, "incentiveDirected": 206.6702017760602, "incentiveDirectedUSD": 6047.170103967522, "efficiency": 1.250747931541034, "platform": "votemarket"}, {"gauge": "0x215d87bd3c7482e2348338815e059de07daf798a", "nonBlacklistedVotes": 14170.10792256451, "nonBlacklistedVotesBreakdowns": [{"key": "42161-155a-f2b4-6", "nonBlacklistedVotes": 14170.10792256451}], "totalDeposited": 1685.6455999999998, "dollarPerVote": 0.11895785192403328, "incentiveDirected": 55.543471716255254, "incentiveDirectedUSD": 1625.201982417629, "efficiency": 0.9641421556332062, "platform": "votemarket"}]}