{"totalDepositedUSD": 6523.915585848142, "globalAverageDollarPerVote": 0.09752430450864429, "globalAverageEfficiency": 1.1748321349844622, "analytics": [{"gauge": "0xf0a3eced42dbd8353569639c0eaa833857aa0a75", "nonBlacklistedVotes": 52725.17134876708, "nonBlacklistedVotesBreakdowns": [{"key": "42161-155a-f2b4-5", "nonBlacklistedVotes": 52725.17134876708}], "totalDeposited": 4835.0269858481415, "dollarPerVote": 0.09170244234704045, "incentiveDirected": 206.6702017760602, "incentiveDirectedUSD": 6040.96999791424, "efficiency": 1.2494180519769231, "platform": "votemarket"}, {"gauge": "0x215d87bd3c7482e2348338815e059de07daf798a", "nonBlacklistedVotes": 14170.10792256451, "nonBlacklistedVotesBreakdowns": [{"key": "42161-155a-f2b4-6", "nonBlacklistedVotes": 14170.10792256451}], "totalDeposited": 1688.8886, "dollarPerVote": 0.11918671397771151, "incentiveDirected": 55.543471716255254, "incentiveDirectedUSD": 1623.5356782661413, "efficiency": 0.9613041844596152, "platform": "votemarket"}]}