{"totalDepositedUSD": 6529.223426503504, "globalAverageDollarPerVote": 0.09760365002768806, "globalAverageEfficiency": 1.175483472041352, "analytics": [{"gauge": "0xf0a3eced42dbd8353569639c0eaa833857aa0a75", "nonBlacklistedVotes": 52725.17134876708, "nonBlacklistedVotesBreakdowns": [{"key": "42161-155a-f2b4-5", "nonBlacklistedVotes": 52725.17134876708}], "totalDeposited": 4836.0766265035045, "dollarPerVote": 0.09172235011838593, "incentiveDirected": 206.6702017760602, "incentiveDirectedUSD": 6049.2368059852815, "efficiency": 1.2508562773454015, "platform": "votemarket"}, {"gauge": "0x215d87bd3c7482e2348338815e059de07daf798a", "nonBlacklistedVotes": 14170.10792256451, "nonBlacklistedVotesBreakdowns": [{"key": "42161-155a-f2b4-6", "nonBlacklistedVotes": 14170.10792256451}], "totalDeposited": 1693.1468, "dollarPerVote": 0.11948721980471506, "incentiveDirected": 55.543471716255254, "incentiveDirectedUSD": 1625.7574171347915, "efficiency": 0.9601987359482306, "platform": "votemarket"}]}