{"totalDepositedUSD": 6543.621903699686, "globalAverageDollarPerVote": 0.09781888909019024, "globalAverageEfficiency": 1.1797091368083497, "analytics": [{"gauge": "0xf0a3eced42dbd8353569639c0eaa833857aa0a75", "nonBlacklistedVotes": 52725.17134876708, "nonBlacklistedVotesBreakdowns": [{"key": "42161-155a-f2b4-5", "nonBlacklistedVotes": 52725.17134876708}], "totalDeposited": 4834.833503699687, "dollarPerVote": 0.09169877271176938, "incentiveDirected": 206.6702017760602, "incentiveDirectedUSD": 6084.370740287212, "efficiency": 1.2584447294061647, "platform": "votemarket"}, {"gauge": "0x215d87bd3c7482e2348338815e059de07daf798a", "nonBlacklistedVotes": 14170.10792256451, "nonBlacklistedVotesBreakdowns": [{"key": "42161-155a-f2b4-6", "nonBlacklistedVotes": 14170.10792256451}], "totalDeposited": 1708.7884, "dollarPerVote": 0.12059106460854273, "incentiveDirected": 55.543471716255254, "incentiveDirectedUSD": 1635.199807326555, "efficiency": 0.9569352222466836, "platform": "votemarket"}]}