{"totalDepositedUSD": 6541.559612672474, "globalAverageDollarPerVote": 0.09778806044204531, "globalAverageEfficiency": 1.170861668503765, "analytics": [{"gauge": "0xf0a3eced42dbd8353569639c0eaa833857aa0a75", "nonBlacklistedVotes": 52725.17134876708, "nonBlacklistedVotesBreakdowns": [{"key": "42161-155a-f2b4-5", "nonBlacklistedVotes": 52725.17134876708}], "totalDeposited": 4836.3620126724745, "dollarPerVote": 0.09172776283041074, "incentiveDirected": 206.6702017760602, "incentiveDirectedUSD": 6036.836593878718, "efficiency": 1.248218511778213, "platform": "votemarket"}, {"gauge": "0x215d87bd3c7482e2348338815e059de07daf798a", "nonBlacklistedVotes": 14170.10792256451, "nonBlacklistedVotesBreakdowns": [{"key": "42161-155a-f2b4-6", "nonBlacklistedVotes": 14170.10792256451}], "totalDeposited": 1705.1976, "dollarPerVote": 0.12033765792881787, "incentiveDirected": 55.543471716255254, "incentiveDirectedUSD": 1622.4248088318163, "efficiency": 0.9514585340911905, "platform": "votemarket"}]}