{"totalDepositedUSD": 6546.874143004432, "globalAverageDollarPerVote": 0.0978675059633115, "globalAverageEfficiency": 1.1791231019558246, "analytics": [{"gauge": "0xf0a3eced42dbd8353569639c0eaa833857aa0a75", "nonBlacklistedVotes": 52725.17134876708, "nonBlacklistedVotesBreakdowns": [{"key": "42161-155a-f2b4-5", "nonBlacklistedVotes": 52725.17134876708}], "totalDeposited": 4835.491343004432, "dollarPerVote": 0.09171124947169099, "incentiveDirected": 206.6702017760602, "incentiveDirectedUSD": 6084.370740287212, "efficiency": 1.2582735256241437, "platform": "votemarket"}, {"gauge": "0x215d87bd3c7482e2348338815e059de07daf798a", "nonBlacklistedVotes": 14170.10792256451, "nonBlacklistedVotesBreakdowns": [{"key": "42161-155a-f2b4-6", "nonBlacklistedVotes": 14170.10792256451}], "totalDeposited": 1711.3827999999999, "dollarPerVote": 0.12077415425148529, "incentiveDirected": 55.543471716255254, "incentiveDirectedUSD": 1635.199807326555, "efficiency": 0.9554845399442807, "platform": "votemarket"}]}