{"totalDepositedUSD": 6526.567853265152, "globalAverageDollarPerVote": 0.0975639525592377, "globalAverageEfficiency": 1.1743547065623372, "analytics": [{"gauge": "0xf0a3eced42dbd8353569639c0eaa833857aa0a75", "nonBlacklistedVotes": 52725.17134876708, "nonBlacklistedVotesBreakdowns": [{"key": "42161-155a-f2b4-5", "nonBlacklistedVotes": 52725.17134876708}], "totalDeposited": 4835.244653265152, "dollarPerVote": 0.09170657068672038, "incentiveDirected": 206.6702017760602, "incentiveDirectedUSD": 6040.96999791424, "efficiency": 1.2493618071290111, "platform": "votemarket"}, {"gauge": "0x215d87bd3c7482e2348338815e059de07daf798a", "nonBlacklistedVotes": 14170.10792256451, "nonBlacklistedVotesBreakdowns": [{"key": "42161-155a-f2b4-6", "nonBlacklistedVotes": 14170.10792256451}], "totalDeposited": 1691.3231999999998, "dollarPerVote": 0.11935852636003803, "incentiveDirected": 55.543471716255254, "incentiveDirectedUSD": 1623.5356782661413, "efficiency": 0.9599204210443878, "platform": "votemarket"}]}