{"totalDepositedUSD": 6545.583150595256, "globalAverageDollarPerVote": 0.09784820725608973, "globalAverageEfficiency": 1.1793556616742007, "analytics": [{"gauge": "0xf0a3eced42dbd8353569639c0eaa833857aa0a75", "nonBlacklistedVotes": 52725.17134876708, "nonBlacklistedVotesBreakdowns": [{"key": "42161-155a-f2b4-5", "nonBlacklistedVotes": 52725.17134876708}], "totalDeposited": 4835.544550595256, "dollarPerVote": 0.09171225862139051, "incentiveDirected": 206.6702017760602, "incentiveDirectedUSD": 6084.370740287212, "efficiency": 1.2582596802956196, "platform": "votemarket"}, {"gauge": "0x215d87bd3c7482e2348338815e059de07daf798a", "nonBlacklistedVotes": 14170.10792256451, "nonBlacklistedVotesBreakdowns": [{"key": "42161-155a-f2b4-6", "nonBlacklistedVotes": 14170.10792256451}], "totalDeposited": 1710.0385999999999, "dollarPerVote": 0.12067929258865635, "incentiveDirected": 55.543471716255254, "incentiveDirectedUSD": 1635.199807326555, "efficiency": 0.9562356120654557, "platform": "votemarket"}]}