{"totalDepositedUSD": 6526.6573068511325, "globalAverageDollarPerVote": 0.09756528977745332, "globalAverageEfficiency": 1.175543884973299, "analytics": [{"gauge": "0xf0a3eced42dbd8353569639c0eaa833857aa0a75", "nonBlacklistedVotes": 52725.17134876708, "nonBlacklistedVotesBreakdowns": [{"key": "42161-155a-f2b4-5", "nonBlacklistedVotes": 52725.17134876708}], "totalDeposited": 4835.7477068511325, "dollarPerVote": 0.09171611173842513, "incentiveDirected": 206.6702017760602, "incentiveDirectedUSD": 6047.170103967522, "efficiency": 1.2505139785105175, "platform": "votemarket"}, {"gauge": "0x215d87bd3c7482e2348338815e059de07daf798a", "nonBlacklistedVotes": 14170.10792256451, "nonBlacklistedVotesBreakdowns": [{"key": "42161-155a-f2b4-6", "nonBlacklistedVotes": 14170.10792256451}], "totalDeposited": 1690.9095999999997, "dollarPerVote": 0.11932933815609066, "incentiveDirected": 55.543471716255254, "incentiveDirectedUSD": 1625.201982417629, "efficiency": 0.9611406679680743, "platform": "votemarket"}]}