{"totalDepositedUSD": 6522.398896559069, "globalAverageDollarPerVote": 0.09750163191790853, "globalAverageEfficiency": 1.1763113860504233, "analytics": [{"gauge": "0xf0a3eced42dbd8353569639c0eaa833857aa0a75", "nonBlacklistedVotes": 52725.17134876708, "nonBlacklistedVotesBreakdowns": [{"key": "42161-155a-f2b4-5", "nonBlacklistedVotes": 52725.17134876708}], "totalDeposited": 4834.9108965590685, "dollarPerVote": 0.09170024056587779, "incentiveDirected": 206.6702017760602, "incentiveDirectedUSD": 6047.170103967522, "efficiency": 1.250730413309416, "platform": "votemarket"}, {"gauge": "0x215d87bd3c7482e2348338815e059de07daf798a", "nonBlacklistedVotes": 14170.10792256451, "nonBlacklistedVotesBreakdowns": [{"key": "42161-155a-f2b4-6", "nonBlacklistedVotes": 14170.10792256451}], "totalDeposited": 1687.488, "dollarPerVote": 0.11908787210525339, "incentiveDirected": 55.543471716255254, "incentiveDirectedUSD": 1625.201982417629, "efficiency": 0.9630895048839629, "platform": "votemarket"}]}