{"totalDepositedUSD": 8626.3108952, "globalAverageDollarPerVote": 0.14671969491921724, "globalAverageEfficiency": -1.2161298078941902e-11, "analytics": [{"gauge": "0xf0a3eced42dbd8353569639c0eaa833857aa0a75", "nonBlacklistedVotes": 51103.86594230834, "nonBlacklistedVotesBreakdowns": [{"key": "42161-155a-f2b4-7", "nonBlacklistedVotes": 51103.86594230834}], "totalDeposited": 3744.5025, "dollarPerVote": 0.07327239203834807, "incentiveDirected": 200.83441900270861, "incentiveDirectedUSD": 8268.353030341512, "efficiency": 2.2081312618542817, "platform": "votemarket"}, {"gauge": "0x31b630b21065664ddd2dba0ed3a60d8ff59501f0", "nonBlacklistedVotes": 7773.313388886741, "nonBlacklistedVotesBreakdowns": [{"key": "42161-155a-f2b4-8", "nonBlacklistedVotes": 7773.313388886741}], "totalDeposited": 2440.8792, "dollarPerVote": 0.15316830419935445, "incentiveDirected": 30.548547539347435, "incentiveDirectedUSD": 1257.6837021949339, "efficiency": 1.0563220656940657, "platform": "votemarket"}, {"gauge": "0x215d87bd3c7482e2348338815e059de07daf798a", "nonBlacklistedVotes": 23806.97896797853, "nonBlacklistedVotesBreakdowns": [{"key": "42161-155a-f2b4-9", "nonBlacklistedVotes": -7334143140902941.0}, {"key": "42161-155a-f2b4-10", "nonBlacklistedVotes": 23806.97896797853}], "totalDeposited": 2440.9291952, "dollarPerVote": 0.3022755117396626, "incentiveDirected": 93.55966913816822, "incentiveDirectedUSD": 3851.8515784183855, "efficiency": 0.5352569202829321, "platform": "votemarket"}]}