{"totalDepositedUSD": 8785.74375, "globalAverageDollarPerVote": 0.08379726664283205, "globalAverageEfficiency": 1.7693695299423686, "analytics": [{"gauge": "0xf0a3eced42dbd8353569639c0eaa833857aa0a75", "nonBlacklistedVotes": 51449.530832719254, "nonBlacklistedVotesBreakdowns": [{"key": "42161-155a-f2b4-7", "nonBlacklistedVotes": 51449.530832719254}], "totalDeposited": 3745.41375, "dollarPerVote": 0.07279782127027891, "incentiveDirected": 201.9643369467645, "incentiveDirectedUSD": 9102.532666190675, "efficiency": 2.430314318729319, "platform": "votemarket"}, {"gauge": "0x31b630b21065664ddd2dba0ed3a60d8ff59501f0", "nonBlacklistedVotes": 9046.907107969944, "nonBlacklistedVotesBreakdowns": [{"key": "42161-155a-f2b4-8", "nonBlacklistedVotes": 9046.907107969944}], "totalDeposited": 2520.14, "dollarPerVote": 0.15814202118030304, "incentiveDirected": 35.51349382409033, "incentiveDirectedUSD": 1600.5931666517513, "efficiency": 1.1187512723373023, "platform": "votemarket"}, {"gauge": "0x215d87bd3c7482e2348338815e059de07daf798a", "nonBlacklistedVotes": 16473.24552842128, "nonBlacklistedVotesBreakdowns": [{"key": "42161-155a-f2b4-9", "nonBlacklistedVotes": 16473.24552842128}, {"key": "42161-155a-f2b4-10", "nonBlacklistedVotes": 16120.326087325446}], "totalDeposited": 2520.19, "dollarPerVote": 0.07732168875848011, "incentiveDirected": 64.66547034852748, "incentiveDirectedUSD": 2914.4727486081333, "efficiency": 2.2881236849092113, "platform": "votemarket"}]}