{"totalDepositedUSD": 8640.272545200001, "globalAverageDollarPerVote": 0.14688623267372927, "globalAverageEfficiency": -1.2170159845820045e-11, "analytics": [{"gauge": "0xf0a3eced42dbd8353569639c0eaa833857aa0a75", "nonBlacklistedVotes": 51103.86594230834, "nonBlacklistedVotesBreakdowns": [{"key": "42161-155a-f2b4-7", "nonBlacklistedVotes": 51103.86594230834}], "totalDeposited": 3744.2137500000003, "dollarPerVote": 0.07326674178088367, "incentiveDirected": 200.83441900270861, "incentiveDirectedUSD": 8274.378062911595, "efficiency": 2.2099107090004124, "platform": "votemarket"}, {"gauge": "0x31b630b21065664ddd2dba0ed3a60d8ff59501f0", "nonBlacklistedVotes": 7773.313388886741, "nonBlacklistedVotesBreakdowns": [{"key": "42161-155a-f2b4-8", "nonBlacklistedVotes": 7773.313388886741}], "totalDeposited": 2448.0044000000003, "dollarPerVote": 0.15361541964901754, "incentiveDirected": 30.548547539347435, "incentiveDirectedUSD": 1258.6001586211144, "efficiency": 1.0540150047767574, "platform": "votemarket"}, {"gauge": "0x215d87bd3c7482e2348338815e059de07daf798a", "nonBlacklistedVotes": 23806.97896797853, "nonBlacklistedVotesBreakdowns": [{"key": "42161-155a-f2b4-9", "nonBlacklistedVotes": -7334143140902941.0}, {"key": "42161-155a-f2b4-10", "nonBlacklistedVotes": 23806.97896797853}], "totalDeposited": 2448.0543952000003, "dollarPerVote": 0.30272005430677507, "incentiveDirected": 93.55966913816822, "incentiveDirectedUSD": 3854.6583684925313, "efficiency": 0.5348603601631922, "platform": "votemarket"}]}