{"totalDepositedUSD": 8641.6284965, "globalAverageDollarPerVote": 0.14690339094101745, "globalAverageEfficiency": -1.211372033529176e-11, "analytics": [{"gauge": "0xf0a3eced42dbd8353569639c0eaa833857aa0a75", "nonBlacklistedVotes": 51103.86594230834, "nonBlacklistedVotesBreakdowns": [{"key": "42161-155a-f2b4-7", "nonBlacklistedVotes": 51103.86594230834}], "totalDeposited": 3743.3325, "dollarPerVote": 0.0732494974886222, "incentiveDirected": 200.83441900270861, "incentiveDirectedUSD": 8236.219523301079, "efficiency": 2.200237228005014, "platform": "votemarket"}, {"gauge": "0x31b630b21065664ddd2dba0ed3a60d8ff59501f0", "nonBlacklistedVotes": 7773.313388886741, "nonBlacklistedVotesBreakdowns": [{"key": "42161-155a-f2b4-8", "nonBlacklistedVotes": 7773.313388886741}], "totalDeposited": 2449.1229999999996, "dollarPerVote": 0.1536856132354422, "incentiveDirected": 30.548547539347435, "incentiveDirectedUSD": 1252.7959345886381, "efficiency": 1.0486750705820718, "platform": "votemarket"}, {"gauge": "0x215d87bd3c7482e2348338815e059de07daf798a", "nonBlacklistedVotes": 23806.97896797853, "nonBlacklistedVotesBreakdowns": [{"key": "42161-155a-f2b4-9", "nonBlacklistedVotes": -7334143140902941.0}, {"key": "42161-155a-f2b4-10", "nonBlacklistedVotes": 23806.97896797853}], "totalDeposited": 2449.1729964999995, "dollarPerVote": 0.30279374404900516, "incentiveDirected": 93.55966913816822, "incentiveDirectedUSD": 3836.8820313562783, "efficiency": 0.5322642045109183, "platform": "votemarket"}]}