{"totalDepositedUSD": 8647.74699705, "globalAverageDollarPerVote": 0.14697680971148824, "globalAverageEfficiency": -1.2113587076505851e-11, "analytics": [{"gauge": "0xf0a3eced42dbd8353569639c0eaa833857aa0a75", "nonBlacklistedVotes": 51103.86594230834, "nonBlacklistedVotesBreakdowns": [{"key": "42161-155a-f2b4-7", "nonBlacklistedVotes": 51103.86594230834}], "totalDeposited": 3742.965, "dollarPerVote": 0.07324230625184934, "incentiveDirected": 200.83441900270861, "incentiveDirectedUSD": 8236.219523301079, "efficiency": 2.2004532565228576, "platform": "votemarket"}, {"gauge": "0x31b630b21065664ddd2dba0ed3a60d8ff59501f0", "nonBlacklistedVotes": 7773.313388886741, "nonBlacklistedVotesBreakdowns": [{"key": "42161-155a-f2b4-8", "nonBlacklistedVotes": 7773.313388886741}], "totalDeposited": 2452.366, "dollarPerVote": 0.15388911564986668, "incentiveDirected": 30.548547539347435, "incentiveDirectedUSD": 1252.7959345886381, "efficiency": 1.0472883064310854, "platform": "votemarket"}, {"gauge": "0x215d87bd3c7482e2348338815e059de07daf798a", "nonBlacklistedVotes": 23806.97896797853, "nonBlacklistedVotesBreakdowns": [{"key": "42161-155a-f2b4-9", "nonBlacklistedVotes": -7334143140902941.0}, {"key": "42161-155a-f2b4-10", "nonBlacklistedVotes": 23806.97896797853}], "totalDeposited": 2452.41599705, "dollarPerVote": 0.30299772546149567, "incentiveDirected": 93.55966913816822, "incentiveDirectedUSD": 3836.8820313562783, "efficiency": 0.5319058783746777, "platform": "votemarket"}]}