{"totalDepositedUSD": 8627.739646499998, "globalAverageDollarPerVote": 0.14673786816720935, "globalAverageEfficiency": -1.2160981863056748e-11, "analytics": [{"gauge": "0xf0a3eced42dbd8353569639c0eaa833857aa0a75", "nonBlacklistedVotes": 51103.86594230834, "nonBlacklistedVotesBreakdowns": [{"key": "42161-155a-f2b4-7", "nonBlacklistedVotes": 51103.86594230834}], "totalDeposited": 3744.52125, "dollarPerVote": 0.07327275893818341, "incentiveDirected": 200.83441900270861, "incentiveDirectedUSD": 8268.353030341512, "efficiency": 2.2081202050439726, "platform": "votemarket"}, {"gauge": "0x31b630b21065664ddd2dba0ed3a60d8ff59501f0", "nonBlacklistedVotes": 7773.313388886741, "nonBlacklistedVotesBreakdowns": [{"key": "42161-155a-f2b4-8", "nonBlacklistedVotes": 7773.313388886741}], "totalDeposited": 2441.5842, "dollarPerVote": 0.15321254385466412, "incentiveDirected": 30.548547539347435, "incentiveDirectedUSD": 1257.6837021949339, "efficiency": 1.0560170559154496, "platform": "votemarket"}, {"gauge": "0x215d87bd3c7482e2348338815e059de07daf798a", "nonBlacklistedVotes": 23806.97896797853, "nonBlacklistedVotesBreakdowns": [{"key": "42161-155a-f2b4-9", "nonBlacklistedVotes": -7334143140902941.0}, {"key": "42161-155a-f2b4-10", "nonBlacklistedVotes": 23806.97896797853}], "totalDeposited": 2441.6341964999997, "dollarPerVote": 0.3023233969001605, "incentiveDirected": 93.55966913816822, "incentiveDirectedUSD": 3851.8515784183855, "efficiency": 0.5351721406601899, "platform": "votemarket"}]}