{"totalDepositedUSD": 8640.726646699999, "globalAverageDollarPerVote": 0.14689276965321366, "globalAverageEfficiency": -1.2113671877212177e-11, "analytics": [{"gauge": "0xf0a3eced42dbd8353569639c0eaa833857aa0a75", "nonBlacklistedVotes": 51103.86594230834, "nonBlacklistedVotesBreakdowns": [{"key": "42161-155a-f2b4-7", "nonBlacklistedVotes": 51103.86594230834}], "totalDeposited": 3743.1262500000003, "dollarPerVote": 0.07324546159043335, "incentiveDirected": 200.83441900270861, "incentiveDirectedUSD": 8236.219523301079, "efficiency": 2.200358463276807, "platform": "votemarket"}, {"gauge": "0x31b630b21065664ddd2dba0ed3a60d8ff59501f0", "nonBlacklistedVotes": 7773.313388886741, "nonBlacklistedVotesBreakdowns": [{"key": "42161-155a-f2b4-8", "nonBlacklistedVotes": 7773.313388886741}], "totalDeposited": 2448.7751999999996, "dollarPerVote": 0.15366378833882277, "incentiveDirected": 30.548547539347435, "incentiveDirectedUSD": 1252.7959345886381, "efficiency": 1.0488240140986298, "platform": "votemarket"}, {"gauge": "0x215d87bd3c7482e2348338815e059de07daf798a", "nonBlacklistedVotes": 23806.97896797853, "nonBlacklistedVotesBreakdowns": [{"key": "42161-155a-f2b4-9", "nonBlacklistedVotes": -7334143140902941.0}, {"key": "42161-155a-f2b4-10", "nonBlacklistedVotes": 23806.97896797853}], "totalDeposited": 2448.8251966999997, "dollarPerVote": 0.3027726447536395, "incentiveDirected": 93.55966913816822, "incentiveDirectedUSD": 3836.8820313562783, "efficiency": 0.5323012963679871, "platform": "votemarket"}]}