{"totalDepositedUSD": 8640.3779953, "globalAverageDollarPerVote": 0.14688756687263102, "globalAverageEfficiency": -1.2164227670443594e-11, "analytics": [{"gauge": "0xf0a3eced42dbd8353569639c0eaa833857aa0a75", "nonBlacklistedVotes": 51103.86594230834, "nonBlacklistedVotesBreakdowns": [{"key": "42161-155a-f2b4-7", "nonBlacklistedVotes": 51103.86594230834}], "totalDeposited": 3744.15, "dollarPerVote": 0.07326549432144347, "incentiveDirected": 200.83441900270861, "incentiveDirectedUSD": 8270.36137453154, "efficiency": 2.2088755457264106, "platform": "votemarket"}, {"gauge": "0x31b630b21065664ddd2dba0ed3a60d8ff59501f0", "nonBlacklistedVotes": 7773.313388886741, "nonBlacklistedVotesBreakdowns": [{"key": "42161-155a-f2b4-8", "nonBlacklistedVotes": 7773.313388886741}], "totalDeposited": 2448.089, "dollarPerVote": 0.1536207284076547, "incentiveDirected": 30.548547539347435, "incentiveDirectedUSD": 1257.9891876703273, "efficiency": 1.053466940494794, "platform": "votemarket"}, {"gauge": "0x215d87bd3c7482e2348338815e059de07daf798a", "nonBlacklistedVotes": 23806.97896797853, "nonBlacklistedVotesBreakdowns": [{"key": "42161-155a-f2b4-9", "nonBlacklistedVotes": -7334143140902941.0}, {"key": "42161-155a-f2b4-10", "nonBlacklistedVotes": 23806.97896797853}], "totalDeposited": 2448.1389953, "dollarPerVote": 0.3027256325226748, "incentiveDirected": 93.55966913816822, "incentiveDirectedUSD": 3852.7871751097673, "efficiency": 0.5345908683172771, "platform": "votemarket"}]}