{"totalDepositedUSD": 8623.282595749999, "globalAverageDollarPerVote": 0.14668389974456617, "globalAverageEfficiency": -1.2184795411665364e-11, "analytics": [{"gauge": "0xf0a3eced42dbd8353569639c0eaa833857aa0a75", "nonBlacklistedVotes": 51103.86594230834, "nonBlacklistedVotesBreakdowns": [{"key": "42161-155a-f2b4-7", "nonBlacklistedVotes": 51103.86594230834}], "totalDeposited": 3743.6549999999997, "dollarPerVote": 0.07325580816579022, "incentiveDirected": 200.83441900270861, "incentiveDirectedUSD": 8284.41978386173, "efficiency": 2.2129228745335054, "platform": "votemarket"}, {"gauge": "0x31b630b21065664ddd2dba0ed3a60d8ff59501f0", "nonBlacklistedVotes": 7773.313388886741, "nonBlacklistedVotesBreakdowns": [{"key": "42161-155a-f2b4-8", "nonBlacklistedVotes": 7773.313388886741}], "totalDeposited": 2439.7888, "dollarPerVote": 0.15309988019914217, "incentiveDirected": 30.548547539347435, "incentiveDirectedUSD": 1260.1275859980817, "efficiency": 1.0588476840847576, "platform": "votemarket"}, {"gauge": "0x215d87bd3c7482e2348338815e059de07daf798a", "nonBlacklistedVotes": 23806.97896797853, "nonBlacklistedVotesBreakdowns": [{"key": "42161-155a-f2b4-9", "nonBlacklistedVotes": -7334143140902941.0}, {"key": "42161-155a-f2b4-10", "nonBlacklistedVotes": 23806.97896797853}], "totalDeposited": 2439.83879575, "dollarPerVote": 0.30220913151173245, "incentiveDirected": 93.55966913816822, "incentiveDirectedUSD": 3859.336351949439, "efficiency": 0.5364148090813796, "platform": "votemarket"}]}