{"totalDepositedUSD": 7791.007327076539, "globalAverageDollarPerVote": 0.23851736125561349, "globalAverageEfficiency": -4.9656564149434726e-12, "analytics": [{"gauge": "0xf0a3eced42dbd8353569639c0eaa833857aa0a75", "nonBlacklistedVotes": 14946.35602909888, "nonBlacklistedVotesBreakdowns": [{"key": "42161-155a-f2b4-7", "nonBlacklistedVotes": 14946.35602909888}], "totalDeposited": 5381.239137026539, "dollarPerVote": 0.140564342795803, "incentiveDirected": 58.895328118279785, "incentiveDirectedUSD": 2102.5632138225883, "efficiency": 1.0007798953434783, "platform": "votemarket"}, {"gauge": "0x215d87bd3c7482e2348338815e059de07daf798a", "nonBlacklistedVotes": 23690.530963698588, "nonBlacklistedVotesBreakdowns": [{"key": "42161-155a-f2b4-9", "nonBlacklistedVotes": -7298366832898537.0}, {"key": "42161-155a-f2b4-10", "nonBlacklistedVotes": 23690.530963698588}], "totalDeposited": 2409.76819005, "dollarPerVote": 0.30031592078425373, "incentiveDirected": 93.35128854731396, "incentiveDirectedUSD": 3332.6410011391085, "efficiency": 0.4684199489152904, "platform": "votemarket"}]}