{"totalDepositedUSD": 7768.539231472361, "globalAverageDollarPerVote": 0.23763766526709776, "globalAverageEfficiency": -4.96570608188791e-12, "analytics": [{"gauge": "0xf0a3eced42dbd8353569639c0eaa833857aa0a75", "nonBlacklistedVotes": 14946.35602909888, "nonBlacklistedVotesBreakdowns": [{"key": "42161-155a-f2b4-7", "nonBlacklistedVotes": 14946.35602909888}], "totalDeposited": 5381.923241922361, "dollarPerVote": 0.1405822124263167, "incentiveDirected": 58.895328118279785, "incentiveDirectedUSD": 2102.5632138225883, "efficiency": 1.0006526846057422, "platform": "votemarket"}, {"gauge": "0x215d87bd3c7482e2348338815e059de07daf798a", "nonBlacklistedVotes": 23690.530963698588, "nonBlacklistedVotesBreakdowns": [{"key": "42161-155a-f2b4-9", "nonBlacklistedVotes": -7298366832898537.0}, {"key": "42161-155a-f2b4-10", "nonBlacklistedVotes": 23690.530963698588}], "totalDeposited": 2386.61598955, "dollarPerVote": 0.2988699506450214, "incentiveDirected": 93.35128854731396, "incentiveDirectedUSD": 3332.6410011391085, "efficiency": 0.47068622311679653, "platform": "votemarket"}]}