{"totalDepositedUSD": 7751.413710951094, "globalAverageDollarPerVote": 0.23697098558250798, "globalAverageEfficiency": -4.9656415150536656e-12, "analytics": [{"gauge": "0xf0a3eced42dbd8353569639c0eaa833857aa0a75", "nonBlacklistedVotes": 14946.35602909888, "nonBlacklistedVotesBreakdowns": [{"key": "42161-155a-f2b4-7", "nonBlacklistedVotes": 14946.35602909888}], "totalDeposited": 5382.375720751094, "dollarPerVote": 0.14059403170949114, "incentiveDirected": 58.895328118279785, "incentiveDirectedUSD": 2102.5632138225883, "efficiency": 1.0005685629876704, "platform": "votemarket"}, {"gauge": "0x215d87bd3c7482e2348338815e059de07daf798a", "nonBlacklistedVotes": 23690.530963698588, "nonBlacklistedVotesBreakdowns": [{"key": "42161-155a-f2b4-9", "nonBlacklistedVotes": -7298366832898537.0}, {"key": "42161-155a-f2b4-10", "nonBlacklistedVotes": 23690.530963698588}], "totalDeposited": 2369.0379902, "dollarPerVote": 0.29777520596040613, "incentiveDirected": 93.35128854731396, "incentiveDirectedUSD": 3332.6410011391085, "efficiency": 0.4724166601396401, "platform": "votemarket"}]}