{"totalDepositedUSD": 7775.147524999074, "globalAverageDollarPerVote": 0.23790115262023442, "globalAverageEfficiency": -4.965800451819842e-12, "analytics": [{"gauge": "0xf0a3eced42dbd8353569639c0eaa833857aa0a75", "nonBlacklistedVotes": 14946.35602909888, "nonBlacklistedVotesBreakdowns": [{"key": "42161-155a-f2b4-7", "nonBlacklistedVotes": 14946.35602909888}], "totalDeposited": 5381.481536399075, "dollarPerVote": 0.14057067455464642, "incentiveDirected": 58.895328118279785, "incentiveDirectedUSD": 2102.5632138225883, "efficiency": 1.0007348169729522, "platform": "votemarket"}, {"gauge": "0x215d87bd3c7482e2348338815e059de07daf798a", "nonBlacklistedVotes": 23690.530963698588, "nonBlacklistedVotesBreakdowns": [{"key": "42161-155a-f2b4-9", "nonBlacklistedVotes": -7298366832898537.0}, {"key": "42161-155a-f2b4-10", "nonBlacklistedVotes": 23690.530963698588}], "totalDeposited": 2393.6659885999998, "dollarPerVote": 0.2993069514130008, "incentiveDirected": 93.35128854731396, "incentiveDirectedUSD": 3332.6410011391085, "efficiency": 0.46999900138670203, "platform": "votemarket"}]}