{"totalDepositedUSD": 7740.485630217432, "globalAverageDollarPerVote": 0.23655082565451505, "globalAverageEfficiency": -5.527651532050991e-12, "analytics": [{"gauge": "0xf0a3eced42dbd8353569639c0eaa833857aa0a75", "nonBlacklistedVotes": 14946.35602909888, "nonBlacklistedVotesBreakdowns": [{"key": "42161-155a-f2b4-7", "nonBlacklistedVotes": 14946.35602909888}], "totalDeposited": 5382.408040667432, "dollarPerVote": 0.1405948759440036, "incentiveDirected": 58.895328118279785, "incentiveDirectedUSD": 2340.5003394204386, "efficiency": 1.1137914826166961, "platform": "votemarket"}, {"gauge": "0x215d87bd3c7482e2348338815e059de07daf798a", "nonBlacklistedVotes": 23690.530963698588, "nonBlacklistedVotesBreakdowns": [{"key": "42161-155a-f2b4-9", "nonBlacklistedVotes": -7298366832898537.0}, {"key": "42161-155a-f2b4-10", "nonBlacklistedVotes": 23690.530963698588}], "totalDeposited": 2358.07758955, "dollarPerVote": 0.29708943450550485, "incentiveDirected": 93.35128854731396, "incentiveDirectedUSD": 3709.7802068702567, "efficiency": 0.5270917008093087, "platform": "votemarket"}]}