{"totalDepositedUSD": 7740.49870017283, "globalAverageDollarPerVote": 0.2365825725666627, "globalAverageEfficiency": -5.515077782983181e-12, "analytics": [{"gauge": "0xf0a3eced42dbd8353569639c0eaa833857aa0a75", "nonBlacklistedVotes": 14946.35602909888, "nonBlacklistedVotesBreakdowns": [{"key": "42161-155a-f2b4-7", "nonBlacklistedVotes": 14946.35602909888}], "totalDeposited": 5381.33071012283, "dollarPerVote": 0.14056673479358828, "incentiveDirected": 58.895328118279785, "incentiveDirectedUSD": 2335.1997598897933, "efficiency": 1.1114915296229844, "platform": "votemarket"}, {"gauge": "0x215d87bd3c7482e2348338815e059de07daf798a", "nonBlacklistedVotes": 23690.530963698588, "nonBlacklistedVotesBreakdowns": [{"key": "42161-155a-f2b4-9", "nonBlacklistedVotes": -7298366832898537.0}, {"key": "42161-155a-f2b4-10", "nonBlacklistedVotes": 23690.530963698588}], "totalDeposited": 2359.1679900499994, "dollarPerVote": 0.297158964796435, "incentiveDirected": 93.35128854731396, "incentiveDirectedUSD": 3701.3785909009985, "efficiency": 0.5257749338871981, "platform": "votemarket"}]}