{"totalDepositedUSD": 7773.328484784004, "globalAverageDollarPerVote": 0.23781567310870935, "globalAverageEfficiency": -4.96565144830358e-12, "analytics": [{"gauge": "0xf0a3eced42dbd8353569639c0eaa833857aa0a75", "nonBlacklistedVotes": 14946.35602909888, "nonBlacklistedVotesBreakdowns": [{"key": "42161-155a-f2b4-7", "nonBlacklistedVotes": 14946.35602909888}], "totalDeposited": 5382.144094684005, "dollarPerVote": 0.14058798136215184, "incentiveDirected": 58.895328118279785, "incentiveDirectedUSD": 2102.5632138225883, "efficiency": 1.0006116234775089, "platform": "votemarket"}, {"gauge": "0x215d87bd3c7482e2348338815e059de07daf798a", "nonBlacklistedVotes": 23690.530963698588, "nonBlacklistedVotesBreakdowns": [{"key": "42161-155a-f2b4-9", "nonBlacklistedVotes": -7298366832898537.0}, {"key": "42161-155a-f2b4-10", "nonBlacklistedVotes": 23690.530963698588}], "totalDeposited": 2391.1843900999997, "dollarPerVote": 0.29915662401260806, "incentiveDirected": 93.35128854731396, "incentiveDirectedUSD": 3332.6410011391085, "efficiency": 0.4702351777652089, "platform": "votemarket"}]}