{"totalDepositedUSD": 7733.825231118135, "globalAverageDollarPerVote": 0.23631847630749214, "globalAverageEfficiency": -5.527806342984049e-12, "analytics": [{"gauge": "0xf0a3eced42dbd8353569639c0eaa833857aa0a75", "nonBlacklistedVotes": 14946.35602909888, "nonBlacklistedVotesBreakdowns": [{"key": "42161-155a-f2b4-7", "nonBlacklistedVotes": 14946.35602909888}], "totalDeposited": 5381.519242968136, "dollarPerVote": 0.14057165949491096, "incentiveDirected": 58.895328118279785, "incentiveDirectedUSD": 2340.5003394204386, "efficiency": 1.1139754335165355, "platform": "votemarket"}, {"gauge": "0x215d87bd3c7482e2348338815e059de07daf798a", "nonBlacklistedVotes": 23690.530963698588, "nonBlacklistedVotesBreakdowns": [{"key": "42161-155a-f2b4-9", "nonBlacklistedVotes": -7298366832898537.0}, {"key": "42161-155a-f2b4-10", "nonBlacklistedVotes": 23690.530963698588}], "totalDeposited": 2352.30598815, "dollarPerVote": 0.2967251432127884, "incentiveDirected": 93.35128854731396, "incentiveDirectedUSD": 3709.7802068702567, "efficiency": 0.5277388145489428, "platform": "votemarket"}]}