{"totalDepositedUSD": 7748.246632549826, "globalAverageDollarPerVote": 0.23686902192631865, "globalAverageEfficiency": -5.328697129659066e-12, "analytics": [{"gauge": "0xf0a3eced42dbd8353569639c0eaa833857aa0a75", "nonBlacklistedVotes": 14946.35602909888, "nonBlacklistedVotesBreakdowns": [{"key": "42161-155a-f2b4-7", "nonBlacklistedVotes": 14946.35602909888}], "totalDeposited": 5381.680842549826, "dollarPerVote": 0.14057588066747326, "incentiveDirected": 58.895328118279785, "incentiveDirectedUSD": 2256.280020211299, "efficiency": 1.073858011657059, "platform": "votemarket"}, {"gauge": "0x215d87bd3c7482e2348338815e059de07daf798a", "nonBlacklistedVotes": 23690.530963698588, "nonBlacklistedVotesBreakdowns": [{"key": "42161-155a-f2b4-9", "nonBlacklistedVotes": -7298366832898537.0}, {"key": "42161-155a-f2b4-10", "nonBlacklistedVotes": 23690.530963698588}], "totalDeposited": 2366.56579, "dollarPerVote": 0.29762036492578003, "incentiveDirected": 93.35128854731396, "incentiveDirectedUSD": 3576.2878642475985, "efficiency": 0.5072184349285325, "platform": "votemarket"}]}