{"totalDepositedUSD": 6230.92555, "globalAverageDollarPerVote": 0.15386949465951044, "globalAverageEfficiency": 1.2809765691825623, "analytics": [{"gauge": "0xf0a3eced42dbd8353569639c0eaa833857aa0a75", "nonBlacklistedVotes": 13551.560260932612, "nonBlacklistedVotesBreakdowns": [{"key": "42161-155a-f2b4-11", "nonBlacklistedVotes": 13551.560260932612}], "totalDeposited": 3746.29875, "dollarPerVote": 0.21978286, "incentiveDirected": 51.19908238113894, "incentiveDirectedUSD": 2671.056127824019, "efficiency": 0.8968088656722109, "platform": "votemarket"}, {"gauge": "0x215d87bd3c7482e2348338815e059de07daf798a", "nonBlacklistedVotes": 21952.731760685812, "nonBlacklistedVotesBreakdowns": [{"key": "42161-155a-f2b4-12", "nonBlacklistedVotes": 21952.731760685812}], "totalDeposited": 2484.6267999999995, "dollarPerVote": 0.11318075705045552, "incentiveDirected": 82.93950661508904, "incentiveDirectedUSD": 4326.954060109196, "efficiency": 1.741490536972875, "platform": "votemarket"}]}