{"totalDepositedUSD": 6262.42075, "globalAverageDollarPerVote": 0.15476376383742302, "globalAverageEfficiency": 1.2828512860946475, "analytics": [{"gauge": "0xf0a3eced42dbd8353569639c0eaa833857aa0a75", "nonBlacklistedVotes": 13551.560260932612, "nonBlacklistedVotesBreakdowns": [{"key": "42161-155a-f2b4-11", "nonBlacklistedVotes": 13551.560260932612}], "totalDeposited": 3745.05375, "dollarPerVote": 0.21970982, "incentiveDirected": 51.19908238113894, "incentiveDirectedUSD": 2690.5117791288517, "efficiency": 0.9036414188482172, "platform": "votemarket"}, {"gauge": "0x215d87bd3c7482e2348338815e059de07daf798a", "nonBlacklistedVotes": 21952.731760685812, "nonBlacklistedVotesBreakdowns": [{"key": "42161-155a-f2b4-12", "nonBlacklistedVotes": 21952.731760685812}], "totalDeposited": 2517.367, "dollarPerVote": 0.11467215230626754, "incentiveDirected": 82.93950661508904, "incentiveDirectedUSD": 4358.47107262293, "efficiency": 1.7313610103822483, "platform": "votemarket"}]}