{"totalDepositedUSD": 6232.93475, "globalAverageDollarPerVote": 0.15392495921709648, "globalAverageEfficiency": 1.280514988428868, "analytics": [{"gauge": "0xf0a3eced42dbd8353569639c0eaa833857aa0a75", "nonBlacklistedVotes": 13551.560260932612, "nonBlacklistedVotesBreakdowns": [{"key": "42161-155a-f2b4-11", "nonBlacklistedVotes": 13551.560260932612}], "totalDeposited": 3746.49375, "dollarPerVote": 0.2197943, "incentiveDirected": 51.19908238113894, "incentiveDirectedUSD": 2671.056127824019, "efficiency": 0.8967621879675419, "platform": "votemarket"}, {"gauge": "0x215d87bd3c7482e2348338815e059de07daf798a", "nonBlacklistedVotes": 21952.731760685812, "nonBlacklistedVotesBreakdowns": [{"key": "42161-155a-f2b4-12", "nonBlacklistedVotes": 21952.731760685812}], "totalDeposited": 2486.441, "dollarPerVote": 0.11326339824608335, "incentiveDirected": 82.93950661508904, "incentiveDirectedUSD": 4326.954060109196, "efficiency": 1.7402198805880358, "platform": "votemarket"}]}