{"totalDepositedUSD": 6207.374949999999, "globalAverageDollarPerVote": 0.15320652406773563, "globalAverageEfficiency": 1.2820809130800441, "analytics": [{"gauge": "0xf0a3eced42dbd8353569639c0eaa833857aa0a75", "nonBlacklistedVotes": 13551.560260932612, "nonBlacklistedVotesBreakdowns": [{"key": "42161-155a-f2b4-11", "nonBlacklistedVotes": 13551.560260932612}], "totalDeposited": 3746.23875, "dollarPerVote": 0.21977934000000002, "incentiveDirected": 51.19908238113894, "incentiveDirectedUSD": 2661.8402929954136, "efficiency": 0.8937289568099632, "platform": "votemarket"}, {"gauge": "0x215d87bd3c7482e2348338815e059de07daf798a", "nonBlacklistedVotes": 21952.731760685812, "nonBlacklistedVotesBreakdowns": [{"key": "42161-155a-f2b4-12", "nonBlacklistedVotes": 21952.731760685812}], "totalDeposited": 2461.1362, "dollarPerVote": 0.11211070343452842, "incentiveDirected": 82.93950661508904, "incentiveDirectedUSD": 4312.02494891848, "efficiency": 1.7520464527393809, "platform": "votemarket"}]}