{"totalDepositedUSD": 6220.607599999999, "globalAverageDollarPerVote": 0.1535777791821939, "globalAverageEfficiency": 1.275537568041735, "analytics": [{"gauge": "0xf0a3eced42dbd8353569639c0eaa833857aa0a75", "nonBlacklistedVotes": 13551.560260932612, "nonBlacklistedVotesBreakdowns": [{"key": "42161-155a-f2b4-11", "nonBlacklistedVotes": 13551.560260932612}], "totalDeposited": 3746.49, "dollarPerVote": 0.21979408, "incentiveDirected": 51.19908238113894, "incentiveDirectedUSD": 2654.6724214620544, "efficiency": 0.8912625261030971, "platform": "votemarket"}, {"gauge": "0x215d87bd3c7482e2348338815e059de07daf798a", "nonBlacklistedVotes": 21952.731760685812, "nonBlacklistedVotesBreakdowns": [{"key": "42161-155a-f2b4-12", "nonBlacklistedVotes": 21952.731760685812}], "totalDeposited": 2474.1176, "dollarPerVote": 0.112702037585627, "incentiveDirected": 82.93950661508904, "incentiveDirectedUSD": 4300.413417992368, "efficiency": 1.738160473047994, "platform": "votemarket"}]}