{"totalDepositedUSD": 6234.8421, "globalAverageDollarPerVote": 0.15398498094942106, "globalAverageEfficiency": 1.2721645043268923, "analytics": [{"gauge": "0xf0a3eced42dbd8353569639c0eaa833857aa0a75", "nonBlacklistedVotes": 13551.560260932612, "nonBlacklistedVotesBreakdowns": [{"key": "42161-155a-f2b4-11", "nonBlacklistedVotes": 13551.560260932612}], "totalDeposited": 3745.4025, "dollarPerVote": 0.21973028, "incentiveDirected": 51.19908238113894, "incentiveDirectedUSD": 2654.6724214620544, "efficiency": 0.8915213095041167, "platform": "votemarket"}, {"gauge": "0x215d87bd3c7482e2348338815e059de07daf798a", "nonBlacklistedVotes": 21952.731760685812, "nonBlacklistedVotesBreakdowns": [{"key": "42161-155a-f2b4-12", "nonBlacklistedVotes": 21952.731760685812}], "totalDeposited": 2489.4396, "dollarPerVote": 0.11339999172486719, "incentiveDirected": 82.93950661508904, "incentiveDirectedUSD": 4300.413417992368, "efficiency": 1.7274624449584426, "platform": "votemarket"}]}