{"totalDepositedUSD": 6207.38775, "globalAverageDollarPerVote": 0.15321424548046836, "globalAverageEfficiency": 1.282016301099248, "analytics": [{"gauge": "0xf0a3eced42dbd8353569639c0eaa833857aa0a75", "nonBlacklistedVotes": 13551.560260932612, "nonBlacklistedVotesBreakdowns": [{"key": "42161-155a-f2b4-11", "nonBlacklistedVotes": 13551.560260932612}], "totalDeposited": 3744.96375, "dollarPerVote": 0.21970454, "incentiveDirected": 51.19908238113894, "incentiveDirectedUSD": 2661.8402929954136, "efficiency": 0.894033233298603, "platform": "votemarket"}, {"gauge": "0x215d87bd3c7482e2348338815e059de07daf798a", "nonBlacklistedVotes": 21952.731760685812, "nonBlacklistedVotesBreakdowns": [{"key": "42161-155a-f2b4-12", "nonBlacklistedVotes": 21952.731760685812}], "totalDeposited": 2462.424, "dollarPerVote": 0.11216936583764248, "incentiveDirected": 82.93950661508904, "incentiveDirectedUSD": 4312.02494891848, "efficiency": 1.7511301664207624, "platform": "votemarket"}]}