{"totalDepositedUSD": 6221.6407, "globalAverageDollarPerVote": 0.15360899874179249, "globalAverageEfficiency": 1.2787217016937777, "analytics": [{"gauge": "0xf0a3eced42dbd8353569639c0eaa833857aa0a75", "nonBlacklistedVotes": 13551.560260932612, "nonBlacklistedVotesBreakdowns": [{"key": "42161-155a-f2b4-11", "nonBlacklistedVotes": 13551.560260932612}], "totalDeposited": 3746.1225, "dollarPerVote": 0.21977252, "incentiveDirected": 51.19908238113894, "incentiveDirectedUSD": 2661.8402929954136, "efficiency": 0.8937566910848647, "platform": "votemarket"}, {"gauge": "0x215d87bd3c7482e2348338815e059de07daf798a", "nonBlacklistedVotes": 21952.731760685812, "nonBlacklistedVotesBreakdowns": [{"key": "42161-155a-f2b4-12", "nonBlacklistedVotes": 21952.731760685812}], "totalDeposited": 2475.5182, "dollarPerVote": 0.11276583830142257, "incentiveDirected": 82.93950661508904, "incentiveDirectedUSD": 4312.02494891848, "efficiency": 1.7418676012636383, "platform": "votemarket"}]}