{"totalDepositedUSD": 6246.496649999999, "globalAverageDollarPerVote": 0.15431416938198622, "globalAverageEfficiency": 1.2865888743387344, "analytics": [{"gauge": "0xf0a3eced42dbd8353569639c0eaa833857aa0a75", "nonBlacklistedVotes": 13551.560260932612, "nonBlacklistedVotesBreakdowns": [{"key": "42161-155a-f2b4-11", "nonBlacklistedVotes": 13551.560260932612}], "totalDeposited": 3745.24125, "dollarPerVote": 0.21972082, "incentiveDirected": 51.19908238113894, "incentiveDirectedUSD": 2690.5117791288517, "efficiency": 0.9035961793683749, "platform": "votemarket"}, {"gauge": "0x215d87bd3c7482e2348338815e059de07daf798a", "nonBlacklistedVotes": 21952.731760685812, "nonBlacklistedVotesBreakdowns": [{"key": "42161-155a-f2b4-12", "nonBlacklistedVotes": 21952.731760685812}], "totalDeposited": 2501.2553999999996, "dollarPerVote": 0.11393822997825667, "incentiveDirected": 82.93950661508904, "incentiveDirectedUSD": 4358.47107262293, "efficiency": 1.7425134085159517, "platform": "votemarket"}]}