{"totalDepositedUSD": 6965.808093316331, "globalAverageDollarPerVote": 0.15060945329612294, "globalAverageEfficiency": 4.214764776424029, "analytics": [{"gauge": "0xf0a3eced42dbd8353569639c0eaa833857aa0a75", "nonBlacklistedVotes": 13486.093786242118, "nonBlacklistedVotesBreakdowns": [{"key": "42161-155a-f2b4-11", "nonBlacklistedVotes": 13486.093786242118}], "totalDeposited": 4514.382093316331, "dollarPerVote": 0.21979188, "incentiveDirected": 113.50767328560238, "incentiveDirectedUSD": 8560.748719200132, "efficiency": 2.888111329449381, "platform": "votemarket"}, {"gauge": "0x215d87bd3c7482e2348338815e059de07daf798a", "nonBlacklistedVotes": 22471.542262582738, "nonBlacklistedVotesBreakdowns": [{"key": "42161-155a-f2b4-12", "nonBlacklistedVotes": 22471.542262582738}], "totalDeposited": 2451.426, "dollarPerVote": 0.10909024273255415, "incentiveDirected": 189.13500957311632, "incentiveDirectedUSD": 14264.562422004432, "efficiency": 5.818883548597605, "platform": "votemarket"}]}