{"totalDepositedUSD": 6968.279900780431, "globalAverageDollarPerVote": 0.15067586519235932, "globalAverageEfficiency": 4.216258633590629, "analytics": [{"gauge": "0xf0a3eced42dbd8353569639c0eaa833857aa0a75", "nonBlacklistedVotes": 13486.093786242118, "nonBlacklistedVotesBreakdowns": [{"key": "42161-155a-f2b4-11", "nonBlacklistedVotes": 13486.093786242118}], "totalDeposited": 4514.6261007804305, "dollarPerVote": 0.21980376, "incentiveDirected": 113.50767328560238, "incentiveDirectedUSD": 8567.559179597269, "efficiency": 2.890252730394706, "platform": "votemarket"}, {"gauge": "0x215d87bd3c7482e2348338815e059de07daf798a", "nonBlacklistedVotes": 22471.542262582738, "nonBlacklistedVotesBreakdowns": [{"key": "42161-155a-f2b4-12", "nonBlacklistedVotes": 22471.542262582738}], "totalDeposited": 2453.6538, "dollarPerVote": 0.10918938145538715, "incentiveDirected": 189.13500957311632, "incentiveDirectedUSD": 14275.91052257882, "efficiency": 5.81822526168069, "platform": "votemarket"}]}