{"totalDepositedUSD": 6977.372150037879, "globalAverageDollarPerVote": 0.15092259736234503, "globalAverageEfficiency": 4.177020366745195, "analytics": [{"gauge": "0xf0a3eced42dbd8353569639c0eaa833857aa0a75", "nonBlacklistedVotes": 13486.093786242118, "nonBlacklistedVotesBreakdowns": [{"key": "42161-155a-f2b4-11", "nonBlacklistedVotes": 13486.093786242118}], "totalDeposited": 4515.267750037879, "dollarPerVote": 0.219835, "incentiveDirected": 113.50767328560238, "incentiveDirectedUSD": 8501.724729091618, "efficiency": 2.867636013303613, "platform": "votemarket"}, {"gauge": "0x215d87bd3c7482e2348338815e059de07daf798a", "nonBlacklistedVotes": 22471.542262582738, "nonBlacklistedVotesBreakdowns": [{"key": "42161-155a-f2b4-12", "nonBlacklistedVotes": 22471.542262582738}], "totalDeposited": 2462.1044, "dollarPerVote": 0.10956543931119668, "incentiveDirected": 189.13500957311632, "incentiveDirectedUSD": 14166.212217026412, "efficiency": 5.753700865416759, "platform": "votemarket"}]}