{"totalDepositedUSD": 6968.978688088653, "globalAverageDollarPerVote": 0.1507038864675252, "globalAverageEfficiency": 4.2098897897876375, "analytics": [{"gauge": "0xf0a3eced42dbd8353569639c0eaa833857aa0a75", "nonBlacklistedVotes": 13486.093786242118, "nonBlacklistedVotesBreakdowns": [{"key": "42161-155a-f2b4-11", "nonBlacklistedVotes": 13486.093786242118}], "totalDeposited": 4513.726888088654, "dollarPerVote": 0.21975998000000002, "incentiveDirected": 113.50767328560238, "incentiveDirectedUSD": 8556.208412268707, "efficiency": 2.8869985923776906, "platform": "votemarket"}, {"gauge": "0x215d87bd3c7482e2348338815e059de07daf798a", "nonBlacklistedVotes": 22471.542262582738, "nonBlacklistedVotesBreakdowns": [{"key": "42161-155a-f2b4-12", "nonBlacklistedVotes": 22471.542262582738}], "totalDeposited": 2455.2517999999995, "dollarPerVote": 0.10926049361944454, "incentiveDirected": 189.13500957311632, "incentiveDirectedUSD": 14256.997021621506, "efficiency": 5.806735187658353, "platform": "votemarket"}]}