{"totalDepositedUSD": 6972.766150037878, "globalAverageDollarPerVote": 0.1507945021785085, "globalAverageEfficiency": 4.18056861408868, "analytics": [{"gauge": "0xf0a3eced42dbd8353569639c0eaa833857aa0a75", "nonBlacklistedVotes": 13486.093786242118, "nonBlacklistedVotesBreakdowns": [{"key": "42161-155a-f2b4-11", "nonBlacklistedVotes": 13486.093786242118}], "totalDeposited": 4515.267750037879, "dollarPerVote": 0.219835, "incentiveDirected": 113.50767328560238, "incentiveDirectedUSD": 8501.724729091618, "efficiency": 2.867636013303613, "platform": "votemarket"}, {"gauge": "0x215d87bd3c7482e2348338815e059de07daf798a", "nonBlacklistedVotes": 22471.542262582738, "nonBlacklistedVotesBreakdowns": [{"key": "42161-155a-f2b4-12", "nonBlacklistedVotes": 22471.542262582738}], "totalDeposited": 2457.4984, "dollarPerVote": 0.10936046895597235, "incentiveDirected": 189.13500957311632, "incentiveDirectedUSD": 14166.212217026412, "efficiency": 5.764484817986621, "platform": "votemarket"}]}