{"totalDepositedUSD": 6964.606903016855, "globalAverageDollarPerVote": 0.15057764428615722, "globalAverageEfficiency": 4.206711815952447, "analytics": [{"gauge": "0xf0a3eced42dbd8353569639c0eaa833857aa0a75", "nonBlacklistedVotes": 13486.093786242118, "nonBlacklistedVotesBreakdowns": [{"key": "42161-155a-f2b4-11", "nonBlacklistedVotes": 13486.093786242118}], "totalDeposited": 4514.214903016855, "dollarPerVote": 0.21978374, "incentiveDirected": 113.50767328560238, "incentiveDirectedUSD": 8542.587491474435, "efficiency": 2.882091074784978, "platform": "votemarket"}, {"gauge": "0x215d87bd3c7482e2348338815e059de07daf798a", "nonBlacklistedVotes": 22471.542262582738, "nonBlacklistedVotesBreakdowns": [{"key": "42161-155a-f2b4-12", "nonBlacklistedVotes": 22471.542262582738}], "totalDeposited": 2450.392, "dollarPerVote": 0.10904422897934052, "incentiveDirected": 189.13500957311632, "incentiveDirectedUSD": 14234.300820472734, "efficiency": 5.8089892639515375, "platform": "votemarket"}]}