{"totalDepositedUSD": 6968.378282867993, "globalAverageDollarPerVote": 0.15068188095244991, "globalAverageEfficiency": 4.212738882316547, "analytics": [{"gauge": "0xf0a3eced42dbd8353569639c0eaa833857aa0a75", "nonBlacklistedVotes": 13486.093786242118, "nonBlacklistedVotesBreakdowns": [{"key": "42161-155a-f2b4-11", "nonBlacklistedVotes": 13486.093786242118}], "totalDeposited": 4514.282682867994, "dollarPerVote": 0.21978704000000002, "incentiveDirected": 113.50767328560238, "incentiveDirectedUSD": 8560.748719200132, "efficiency": 2.8881749294634425, "platform": "votemarket"}, {"gauge": "0x215d87bd3c7482e2348338815e059de07daf798a", "nonBlacklistedVotes": 22471.542262582738, "nonBlacklistedVotesBreakdowns": [{"key": "42161-155a-f2b4-12", "nonBlacklistedVotes": 22471.542262582738}], "totalDeposited": 2454.0955999999996, "dollarPerVote": 0.10920904187721477, "incentiveDirected": 189.13500957311632, "incentiveDirectedUSD": 14264.562422004432, "efficiency": 5.812553684544496, "platform": "votemarket"}]}