{"totalDepositedUSD": 6970.811688088654, "globalAverageDollarPerVote": 0.15075486312231728, "globalAverageEfficiency": 4.208466246333835, "analytics": [{"gauge": "0xf0a3eced42dbd8353569639c0eaa833857aa0a75", "nonBlacklistedVotes": 13486.093786242118, "nonBlacklistedVotesBreakdowns": [{"key": "42161-155a-f2b4-11", "nonBlacklistedVotes": 13486.093786242118}], "totalDeposited": 4513.726888088654, "dollarPerVote": 0.21975998000000002, "incentiveDirected": 113.50767328560238, "incentiveDirectedUSD": 8556.208412268707, "efficiency": 2.8869985923776906, "platform": "votemarket"}, {"gauge": "0x215d87bd3c7482e2348338815e059de07daf798a", "nonBlacklistedVotes": 22471.542262582738, "nonBlacklistedVotesBreakdowns": [{"key": "42161-155a-f2b4-12", "nonBlacklistedVotes": 22471.542262582738}], "totalDeposited": 2457.0848, "dollarPerVote": 0.1093420634546869, "incentiveDirected": 189.13500957311632, "incentiveDirectedUSD": 14256.997021621506, "efficiency": 5.8024033283757666, "platform": "votemarket"}]}