{"totalDepositedUSD": 7337.4545, "globalAverageDollarPerVote": 0.19251187064381137, "globalAverageEfficiency": 4.909481081891079, "analytics": [{"gauge": "0x5b1d12365bec01b8b672ee45912d1bbc86305dba", "nonBlacklistedVotes": 11222.623695925155, "nonBlacklistedVotesBreakdowns": [{"key": "42161-155a-f2b4-13", "nonBlacklistedVotes": 11222.623695925155}], "totalDeposited": 1000.0, "dollarPerVote": 0.08910572314414249, "incentiveDirected": 93.97427433654877, "incentiveDirectedUSD": 10606.876344366261, "efficiency": 10.606876344366261, "platform": "votemarket"}, {"gauge": "0xf0a3eced42dbd8353569639c0eaa833857aa0a75", "nonBlacklistedVotes": 14131.924325092617, "nonBlacklistedVotesBreakdowns": [{"key": "42161-155a-f2b4-14", "nonBlacklistedVotes": 14131.924325092617}], "totalDeposited": 3745.3575, "dollarPerVote": 0.25967812, "incentiveDirected": 118.33572695766325, "incentiveDirectedUSD": 13356.55350171145, "efficiency": 3.6396342786417826, "platform": "votemarket"}, {"gauge": "0x215d87bd3c7482e2348338815e059de07daf798a", "nonBlacklistedVotes": 12367.014376338559, "nonBlacklistedVotesBreakdowns": [{"key": "42161-155a-f2b4-15", "nonBlacklistedVotes": 12367.014376338559}], "totalDeposited": 2592.097, "dollarPerVote": 0.20959763780653334, "incentiveDirected": 103.55699640433112, "incentiveDirectedUSD": 11688.478184156853, "efficiency": 4.509274994013285, "platform": "votemarket"}]}