{"totalDepositedUSD": 7388.187600000001, "globalAverageDollarPerVote": 0.19385669058749372, "globalAverageEfficiency": 4.975203618425499, "analytics": [{"gauge": "0x5b1d12365bec01b8b672ee45912d1bbc86305dba", "nonBlacklistedVotes": 11222.623695925155, "nonBlacklistedVotesBreakdowns": [{"key": "42161-155a-f2b4-13", "nonBlacklistedVotes": 11222.623695925155}], "totalDeposited": 1000.0, "dollarPerVote": 0.08910572314414249, "incentiveDirected": 93.97427433654877, "incentiveDirectedUSD": 10823.95691808369, "efficiency": 10.82395691808369, "platform": "votemarket"}, {"gauge": "0xf0a3eced42dbd8353569639c0eaa833857aa0a75", "nonBlacklistedVotes": 14131.924325092617, "nonBlacklistedVotesBreakdowns": [{"key": "42161-155a-f2b4-14", "nonBlacklistedVotes": 14131.924325092617}], "totalDeposited": 3745.5750000000003, "dollarPerVote": 0.2596932, "incentiveDirected": 118.33572695766325, "incentiveDirectedUSD": 13629.909030983654, "efficiency": 3.7139074433481163, "platform": "votemarket"}, {"gauge": "0x215d87bd3c7482e2348338815e059de07daf798a", "nonBlacklistedVotes": 12367.014376338559, "nonBlacklistedVotesBreakdowns": [{"key": "42161-155a-f2b4-15", "nonBlacklistedVotes": 12367.014376338559}], "totalDeposited": 2642.6126, "dollarPerVote": 0.2136823423651898, "incentiveDirected": 103.55699640433112, "incentiveDirectedUSD": 11927.69484585086, "efficiency": 4.513599475704785, "platform": "votemarket"}]}