{"totalDepositedUSD": 7357.76425, "globalAverageDollarPerVote": 0.19305068221320815, "globalAverageEfficiency": 4.895778539240978, "analytics": [{"gauge": "0x5b1d12365bec01b8b672ee45912d1bbc86305dba", "nonBlacklistedVotes": 11222.623695925155, "nonBlacklistedVotesBreakdowns": [{"key": "42161-155a-f2b4-13", "nonBlacklistedVotes": 11222.623695925155}], "totalDeposited": 1000.0, "dollarPerVote": 0.08910572314414249, "incentiveDirected": 93.97427433654877, "incentiveDirectedUSD": 10606.876344366261, "efficiency": 10.606876344366261, "platform": "votemarket"}, {"gauge": "0xf0a3eced42dbd8353569639c0eaa833857aa0a75", "nonBlacklistedVotes": 14131.924325092617, "nonBlacklistedVotesBreakdowns": [{"key": "42161-155a-f2b4-14", "nonBlacklistedVotes": 14131.924325092617}], "totalDeposited": 3744.61125, "dollarPerVote": 0.25962638, "incentiveDirected": 118.33572695766325, "incentiveDirectedUSD": 13356.55350171145, "efficiency": 3.6403596081617526, "platform": "votemarket"}, {"gauge": "0x215d87bd3c7482e2348338815e059de07daf798a", "nonBlacklistedVotes": 12367.014376338559, "nonBlacklistedVotesBreakdowns": [{"key": "42161-155a-f2b4-15", "nonBlacklistedVotes": 12367.014376338559}], "totalDeposited": 2613.153, "dollarPerVote": 0.2113002314446782, "incentiveDirected": 103.55699640433112, "incentiveDirectedUSD": 11688.478184156853, "efficiency": 4.472940613946774, "platform": "votemarket"}]}