{"totalDepositedUSD": 7382.9856500000005, "globalAverageDollarPerVote": 0.1937191659879904, "globalAverageEfficiency": 4.978735601859259, "analytics": [{"gauge": "0x5b1d12365bec01b8b672ee45912d1bbc86305dba", "nonBlacklistedVotes": 11222.623695925155, "nonBlacklistedVotesBreakdowns": [{"key": "42161-155a-f2b4-13", "nonBlacklistedVotes": 11222.623695925155}], "totalDeposited": 1000.0, "dollarPerVote": 0.08910572314414249, "incentiveDirected": 93.97427433654877, "incentiveDirectedUSD": 10823.95691808369, "efficiency": 10.82395691808369, "platform": "votemarket"}, {"gauge": "0xf0a3eced42dbd8353569639c0eaa833857aa0a75", "nonBlacklistedVotes": 14131.924325092617, "nonBlacklistedVotesBreakdowns": [{"key": "42161-155a-f2b4-14", "nonBlacklistedVotes": 14131.924325092617}], "totalDeposited": 3744.86625, "dollarPerVote": 0.25964406, "incentiveDirected": 118.33572695766325, "incentiveDirectedUSD": 13629.909030983654, "efficiency": 3.7146103341123653, "platform": "votemarket"}, {"gauge": "0x215d87bd3c7482e2348338815e059de07daf798a", "nonBlacklistedVotes": 12367.014376338559, "nonBlacklistedVotesBreakdowns": [{"key": "42161-155a-f2b4-15", "nonBlacklistedVotes": 12367.014376338559}], "totalDeposited": 2638.1194, "dollarPerVote": 0.2133190210441928, "incentiveDirected": 103.55699640433112, "incentiveDirectedUSD": 11927.69484585086, "efficiency": 4.521286961405484, "platform": "votemarket"}]}