{"totalDepositedUSD": 7354.2182, "globalAverageDollarPerVote": 0.19295660204625728, "globalAverageEfficiency": 4.764504290327482, "analytics": [{"gauge": "0x5b1d12365bec01b8b672ee45912d1bbc86305dba", "nonBlacklistedVotes": 11222.623695925155, "nonBlacklistedVotesBreakdowns": [{"key": "42161-155a-f2b4-13", "nonBlacklistedVotes": 11222.623695925155}], "totalDeposited": 1000.0, "dollarPerVote": 0.08910572314414249, "incentiveDirected": 93.97427433654877, "incentiveDirectedUSD": 10317.435579409692, "efficiency": 10.317435579409691, "platform": "votemarket"}, {"gauge": "0xf0a3eced42dbd8353569639c0eaa833857aa0a75", "nonBlacklistedVotes": 14131.924325092617, "nonBlacklistedVotesBreakdowns": [{"key": "42161-155a-f2b4-14", "nonBlacklistedVotes": 14131.924325092617}], "totalDeposited": 3744.75, "dollarPerVote": 0.25963600000000003, "incentiveDirected": 118.33572695766325, "incentiveDirectedUSD": 12992.079462681848, "efficiency": 3.540890162752489, "platform": "votemarket"}, {"gauge": "0x215d87bd3c7482e2348338815e059de07daf798a", "nonBlacklistedVotes": 12367.014376338559, "nonBlacklistedVotesBreakdowns": [{"key": "42161-155a-f2b4-15", "nonBlacklistedVotes": 12367.014376338559}], "totalDeposited": 2609.4682000000003, "dollarPerVote": 0.21100227755800285, "incentiveDirected": 103.55699640433112, "incentiveDirectedUSD": 11369.522635231515, "efficiency": 4.357026705760014, "platform": "votemarket"}]}