{"totalDepositedUSD": 7337.776250000001, "globalAverageDollarPerVote": 0.192520454431721, "globalAverageEfficiency": 4.8018299400181865, "analytics": [{"gauge": "0x5b1d12365bec01b8b672ee45912d1bbc86305dba", "nonBlacklistedVotes": 11222.623695925155, "nonBlacklistedVotesBreakdowns": [{"key": "42161-155a-f2b4-13", "nonBlacklistedVotes": 11222.623695925155}], "totalDeposited": 1000.0, "dollarPerVote": 0.08910572314414249, "incentiveDirected": 93.97427433654877, "incentiveDirectedUSD": 10374.759886754986, "efficiency": 10.374759886754987, "platform": "votemarket"}, {"gauge": "0xf0a3eced42dbd8353569639c0eaa833857aa0a75", "nonBlacklistedVotes": 14131.924325092617, "nonBlacklistedVotesBreakdowns": [{"key": "42161-155a-f2b4-14", "nonBlacklistedVotes": 14131.924325092617}], "totalDeposited": 3745.2562500000004, "dollarPerVote": 0.25967110000000004, "incentiveDirected": 118.33572695766325, "incentiveDirectedUSD": 13064.264256126022, "efficiency": 3.56008228160987, "platform": "votemarket"}, {"gauge": "0x215d87bd3c7482e2348338815e059de07daf798a", "nonBlacklistedVotes": 12367.014376338559, "nonBlacklistedVotesBreakdowns": [{"key": "42161-155a-f2b4-15", "nonBlacklistedVotes": 12367.014376338559}], "totalDeposited": 2592.52, "dollarPerVote": 0.20963184169658536, "incentiveDirected": 103.55699640433112, "incentiveDirectedUSD": 11432.692403038156, "efficiency": 4.409876260564299, "platform": "votemarket"}]}