{"totalDepositedUSD": 7343.1831999999995, "globalAverageDollarPerVote": 0.19266380692175747, "globalAverageEfficiency": 4.90560942434342, "analytics": [{"gauge": "0x5b1d12365bec01b8b672ee45912d1bbc86305dba", "nonBlacklistedVotes": 11222.623695925155, "nonBlacklistedVotesBreakdowns": [{"key": "42161-155a-f2b4-13", "nonBlacklistedVotes": 11222.623695925155}], "totalDeposited": 1000.0, "dollarPerVote": 0.08910572314414249, "incentiveDirected": 93.97427433654877, "incentiveDirectedUSD": 10606.876344366261, "efficiency": 10.606876344366261, "platform": "votemarket"}, {"gauge": "0xf0a3eced42dbd8353569639c0eaa833857aa0a75", "nonBlacklistedVotes": 14131.924325092617, "nonBlacklistedVotesBreakdowns": [{"key": "42161-155a-f2b4-14", "nonBlacklistedVotes": 14131.924325092617}], "totalDeposited": 3745.23, "dollarPerVote": 0.25966928, "incentiveDirected": 118.33572695766325, "incentiveDirectedUSD": 13356.55350171145, "efficiency": 3.6397581838146364, "platform": "votemarket"}, {"gauge": "0x215d87bd3c7482e2348338815e059de07daf798a", "nonBlacklistedVotes": 12367.014376338559, "nonBlacklistedVotesBreakdowns": [{"key": "42161-155a-f2b4-15", "nonBlacklistedVotes": 12367.014376338559}], "totalDeposited": 2597.9532, "dollarPerVote": 0.21007117166214237, "incentiveDirected": 103.55699640433112, "incentiveDirectedUSD": 11688.478184156853, "efficiency": 4.499110370485832, "platform": "votemarket"}]}