{"totalDepositedUSD": 7352.159, "globalAverageDollarPerVote": 0.1929018921708075, "globalAverageEfficiency": 4.765855575342732, "analytics": [{"gauge": "0x5b1d12365bec01b8b672ee45912d1bbc86305dba", "nonBlacklistedVotes": 11222.623695925155, "nonBlacklistedVotesBreakdowns": [{"key": "42161-155a-f2b4-13", "nonBlacklistedVotes": 11222.623695925155}], "totalDeposited": 1000.0, "dollarPerVote": 0.08910572314414249, "incentiveDirected": 93.97427433654877, "incentiveDirectedUSD": 10317.435579409692, "efficiency": 10.317435579409691, "platform": "votemarket"}, {"gauge": "0xf0a3eced42dbd8353569639c0eaa833857aa0a75", "nonBlacklistedVotes": 14131.924325092617, "nonBlacklistedVotesBreakdowns": [{"key": "42161-155a-f2b4-14", "nonBlacklistedVotes": 14131.924325092617}], "totalDeposited": 3744.975, "dollarPerVote": 0.2596516, "incentiveDirected": 118.33572695766325, "incentiveDirectedUSD": 12992.079462681848, "efficiency": 3.540677424273162, "platform": "votemarket"}, {"gauge": "0x215d87bd3c7482e2348338815e059de07daf798a", "nonBlacklistedVotes": 12367.014376338559, "nonBlacklistedVotesBreakdowns": [{"key": "42161-155a-f2b4-15", "nonBlacklistedVotes": 12367.014376338559}], "totalDeposited": 2607.1839999999997, "dollarPerVote": 0.21081757655172192, "incentiveDirected": 103.55699640433112, "incentiveDirectedUSD": 11369.522635231515, "efficiency": 4.360843973893487, "platform": "votemarket"}]}