{"totalDepositedUSD": 7395.109850000001, "globalAverageDollarPerVote": 0.1940405950282216, "globalAverageEfficiency": 4.892379399594377, "analytics": [{"gauge": "0x5b1d12365bec01b8b672ee45912d1bbc86305dba", "nonBlacklistedVotes": 11222.623695925155, "nonBlacklistedVotesBreakdowns": [{"key": "42161-155a-f2b4-13", "nonBlacklistedVotes": 11222.623695925155}], "totalDeposited": 1000.0, "dollarPerVote": 0.08910572314414249, "incentiveDirected": 93.97427433654877, "incentiveDirectedUSD": 10653.863481534536, "efficiency": 10.653863481534536, "platform": "votemarket"}, {"gauge": "0xf0a3eced42dbd8353569639c0eaa833857aa0a75", "nonBlacklistedVotes": 14131.924325092617, "nonBlacklistedVotesBreakdowns": [{"key": "42161-155a-f2b4-14", "nonBlacklistedVotes": 14131.924325092617}], "totalDeposited": 3744.8362500000003, "dollarPerVote": 0.25964198, "incentiveDirected": 118.33572695766325, "incentiveDirectedUSD": 13415.721365190282, "efficiency": 3.6562662547909484, "platform": "votemarket"}, {"gauge": "0x215d87bd3c7482e2348338815e059de07daf798a", "nonBlacklistedVotes": 12367.014376338559, "nonBlacklistedVotesBreakdowns": [{"key": "42161-155a-f2b4-15", "nonBlacklistedVotes": 12367.014376338559}], "totalDeposited": 2650.2736, "dollarPerVote": 0.21430181281835411, "incentiveDirected": 103.55699640433112, "incentiveDirectedUSD": 11740.256682359019, "efficiency": 4.429828181648498, "platform": "votemarket"}]}