{"totalDepositedUSD": 7199.541956423902, "globalAverageDollarPerVote": 0.1872882979703163, "globalAverageEfficiency": 4.052095932277659, "analytics": [{"gauge": "0x5b1d12365bec01b8b672ee45912d1bbc86305dba", "nonBlacklistedVotes": 11167.82931543556, "nonBlacklistedVotesBreakdowns": [{"key": "42161-155a-f2b4-13", "nonBlacklistedVotes": 11167.82931543556}], "totalDeposited": 1000.0, "dollarPerVote": 0.08954291579455419, "incentiveDirected": 93.76456494158042, "incentiveDirectedUSD": 8475.379025069455, "efficiency": 8.475379025069454, "platform": "votemarket"}, {"gauge": "0xf0a3eced42dbd8353569639c0eaa833857aa0a75", "nonBlacklistedVotes": 14063.654159270913, "nonBlacklistedVotesBreakdowns": [{"key": "42161-155a-f2b4-14", "nonBlacklistedVotes": 14063.654159270913}], "totalDeposited": 3823.9551564239027, "dollarPerVote": 0.25988144, "incentiveDirected": 118.07777290348525, "incentiveDirectedUSD": 10673.049892746032, "efficiency": 2.920216812592407, "platform": "votemarket"}, {"gauge": "0x215d87bd3c7482e2348338815e059de07daf798a", "nonBlacklistedVotes": 12306.737389939257, "nonBlacklistedVotesBreakdowns": [{"key": "42161-155a-f2b4-15", "nonBlacklistedVotes": 12306.737389939257}], "totalDeposited": 2375.5867999999996, "dollarPerVote": 0.19303140424057794, "incentiveDirected": 103.3267830860406, "incentiveDirectedUSD": 9339.70792314721, "efficiency": 3.931537219834363, "platform": "votemarket"}]}