{"totalDepositedUSD": 7203.113956423902, "globalAverageDollarPerVote": 0.18738345431810594, "globalAverageEfficiency": 4.035252145292785, "analytics": [{"gauge": "0x5b1d12365bec01b8b672ee45912d1bbc86305dba", "nonBlacklistedVotes": 11167.82931543556, "nonBlacklistedVotesBreakdowns": [{"key": "42161-155a-f2b4-13", "nonBlacklistedVotes": 11167.82931543556}], "totalDeposited": 1000.0, "dollarPerVote": 0.08954291579455419, "incentiveDirected": 93.76456494158042, "incentiveDirectedUSD": 8444.436718638734, "efficiency": 8.444436718638732, "platform": "votemarket"}, {"gauge": "0xf0a3eced42dbd8353569639c0eaa833857aa0a75", "nonBlacklistedVotes": 14063.654159270913, "nonBlacklistedVotesBreakdowns": [{"key": "42161-155a-f2b4-14", "nonBlacklistedVotes": 14063.654159270913}], "totalDeposited": 3823.9551564239027, "dollarPerVote": 0.25988144, "incentiveDirected": 118.07777290348525, "incentiveDirectedUSD": 10634.084227687881, "efficiency": 2.909555549751877, "platform": "votemarket"}, {"gauge": "0x215d87bd3c7482e2348338815e059de07daf798a", "nonBlacklistedVotes": 12306.737389939257, "nonBlacklistedVotesBreakdowns": [{"key": "42161-155a-f2b4-15", "nonBlacklistedVotes": 12306.737389939257}], "totalDeposited": 2379.1587999999997, "dollarPerVote": 0.1933216517600318, "incentiveDirected": 103.3267830860406, "incentiveDirectedUSD": 9305.610084728818, "efficiency": 3.9113026355066416, "platform": "votemarket"}]}