{"totalDepositedUSD": 7188.271356423902, "globalAverageDollarPerVote": 0.18698805465189589, "globalAverageEfficiency": 4.04423398576318, "analytics": [{"gauge": "0x5b1d12365bec01b8b672ee45912d1bbc86305dba", "nonBlacklistedVotes": 11167.82931543556, "nonBlacklistedVotesBreakdowns": [{"key": "42161-155a-f2b4-13", "nonBlacklistedVotes": 11167.82931543556}], "totalDeposited": 1000.0, "dollarPerVote": 0.08954291579455419, "incentiveDirected": 93.76456494158042, "incentiveDirectedUSD": 8445.374364288147, "efficiency": 8.445374364288147, "platform": "votemarket"}, {"gauge": "0xf0a3eced42dbd8353569639c0eaa833857aa0a75", "nonBlacklistedVotes": 14063.654159270913, "nonBlacklistedVotesBreakdowns": [{"key": "42161-155a-f2b4-14", "nonBlacklistedVotes": 14063.654159270913}], "totalDeposited": 3823.9551564239027, "dollarPerVote": 0.25988144, "incentiveDirected": 118.07777290348525, "incentiveDirectedUSD": 10635.265005416915, "efficiency": 2.909878618322802, "platform": "votemarket"}, {"gauge": "0x215d87bd3c7482e2348338815e059de07daf798a", "nonBlacklistedVotes": 12306.737389939257, "nonBlacklistedVotesBreakdowns": [{"key": "42161-155a-f2b4-15", "nonBlacklistedVotes": 12306.737389939257}], "totalDeposited": 2364.3161999999998, "dollarPerVote": 0.19211559693577482, "incentiveDirected": 103.3267830860406, "incentiveDirectedUSD": 9306.643352559677, "efficiency": 3.9362938648221744, "platform": "votemarket"}]}