{"totalDepositedUSD": 7196.413590789132, "globalAverageDollarPerVote": 0.18720586554557456, "globalAverageEfficiency": 4.066886335999289, "analytics": [{"gauge": "0x5b1d12365bec01b8b672ee45912d1bbc86305dba", "nonBlacklistedVotes": 11167.82931543556, "nonBlacklistedVotesBreakdowns": [{"key": "42161-155a-f2b4-13", "nonBlacklistedVotes": 11167.82931543556}], "totalDeposited": 1000.0, "dollarPerVote": 0.08954291579455419, "incentiveDirected": 93.76456494158042, "incentiveDirectedUSD": 8502.570748902514, "efficiency": 8.502570748902514, "platform": "votemarket"}, {"gauge": "0xf0a3eced42dbd8353569639c0eaa833857aa0a75", "nonBlacklistedVotes": 14063.654159270913, "nonBlacklistedVotesBreakdowns": [{"key": "42161-155a-f2b4-14", "nonBlacklistedVotes": 14063.654159270913}], "totalDeposited": 3823.186190789132, "dollarPerVote": 0.25982918, "incentiveDirected": 118.07777290348525, "incentiveDirectedUSD": 10707.292446888043, "efficiency": 2.930175035021922, "platform": "votemarket"}, {"gauge": "0x215d87bd3c7482e2348338815e059de07daf798a", "nonBlacklistedVotes": 12306.737389939257, "nonBlacklistedVotesBreakdowns": [{"key": "42161-155a-f2b4-15", "nonBlacklistedVotes": 12306.737389939257}], "totalDeposited": 2373.2273999999998, "dollarPerVote": 0.19283968811588603, "incentiveDirected": 103.3267830860406, "incentiveDirectedUSD": 9369.672690242163, "efficiency": 3.948072017979467, "platform": "votemarket"}]}