{"totalDepositedUSD": 7198.599318264793, "globalAverageDollarPerVote": 0.18726375431083972, "globalAverageEfficiency": 4.061593999738121, "analytics": [{"gauge": "0x5b1d12365bec01b8b672ee45912d1bbc86305dba", "nonBlacklistedVotes": 11167.82931543556, "nonBlacklistedVotesBreakdowns": [{"key": "42161-155a-f2b4-13", "nonBlacklistedVotes": 11167.82931543556}], "totalDeposited": 1000.0, "dollarPerVote": 0.08954291579455419, "incentiveDirected": 93.76456494158042, "incentiveDirectedUSD": 8494.131938057772, "efficiency": 8.494131938057771, "platform": "votemarket"}, {"gauge": "0xf0a3eced42dbd8353569639c0eaa833857aa0a75", "nonBlacklistedVotes": 14063.654159270913, "nonBlacklistedVotesBreakdowns": [{"key": "42161-155a-f2b4-14", "nonBlacklistedVotes": 14063.654159270913}], "totalDeposited": 3823.473118264793, "dollarPerVote": 0.25984868, "incentiveDirected": 118.07777290348525, "incentiveDirectedUSD": 10696.66544732673, "efficiency": 2.927047160206241, "platform": "votemarket"}, {"gauge": "0x215d87bd3c7482e2348338815e059de07daf798a", "nonBlacklistedVotes": 12306.737389939257, "nonBlacklistedVotesBreakdowns": [{"key": "42161-155a-f2b4-15", "nonBlacklistedVotes": 12306.737389939257}], "totalDeposited": 2375.1261999999997, "dollarPerVote": 0.19299397758675363, "incentiveDirected": 103.3267830860406, "incentiveDirectedUSD": 9360.373279764419, "efficiency": 3.9410003896906276, "platform": "votemarket"}]}