{"totalDepositedUSD": 7188.019305024552, "globalAverageDollarPerVote": 0.18698134913697365, "globalAverageEfficiency": 4.024172840679153, "analytics": [{"gauge": "0x5b1d12365bec01b8b672ee45912d1bbc86305dba", "nonBlacklistedVotes": 11167.82931543556, "nonBlacklistedVotesBreakdowns": [{"key": "42161-155a-f2b4-13", "nonBlacklistedVotes": 11167.82931543556}], "totalDeposited": 1000.0, "dollarPerVote": 0.08954291579455419, "incentiveDirected": 93.76456494158042, "incentiveDirectedUSD": 8403.180310064437, "efficiency": 8.403180310064437, "platform": "votemarket"}, {"gauge": "0xf0a3eced42dbd8353569639c0eaa833857aa0a75", "nonBlacklistedVotes": 14063.654159270913, "nonBlacklistedVotesBreakdowns": [{"key": "42161-155a-f2b4-14", "nonBlacklistedVotes": 14063.654159270913}], "totalDeposited": 3823.947505024552, "dollarPerVote": 0.25988092, "incentiveDirected": 118.07777290348525, "incentiveDirectedUSD": 10582.130007610349, "efficiency": 2.8953463259655834, "platform": "votemarket"}, {"gauge": "0x215d87bd3c7482e2348338815e059de07daf798a", "nonBlacklistedVotes": 12306.737389939257, "nonBlacklistedVotesBreakdowns": [{"key": "42161-155a-f2b4-15", "nonBlacklistedVotes": 12306.737389939257}], "totalDeposited": 2364.0717999999997, "dollarPerVote": 0.1920957378949701, "incentiveDirected": 103.3267830860406, "incentiveDirectedUSD": 9260.14630017096, "efficiency": 3.917032596121218, "platform": "votemarket"}]}