{"totalDepositedUSD": 7201.552252602485, "globalAverageDollarPerVote": 0.18734155388546964, "globalAverageEfficiency": 4.063940758555157, "analytics": [{"gauge": "0x5b1d12365bec01b8b672ee45912d1bbc86305dba", "nonBlacklistedVotes": 11167.82931543556, "nonBlacklistedVotesBreakdowns": [{"key": "42161-155a-f2b4-13", "nonBlacklistedVotes": 11167.82931543556}], "totalDeposited": 1000.0, "dollarPerVote": 0.08954291579455419, "incentiveDirected": 93.76456494158042, "incentiveDirectedUSD": 8502.570748902514, "efficiency": 8.502570748902514, "platform": "votemarket"}, {"gauge": "0xf0a3eced42dbd8353569639c0eaa833857aa0a75", "nonBlacklistedVotes": 14063.654159270913, "nonBlacklistedVotesBreakdowns": [{"key": "42161-155a-f2b4-14", "nonBlacklistedVotes": 14063.654159270913}], "totalDeposited": 3824.2076526024844, "dollarPerVote": 0.25989860000000004, "incentiveDirected": 118.07777290348525, "incentiveDirectedUSD": 10707.292446888043, "efficiency": 2.9293923730494016, "platform": "votemarket"}, {"gauge": "0x215d87bd3c7482e2348338815e059de07daf798a", "nonBlacklistedVotes": 12306.737389939257, "nonBlacklistedVotesBreakdowns": [{"key": "42161-155a-f2b4-15", "nonBlacklistedVotes": 12306.737389939257}], "totalDeposited": 2377.3446, "dollarPerVote": 0.19317423657251973, "incentiveDirected": 103.3267830860406, "incentiveDirectedUSD": 9369.672690242163, "efficiency": 3.9412345565056754, "platform": "votemarket"}]}