{"totalDepositedUSD": 7090.102649999999, "globalAverageDollarPerVote": 0.24833035528723738, "globalAverageEfficiency": 2.8977848300605418, "analytics": [{"gauge": "0xf0a3eced42dbd8353569639c0eaa833857aa0a75", "nonBlacklistedVotes": 12252.370480346071, "nonBlacklistedVotesBreakdowns": [{"key": "42161-155a-f2b4-16", "nonBlacklistedVotes": 12252.370480346071}], "totalDeposited": 3748.09125, "dollarPerVote": 0.3059074369333088, "incentiveDirected": 102.76110766092819, "incentiveDirectedUSD": 8816.903037307638, "efficiency": 2.352371500375728, "platform": "votemarket"}, {"gauge": "0x5b1d12365bec01b8b672ee45912d1bbc86305dba", "nonBlacklistedVotes": 3282.336509049565, "nonBlacklistedVotesBreakdowns": [{"key": "42161-155a-f2b4-17", "nonBlacklistedVotes": 3282.336509049565}], "totalDeposited": 1050.0, "dollarPerVote": 0.2698617848972401, "incentiveDirected": 27.529083937421923, "incentiveDirectedUSD": 2361.995401830801, "efficiency": 2.6665796221162568, "platform": "votemarket"}, {"gauge": "0x215d87bd3c7482e2348338815e059de07daf798a", "nonBlacklistedVotes": 12355.076484535704, "nonBlacklistedVotesBreakdowns": [{"key": "42161-155a-f2b4-18", "nonBlacklistedVotes": 12355.076484535704}], "totalDeposited": 2292.0114, "dollarPerVote": 0.18551171276590703, "incentiveDirected": 103.62250691186372, "incentiveDirectedUSD": 8890.811093037906, "efficiency": 3.879043137847354, "platform": "votemarket"}]}