{"totalDepositedUSD": 7066.5259, "globalAverageDollarPerVote": 0.247485000929358, "globalAverageEfficiency": 2.907005244421028, "analytics": [{"gauge": "0xf0a3eced42dbd8353569639c0eaa833857aa0a75", "nonBlacklistedVotes": 12252.370480346071, "nonBlacklistedVotesBreakdowns": [{"key": "42161-155a-f2b4-16", "nonBlacklistedVotes": 12252.370480346071}], "totalDeposited": 3747.2625, "dollarPerVote": 0.3058397969610006, "incentiveDirected": 102.76110766092819, "incentiveDirectedUSD": 8814.84781515442, "efficiency": 2.352343294646271, "platform": "votemarket"}, {"gauge": "0x5b1d12365bec01b8b672ee45912d1bbc86305dba", "nonBlacklistedVotes": 3282.336509049565, "nonBlacklistedVotesBreakdowns": [{"key": "42161-155a-f2b4-17", "nonBlacklistedVotes": 3282.336509049565}], "totalDeposited": 1050.0, "dollarPerVote": 0.2698617848972401, "incentiveDirected": 27.529083937421923, "incentiveDirectedUSD": 2361.4448201520527, "efficiency": 2.665958041784761, "platform": "votemarket"}, {"gauge": "0x215d87bd3c7482e2348338815e059de07daf798a", "nonBlacklistedVotes": 12355.076484535704, "nonBlacklistedVotesBreakdowns": [{"key": "42161-155a-f2b4-18", "nonBlacklistedVotes": 12355.076484535704}], "totalDeposited": 2269.2634, "dollarPerVote": 0.18367052626831853, "incentiveDirected": 103.62250691186372, "incentiveDirectedUSD": 8888.73864289967, "efficiency": 3.9170149410155166, "platform": "votemarket"}]}