{"totalDepositedUSD": 7083.35555, "globalAverageDollarPerVote": 0.24808843515880377, "globalAverageEfficiency": 2.916161625265746, "analytics": [{"gauge": "0xf0a3eced42dbd8353569639c0eaa833857aa0a75", "nonBlacklistedVotes": 12252.370480346071, "nonBlacklistedVotesBreakdowns": [{"key": "42161-155a-f2b4-16", "nonBlacklistedVotes": 12252.370480346071}], "totalDeposited": 3748.0087500000004, "dollarPerVote": 0.3059007035424003, "incentiveDirected": 102.76110766092819, "incentiveDirectedUSD": 8864.173146831667, "efficiency": 2.365035339587098, "platform": "votemarket"}, {"gauge": "0x5b1d12365bec01b8b672ee45912d1bbc86305dba", "nonBlacklistedVotes": 3282.336509049565, "nonBlacklistedVotesBreakdowns": [{"key": "42161-155a-f2b4-17", "nonBlacklistedVotes": 3282.336509049565}], "totalDeposited": 1050.0, "dollarPerVote": 0.2698617848972401, "incentiveDirected": 27.529083937421923, "incentiveDirectedUSD": 2374.658780442015, "efficiency": 2.680875969740656, "platform": "votemarket"}, {"gauge": "0x215d87bd3c7482e2348338815e059de07daf798a", "nonBlacklistedVotes": 12355.076484535704, "nonBlacklistedVotesBreakdowns": [{"key": "42161-155a-f2b4-18", "nonBlacklistedVotes": 12355.076484535704}], "totalDeposited": 2285.3468, "dollarPerVote": 0.1849722907713656, "incentiveDirected": 103.62250691186372, "incentiveDirectedUSD": 8938.477446217365, "efficiency": 3.911212707943217, "platform": "votemarket"}]}