{"totalDepositedUSD": 7069.1056, "globalAverageDollarPerVote": 0.2475774971655662, "globalAverageEfficiency": 2.8757691597987374, "analytics": [{"gauge": "0xf0a3eced42dbd8353569639c0eaa833857aa0a75", "nonBlacklistedVotes": 12252.370480346071, "nonBlacklistedVotesBreakdowns": [{"key": "42161-155a-f2b4-16", "nonBlacklistedVotes": 12252.370480346071}], "totalDeposited": 3747.135, "dollarPerVote": 0.30582939081141475, "incentiveDirected": 102.76110766092819, "incentiveDirectedUSD": 8723.390429336194, "efficiency": 2.3280160520867796, "platform": "votemarket"}, {"gauge": "0x5b1d12365bec01b8b672ee45912d1bbc86305dba", "nonBlacklistedVotes": 3282.336509049565, "nonBlacklistedVotesBreakdowns": [{"key": "42161-155a-f2b4-17", "nonBlacklistedVotes": 3282.336509049565}], "totalDeposited": 1050.0, "dollarPerVote": 0.2698617848972401, "incentiveDirected": 27.529083937421923, "incentiveDirectedUSD": 2336.943935447747, "efficiency": 2.6382977170332054, "platform": "votemarket"}, {"gauge": "0x215d87bd3c7482e2348338815e059de07daf798a", "nonBlacklistedVotes": 12355.076484535704, "nonBlacklistedVotesBreakdowns": [{"key": "42161-155a-f2b4-18", "nonBlacklistedVotes": 12355.076484535704}], "totalDeposited": 2271.9705999999996, "dollarPerVote": 0.18388964267794888, "incentiveDirected": 103.62250691186372, "incentiveDirectedUSD": 8796.51461174811, "efficiency": 3.8717554759503106, "platform": "votemarket"}]}