{"totalDepositedUSD": 7081.7143, "globalAverageDollarPerVote": 0.24802958744485376, "globalAverageEfficiency": 2.9817776845165778, "analytics": [{"gauge": "0xf0a3eced42dbd8353569639c0eaa833857aa0a75", "nonBlacklistedVotes": 12252.370480346071, "nonBlacklistedVotesBreakdowns": [{"key": "42161-155a-f2b4-16", "nonBlacklistedVotes": 12252.370480346071}], "totalDeposited": 3747.3075, "dollarPerVote": 0.30584346971967796, "incentiveDirected": 102.76110766092819, "incentiveDirectedUSD": 9061.47447354065, "efficiency": 2.418129409860453, "platform": "votemarket"}, {"gauge": "0x5b1d12365bec01b8b672ee45912d1bbc86305dba", "nonBlacklistedVotes": 3282.336509049565, "nonBlacklistedVotesBreakdowns": [{"key": "42161-155a-f2b4-17", "nonBlacklistedVotes": 3282.336509049565}], "totalDeposited": 1050.0, "dollarPerVote": 0.2698617848972401, "incentiveDirected": 27.529083937421923, "incentiveDirectedUSD": 2427.514621601865, "efficiency": 2.740547681564237, "platform": "votemarket"}, {"gauge": "0x215d87bd3c7482e2348338815e059de07daf798a", "nonBlacklistedVotes": 12355.076484535704, "nonBlacklistedVotesBreakdowns": [{"key": "42161-155a-f2b4-18", "nonBlacklistedVotes": 12355.076484535704}], "totalDeposited": 2284.4067999999997, "dollarPerVote": 0.1848962086846884, "incentiveDirected": 103.62250691186372, "incentiveDirectedUSD": 9137.432659488142, "efficiency": 3.9999148398123063, "platform": "votemarket"}]}