{"totalDepositedUSD": 7069.391449999999, "globalAverageDollarPerVote": 0.24758774643839643, "globalAverageEfficiency": 2.875650112943069, "analytics": [{"gauge": "0xf0a3eced42dbd8353569639c0eaa833857aa0a75", "nonBlacklistedVotes": 12252.370480346071, "nonBlacklistedVotesBreakdowns": [{"key": "42161-155a-f2b4-16", "nonBlacklistedVotes": 12252.370480346071}], "totalDeposited": 3747.80625, "dollarPerVote": 0.3058841761283521, "incentiveDirected": 102.76110766092819, "incentiveDirectedUSD": 8723.390429336194, "efficiency": 2.3275990932925614, "platform": "votemarket"}, {"gauge": "0x5b1d12365bec01b8b672ee45912d1bbc86305dba", "nonBlacklistedVotes": 3282.336509049565, "nonBlacklistedVotesBreakdowns": [{"key": "42161-155a-f2b4-17", "nonBlacklistedVotes": 3282.336509049565}], "totalDeposited": 1050.0, "dollarPerVote": 0.2698617848972401, "incentiveDirected": 27.529083937421923, "incentiveDirectedUSD": 2336.943935447747, "efficiency": 2.6382977170332054, "platform": "votemarket"}, {"gauge": "0x215d87bd3c7482e2348338815e059de07daf798a", "nonBlacklistedVotes": 12355.076484535704, "nonBlacklistedVotesBreakdowns": [{"key": "42161-155a-f2b4-18", "nonBlacklistedVotes": 12355.076484535704}], "totalDeposited": 2271.5852, "dollarPerVote": 0.18385844902241127, "incentiveDirected": 103.62250691186372, "incentiveDirectedUSD": 8796.51461174811, "efficiency": 3.8724123628504494, "platform": "votemarket"}]}