{"totalDepositedUSD": 7073.531199999999, "globalAverageDollarPerVote": 0.2477361789281599, "globalAverageEfficiency": 2.904057851904685, "analytics": [{"gauge": "0xf0a3eced42dbd8353569639c0eaa833857aa0a75", "nonBlacklistedVotes": 12252.370480346071, "nonBlacklistedVotesBreakdowns": [{"key": "42161-155a-f2b4-16", "nonBlacklistedVotes": 12252.370480346071}], "totalDeposited": 3747.105, "dollarPerVote": 0.30582694230562985, "incentiveDirected": 102.76110766092819, "incentiveDirectedUSD": 8814.84781515442, "efficiency": 2.3524421693959523, "platform": "votemarket"}, {"gauge": "0x5b1d12365bec01b8b672ee45912d1bbc86305dba", "nonBlacklistedVotes": 3282.336509049565, "nonBlacklistedVotesBreakdowns": [{"key": "42161-155a-f2b4-17", "nonBlacklistedVotes": 3282.336509049565}], "totalDeposited": 1050.0, "dollarPerVote": 0.2698617848972401, "incentiveDirected": 27.529083937421923, "incentiveDirectedUSD": 2361.4448201520527, "efficiency": 2.665958041784761, "platform": "votemarket"}, {"gauge": "0x215d87bd3c7482e2348338815e059de07daf798a", "nonBlacklistedVotes": 12355.076484535704, "nonBlacklistedVotesBreakdowns": [{"key": "42161-155a-f2b4-18", "nonBlacklistedVotes": 12355.076484535704}], "totalDeposited": 2276.4262, "dollarPerVote": 0.18425027176879888, "incentiveDirected": 103.62250691186372, "incentiveDirectedUSD": 8888.73864289967, "efficiency": 3.9046900105523608, "platform": "votemarket"}]}