{"totalDepositedUSD": 7405.143811034508, "globalAverageDollarPerVote": 0.25482683776089876, "globalAverageEfficiency": 2.4833752867277283, "analytics": [{"gauge": "0xf0a3eced42dbd8353569639c0eaa833857aa0a75", "nonBlacklistedVotes": 12192.89295374245, "nonBlacklistedVotesBreakdowns": [{"key": "42161-155a-f2b4-16", "nonBlacklistedVotes": 12192.89295374245}], "totalDeposited": 3747.72, "dollarPerVote": 0.30736922026775326, "incentiveDirected": 102.52506820208247, "incentiveDirectedUSD": 7716.0366328887285, "efficiency": 2.0588615565967388, "platform": "votemarket"}, {"gauge": "0x5b1d12365bec01b8b672ee45912d1bbc86305dba", "nonBlacklistedVotes": 3265.9852786226056, "nonBlacklistedVotesBreakdowns": [{"key": "42161-155a-f2b4-17", "nonBlacklistedVotes": 3265.9852786226056}], "totalDeposited": 1214.2228110345084, "dollarPerVote": 0.2698617848972401, "incentiveDirected": 27.4623393076705, "incentiveDirectedUSD": 2066.815656295282, "efficiency": 2.345017733916516, "platform": "votemarket"}, {"gauge": "0x215d87bd3c7482e2348338815e059de07daf798a", "nonBlacklistedVotes": 12294.421533388251, "nonBlacklistedVotesBreakdowns": [{"key": "42161-155a-f2b4-18", "nonBlacklistedVotes": 12294.421533388251}], "totalDeposited": 2443.201, "dollarPerVote": 0.19872435586863044, "incentiveDirected": 103.37878065507759, "incentiveDirectedUSD": 7780.2870321011405, "efficiency": 3.184464574179996, "platform": "votemarket"}]}