{"totalDepositedUSD": 7407.084161034508, "globalAverageDollarPerVote": 0.25489675196988926, "globalAverageEfficiency": 2.4826941355657133, "analytics": [{"gauge": "0xf0a3eced42dbd8353569639c0eaa833857aa0a75", "nonBlacklistedVotes": 12192.89295374245, "nonBlacklistedVotesBreakdowns": [{"key": "42161-155a-f2b4-16", "nonBlacklistedVotes": 12192.89295374245}], "totalDeposited": 3747.64875, "dollarPerVote": 0.3073633766996788, "incentiveDirected": 102.52506820208247, "incentiveDirectedUSD": 7716.0366328887285, "efficiency": 2.0589006995089196, "platform": "votemarket"}, {"gauge": "0x5b1d12365bec01b8b672ee45912d1bbc86305dba", "nonBlacklistedVotes": 3265.9852786226056, "nonBlacklistedVotesBreakdowns": [{"key": "42161-155a-f2b4-17", "nonBlacklistedVotes": 3265.9852786226056}], "totalDeposited": 1214.2228110345084, "dollarPerVote": 0.2698617848972401, "incentiveDirected": 27.4623393076705, "incentiveDirectedUSD": 2066.815656295282, "efficiency": 2.345017733916516, "platform": "votemarket"}, {"gauge": "0x215d87bd3c7482e2348338815e059de07daf798a", "nonBlacklistedVotes": 12294.421533388251, "nonBlacklistedVotesBreakdowns": [{"key": "42161-155a-f2b4-18", "nonBlacklistedVotes": 12294.421533388251}], "totalDeposited": 2445.2126, "dollarPerVote": 0.1988879747908007, "incentiveDirected": 103.37878065507759, "incentiveDirectedUSD": 7780.2870321011405, "efficiency": 3.181844814680385, "platform": "votemarket"}]}