{"totalDepositedUSD": 7378.721011034509, "globalAverageDollarPerVote": 0.2538747779978069, "globalAverageEfficiency": 2.5065990609923476, "analytics": [{"gauge": "0xf0a3eced42dbd8353569639c0eaa833857aa0a75", "nonBlacklistedVotes": 12192.89295374245, "nonBlacklistedVotesBreakdowns": [{"key": "42161-155a-f2b4-16", "nonBlacklistedVotes": 12192.89295374245}], "totalDeposited": 3747.495, "dollarPerVote": 0.3073507668948865, "incentiveDirected": 102.52506820208247, "incentiveDirectedUSD": 7759.097161533603, "efficiency": 2.0704756541459304, "platform": "votemarket"}, {"gauge": "0x5b1d12365bec01b8b672ee45912d1bbc86305dba", "nonBlacklistedVotes": 3265.9852786226056, "nonBlacklistedVotesBreakdowns": [{"key": "42161-155a-f2b4-17", "nonBlacklistedVotes": 3265.9852786226056}], "totalDeposited": 1214.2228110345084, "dollarPerVote": 0.2698617848972401, "incentiveDirected": 27.4623393076705, "incentiveDirectedUSD": 2078.349838804504, "efficiency": 2.358104465888944, "platform": "votemarket"}, {"gauge": "0x215d87bd3c7482e2348338815e059de07daf798a", "nonBlacklistedVotes": 12294.421533388251, "nonBlacklistedVotesBreakdowns": [{"key": "42161-155a-f2b4-18", "nonBlacklistedVotes": 12294.421533388251}], "totalDeposited": 2417.0032, "dollarPerVote": 0.19659348700840357, "incentiveDirected": 103.37878065507759, "incentiveDirectedUSD": 7823.706119976273, "efficiency": 3.2369448745356535, "platform": "votemarket"}]}