{"totalDepositedUSD": 7404.710711034508, "globalAverageDollarPerVote": 0.25481123240933135, "globalAverageEfficiency": 2.45745792796215, "analytics": [{"gauge": "0xf0a3eced42dbd8353569639c0eaa833857aa0a75", "nonBlacklistedVotes": 12192.89295374245, "nonBlacklistedVotesBreakdowns": [{"key": "42161-155a-f2b4-16", "nonBlacklistedVotes": 12192.89295374245}], "totalDeposited": 3747.9825, "dollarPerVote": 0.3073907492027645, "incentiveDirected": 102.52506820208247, "incentiveDirectedUSD": 7635.041829009082, "efficiency": 2.037107118031923, "platform": "votemarket"}, {"gauge": "0x5b1d12365bec01b8b672ee45912d1bbc86305dba", "nonBlacklistedVotes": 3265.9852786226056, "nonBlacklistedVotesBreakdowns": [{"key": "42161-155a-f2b4-17", "nonBlacklistedVotes": 3265.9852786226056}], "totalDeposited": 1214.2228110345084, "dollarPerVote": 0.2698617848972401, "incentiveDirected": 27.4623393076705, "incentiveDirectedUSD": 2045.1204082422223, "efficiency": 2.3204022142540914, "platform": "votemarket"}, {"gauge": "0x215d87bd3c7482e2348338815e059de07daf798a", "nonBlacklistedVotes": 12294.421533388251, "nonBlacklistedVotesBreakdowns": [{"key": "42161-155a-f2b4-18", "nonBlacklistedVotes": 12294.421533388251}], "totalDeposited": 2442.5053999999996, "dollarPerVote": 0.1986677773628332, "incentiveDirected": 103.37878065507759, "incentiveDirectedUSD": 7698.617795383629, "efficiency": 3.1519348106184863, "platform": "votemarket"}]}