{"totalDepositedUSD": 6739.913317999999, "globalAverageDollarPerVote": 0.10958279598536397, "globalAverageEfficiency": 6.215523939189114, "analytics": [{"gauge": "0xf0a3eced42dbd8353569639c0eaa833857aa0a75", "nonBlacklistedVotes": 13539.233769099565, "nonBlacklistedVotesBreakdowns": [{"key": "42161-155a-f2b4-19", "nonBlacklistedVotes": 13539.233769099565}], "totalDeposited": 3749.41875, "dollarPerVote": 0.23996279999999998, "incentiveDirected": 113.45679536908982, "incentiveDirectedUSD": 9221.76832759962, "efficiency": 2.838417003678514, "platform": "votemarket"}, {"gauge": "0x215d87bd3c7482e2348338815e059de07daf798a", "nonBlacklistedVotes": 15004.595539331238, "nonBlacklistedVotesBreakdowns": [{"key": "42161-155a-f2b4-20", "nonBlacklistedVotes": 15004.595539331238}], "totalDeposited": 2601.5815999999995, "dollarPerVote": 0.17338565329405428, "incentiveDirected": 125.73631231533714, "incentiveDirectedUSD": 10219.847464990604, "efficiency": 3.9283209356149373, "platform": "votemarket"}, {"gauge": "0xa5250c540914e012e22e623275e290c4dc993d11", "nonBlacklistedVotes": 28394.004381458144, "nonBlacklistedVotesBreakdowns": [{"key": "42161-155a-f2b4-21", "nonBlacklistedVotes": 28394.004381458144}], "totalDeposited": 388.91296800000003, "dollarPerVote": 0.013697010212971863, "incentiveDirected": 237.93759674705606, "incentiveDirectedUSD": 19339.567863600718, "efficiency": 49.7272383666073, "platform": "votemarket"}]}