{"totalDepositedUSD": 6747.733765999999, "globalAverageDollarPerVote": 0.10972042796355505, "globalAverageEfficiency": 6.172594946396699, "analytics": [{"gauge": "0xf0a3eced42dbd8353569639c0eaa833857aa0a75", "nonBlacklistedVotes": 13539.233769099565, "nonBlacklistedVotesBreakdowns": [{"key": "42161-155a-f2b4-19", "nonBlacklistedVotes": 13539.233769099565}], "totalDeposited": 3749.29875, "dollarPerVote": 0.23995511999999997, "incentiveDirected": 113.45679536908982, "incentiveDirectedUSD": 9169.578201729839, "efficiency": 2.82244346011172, "platform": "votemarket"}, {"gauge": "0x215d87bd3c7482e2348338815e059de07daf798a", "nonBlacklistedVotes": 15004.595539331238, "nonBlacklistedVotesBreakdowns": [{"key": "42161-155a-f2b4-20", "nonBlacklistedVotes": 15004.595539331238}], "totalDeposited": 2607.6164, "dollarPerVote": 0.17378785007331313, "incentiveDirected": 125.73631231533714, "incentiveDirectedUSD": 10162.008761325547, "efficiency": 3.89704895295395, "platform": "votemarket"}, {"gauge": "0xa5250c540914e012e22e623275e290c4dc993d11", "nonBlacklistedVotes": 28394.004381458144, "nonBlacklistedVotesBreakdowns": [{"key": "42161-155a-f2b4-21", "nonBlacklistedVotes": 28394.004381458144}], "totalDeposited": 390.818616, "dollarPerVote": 0.013764124663417057, "incentiveDirected": 237.93759674705606, "incentiveDirectedUSD": 19230.116569097074, "efficiency": 49.204709760031164, "platform": "votemarket"}]}