{"totalDepositedUSD": 6710.462724, "globalAverageDollarPerVote": 0.10906565148461737, "globalAverageEfficiency": 6.179687253761905, "analytics": [{"gauge": "0xf0a3eced42dbd8353569639c0eaa833857aa0a75", "nonBlacklistedVotes": 13539.233769099565, "nonBlacklistedVotesBreakdowns": [{"key": "42161-155a-f2b4-19", "nonBlacklistedVotes": 13539.233769099565}], "totalDeposited": 3749.3775, "dollarPerVote": 0.23996015999999995, "incentiveDirected": 113.45679536908982, "incentiveDirectedUSD": 9125.330051535895, "efficiency": 2.8087646561942967, "platform": "votemarket"}, {"gauge": "0x215d87bd3c7482e2348338815e059de07daf798a", "nonBlacklistedVotes": 15004.595539331238, "nonBlacklistedVotesBreakdowns": [{"key": "42161-155a-f2b4-20", "nonBlacklistedVotes": 15004.595539331238}], "totalDeposited": 2574.9138, "dollarPerVote": 0.1716083444735602, "incentiveDirected": 125.73631231533714, "incentiveDirectedUSD": 10112.971599522569, "efficiency": 3.9274990873568543, "platform": "votemarket"}, {"gauge": "0xa5250c540914e012e22e623275e290c4dc993d11", "nonBlacklistedVotes": 28394.004381458144, "nonBlacklistedVotesBreakdowns": [{"key": "42161-155a-f2b4-21", "nonBlacklistedVotes": 28394.004381458144}], "totalDeposited": 386.171424, "dollarPerVote": 0.01360045658977843, "incentiveDirected": 237.93759674705606, "incentiveDirectedUSD": 19137.320906365723, "efficiency": 49.55654333026393, "platform": "votemarket"}]}