{"totalDepositedUSD": 6717.0585439999995, "globalAverageDollarPerVote": 0.1091808082096145, "globalAverageEfficiency": 6.173169326689196, "analytics": [{"gauge": "0xf0a3eced42dbd8353569639c0eaa833857aa0a75", "nonBlacklistedVotes": 13539.233769099565, "nonBlacklistedVotesBreakdowns": [{"key": "42161-155a-f2b4-19", "nonBlacklistedVotes": 13539.233769099565}], "totalDeposited": 3749.67, "dollarPerVote": 0.23997888, "incentiveDirected": 113.45679536908982, "incentiveDirectedUSD": 9125.330051535895, "efficiency": 2.8085455532700556, "platform": "votemarket"}, {"gauge": "0x215d87bd3c7482e2348338815e059de07daf798a", "nonBlacklistedVotes": 15004.595539331238, "nonBlacklistedVotesBreakdowns": [{"key": "42161-155a-f2b4-20", "nonBlacklistedVotes": 15004.595539331238}], "totalDeposited": 2578.9934, "dollarPerVote": 0.17188023450813703, "incentiveDirected": 125.73631231533714, "incentiveDirectedUSD": 10112.971599522569, "efficiency": 3.9212863435488314, "platform": "votemarket"}, {"gauge": "0xa5250c540914e012e22e623275e290c4dc993d11", "nonBlacklistedVotes": 28394.004381458144, "nonBlacklistedVotesBreakdowns": [{"key": "42161-155a-f2b4-21", "nonBlacklistedVotes": 28394.004381458144}], "totalDeposited": 388.39514399999996, "dollarPerVote": 0.01367877312344256, "incentiveDirected": 237.93759674705606, "incentiveDirectedUSD": 19137.320906365723, "efficiency": 49.272811985429264, "platform": "votemarket"}]}