{"totalDepositedUSD": 6714.449935999999, "globalAverageDollarPerVote": 0.10913650537252857, "globalAverageEfficiency": 6.249387162675502, "analytics": [{"gauge": "0xf0a3eced42dbd8353569639c0eaa833857aa0a75", "nonBlacklistedVotes": 13539.233769099565, "nonBlacklistedVotesBreakdowns": [{"key": "42161-155a-f2b4-19", "nonBlacklistedVotes": 13539.233769099565}], "totalDeposited": 3749.0249999999996, "dollarPerVote": 0.23993759999999995, "incentiveDirected": 113.45679536908982, "incentiveDirectedUSD": 9234.24857509022, "efficiency": 2.842556880015246, "platform": "votemarket"}, {"gauge": "0x215d87bd3c7482e2348338815e059de07daf798a", "nonBlacklistedVotes": 15004.595539331238, "nonBlacklistedVotesBreakdowns": [{"key": "42161-155a-f2b4-20", "nonBlacklistedVotes": 15004.595539331238}], "totalDeposited": 2580.1778, "dollarPerVote": 0.17195917032462707, "incentiveDirected": 125.73631231533714, "incentiveDirectedUSD": 10233.67845934529, "efficiency": 3.966268704174298, "platform": "votemarket"}, {"gauge": "0xa5250c540914e012e22e623275e290c4dc993d11", "nonBlacklistedVotes": 28394.004381458144, "nonBlacklistedVotesBreakdowns": [{"key": "42161-155a-f2b4-21", "nonBlacklistedVotes": 28394.004381458144}], "totalDeposited": 385.247136, "dollarPerVote": 0.013567904365457312, "incentiveDirected": 237.93759674705606, "incentiveDirectedUSD": 19365.740999242895, "efficiency": 50.268358125426516, "platform": "votemarket"}]}