{"totalDepositedUSD": 6734.371272, "globalAverageDollarPerVote": 0.10948768526682218, "globalAverageEfficiency": 6.22934235930022, "analytics": [{"gauge": "0xf0a3eced42dbd8353569639c0eaa833857aa0a75", "nonBlacklistedVotes": 13539.233769099565, "nonBlacklistedVotesBreakdowns": [{"key": "42161-155a-f2b4-19", "nonBlacklistedVotes": 13539.233769099565}], "totalDeposited": 3748.4700000000003, "dollarPerVote": 0.23990208, "incentiveDirected": 113.45679536908982, "incentiveDirectedUSD": 9234.24857509022, "efficiency": 2.8429777501485023, "platform": "votemarket"}, {"gauge": "0x215d87bd3c7482e2348338815e059de07daf798a", "nonBlacklistedVotes": 15004.595539331238, "nonBlacklistedVotesBreakdowns": [{"key": "42161-155a-f2b4-20", "nonBlacklistedVotes": 15004.595539331238}], "totalDeposited": 2595.7536, "dollarPerVote": 0.1729972389589446, "incentiveDirected": 125.73631231533714, "incentiveDirectedUSD": 10233.67845934529, "efficiency": 3.9424691385751287, "platform": "votemarket"}, {"gauge": "0xa5250c540914e012e22e623275e290c4dc993d11", "nonBlacklistedVotes": 28394.004381458144, "nonBlacklistedVotesBreakdowns": [{"key": "42161-155a-f2b4-21", "nonBlacklistedVotes": 28394.004381458144}], "totalDeposited": 390.147672, "dollarPerVote": 0.013740494886123715, "incentiveDirected": 237.93759674705606, "incentiveDirectedUSD": 19365.740999242895, "efficiency": 49.636951311202225, "platform": "votemarket"}]}