{"totalDepositedUSD": 6750.184684, "globalAverageDollarPerVote": 0.10976381635071035, "globalAverageEfficiency": 6.205273417189257, "analytics": [{"gauge": "0xf0a3eced42dbd8353569639c0eaa833857aa0a75", "nonBlacklistedVotes": 13539.233769099565, "nonBlacklistedVotesBreakdowns": [{"key": "42161-155a-f2b4-19", "nonBlacklistedVotes": 13539.233769099565}], "totalDeposited": 3749.1525, "dollarPerVote": 0.23994576, "incentiveDirected": 113.45679536908982, "incentiveDirectedUSD": 9221.76832759962, "efficiency": 2.8386185768413097, "platform": "votemarket"}, {"gauge": "0x215d87bd3c7482e2348338815e059de07daf798a", "nonBlacklistedVotes": 15004.595539331238, "nonBlacklistedVotesBreakdowns": [{"key": "42161-155a-f2b4-20", "nonBlacklistedVotes": 15004.595539331238}], "totalDeposited": 2611.8088, "dollarPerVote": 0.1740672578046985, "incentiveDirected": 125.73631231533714, "incentiveDirectedUSD": 10219.847464990604, "efficiency": 3.9129385983348417, "platform": "votemarket"}, {"gauge": "0xa5250c540914e012e22e623275e290c4dc993d11", "nonBlacklistedVotes": 28394.004381458144, "nonBlacklistedVotesBreakdowns": [{"key": "42161-155a-f2b4-21", "nonBlacklistedVotes": 28394.004381458144}], "totalDeposited": 389.223384, "dollarPerVote": 0.0137079426618026, "incentiveDirected": 237.93759674705606, "incentiveDirectedUSD": 19339.567863600718, "efficiency": 49.68757957153139, "platform": "votemarket"}]}