{"totalDepositedUSD": 6723.261428, "globalAverageDollarPerVote": 0.10928966163376831, "globalAverageEfficiency": 6.184656192556775, "analytics": [{"gauge": "0xf0a3eced42dbd8353569639c0eaa833857aa0a75", "nonBlacklistedVotes": 13539.233769099565, "nonBlacklistedVotesBreakdowns": [{"key": "42161-155a-f2b4-19", "nonBlacklistedVotes": 13539.233769099565}], "totalDeposited": 3749.7075, "dollarPerVote": 0.23998128, "incentiveDirected": 113.45679536908982, "incentiveDirectedUSD": 9151.425114470785, "efficiency": 2.8165487849957294, "platform": "votemarket"}, {"gauge": "0x215d87bd3c7482e2348338815e059de07daf798a", "nonBlacklistedVotes": 15004.595539331238, "nonBlacklistedVotesBreakdowns": [{"key": "42161-155a-f2b4-20", "nonBlacklistedVotes": 15004.595539331238}], "totalDeposited": 2586.0434, "dollarPerVote": 0.172350090558673, "incentiveDirected": 125.73631231533714, "incentiveDirectedUSD": 10141.890951355093, "efficiency": 3.9217790975028084, "platform": "votemarket"}, {"gauge": "0xa5250c540914e012e22e623275e290c4dc993d11", "nonBlacklistedVotes": 28394.004381458144, "nonBlacklistedVotesBreakdowns": [{"key": "42161-155a-f2b4-21", "nonBlacklistedVotes": 28394.004381458144}], "totalDeposited": 387.510528, "dollarPerVote": 0.013647618095496675, "incentiveDirected": 237.93759674705606, "incentiveDirectedUSD": 19192.046553617543, "efficiency": 49.52651648632767, "platform": "votemarket"}]}