{"totalDepositedUSD": 6744.574546, "globalAverageDollarPerVote": 0.10966520628968066, "globalAverageEfficiency": 6.175703143030992, "analytics": [{"gauge": "0xf0a3eced42dbd8353569639c0eaa833857aa0a75", "nonBlacklistedVotes": 13539.233769099565, "nonBlacklistedVotesBreakdowns": [{"key": "42161-155a-f2b4-19", "nonBlacklistedVotes": 13539.233769099565}], "totalDeposited": 3749.1862499999997, "dollarPerVote": 0.23994791999999998, "incentiveDirected": 113.45679536908982, "incentiveDirectedUSD": 9169.578201729839, "efficiency": 2.8225281517936183, "platform": "votemarket"}, {"gauge": "0x215d87bd3c7482e2348338815e059de07daf798a", "nonBlacklistedVotes": 15004.595539331238, "nonBlacklistedVotesBreakdowns": [{"key": "42161-155a-f2b4-20", "nonBlacklistedVotes": 15004.595539331238}], "totalDeposited": 2606.0278, "dollarPerVote": 0.173681975843259, "incentiveDirected": 125.73631231533714, "incentiveDirectedUSD": 10162.008761325547, "efficiency": 3.8994245423343328, "platform": "votemarket"}, {"gauge": "0xa5250c540914e012e22e623275e290c4dc993d11", "nonBlacklistedVotes": 28394.004381458144, "nonBlacklistedVotesBreakdowns": [{"key": "42161-155a-f2b4-21", "nonBlacklistedVotes": 28394.004381458144}], "totalDeposited": 389.360496, "dollarPerVote": 0.013712771568573126, "incentiveDirected": 237.93759674705606, "incentiveDirectedUSD": 19230.116569097074, "efficiency": 49.38897696775348, "platform": "votemarket"}]}