{"totalDepositedUSD": 6709.666475999999, "globalAverageDollarPerVote": 0.10905180763762512, "globalAverageEfficiency": 6.175092748540565, "analytics": [{"gauge": "0xf0a3eced42dbd8353569639c0eaa833857aa0a75", "nonBlacklistedVotes": 13539.233769099565, "nonBlacklistedVotesBreakdowns": [{"key": "42161-155a-f2b4-19", "nonBlacklistedVotes": 13539.233769099565}], "totalDeposited": 3749.3175, "dollarPerVote": 0.23995632, "incentiveDirected": 113.45679536908982, "incentiveDirectedUSD": 9117.388075860059, "efficiency": 2.8063650357629233, "platform": "votemarket"}, {"gauge": "0x215d87bd3c7482e2348338815e059de07daf798a", "nonBlacklistedVotes": 15004.595539331238, "nonBlacklistedVotesBreakdowns": [{"key": "42161-155a-f2b4-20", "nonBlacklistedVotes": 15004.595539331238}], "totalDeposited": 2574.3779999999997, "dollarPerVote": 0.17157263541371945, "incentiveDirected": 125.73631231533714, "incentiveDirectedUSD": 10104.170057660494, "efficiency": 3.924897609310092, "platform": "votemarket"}, {"gauge": "0xa5250c540914e012e22e623275e290c4dc993d11", "nonBlacklistedVotes": 28394.004381458144, "nonBlacklistedVotesBreakdowns": [{"key": "42161-155a-f2b4-21", "nonBlacklistedVotes": 28394.004381458144}], "totalDeposited": 385.970976, "dollarPerVote": 0.013593397071250958, "incentiveDirected": 237.93759674705606, "incentiveDirectedUSD": 19120.66527459343, "efficiency": 49.53912719746427, "platform": "votemarket"}]}