{"totalDepositedUSD": 8038.102756011821, "globalAverageDollarPerVote": 0.12318955775311294, "globalAverageEfficiency": 8.235076132483092, "analytics": [{"gauge": "0xf0a3eced42dbd8353569639c0eaa833857aa0a75", "nonBlacklistedVotes": 13473.509333327238, "nonBlacklistedVotesBreakdowns": [{"key": "42161-155a-f2b4-19", "nonBlacklistedVotes": 13473.509333327238}], "totalDeposited": 4248.156812011822, "dollarPerVote": 0.23986296, "incentiveDirected": 113.11274075472802, "incentiveDirectedUSD": 13668.543592801336, "efficiency": 4.229395763413442, "platform": "votemarket"}, {"gauge": "0x215d87bd3c7482e2348338815e059de07daf798a", "nonBlacklistedVotes": 15270.902530589785, "nonBlacklistedVotesBreakdowns": [{"key": "42161-155a-f2b4-20", "nonBlacklistedVotes": 15270.902530589785}], "totalDeposited": 3152.8351999999995, "dollarPerVote": 0.20646030538695556, "incentiveDirected": 128.20220747988031, "incentiveDirectedUSD": 15491.95475186874, "efficiency": 4.913658269188551, "platform": "votemarket"}, {"gauge": "0xa5250c540914e012e22e623275e290c4dc993d11", "nonBlacklistedVotes": 28255.07658584211, "nonBlacklistedVotesBreakdowns": [{"key": "42161-155a-f2b4-21", "nonBlacklistedVotes": 28255.07658584211}], "totalDeposited": 637.110744, "dollarPerVote": 0.02254854068664035, "incentiveDirected": 237.2068830615565, "incentiveDirectedUSD": 28664.079749158493, "efficiency": 44.99073358768926, "platform": "votemarket"}]}