{"totalDepositedUSD": 8046.716275561992, "globalAverageDollarPerVote": 0.12334172612064988, "globalAverageEfficiency": 8.224916406889529, "analytics": [{"gauge": "0xf0a3eced42dbd8353569639c0eaa833857aa0a75", "nonBlacklistedVotes": 13473.509333327238, "nonBlacklistedVotesBreakdowns": [{"key": "42161-155a-f2b4-19", "nonBlacklistedVotes": 13473.509333327238}], "totalDeposited": 4247.906027561992, "dollarPerVote": 0.23984879999999997, "incentiveDirected": 113.11274075472802, "incentiveDirectedUSD": 13668.543592801336, "efficiency": 4.229645455069227, "platform": "votemarket"}, {"gauge": "0x215d87bd3c7482e2348338815e059de07daf798a", "nonBlacklistedVotes": 15270.902530589785, "nonBlacklistedVotesBreakdowns": [{"key": "42161-155a-f2b4-20", "nonBlacklistedVotes": 15270.902530589785}], "totalDeposited": 3154.5836, "dollarPerVote": 0.20657479763759354, "incentiveDirected": 128.20220747988031, "incentiveDirectedUSD": 15491.95475186874, "efficiency": 4.910934917644515, "platform": "votemarket"}, {"gauge": "0xa5250c540914e012e22e623275e290c4dc993d11", "nonBlacklistedVotes": 28255.07658584211, "nonBlacklistedVotesBreakdowns": [{"key": "42161-155a-f2b4-21", "nonBlacklistedVotes": 28255.07658584211}], "totalDeposited": 644.2266480000001, "dollarPerVote": 0.022800385836604153, "incentiveDirected": 237.2068830615565, "incentiveDirectedUSD": 28664.079749158493, "efficiency": 44.493781556764304, "platform": "votemarket"}]}