{"totalDepositedUSD": 8045.961874622697, "globalAverageDollarPerVote": 0.12332656404355788, "globalAverageEfficiency": 8.4369535467392, "analytics": [{"gauge": "0xf0a3eced42dbd8353569639c0eaa833857aa0a75", "nonBlacklistedVotes": 13473.509333327238, "nonBlacklistedVotesBreakdowns": [{"key": "42161-155a-f2b4-19", "nonBlacklistedVotes": 13473.509333327238}], "totalDeposited": 4248.365090622698, "dollarPerVote": 0.23987471999999999, "incentiveDirected": 113.11274075472802, "incentiveDirectedUSD": 14019.19308914099, "efficiency": 4.337682986829354, "platform": "votemarket"}, {"gauge": "0x215d87bd3c7482e2348338815e059de07daf798a", "nonBlacklistedVotes": 15270.902530589785, "nonBlacklistedVotesBreakdowns": [{"key": "42161-155a-f2b4-20", "nonBlacklistedVotes": 15270.902530589785}], "totalDeposited": 3163.6076, "dollarPerVote": 0.20716572538282166, "incentiveDirected": 128.20220747988031, "incentiveDirectedUSD": 15889.381595056366, "efficiency": 5.022551341404151, "platform": "votemarket"}, {"gauge": "0xa5250c540914e012e22e623275e290c4dc993d11", "nonBlacklistedVotes": 28255.07658584211, "nonBlacklistedVotesBreakdowns": [{"key": "42161-155a-f2b4-21", "nonBlacklistedVotes": 28255.07658584211}], "totalDeposited": 633.989184, "dollarPerVote": 0.022438062840632173, "incentiveDirected": 237.2068830615565, "incentiveDirectedUSD": 29399.421086649316, "efficiency": 46.37211774049652, "platform": "votemarket"}]}