{"totalDepositedUSD": 8016.3954682204985, "globalAverageDollarPerVote": 0.12280474612800837, "globalAverageEfficiency": 8.323090488552992, "analytics": [{"gauge": "0xf0a3eced42dbd8353569639c0eaa833857aa0a75", "nonBlacklistedVotes": 13473.509333327238, "nonBlacklistedVotesBreakdowns": [{"key": "42161-155a-f2b4-19", "nonBlacklistedVotes": 13473.509333327238}], "totalDeposited": 4249.1046922205, "dollarPerVote": 0.23991648, "incentiveDirected": 113.11274075472802, "incentiveDirectedUSD": 13771.476186888138, "efficiency": 4.2602951429063625, "platform": "votemarket"}, {"gauge": "0x215d87bd3c7482e2348338815e059de07daf798a", "nonBlacklistedVotes": 15270.902530589785, "nonBlacklistedVotesBreakdowns": [{"key": "42161-155a-f2b4-20", "nonBlacklistedVotes": 15270.902530589785}], "totalDeposited": 3189.5892, "dollarPerVote": 0.208867104849291, "incentiveDirected": 128.20220747988031, "incentiveDirectedUSD": 15608.618760675428, "efficiency": 4.893614124563574, "platform": "votemarket"}, {"gauge": "0xa5250c540914e012e22e623275e290c4dc993d11", "nonBlacklistedVotes": 28255.07658584211, "nonBlacklistedVotesBreakdowns": [{"key": "42161-155a-f2b4-21", "nonBlacklistedVotes": 28255.07658584211}], "totalDeposited": 577.7015759999999, "dollarPerVote": 0.02044593913043829, "incentiveDirected": 237.2068830615565, "incentiveDirectedUSD": 28879.938012744507, "efficiency": 49.99110130996858, "platform": "votemarket"}]}