{"totalDepositedUSD": 8036.04939656241, "globalAverageDollarPerVote": 0.12315192786806073, "globalAverageEfficiency": 8.299626584345786, "analytics": [{"gauge": "0xf0a3eced42dbd8353569639c0eaa833857aa0a75", "nonBlacklistedVotes": 13473.509333327238, "nonBlacklistedVotesBreakdowns": [{"key": "42161-155a-f2b4-19", "nonBlacklistedVotes": 13473.509333327238}], "totalDeposited": 4248.53936456241, "dollarPerVote": 0.23988456, "incentiveDirected": 113.11274075472802, "incentiveDirectedUSD": 13771.476186888138, "efficiency": 4.2608620348353865, "platform": "votemarket"}, {"gauge": "0x215d87bd3c7482e2348338815e059de07daf798a", "nonBlacklistedVotes": 15270.902530589785, "nonBlacklistedVotesBreakdowns": [{"key": "42161-155a-f2b4-20", "nonBlacklistedVotes": 15270.902530589785}], "totalDeposited": 3193.932, "dollarPerVote": 0.20915148882668202, "incentiveDirected": 128.20220747988031, "incentiveDirectedUSD": 15608.618760675428, "efficiency": 4.886960261106195, "platform": "votemarket"}, {"gauge": "0xa5250c540914e012e22e623275e290c4dc993d11", "nonBlacklistedVotes": 28255.07658584211, "nonBlacklistedVotesBreakdowns": [{"key": "42161-155a-f2b4-21", "nonBlacklistedVotes": 28255.07658584211}], "totalDeposited": 593.578032, "dollarPerVote": 0.021007836598730956, "incentiveDirected": 237.2068830615565, "incentiveDirectedUSD": 28879.938012744507, "efficiency": 48.65398727010926, "platform": "votemarket"}]}