{"totalDepositedUSD": 8040.655949494542, "globalAverageDollarPerVote": 0.12256746231245895, "globalAverageEfficiency": 8.2199120424318, "analytics": [{"gauge": "0xf0a3eced42dbd8353569639c0eaa833857aa0a75", "nonBlacklistedVotes": 13473.509333327238, "nonBlacklistedVotesBreakdowns": [{"key": "42161-155a-f2b4-19", "nonBlacklistedVotes": 13473.509333327238}], "totalDeposited": 4247.395957494542, "dollarPerVote": 0.23981999999999998, "incentiveDirected": 113.11121216166572, "incentiveDirectedUSD": 13574.476571521502, "efficiency": 4.201041445552861, "platform": "votemarket"}, {"gauge": "0x215d87bd3c7482e2348338815e059de07daf798a", "nonBlacklistedVotes": 15582.521513333159, "nonBlacklistedVotesBreakdowns": [{"key": "42161-155a-f2b4-20", "nonBlacklistedVotes": 15582.521513333159}], "totalDeposited": 3160.2988, "dollarPerVote": 0.2028104884883936, "incentiveDirected": 130.81654180092437, "incentiveDirectedUSD": 15699.293181528932, "efficiency": 4.967661026713339, "platform": "votemarket"}, {"gauge": "0xa5250c540914e012e22e623275e290c4dc993d11", "nonBlacklistedVotes": 28255.07658584211, "nonBlacklistedVotesBreakdowns": [{"key": "42161-155a-f2b4-21", "nonBlacklistedVotes": 28255.07658584211}], "totalDeposited": 632.961192, "dollarPerVote": 0.022401680281311304, "incentiveDirected": 237.20367747398646, "incentiveDirectedUSD": 28466.813333653114, "efficiency": 44.97402635966522, "platform": "votemarket"}]}