{"totalDepositedUSD": 8016.595420763924, "globalAverageDollarPerVote": 0.12280952082701643, "globalAverageEfficiency": 8.322766895955024, "analytics": [{"gauge": "0xf0a3eced42dbd8353569639c0eaa833857aa0a75", "nonBlacklistedVotes": 13473.509333327238, "nonBlacklistedVotesBreakdowns": [{"key": "42161-155a-f2b4-19", "nonBlacklistedVotes": 13473.509333327238}], "totalDeposited": 4248.802900763925, "dollarPerVote": 0.23989944, "incentiveDirected": 113.11274075472802, "incentiveDirectedUSD": 13771.476186888138, "efficiency": 4.260597750654155, "platform": "votemarket"}, {"gauge": "0x215d87bd3c7482e2348338815e059de07daf798a", "nonBlacklistedVotes": 15270.902530589785, "nonBlacklistedVotesBreakdowns": [{"key": "42161-155a-f2b4-20", "nonBlacklistedVotes": 15270.902530589785}], "totalDeposited": 3176.3351999999995, "dollarPerVote": 0.20799917972348717, "incentiveDirected": 128.20220747988031, "incentiveDirectedUSD": 15608.618760675428, "efficiency": 4.914033871700767, "platform": "votemarket"}, {"gauge": "0xa5250c540914e012e22e623275e290c4dc993d11", "nonBlacklistedVotes": 28255.07658584211, "nonBlacklistedVotesBreakdowns": [{"key": "42161-155a-f2b4-21", "nonBlacklistedVotes": 28255.07658584211}], "totalDeposited": 591.45732, "dollarPerVote": 0.02093278063512183, "incentiveDirected": 237.2068830615565, "incentiveDirectedUSD": 28879.938012744507, "efficiency": 48.82843957826831, "platform": "votemarket"}]}