{"totalDepositedUSD": 8051.030303239901, "globalAverageDollarPerVote": 0.12341705467116108, "globalAverageEfficiency": 8.447093001351517, "analytics": [{"gauge": "0xf0a3eced42dbd8353569639c0eaa833857aa0a75", "nonBlacklistedVotes": 13473.509333327238, "nonBlacklistedVotesBreakdowns": [{"key": "42161-155a-f2b4-19", "nonBlacklistedVotes": 13473.509333327238}], "totalDeposited": 4247.991039239901, "dollarPerVote": 0.2398536, "incentiveDirected": 113.11274075472802, "incentiveDirectedUSD": 14046.340146922124, "efficiency": 4.346465255306497, "platform": "votemarket"}, {"gauge": "0x215d87bd3c7482e2348338815e059de07daf798a", "nonBlacklistedVotes": 15270.902530589785, "nonBlacklistedVotesBreakdowns": [{"key": "42161-155a-f2b4-20", "nonBlacklistedVotes": 15270.902530589785}], "totalDeposited": 3157.319, "dollarPerVote": 0.20675392261036582, "incentiveDirected": 128.20220747988031, "incentiveDirectedUSD": 15920.150124851536, "efficiency": 5.042300168228658, "platform": "votemarket"}, {"gauge": "0xa5250c540914e012e22e623275e290c4dc993d11", "nonBlacklistedVotes": 28255.07658584211, "nonBlacklistedVotesBreakdowns": [{"key": "42161-155a-f2b4-21", "nonBlacklistedVotes": 28255.07658584211}], "totalDeposited": 645.720264, "dollarPerVote": 0.0228532477000453, "incentiveDirected": 237.2068830615565, "incentiveDirectedUSD": 29456.350738584086, "efficiency": 45.617819945920246, "platform": "votemarket"}]}