{"totalDepositedUSD": 8008.961354629859, "globalAverageDollarPerVote": 0.12267455384820117, "globalAverageEfficiency": 8.331923633583926, "analytics": [{"gauge": "0xf0a3eced42dbd8353569639c0eaa833857aa0a75", "nonBlacklistedVotes": 13473.509333327238, "nonBlacklistedVotesBreakdowns": [{"key": "42161-155a-f2b4-19", "nonBlacklistedVotes": 13473.509333327238}], "totalDeposited": 4249.049434629859, "dollarPerVote": 0.23991336000000002, "incentiveDirected": 113.11274075472802, "incentiveDirectedUSD": 13771.476186888138, "efficiency": 4.260350546744005, "platform": "votemarket"}, {"gauge": "0x215d87bd3c7482e2348338815e059de07daf798a", "nonBlacklistedVotes": 15270.902530589785, "nonBlacklistedVotesBreakdowns": [{"key": "42161-155a-f2b4-20", "nonBlacklistedVotes": 15270.902530589785}], "totalDeposited": 3189.091, "dollarPerVote": 0.20883448071335653, "incentiveDirected": 128.20220747988031, "incentiveDirectedUSD": 15608.618760675428, "efficiency": 4.894378605275118, "platform": "votemarket"}, {"gauge": "0xa5250c540914e012e22e623275e290c4dc993d11", "nonBlacklistedVotes": 28255.07658584211, "nonBlacklistedVotesBreakdowns": [{"key": "42161-155a-f2b4-21", "nonBlacklistedVotes": 28255.07658584211}], "totalDeposited": 570.82092, "dollarPerVote": 0.020202419847130185, "incentiveDirected": 237.2068830615565, "incentiveDirectedUSD": 28879.938012744507, "efficiency": 50.59369234880968, "platform": "votemarket"}]}