{"totalDepositedUSD": 8046.413686588555, "globalAverageDollarPerVote": 0.12266758976522747, "globalAverageEfficiency": 8.27000578765145, "analytics": [{"gauge": "0xf0a3eced42dbd8353569639c0eaa833857aa0a75", "nonBlacklistedVotes": 13473.509333327238, "nonBlacklistedVotesBreakdowns": [{"key": "42161-155a-f2b4-19", "nonBlacklistedVotes": 13473.509333327238}], "totalDeposited": 4247.476718588555, "dollarPerVote": 0.23982455999999996, "incentiveDirected": 113.11121216166572, "incentiveDirectedUSD": 13668.358877615685, "efficiency": 4.23001579702965, "platform": "votemarket"}, {"gauge": "0x215d87bd3c7482e2348338815e059de07daf798a", "nonBlacklistedVotes": 15582.521513333159, "nonBlacklistedVotesBreakdowns": [{"key": "42161-155a-f2b4-20", "nonBlacklistedVotes": 15582.521513333159}], "totalDeposited": 3162.0566, "dollarPerVote": 0.20292329436506099, "incentiveDirected": 130.81654180092437, "incentiveDirectedUSD": 15807.870911223701, "efficiency": 4.999237177229434, "platform": "votemarket"}, {"gauge": "0xa5250c540914e012e22e623275e290c4dc993d11", "nonBlacklistedVotes": 28255.07658584211, "nonBlacklistedVotesBreakdowns": [{"key": "42161-155a-f2b4-21", "nonBlacklistedVotes": 28255.07658584211}], "totalDeposited": 636.880368, "dollarPerVote": 0.022540387249175755, "incentiveDirected": 237.20367747398646, "incentiveDirectedUSD": 28663.692385956525, "efficiency": 45.006399672782074, "platform": "votemarket"}]}