{"totalDepositedUSD": 8059.765394817051, "globalAverageDollarPerVote": 0.12357049952081213, "globalAverageEfficiency": 8.465137915575294, "analytics": [{"gauge": "0xf0a3eced42dbd8353569639c0eaa833857aa0a75", "nonBlacklistedVotes": 13473.509333327238, "nonBlacklistedVotesBreakdowns": [{"key": "42161-155a-f2b4-19", "nonBlacklistedVotes": 13473.509333327238}], "totalDeposited": 4247.944282817051, "dollarPerVote": 0.23985096, "incentiveDirected": 113.11274075472802, "incentiveDirectedUSD": 14093.84749803911, "efficiency": 4.3612138168644625, "platform": "votemarket"}, {"gauge": "0x215d87bd3c7482e2348338815e059de07daf798a", "nonBlacklistedVotes": 15270.902530589785, "nonBlacklistedVotesBreakdowns": [{"key": "42161-155a-f2b4-20", "nonBlacklistedVotes": 15270.902530589785}], "totalDeposited": 3177.1059999999998, "dollarPerVote": 0.2080496548017254, "incentiveDirected": 128.20220747988031, "incentiveDirectedUSD": 15973.995051993084, "efficiency": 5.027844539021703, "platform": "votemarket"}, {"gauge": "0xa5250c540914e012e22e623275e290c4dc993d11", "nonBlacklistedVotes": 28255.07658584211, "nonBlacklistedVotesBreakdowns": [{"key": "42161-155a-f2b4-21", "nonBlacklistedVotes": 28255.07658584211}], "totalDeposited": 634.715112, "dollarPerVote": 0.0224637547901052, "incentiveDirected": 237.2068830615565, "incentiveDirectedUSD": 29555.977629469937, "efficiency": 46.565738030623635, "platform": "votemarket"}]}