{"totalDepositedUSD": 8194.79435, "globalAverageDollarPerVote": 0.25693613699942147, "globalAverageEfficiency": 3.5319125698339584, "analytics": [{"gauge": "0x215d87bd3c7482e2348338815e059de07daf798a", "nonBlacklistedVotes": 16173.569545866107, "nonBlacklistedVotesBreakdowns": [{"key": "42161-155a-f2b4-22", "nonBlacklistedVotes": 16173.569545866107}], "totalDeposited": 3351.0905999999995, "dollarPerVote": 0.20719548585095884, "incentiveDirected": 136.02526175101667, "incentiveDirectedUSD": 14677.1257429347, "efficiency": 4.379805709500872, "platform": "votemarket"}, {"gauge": "0x5b1d12365bec01b8b672ee45912d1bbc86305dba", "nonBlacklistedVotes": 5152.089729996952, "nonBlacklistedVotesBreakdowns": [{"key": "42161-155a-f2b4-23", "nonBlacklistedVotes": 5152.089729996952}], "totalDeposited": 1100.0, "dollarPerVote": 0.21350559824210413, "incentiveDirected": 43.330839991762076, "incentiveDirectedUSD": 4675.397635111128, "efficiency": 4.250361486464661, "platform": "votemarket"}, {"gauge": "0xf0a3eced42dbd8353569639c0eaa833857aa0a75", "nonBlacklistedVotes": 10568.625606369958, "nonBlacklistedVotesBreakdowns": [{"key": "42161-155a-f2b4-24", "nonBlacklistedVotes": 10568.625606369958}], "totalDeposited": 3743.70375, "dollarPerVote": 0.354228060434233, "incentiveDirected": 88.8857626869645, "incentiveDirectedUSD": 9590.77379392347, "efficiency": 2.5618410094344326, "platform": "votemarket"}]}