{"totalDepositedUSD": 8240.437549999999, "globalAverageDollarPerVote": 0.2583672147040489, "globalAverageEfficiency": 3.498026722090772, "analytics": [{"gauge": "0x215d87bd3c7482e2348338815e059de07daf798a", "nonBlacklistedVotes": 16173.569545866107, "nonBlacklistedVotesBreakdowns": [{"key": "42161-155a-f2b4-22", "nonBlacklistedVotes": 16173.569545866107}], "totalDeposited": 3396.2387999999996, "dollarPerVote": 0.2099869661034761, "incentiveDirected": 136.02526175101667, "incentiveDirectedUSD": 14617.27462776425, "efficiency": 4.303959611957867, "platform": "votemarket"}, {"gauge": "0x5b1d12365bec01b8b672ee45912d1bbc86305dba", "nonBlacklistedVotes": 5152.089729996952, "nonBlacklistedVotesBreakdowns": [{"key": "42161-155a-f2b4-23", "nonBlacklistedVotes": 5152.089729996952}], "totalDeposited": 1100.0, "dollarPerVote": 0.21350559824210413, "incentiveDirected": 43.330839991762076, "incentiveDirectedUSD": 4656.332065514752, "efficiency": 4.2330291504679565, "platform": "votemarket"}, {"gauge": "0xf0a3eced42dbd8353569639c0eaa833857aa0a75", "nonBlacklistedVotes": 10568.625606369958, "nonBlacklistedVotesBreakdowns": [{"key": "42161-155a-f2b4-24", "nonBlacklistedVotes": 10568.625606369958}], "totalDeposited": 3744.19875, "dollarPerVote": 0.3542748971771016, "incentiveDirected": 88.8857626869645, "incentiveDirectedUSD": 9551.664058341205, "efficiency": 2.5510569005828563, "platform": "votemarket"}]}