{"totalDepositedUSD": 8227.8568, "globalAverageDollarPerVote": 0.25797276315743317, "globalAverageEfficiency": 3.5418453261908143, "analytics": [{"gauge": "0x215d87bd3c7482e2348338815e059de07daf798a", "nonBlacklistedVotes": 16173.569545866107, "nonBlacklistedVotesBreakdowns": [{"key": "42161-155a-f2b4-22", "nonBlacklistedVotes": 16173.569545866107}], "totalDeposited": 3383.7367999999997, "dollarPerVote": 0.20921397656863372, "incentiveDirected": 136.02526175101667, "incentiveDirectedUSD": 14777.784436630453, "efficiency": 4.367297254511773, "platform": "votemarket"}, {"gauge": "0x5b1d12365bec01b8b672ee45912d1bbc86305dba", "nonBlacklistedVotes": 5152.089729996952, "nonBlacklistedVotesBreakdowns": [{"key": "42161-155a-f2b4-23", "nonBlacklistedVotes": 5152.089729996952}], "totalDeposited": 1100.0, "dollarPerVote": 0.21350559824210413, "incentiveDirected": 43.330839991762076, "incentiveDirectedUSD": 4707.462456705031, "efficiency": 4.279511324277301, "platform": "votemarket"}, {"gauge": "0xf0a3eced42dbd8353569639c0eaa833857aa0a75", "nonBlacklistedVotes": 10568.625606369958, "nonBlacklistedVotesBreakdowns": [{"key": "42161-155a-f2b4-24", "nonBlacklistedVotes": 10568.625606369958}], "totalDeposited": 3744.12, "dollarPerVote": 0.35426744587709974, "incentiveDirected": 88.8857626869645, "incentiveDirectedUSD": 9656.549258311823, "efficiency": 2.579123868442204, "platform": "votemarket"}]}