{"totalDepositedUSD": 8201.153, "globalAverageDollarPerVote": 0.2571355034383769, "globalAverageEfficiency": 3.5314636981506604, "analytics": [{"gauge": "0x215d87bd3c7482e2348338815e059de07daf798a", "nonBlacklistedVotes": 16173.569545866107, "nonBlacklistedVotesBreakdowns": [{"key": "42161-155a-f2b4-22", "nonBlacklistedVotes": 16173.569545866107}], "totalDeposited": 3357.633, "dollarPerVote": 0.20759999766768839, "incentiveDirected": 136.02526175101667, "incentiveDirectedUSD": 14686.647511257272, "efficiency": 4.374107447495683, "platform": "votemarket"}, {"gauge": "0x5b1d12365bec01b8b672ee45912d1bbc86305dba", "nonBlacklistedVotes": 5152.089729996952, "nonBlacklistedVotesBreakdowns": [{"key": "42161-155a-f2b4-23", "nonBlacklistedVotes": 5152.089729996952}], "totalDeposited": 1100.0, "dollarPerVote": 0.21350559824210413, "incentiveDirected": 43.330839991762076, "incentiveDirectedUSD": 4678.430793910551, "efficiency": 4.2531189035550465, "platform": "votemarket"}, {"gauge": "0xf0a3eced42dbd8353569639c0eaa833857aa0a75", "nonBlacklistedVotes": 10568.625606369958, "nonBlacklistedVotesBreakdowns": [{"key": "42161-155a-f2b4-24", "nonBlacklistedVotes": 10568.625606369958}], "totalDeposited": 3743.52, "dollarPerVote": 0.35421067406756207, "incentiveDirected": 88.8857626869645, "incentiveDirectedUSD": 9596.995797311558, "efficiency": 2.563628829901151, "platform": "votemarket"}]}