{"totalDepositedUSD": 8206.9845, "globalAverageDollarPerVote": 0.2573183418378435, "globalAverageEfficiency": 3.487771830603299, "analytics": [{"gauge": "0x215d87bd3c7482e2348338815e059de07daf798a", "nonBlacklistedVotes": 16173.569545866107, "nonBlacklistedVotesBreakdowns": [{"key": "42161-155a-f2b4-22", "nonBlacklistedVotes": 16173.569545866107}], "totalDeposited": 3363.367, "dollarPerVote": 0.20795452670246575, "incentiveDirected": 136.02526175101667, "incentiveDirectedUSD": 14515.255681450988, "efficiency": 4.315691888946698, "platform": "votemarket"}, {"gauge": "0x5b1d12365bec01b8b672ee45912d1bbc86305dba", "nonBlacklistedVotes": 5152.089729996952, "nonBlacklistedVotesBreakdowns": [{"key": "42161-155a-f2b4-23", "nonBlacklistedVotes": 5152.089729996952}], "totalDeposited": 1100.0, "dollarPerVote": 0.21350559824210413, "incentiveDirected": 43.330839991762076, "incentiveDirectedUSD": 4623.83393552093, "efficiency": 4.203485395928118, "platform": "votemarket"}, {"gauge": "0xf0a3eced42dbd8353569639c0eaa833857aa0a75", "nonBlacklistedVotes": 10568.625606369958, "nonBlacklistedVotesBreakdowns": [{"key": "42161-155a-f2b4-24", "nonBlacklistedVotes": 10568.625606369958}], "totalDeposited": 3743.6175000000003, "dollarPerVote": 0.354219899486612, "incentiveDirected": 88.8857626869645, "incentiveDirectedUSD": 9484.99973632598, "efficiency": 2.5336455277084213, "platform": "votemarket"}]}