{"totalDepositedUSD": 8254.55225, "globalAverageDollarPerVote": 0.2588097610740998, "globalAverageEfficiency": 3.5310408252532293, "analytics": [{"gauge": "0x215d87bd3c7482e2348338815e059de07daf798a", "nonBlacklistedVotes": 16173.569545866107, "nonBlacklistedVotesBreakdowns": [{"key": "42161-155a-f2b4-22", "nonBlacklistedVotes": 16173.569545866107}], "totalDeposited": 3410.226, "dollarPerVote": 0.21085178447027725, "incentiveDirected": 136.02526175101667, "incentiveDirectedUSD": 14780.504941865473, "efficiency": 4.334171677145583, "platform": "votemarket"}, {"gauge": "0x5b1d12365bec01b8b672ee45912d1bbc86305dba", "nonBlacklistedVotes": 5152.089729996952, "nonBlacklistedVotesBreakdowns": [{"key": "42161-155a-f2b4-23", "nonBlacklistedVotes": 5152.089729996952}], "totalDeposited": 1100.0, "dollarPerVote": 0.21350559824210413, "incentiveDirected": 43.330839991762076, "incentiveDirectedUSD": 4708.329073504867, "efficiency": 4.280299157731697, "platform": "votemarket"}, {"gauge": "0xf0a3eced42dbd8353569639c0eaa833857aa0a75", "nonBlacklistedVotes": 10568.625606369958, "nonBlacklistedVotesBreakdowns": [{"key": "42161-155a-f2b4-24", "nonBlacklistedVotes": 10568.625606369958}], "totalDeposited": 3744.32625, "dollarPerVote": 0.35428696118662834, "incentiveDirected": 88.8857626869645, "incentiveDirectedUSD": 9658.326973565563, "efficiency": 2.5794565774191187, "platform": "votemarket"}]}