{"totalDepositedUSD": 8423.8564, "globalAverageDollarPerVote": 0.26483631922140055, "globalAverageEfficiency": 2.5871406099782415, "analytics": [{"gauge": "0x215d87bd3c7482e2348338815e059de07daf798a", "nonBlacklistedVotes": 16164.655437915313, "nonBlacklistedVotesBreakdowns": [{"key": "42161-155a-f2b4-22", "nonBlacklistedVotes": 16164.655437915313}], "totalDeposited": 3580.5163999999995, "dollarPerVote": 0.22150279749246318, "incentiveDirected": 136.28051570694873, "incentiveDirectedUSD": 11075.517511503724, "efficiency": 3.093273783497745, "platform": "votemarket"}, {"gauge": "0x5b1d12365bec01b8b672ee45912d1bbc86305dba", "nonBlacklistedVotes": 5126.309803708357, "nonBlacklistedVotesBreakdowns": [{"key": "42161-155a-f2b4-23", "nonBlacklistedVotes": 5126.309803708357}], "totalDeposited": 1100.0, "dollarPerVote": 0.21457930599595507, "incentiveDirected": 43.21874638195565, "incentiveDirectedUSD": 3512.387518461535, "efficiency": 3.1930795622377595, "platform": "votemarket"}, {"gauge": "0xf0a3eced42dbd8353569639c0eaa833857aa0a75", "nonBlacklistedVotes": 10516.81861810344, "nonBlacklistedVotesBreakdowns": [{"key": "42161-155a-f2b4-24", "nonBlacklistedVotes": 10516.81861810344}], "totalDeposited": 3743.34, "dollarPerVote": 0.35593843879329534, "incentiveDirected": 88.66489424264618, "incentiveDirectedUSD": 7205.795955099855, "efficiency": 1.924964324667237, "platform": "votemarket"}]}