{"totalDepositedUSD": 8398.7739, "globalAverageDollarPerVote": 0.2640477543810893, "globalAverageEfficiency": 2.5690045089124918, "analytics": [{"gauge": "0x215d87bd3c7482e2348338815e059de07daf798a", "nonBlacklistedVotes": 16164.655437915313, "nonBlacklistedVotesBreakdowns": [{"key": "42161-155a-f2b4-22", "nonBlacklistedVotes": 16164.655437915313}], "totalDeposited": 3554.9013999999997, "dollarPerVote": 0.21991816736543196, "incentiveDirected": 136.28051570694873, "incentiveDirectedUSD": 10965.130293781094, "efficiency": 3.0845103872026085, "platform": "votemarket"}, {"gauge": "0x5b1d12365bec01b8b672ee45912d1bbc86305dba", "nonBlacklistedVotes": 5126.309803708357, "nonBlacklistedVotesBreakdowns": [{"key": "42161-155a-f2b4-23", "nonBlacklistedVotes": 5126.309803708357}], "totalDeposited": 1100.0, "dollarPerVote": 0.21457930599595507, "incentiveDirected": 43.21874638195565, "incentiveDirectedUSD": 3477.3803338921507, "efficiency": 3.1612548489928645, "platform": "votemarket"}, {"gauge": "0xf0a3eced42dbd8353569639c0eaa833857aa0a75", "nonBlacklistedVotes": 10516.81861810344, "nonBlacklistedVotesBreakdowns": [{"key": "42161-155a-f2b4-24", "nonBlacklistedVotes": 10516.81861810344}], "totalDeposited": 3743.8725, "dollarPerVote": 0.3559890719761367, "incentiveDirected": 88.66489424264618, "incentiveDirectedUSD": 7133.977390763311, "efficiency": 1.9055075702399884, "platform": "votemarket"}]}