{"totalDepositedUSD": 8383.60325, "globalAverageDollarPerVote": 0.2635708066607796, "globalAverageEfficiency": 2.575892353849136, "analytics": [{"gauge": "0x215d87bd3c7482e2348338815e059de07daf798a", "nonBlacklistedVotes": 16164.655437915313, "nonBlacklistedVotesBreakdowns": [{"key": "42161-155a-f2b4-22", "nonBlacklistedVotes": 16164.655437915313}], "totalDeposited": 3540.087, "dollarPerVote": 0.2190016987121471, "incentiveDirected": 136.28051570694873, "incentiveDirectedUSD": 10974.669929880582, "efficiency": 3.1001130565097927, "platform": "votemarket"}, {"gauge": "0x5b1d12365bec01b8b672ee45912d1bbc86305dba", "nonBlacklistedVotes": 5126.309803708357, "nonBlacklistedVotesBreakdowns": [{"key": "42161-155a-f2b4-23", "nonBlacklistedVotes": 5126.309803708357}], "totalDeposited": 1100.0, "dollarPerVote": 0.21457930599595507, "incentiveDirected": 43.21874638195565, "incentiveDirectedUSD": 3480.405646138888, "efficiency": 3.164005132853535, "platform": "votemarket"}, {"gauge": "0xf0a3eced42dbd8353569639c0eaa833857aa0a75", "nonBlacklistedVotes": 10516.81861810344, "nonBlacklistedVotesBreakdowns": [{"key": "42161-155a-f2b4-24", "nonBlacklistedVotes": 10516.81861810344}], "totalDeposited": 3743.51625, "dollarPerVote": 0.3559551976636724, "incentiveDirected": 88.66489424264618, "incentiveDirectedUSD": 7140.183933360297, "efficiency": 1.9073468516025, "platform": "votemarket"}]}