{"totalDepositedUSD": 8382.053549999999, "globalAverageDollarPerVote": 0.2635220858820282, "globalAverageEfficiency": 2.5562132194790017, "analytics": [{"gauge": "0x215d87bd3c7482e2348338815e059de07daf798a", "nonBlacklistedVotes": 16164.655437915313, "nonBlacklistedVotesBreakdowns": [{"key": "42161-155a-f2b4-22", "nonBlacklistedVotes": 16164.655437915313}], "totalDeposited": 3538.3197999999998, "dollarPerVote": 0.21889237377127302, "incentiveDirected": 136.28051570694873, "incentiveDirectedUSD": 10888.813204985207, "efficiency": 3.0773965668635173, "platform": "votemarket"}, {"gauge": "0x5b1d12365bec01b8b672ee45912d1bbc86305dba", "nonBlacklistedVotes": 5126.309803708357, "nonBlacklistedVotesBreakdowns": [{"key": "42161-155a-f2b4-23", "nonBlacklistedVotes": 5126.309803708357}], "totalDeposited": 1100.0, "dollarPerVote": 0.21457930599595507, "incentiveDirected": 43.21874638195565, "incentiveDirectedUSD": 3453.1778359182567, "efficiency": 3.1392525781075062, "platform": "votemarket"}, {"gauge": "0xf0a3eced42dbd8353569639c0eaa833857aa0a75", "nonBlacklistedVotes": 10516.81861810344, "nonBlacklistedVotesBreakdowns": [{"key": "42161-155a-f2b4-24", "nonBlacklistedVotes": 10516.81861810344}], "totalDeposited": 3743.73375, "dollarPerVote": 0.35597587882286114, "incentiveDirected": 88.66489424264618, "incentiveDirectedUSD": 7084.325049987431, "efficiency": 1.8923154057062501, "platform": "votemarket"}]}