{"totalDepositedUSD": 8380.5989, "globalAverageDollarPerVote": 0.2634763533655343, "globalAverageEfficiency": 2.5723360328691247, "analytics": [{"gauge": "0x215d87bd3c7482e2348338815e059de07daf798a", "nonBlacklistedVotes": 16164.655437915313, "nonBlacklistedVotesBreakdowns": [{"key": "42161-155a-f2b4-22", "nonBlacklistedVotes": 16164.655437915313}], "totalDeposited": 3537.0413999999996, "dollarPerVote": 0.21881328764383218, "incentiveDirected": 136.28051570694873, "incentiveDirectedUSD": 10955.59065768161, "efficiency": 3.097388302461377, "platform": "votemarket"}, {"gauge": "0x5b1d12365bec01b8b672ee45912d1bbc86305dba", "nonBlacklistedVotes": 5126.309803708357, "nonBlacklistedVotesBreakdowns": [{"key": "42161-155a-f2b4-23", "nonBlacklistedVotes": 5126.309803708357}], "totalDeposited": 1100.0, "dollarPerVote": 0.21457930599595507, "incentiveDirected": 43.21874638195565, "incentiveDirectedUSD": 3474.3550216454146, "efficiency": 3.1585045651321955, "platform": "votemarket"}, {"gauge": "0xf0a3eced42dbd8353569639c0eaa833857aa0a75", "nonBlacklistedVotes": 10516.81861810344, "nonBlacklistedVotesBreakdowns": [{"key": "42161-155a-f2b4-24", "nonBlacklistedVotes": 10516.81861810344}], "totalDeposited": 3743.5575, "dollarPerVote": 0.355959119952484, "incentiveDirected": 88.66489424264618, "incentiveDirectedUSD": 7127.770848166328, "efficiency": 1.9040099819934189, "platform": "votemarket"}]}