{"totalDepositedUSD": 8163.3583499999995, "globalAverageDollarPerVote": 0.22520454917640828, "globalAverageEfficiency": 2.843830082581431, "analytics": [{"gauge": "0xf0a3eced42dbd8353569639c0eaa833857aa0a75", "nonBlacklistedVotes": 16810.34149029375, "nonBlacklistedVotesBreakdowns": [{"key": "42161-155a-f2b4-25", "nonBlacklistedVotes": 16810.34149029375}], "totalDeposited": 3749.73375, "dollarPerVote": 0.223061128898844, "incentiveDirected": 140.80661083186882, "incentiveDirectedUSD": 10766.07346420469, "efficiency": 2.8711567759190078, "platform": "votemarket"}, {"gauge": "0x5b1d12365bec01b8b672ee45912d1bbc86305dba", "nonBlacklistedVotes": 3984.5143136304605, "nonBlacklistedVotesBreakdowns": [{"key": "42161-155a-f2b4-26", "nonBlacklistedVotes": 3984.5143136304605}], "totalDeposited": 955.7499999999999, "dollarPerVote": 0.19115, "incentiveDirected": 33.37504812958866, "incentiveDirectedUSD": 2551.856179988349, "efficiency": 3.3504759177716936, "platform": "votemarket"}, {"gauge": "0x215d87bd3c7482e2348338815e059de07daf798a", "nonBlacklistedVotes": 14591.855033821581, "nonBlacklistedVotesBreakdowns": [{"key": "42161-155a-f2b4-27", "nonBlacklistedVotes": 14591.855033821581}], "totalDeposited": 3457.8746, "dollarPerVote": 0.2369729271559511, "incentiveDirected": 122.22414721608715, "incentiveDirectedUSD": 9345.258296142025, "efficiency": 2.7026018514789474, "platform": "votemarket"}]}