{"totalDepositedUSD": 8171.8929499999995, "globalAverageDollarPerVote": 0.22541488104142055, "globalAverageEfficiency": 2.8571549061808343, "analytics": [{"gauge": "0xf0a3eced42dbd8353569639c0eaa833857aa0a75", "nonBlacklistedVotes": 16810.34149029375, "nonBlacklistedVotesBreakdowns": [{"key": "42161-155a-f2b4-25", "nonBlacklistedVotes": 16810.34149029375}], "totalDeposited": 3749.2837499999996, "dollarPerVote": 0.22303435966276036, "incentiveDirected": 140.80661083186882, "incentiveDirectedUSD": 10826.620306862395, "efficiency": 2.887650289701972, "platform": "votemarket"}, {"gauge": "0x5b1d12365bec01b8b672ee45912d1bbc86305dba", "nonBlacklistedVotes": 3984.5143136304605, "nonBlacklistedVotesBreakdowns": [{"key": "42161-155a-f2b4-26", "nonBlacklistedVotes": 3984.5143136304605}], "totalDeposited": 961.125, "dollarPerVote": 0.192225, "incentiveDirected": 33.37504812958866, "incentiveDirectedUSD": 2566.2074506840727, "efficiency": 3.3504759177716936, "platform": "votemarket"}, {"gauge": "0x215d87bd3c7482e2348338815e059de07daf798a", "nonBlacklistedVotes": 14591.855033821581, "nonBlacklistedVotesBreakdowns": [{"key": "42161-155a-f2b4-27", "nonBlacklistedVotes": 14591.855033821581}], "totalDeposited": 3461.4842, "dollarPerVote": 0.23722029803454286, "incentiveDirected": 122.22414721608715, "incentiveDirectedUSD": 9397.814679444942, "efficiency": 2.7149667993414335, "platform": "votemarket"}]}