{"totalDepositedUSD": 8166.11755, "globalAverageDollarPerVote": 0.22525167288041115, "globalAverageEfficiency": 2.859225083915782, "analytics": [{"gauge": "0xf0a3eced42dbd8353569639c0eaa833857aa0a75", "nonBlacklistedVotes": 16810.34149029375, "nonBlacklistedVotesBreakdowns": [{"key": "42161-155a-f2b4-25", "nonBlacklistedVotes": 16810.34149029375}], "totalDeposited": 3749.29875, "dollarPerVote": 0.22303525197062984, "incentiveDirected": 140.80661083186882, "incentiveDirectedUSD": 10826.620306862395, "efficiency": 2.8876387369404464, "platform": "votemarket"}, {"gauge": "0x5b1d12365bec01b8b672ee45912d1bbc86305dba", "nonBlacklistedVotes": 3984.5143136304605, "nonBlacklistedVotesBreakdowns": [{"key": "42161-155a-f2b4-26", "nonBlacklistedVotes": 3984.5143136304605}], "totalDeposited": 961.125, "dollarPerVote": 0.192225, "incentiveDirected": 33.37504812958866, "incentiveDirectedUSD": 2566.2074506840727, "efficiency": 3.3504759177716936, "platform": "votemarket"}, {"gauge": "0x215d87bd3c7482e2348338815e059de07daf798a", "nonBlacklistedVotes": 14591.855033821581, "nonBlacklistedVotesBreakdowns": [{"key": "42161-155a-f2b4-27", "nonBlacklistedVotes": 14591.855033821581}], "totalDeposited": 3455.6938, "dollarPerVote": 0.23682347391680192, "incentiveDirected": 122.22414721608715, "incentiveDirectedUSD": 9397.814679444942, "efficiency": 2.719516028719021, "platform": "votemarket"}]}