{"totalDepositedUSD": 8156.0026, "globalAverageDollarPerVote": 0.2250289655051447, "globalAverageEfficiency": 2.829298818689233, "analytics": [{"gauge": "0xf0a3eced42dbd8353569639c0eaa833857aa0a75", "nonBlacklistedVotes": 16810.34149029375, "nonBlacklistedVotesBreakdowns": [{"key": "42161-155a-f2b4-25", "nonBlacklistedVotes": 16810.34149029375}], "totalDeposited": 3749.46, "dollarPerVote": 0.22304484428022647, "incentiveDirected": 140.80661083186882, "incentiveDirectedUSD": 10702.71048933035, "efficiency": 2.854467173761115, "platform": "votemarket"}, {"gauge": "0x5b1d12365bec01b8b672ee45912d1bbc86305dba", "nonBlacklistedVotes": 3984.5143136304605, "nonBlacklistedVotesBreakdowns": [{"key": "42161-155a-f2b4-26", "nonBlacklistedVotes": 3984.5143136304605}], "totalDeposited": 950.1250000000001, "dollarPerVote": 0.19002500000000003, "incentiveDirected": 33.37504812958866, "incentiveDirectedUSD": 2536.8374083300346, "efficiency": 3.350475917771693, "platform": "votemarket"}, {"gauge": "0x215d87bd3c7482e2348338815e059de07daf798a", "nonBlacklistedVotes": 14591.855033821581, "nonBlacklistedVotesBreakdowns": [{"key": "42161-155a-f2b4-27", "nonBlacklistedVotes": 14591.855033821581}], "totalDeposited": 3456.4175999999998, "dollarPerVote": 0.23687307693151952, "incentiveDirected": 122.22414721608715, "incentiveDirectedUSD": 9290.257429894786, "efficiency": 2.6878284122540017, "platform": "votemarket"}]}