{"totalDepositedUSD": 9983.95513169992, "globalAverageDollarPerVote": 0.28311119688174496, "globalAverageEfficiency": 4.018946165778074, "analytics": [{"gauge": "0xf0a3eced42dbd8353569639c0eaa833857aa0a75", "nonBlacklistedVotes": 16729.132111113588, "nonBlacklistedVotesBreakdowns": [{"key": "42161-155a-f2b4-25", "nonBlacklistedVotes": 16729.132111113588}], "totalDeposited": 3749.23125, "dollarPerVote": 0.2241139124909708, "incentiveDirected": 140.46602742875888, "incentiveDirectedUSD": 19034.551376871117, "efficiency": 5.076921135998511, "platform": "votemarket"}, {"gauge": "0x5b1d12365bec01b8b672ee45912d1bbc86305dba", "nonBlacklistedVotes": 4015.9617927253903, "nonBlacklistedVotesBreakdowns": [{"key": "42161-155a-f2b4-26", "nonBlacklistedVotes": 4015.9617927253903}, {"key": "42161-155a-f2b4-28", "nonBlacklistedVotes": 4015.9617927253903}], "totalDeposited": 1764.2530816999204, "dollarPerVote": 0.43931022573365386, "incentiveDirected": 33.71999190293096, "incentiveDirectedUSD": 4569.3961027661735, "efficiency": 2.5899890158408554, "platform": "votemarket"}, {"gauge": "0x215d87bd3c7482e2348338815e059de07daf798a", "nonBlacklistedVotes": 14520.043051765788, "nonBlacklistedVotesBreakdowns": [{"key": "42161-155a-f2b4-27", "nonBlacklistedVotes": 14520.043051765788}], "totalDeposited": 4470.470799999999, "dollarPerVote": 0.3078827510402143, "incentiveDirected": 121.91742835368927, "incentiveDirectedUSD": 16521.030716208432, "efficiency": 3.6955907901710114, "platform": "votemarket"}]}