{"totalDepositedUSD": 9969.30387961394, "globalAverageDollarPerVote": 0.2826957369303367, "globalAverageEfficiency": 3.9764390828914826, "analytics": [{"gauge": "0xf0a3eced42dbd8353569639c0eaa833857aa0a75", "nonBlacklistedVotes": 16729.132111113588, "nonBlacklistedVotesBreakdowns": [{"key": "42161-155a-f2b4-25", "nonBlacklistedVotes": 16729.132111113588}], "totalDeposited": 3749.34375, "dollarPerVote": 0.2241206372869287, "incentiveDirected": 140.46602742875888, "incentiveDirectedUSD": 18805.591752162243, "efficiency": 5.015702215130912, "platform": "votemarket"}, {"gauge": "0x5b1d12365bec01b8b672ee45912d1bbc86305dba", "nonBlacklistedVotes": 4015.9617927253903, "nonBlacklistedVotesBreakdowns": [{"key": "42161-155a-f2b4-26", "nonBlacklistedVotes": 4015.9617927253903}, {"key": "42161-155a-f2b4-28", "nonBlacklistedVotes": 4015.9617927253903}], "totalDeposited": 1743.0315296139424, "dollarPerVote": 0.43402592444263577, "incentiveDirected": 33.71999190293096, "incentiveDirectedUSD": 4514.432515964397, "efficiency": 2.5899890158408563, "platform": "votemarket"}, {"gauge": "0x215d87bd3c7482e2348338815e059de07daf798a", "nonBlacklistedVotes": 14520.043051765788, "nonBlacklistedVotesBreakdowns": [{"key": "42161-155a-f2b4-27", "nonBlacklistedVotes": 14520.043051765788}], "totalDeposited": 4476.928599999999, "dollarPerVote": 0.30832750178764506, "incentiveDirected": 121.91742835368927, "incentiveDirectedUSD": 16322.30530799192, "efficiency": 3.645871258253241, "platform": "votemarket"}]}