{"totalDepositedUSD": 9988.285181699921, "globalAverageDollarPerVote": 0.2832339824533834, "globalAverageEfficiency": 4.017203900961985, "analytics": [{"gauge": "0xf0a3eced42dbd8353569639c0eaa833857aa0a75", "nonBlacklistedVotes": 16729.132111113588, "nonBlacklistedVotesBreakdowns": [{"key": "42161-155a-f2b4-25", "nonBlacklistedVotes": 16729.132111113588}], "totalDeposited": 3748.3725, "dollarPerVote": 0.22406257988182549, "incentiveDirected": 140.46602742875888, "incentiveDirectedUSD": 19034.551376871117, "efficiency": 5.078084255732619, "platform": "votemarket"}, {"gauge": "0x5b1d12365bec01b8b672ee45912d1bbc86305dba", "nonBlacklistedVotes": 4015.9617927253903, "nonBlacklistedVotesBreakdowns": [{"key": "42161-155a-f2b4-26", "nonBlacklistedVotes": 4015.9617927253903}, {"key": "42161-155a-f2b4-28", "nonBlacklistedVotes": 4015.9617927253903}], "totalDeposited": 1764.2530816999204, "dollarPerVote": 0.43931022573365386, "incentiveDirected": 33.71999190293096, "incentiveDirectedUSD": 4569.3961027661735, "efficiency": 2.5899890158408554, "platform": "votemarket"}, {"gauge": "0x215d87bd3c7482e2348338815e059de07daf798a", "nonBlacklistedVotes": 14520.043051765788, "nonBlacklistedVotesBreakdowns": [{"key": "42161-155a-f2b4-27", "nonBlacklistedVotes": 14520.043051765788}], "totalDeposited": 4475.6596, "dollarPerVote": 0.30824010535256047, "incentiveDirected": 121.91742835368927, "incentiveDirectedUSD": 16521.030716208432, "efficiency": 3.691306353192819, "platform": "votemarket"}]}