{"totalDepositedUSD": 10045.38191219332, "globalAverageDollarPerVote": 0.284853052600914, "globalAverageEfficiency": 4.1809573181796535, "analytics": [{"gauge": "0xf0a3eced42dbd8353569639c0eaa833857aa0a75", "nonBlacklistedVotes": 16729.132111113588, "nonBlacklistedVotesBreakdowns": [{"key": "42161-155a-f2b4-25", "nonBlacklistedVotes": 16729.132111113588}], "totalDeposited": 3748.9725, "dollarPerVote": 0.2240984454602676, "incentiveDirected": 140.46602742875888, "incentiveDirectedUSD": 19923.70133049516, "efficiency": 5.314443178896394, "platform": "votemarket"}, {"gauge": "0x5b1d12365bec01b8b672ee45912d1bbc86305dba", "nonBlacklistedVotes": 4015.9617927253903, "nonBlacklistedVotesBreakdowns": [{"key": "42161-155a-f2b4-26", "nonBlacklistedVotes": 4015.9617927253903}, {"key": "42161-155a-f2b4-28", "nonBlacklistedVotes": 4015.9617927253903}], "totalDeposited": 1846.6656121933195, "dollarPerVote": 0.45983146939754604, "incentiveDirected": 33.71999190293096, "incentiveDirectedUSD": 4782.843651511727, "efficiency": 2.589989015840856, "platform": "votemarket"}, {"gauge": "0x215d87bd3c7482e2348338815e059de07daf798a", "nonBlacklistedVotes": 14520.043051765788, "nonBlacklistedVotesBreakdowns": [{"key": "42161-155a-f2b4-27", "nonBlacklistedVotes": 14520.043051765788}], "totalDeposited": 4449.7438, "dollarPerVote": 0.3064552759338317, "incentiveDirected": 121.91742835368927, "incentiveDirectedUSD": 17292.768037687285, "efficiency": 3.8862390319387115, "platform": "votemarket"}]}