{"totalDepositedUSD": 9978.333729613943, "globalAverageDollarPerVote": 0.282951792932937, "globalAverageEfficiency": 3.972840621522518, "analytics": [{"gauge": "0xf0a3eced42dbd8353569639c0eaa833857aa0a75", "nonBlacklistedVotes": 16729.132111113588, "nonBlacklistedVotesBreakdowns": [{"key": "42161-155a-f2b4-25", "nonBlacklistedVotes": 16729.132111113588}], "totalDeposited": 3749.265, "dollarPerVote": 0.22411592992975815, "incentiveDirected": 140.46602742875888, "incentiveDirectedUSD": 18805.591752162243, "efficiency": 5.015807565526107, "platform": "votemarket"}, {"gauge": "0x5b1d12365bec01b8b672ee45912d1bbc86305dba", "nonBlacklistedVotes": 4015.9617927253903, "nonBlacklistedVotesBreakdowns": [{"key": "42161-155a-f2b4-26", "nonBlacklistedVotes": 4015.9617927253903}, {"key": "42161-155a-f2b4-28", "nonBlacklistedVotes": 4015.9617927253903}], "totalDeposited": 1743.0315296139424, "dollarPerVote": 0.43402592444263577, "incentiveDirected": 33.71999190293096, "incentiveDirectedUSD": 4514.432515964397, "efficiency": 2.5899890158408563, "platform": "votemarket"}, {"gauge": "0x215d87bd3c7482e2348338815e059de07daf798a", "nonBlacklistedVotes": 14520.043051765788, "nonBlacklistedVotesBreakdowns": [{"key": "42161-155a-f2b4-27", "nonBlacklistedVotes": 14520.043051765788}], "totalDeposited": 4486.0372, "dollarPerVote": 0.3089548139772527, "incentiveDirected": 121.91742835368927, "incentiveDirectedUSD": 16322.30530799192, "efficiency": 3.638468559287007, "platform": "votemarket"}]}