{"totalDepositedUSD": 10019.304119374561, "globalAverageDollarPerVote": 0.28411357460451236, "globalAverageEfficiency": 4.159330701086821, "analytics": [{"gauge": "0xf0a3eced42dbd8353569639c0eaa833857aa0a75", "nonBlacklistedVotes": 16729.132111113588, "nonBlacklistedVotesBreakdowns": [{"key": "42161-155a-f2b4-25", "nonBlacklistedVotes": 16729.132111113588}], "totalDeposited": 3749.295, "dollarPerVote": 0.22411772320868026, "incentiveDirected": 140.46602742875888, "incentiveDirectedUSD": 19769.18870032353, "efficiency": 5.2727749351074085, "platform": "votemarket"}, {"gauge": "0x5b1d12365bec01b8b672ee45912d1bbc86305dba", "nonBlacklistedVotes": 4015.9617927253903, "nonBlacklistedVotesBreakdowns": [{"key": "42161-155a-f2b4-26", "nonBlacklistedVotes": 4015.9617927253903}, {"key": "42161-155a-f2b4-28", "nonBlacklistedVotes": 4015.9617927253903}], "totalDeposited": 1832.3443193745613, "dollarPerVote": 0.456265376501767, "incentiveDirected": 33.71999190293096, "incentiveDirectedUSD": 4745.751660418504, "efficiency": 2.5899890158408563, "platform": "votemarket"}, {"gauge": "0x215d87bd3c7482e2348338815e059de07daf798a", "nonBlacklistedVotes": 14520.043051765788, "nonBlacklistedVotesBreakdowns": [{"key": "42161-155a-f2b4-27", "nonBlacklistedVotes": 14520.043051765788}], "totalDeposited": 4437.6648, "dollarPerVote": 0.3056233913480259, "incentiveDirected": 121.91742835368927, "incentiveDirectedUSD": 17158.65886649823, "efficiency": 3.866596428486043, "platform": "votemarket"}]}