{"totalDepositedUSD": 10051.693528641781, "globalAverageDollarPerVote": 0.2850320286943971, "globalAverageEfficiency": 4.1615409319155585, "analytics": [{"gauge": "0xf0a3eced42dbd8353569639c0eaa833857aa0a75", "nonBlacklistedVotes": 16729.132111113588, "nonBlacklistedVotesBreakdowns": [{"key": "42161-155a-f2b4-25", "nonBlacklistedVotes": 16729.132111113588}], "totalDeposited": 3749.2537500000003, "dollarPerVote": 0.2241152574501624, "incentiveDirected": 140.46602742875888, "incentiveDirectedUSD": 19843.63569486077, "efficiency": 5.292689430492873, "platform": "votemarket"}, {"gauge": "0x5b1d12365bec01b8b672ee45912d1bbc86305dba", "nonBlacklistedVotes": 4015.9617927253903, "nonBlacklistedVotesBreakdowns": [{"key": "42161-155a-f2b4-26", "nonBlacklistedVotes": 4015.9617927253903}, {"key": "42161-155a-f2b4-28", "nonBlacklistedVotes": 4015.9617927253903}], "totalDeposited": 1839.2445786417811, "dollarPerVote": 0.45798358489700597, "incentiveDirected": 33.71999190293096, "incentiveDirectedUSD": 4763.623256127056, "efficiency": 2.589989015840856, "platform": "votemarket"}, {"gauge": "0x215d87bd3c7482e2348338815e059de07daf798a", "nonBlacklistedVotes": 14520.043051765788, "nonBlacklistedVotesBreakdowns": [{"key": "42161-155a-f2b4-27", "nonBlacklistedVotes": 14520.043051765788}], "totalDeposited": 4463.1952, "dollarPerVote": 0.307381678145729, "incentiveDirected": 121.91742835368927, "incentiveDirectedUSD": 17223.275103525684, "efficiency": 3.858956270504522, "platform": "votemarket"}]}