{"totalDepositedUSD": 9972.314502393618, "globalAverageDollarPerVote": 0.28278110800895945, "globalAverageEfficiency": 4.041156064653508, "analytics": [{"gauge": "0xf0a3eced42dbd8353569639c0eaa833857aa0a75", "nonBlacklistedVotes": 16729.132111113588, "nonBlacklistedVotesBreakdowns": [{"key": "42161-155a-f2b4-25", "nonBlacklistedVotes": 16729.132111113588}], "totalDeposited": 3749.0099999999998, "dollarPerVote": 0.22410068705892025, "incentiveDirected": 140.46602742875888, "incentiveDirectedUSD": 19117.426333054085, "efficiency": 5.099326577697601, "platform": "votemarket"}, {"gauge": "0x5b1d12365bec01b8b672ee45912d1bbc86305dba", "nonBlacklistedVotes": 4015.9617927253903, "nonBlacklistedVotesBreakdowns": [{"key": "42161-155a-f2b4-26", "nonBlacklistedVotes": 4015.9617927253903}, {"key": "42161-155a-f2b4-28", "nonBlacklistedVotes": 4015.9617927253903}], "totalDeposited": 1771.934502393618, "dollarPerVote": 0.44122294828684444, "incentiveDirected": 33.71999190293096, "incentiveDirectedUSD": 4589.2908979889025, "efficiency": 2.589989015840856, "platform": "votemarket"}, {"gauge": "0x215d87bd3c7482e2348338815e059de07daf798a", "nonBlacklistedVotes": 14520.043051765788, "nonBlacklistedVotesBreakdowns": [{"key": "42161-155a-f2b4-27", "nonBlacklistedVotes": 14520.043051765788}], "totalDeposited": 4451.37, "dollarPerVote": 0.30656727284694013, "incentiveDirected": 121.91742835368927, "incentiveDirectedUSD": 16592.96199893711, "efficiency": 3.7276079047432833, "platform": "votemarket"}]}