{"totalDepositedUSD": 10067.289261489852, "globalAverageDollarPerVote": 0.28547427092551914, "globalAverageEfficiency": 4.162741316197152, "analytics": [{"gauge": "0xf0a3eced42dbd8353569639c0eaa833857aa0a75", "nonBlacklistedVotes": 16729.132111113588, "nonBlacklistedVotesBreakdowns": [{"key": "42161-155a-f2b4-25", "nonBlacklistedVotes": 16729.132111113588}], "totalDeposited": 3749.92125, "dollarPerVote": 0.22415515790617924, "incentiveDirected": 140.46602742875888, "incentiveDirectedUSD": 19880.156861992247, "efficiency": 5.301486494414315, "platform": "votemarket"}, {"gauge": "0x5b1d12365bec01b8b672ee45912d1bbc86305dba", "nonBlacklistedVotes": 4015.9617927253903, "nonBlacklistedVotesBreakdowns": [{"key": "42161-155a-f2b4-26", "nonBlacklistedVotes": 4015.9617927253903}, {"key": "42161-155a-f2b4-28", "nonBlacklistedVotes": 4015.9617927253903}], "totalDeposited": 1842.6296114898514, "dollarPerVote": 0.4588264795814629, "incentiveDirected": 33.71999190293096, "incentiveDirectedUSD": 4772.390454021818, "efficiency": 2.589989015840856, "platform": "votemarket"}, {"gauge": "0x215d87bd3c7482e2348338815e059de07daf798a", "nonBlacklistedVotes": 14520.043051765788, "nonBlacklistedVotesBreakdowns": [{"key": "42161-155a-f2b4-27", "nonBlacklistedVotes": 14520.043051765788}], "totalDeposited": 4474.738399999999, "dollarPerVote": 0.30817666201449895, "incentiveDirected": 121.91742835368927, "incentiveDirectedUSD": 17254.97363489764, "efficiency": 3.856085449575699, "platform": "votemarket"}]}