{"totalDepositedUSD": 10031.112662193318, "globalAverageDollarPerVote": 0.28444842493654493, "globalAverageEfficiency": 4.186904726729583, "analytics": [{"gauge": "0xf0a3eced42dbd8353569639c0eaa833857aa0a75", "nonBlacklistedVotes": 16729.132111113588, "nonBlacklistedVotesBreakdowns": [{"key": "42161-155a-f2b4-25", "nonBlacklistedVotes": 16729.132111113588}], "totalDeposited": 3749.69625, "dollarPerVote": 0.22414170831426344, "incentiveDirected": 140.46602742875888, "incentiveDirectedUSD": 19923.70133049516, "efficiency": 5.313417408275447, "platform": "votemarket"}, {"gauge": "0x5b1d12365bec01b8b672ee45912d1bbc86305dba", "nonBlacklistedVotes": 4015.9617927253903, "nonBlacklistedVotesBreakdowns": [{"key": "42161-155a-f2b4-26", "nonBlacklistedVotes": 4015.9617927253903}, {"key": "42161-155a-f2b4-28", "nonBlacklistedVotes": 4015.9617927253903}], "totalDeposited": 1846.6656121933195, "dollarPerVote": 0.45983146939754604, "incentiveDirected": 33.71999190293096, "incentiveDirectedUSD": 4782.843651511727, "efficiency": 2.589989015840856, "platform": "votemarket"}, {"gauge": "0x215d87bd3c7482e2348338815e059de07daf798a", "nonBlacklistedVotes": 14520.043051765788, "nonBlacklistedVotesBreakdowns": [{"key": "42161-155a-f2b4-27", "nonBlacklistedVotes": 14520.043051765788}], "totalDeposited": 4434.7508, "dollarPerVote": 0.30542270323783155, "incentiveDirected": 121.91742835368927, "incentiveDirectedUSD": 17292.768037687285, "efficiency": 3.899377624034091, "platform": "votemarket"}]}