{"totalDepositedUSD": 9984.74290804579, "globalAverageDollarPerVote": 0.28313353555426624, "globalAverageEfficiency": 4.088912828587858, "analytics": [{"gauge": "0xf0a3eced42dbd8353569639c0eaa833857aa0a75", "nonBlacklistedVotes": 16729.132111113588, "nonBlacklistedVotesBreakdowns": [{"key": "42161-155a-f2b4-25", "nonBlacklistedVotes": 16729.132111113588}], "totalDeposited": 3748.9987499999997, "dollarPerVote": 0.22410001457932444, "incentiveDirected": 140.46602742875888, "incentiveDirectedUSD": 19367.455861877275, "efficiency": 5.166034227639387, "platform": "votemarket"}, {"gauge": "0x5b1d12365bec01b8b672ee45912d1bbc86305dba", "nonBlacklistedVotes": 4015.9617927253903, "nonBlacklistedVotesBreakdowns": [{"key": "42161-155a-f2b4-26", "nonBlacklistedVotes": 4015.9617927253903}, {"key": "42161-155a-f2b4-28", "nonBlacklistedVotes": 4015.9617927253903}], "totalDeposited": 1795.1089580457901, "dollarPerVote": 0.4469935349727414, "incentiveDirected": 33.71999190293096, "incentiveDirectedUSD": 4649.31248357612, "efficiency": 2.589989015840856, "platform": "votemarket"}, {"gauge": "0x215d87bd3c7482e2348338815e059de07daf798a", "nonBlacklistedVotes": 14520.043051765788, "nonBlacklistedVotesBreakdowns": [{"key": "42161-155a-f2b4-27", "nonBlacklistedVotes": 14520.043051765788}], "totalDeposited": 4440.6352, "dollarPerVote": 0.30582796374422405, "incentiveDirected": 121.91742835368927, "incentiveDirectedUSD": 16809.975021406677, "efficiency": 3.785488846597144, "platform": "votemarket"}]}