{"totalDepositedUSD": 8801.217842418122, "globalAverageDollarPerVote": 0.2601620953750603, "globalAverageEfficiency": 3.4378889805751305, "analytics": [{"gauge": "0x5b1d12365bec01b8b672ee45912d1bbc86305dba", "nonBlacklistedVotes": 4028.756327596575, "nonBlacklistedVotesBreakdowns": [{"key": "42161-155a-f2b4-26", "nonBlacklistedVotes": 4028.756327596575}, {"key": "42161-155a-f2b4-28", "nonBlacklistedVotes": 4028.756327596575}], "totalDeposited": 964.3959924181223, "dollarPerVote": 0.23937808941486655, "incentiveDirected": 33.663616446123775, "incentiveDirectedUSD": 3603.3535043930897, "efficiency": 3.736383739378735, "platform": "votemarket"}, {"gauge": "0xf0a3eced42dbd8353569639c0eaa833857aa0a75", "nonBlacklistedVotes": 14711.12227692139, "nonBlacklistedVotesBreakdowns": [{"key": "42161-155a-f2b4-29", "nonBlacklistedVotes": 14711.12227692139}], "totalDeposited": 3745.48125, "dollarPerVote": 0.25460200652915926, "incentiveDirected": 122.9236860095102, "incentiveDirectedUSD": 13157.751350457973, "efficiency": 3.512966818471718, "platform": "votemarket"}, {"gauge": "0x215d87bd3c7482e2348338815e059de07daf798a", "nonBlacklistedVotes": 15089.868306652646, "nonBlacklistedVotesBreakdowns": [{"key": "42161-155a-f2b4-30", "nonBlacklistedVotes": 15089.868306652646}], "totalDeposited": 4091.3405999999995, "dollarPerVote": 0.27113163063167733, "incentiveDirected": 126.08842471262543, "incentiveDirectedUSD": 13496.504981239426, "efficiency": 3.2987977048988366, "platform": "votemarket"}]}