{"totalDepositedUSD": 8778.760484557839, "globalAverageDollarPerVote": 0.25949826073511306, "globalAverageEfficiency": 3.452479597808201, "analytics": [{"gauge": "0x5b1d12365bec01b8b672ee45912d1bbc86305dba", "nonBlacklistedVotes": 4028.756327596575, "nonBlacklistedVotesBreakdowns": [{"key": "42161-155a-f2b4-26", "nonBlacklistedVotes": 4028.756327596575}, {"key": "42161-155a-f2b4-28", "nonBlacklistedVotes": 4028.756327596575}], "totalDeposited": 966.0177345578388, "dollarPerVote": 0.2397806310450485, "incentiveDirected": 33.663616446123775, "incentiveDirectedUSD": 3609.412955353392, "efficiency": 3.736383739378735, "platform": "votemarket"}, {"gauge": "0xf0a3eced42dbd8353569639c0eaa833857aa0a75", "nonBlacklistedVotes": 14711.12227692139, "nonBlacklistedVotesBreakdowns": [{"key": "42161-155a-f2b4-29", "nonBlacklistedVotes": 14711.12227692139}], "totalDeposited": 3746.2087500000002, "dollarPerVote": 0.2546514589085431, "incentiveDirected": 122.9236860095102, "incentiveDirectedUSD": 13179.877613939685, "efficiency": 3.5181909214054565, "platform": "votemarket"}, {"gauge": "0x215d87bd3c7482e2348338815e059de07daf798a", "nonBlacklistedVotes": 15089.868306652646, "nonBlacklistedVotesBreakdowns": [{"key": "42161-155a-f2b4-30", "nonBlacklistedVotes": 15089.868306652646}], "totalDeposited": 4066.534, "dollarPerVote": 0.26948770641074404, "incentiveDirected": 126.08842471262543, "incentiveDirectedUSD": 13519.200897687699, "efficiency": 3.3245021184349377, "platform": "votemarket"}]}