{"totalDepositedUSD": 8807.94528455784, "globalAverageDollarPerVote": 0.2603609571093022, "globalAverageEfficiency": 3.4410399347186984, "analytics": [{"gauge": "0x5b1d12365bec01b8b672ee45912d1bbc86305dba", "nonBlacklistedVotes": 4028.756327596575, "nonBlacklistedVotesBreakdowns": [{"key": "42161-155a-f2b4-26", "nonBlacklistedVotes": 4028.756327596575}, {"key": "42161-155a-f2b4-28", "nonBlacklistedVotes": 4028.756327596575}], "totalDeposited": 966.0177345578388, "dollarPerVote": 0.2397806310450485, "incentiveDirected": 33.663616446123775, "incentiveDirectedUSD": 3609.412955353392, "efficiency": 3.736383739378735, "platform": "votemarket"}, {"gauge": "0xf0a3eced42dbd8353569639c0eaa833857aa0a75", "nonBlacklistedVotes": 14711.12227692139, "nonBlacklistedVotesBreakdowns": [{"key": "42161-155a-f2b4-29", "nonBlacklistedVotes": 14711.12227692139}], "totalDeposited": 3746.32875, "dollarPerVote": 0.2546596160020497, "incentiveDirected": 122.9236860095102, "incentiveDirectedUSD": 13179.877613939685, "efficiency": 3.518078228970077, "platform": "votemarket"}, {"gauge": "0x215d87bd3c7482e2348338815e059de07daf798a", "nonBlacklistedVotes": 15089.868306652646, "nonBlacklistedVotesBreakdowns": [{"key": "42161-155a-f2b4-30", "nonBlacklistedVotes": 15089.868306652646}], "totalDeposited": 4095.5988, "dollarPerVote": 0.27141381997312597, "incentiveDirected": 126.08842471262543, "incentiveDirectedUSD": 13519.200897687699, "efficiency": 3.300909478166586, "platform": "votemarket"}]}