{"totalDepositedUSD": 8791.199186717096, "globalAverageDollarPerVote": 0.2598659460799641, "globalAverageEfficiency": 3.4173695357551677, "analytics": [{"gauge": "0x5b1d12365bec01b8b672ee45912d1bbc86305dba", "nonBlacklistedVotes": 4028.756327596575, "nonBlacklistedVotesBreakdowns": [{"key": "42161-155a-f2b4-26", "nonBlacklistedVotes": 4028.756327596575}, {"key": "42161-155a-f2b4-28", "nonBlacklistedVotes": 4028.756327596575}], "totalDeposited": 957.5486367170967, "dollarPerVote": 0.23767846919854274, "incentiveDirected": 33.663616446123775, "incentiveDirectedUSD": 3577.7691558940355, "efficiency": 3.7363837393787347, "platform": "votemarket"}, {"gauge": "0xf0a3eced42dbd8353569639c0eaa833857aa0a75", "nonBlacklistedVotes": 14711.12227692139, "nonBlacklistedVotesBreakdowns": [{"key": "42161-155a-f2b4-29", "nonBlacklistedVotes": 14711.12227692139}], "totalDeposited": 3746.08875, "dollarPerVote": 0.25464330181503647, "incentiveDirected": 122.9236860095102, "incentiveDirectedUSD": 13064.329349090744, "efficiency": 3.487458579055487, "platform": "votemarket"}, {"gauge": "0x215d87bd3c7482e2348338815e059de07daf798a", "nonBlacklistedVotes": 15089.868306652646, "nonBlacklistedVotesBreakdowns": [{"key": "42161-155a-f2b4-30", "nonBlacklistedVotes": 15089.868306652646}], "totalDeposited": 4087.5618, "dollarPerVote": 0.27088121095118656, "incentiveDirected": 126.08842471262543, "incentiveDirectedUSD": 13400.67777845783, "efficiency": 3.2784037120754554, "platform": "votemarket"}]}