{"totalDepositedUSD": 8792.137128856812, "globalAverageDollarPerVote": 0.25989367144670067, "globalAverageEfficiency": 3.422792146355637, "analytics": [{"gauge": "0x5b1d12365bec01b8b672ee45912d1bbc86305dba", "nonBlacklistedVotes": 4028.756327596575, "nonBlacklistedVotesBreakdowns": [{"key": "42161-155a-f2b4-26", "nonBlacklistedVotes": 4028.756327596575}, {"key": "42161-155a-f2b4-28", "nonBlacklistedVotes": 4028.756327596575}], "totalDeposited": 959.1703788568132, "dollarPerVote": 0.23808101082872465, "incentiveDirected": 33.663616446123775, "incentiveDirectedUSD": 3583.8286068543375, "efficiency": 3.736383739378735, "platform": "votemarket"}, {"gauge": "0xf0a3eced42dbd8353569639c0eaa833857aa0a75", "nonBlacklistedVotes": 14711.12227692139, "nonBlacklistedVotesBreakdowns": [{"key": "42161-155a-f2b4-29", "nonBlacklistedVotes": 14711.12227692139}], "totalDeposited": 3745.89375, "dollarPerVote": 0.25463004653808824, "incentiveDirected": 122.9236860095102, "incentiveDirectedUSD": 13086.455612572456, "efficiency": 3.493546930574968, "platform": "votemarket"}, {"gauge": "0x215d87bd3c7482e2348338815e059de07daf798a", "nonBlacklistedVotes": 15089.868306652646, "nonBlacklistedVotesBreakdowns": [{"key": "42161-155a-f2b4-30", "nonBlacklistedVotes": 15089.868306652646}], "totalDeposited": 4087.0729999999994, "dollarPerVote": 0.2708488183557002, "incentiveDirected": 126.08842471262543, "incentiveDirectedUSD": 13423.373694906102, "efficiency": 3.2843488958739187, "platform": "votemarket"}]}