{"totalDepositedUSD": 8789.617296360477, "globalAverageDollarPerVote": 0.2598191857432471, "globalAverageEfficiency": 3.417019763086145, "analytics": [{"gauge": "0x5b1d12365bec01b8b672ee45912d1bbc86305dba", "nonBlacklistedVotes": 4028.756327596575, "nonBlacklistedVotesBreakdowns": [{"key": "42161-155a-f2b4-26", "nonBlacklistedVotes": 4028.756327596575}, {"key": "42161-155a-f2b4-28", "nonBlacklistedVotes": 4028.756327596575}], "totalDeposited": 957.2783463604773, "dollarPerVote": 0.23761137892684575, "incentiveDirected": 33.663616446123775, "incentiveDirectedUSD": 3576.759247400652, "efficiency": 3.7363837393787347, "platform": "votemarket"}, {"gauge": "0xf0a3eced42dbd8353569639c0eaa833857aa0a75", "nonBlacklistedVotes": 14711.12227692139, "nonBlacklistedVotesBreakdowns": [{"key": "42161-155a-f2b4-29", "nonBlacklistedVotes": 14711.12227692139}], "totalDeposited": 3746.55375, "dollarPerVote": 0.25467491055237457, "incentiveDirected": 122.9236860095102, "incentiveDirectedUSD": 13060.641638510459, "efficiency": 3.4860414423549804, "platform": "votemarket"}, {"gauge": "0x215d87bd3c7482e2348338815e059de07daf798a", "nonBlacklistedVotes": 15089.868306652646, "nonBlacklistedVotesBreakdowns": [{"key": "42161-155a-f2b4-30", "nonBlacklistedVotes": 15089.868306652646}], "totalDeposited": 4085.7852, "dollarPerVote": 0.2707634763252842, "incentiveDirected": 126.08842471262543, "incentiveDirectedUSD": 13396.895125716452, "efficiency": 3.2789034346975585, "platform": "votemarket"}]}