{"totalDepositedUSD": 8792.555726370249, "globalAverageDollarPerVote": 0.25990604509863885, "globalAverageEfficiency": 3.3978741260417094, "analytics": [{"gauge": "0x5b1d12365bec01b8b672ee45912d1bbc86305dba", "nonBlacklistedVotes": 4028.756327596575, "nonBlacklistedVotesBreakdowns": [{"key": "42161-155a-f2b4-26", "nonBlacklistedVotes": 4028.756327596575}, {"key": "42161-155a-f2b4-28", "nonBlacklistedVotes": 4028.756327596575}], "totalDeposited": 952.2329263702479, "dollarPerVote": 0.2363590271885019, "incentiveDirected": 33.663616446123775, "incentiveDirectedUSD": 3557.9076221908226, "efficiency": 3.736383739378735, "platform": "votemarket"}, {"gauge": "0xf0a3eced42dbd8353569639c0eaa833857aa0a75", "nonBlacklistedVotes": 14711.12227692139, "nonBlacklistedVotesBreakdowns": [{"key": "42161-155a-f2b4-29", "nonBlacklistedVotes": 14711.12227692139}], "totalDeposited": 3746.0400000000004, "dollarPerVote": 0.25463998799579945, "incentiveDirected": 122.9236860095102, "incentiveDirectedUSD": 12991.804374345134, "efficiency": 3.4681435260555498, "platform": "votemarket"}, {"gauge": "0x215d87bd3c7482e2348338815e059de07daf798a", "nonBlacklistedVotes": 15089.868306652646, "nonBlacklistedVotesBreakdowns": [{"key": "42161-155a-f2b4-30", "nonBlacklistedVotes": 15089.868306652646}], "totalDeposited": 4094.2827999999995, "dollarPerVote": 0.27132660913912415, "incentiveDirected": 126.08842471262543, "incentiveDirectedUSD": 13326.285607877382, "efficiency": 3.254852255901176, "platform": "votemarket"}]}