{"totalDepositedUSD": 8797.778316350705, "globalAverageDollarPerVote": 0.26006042372861116, "globalAverageEfficiency": 3.4318430555051314, "analytics": [{"gauge": "0x5b1d12365bec01b8b672ee45912d1bbc86305dba", "nonBlacklistedVotes": 4028.756327596575, "nonBlacklistedVotesBreakdowns": [{"key": "42161-155a-f2b4-26", "nonBlacklistedVotes": 4028.756327596575}, {"key": "42161-155a-f2b4-28", "nonBlacklistedVotes": 4028.756327596575}], "totalDeposited": 962.3237663507066, "dollarPerVote": 0.2388637306651896, "incentiveDirected": 33.663616446123775, "incentiveDirectedUSD": 3595.6108726104817, "efficiency": 3.736383739378735, "platform": "votemarket"}, {"gauge": "0xf0a3eced42dbd8353569639c0eaa833857aa0a75", "nonBlacklistedVotes": 14711.12227692139, "nonBlacklistedVotesBreakdowns": [{"key": "42161-155a-f2b4-29", "nonBlacklistedVotes": 14711.12227692139}], "totalDeposited": 3746.3887499999996, "dollarPerVote": 0.254663694548803, "incentiveDirected": 122.9236860095102, "incentiveDirectedUSD": 13129.478902675786, "efficiency": 3.504569274257987, "platform": "votemarket"}, {"gauge": "0x215d87bd3c7482e2348338815e059de07daf798a", "nonBlacklistedVotes": 15089.868306652646, "nonBlacklistedVotesBreakdowns": [{"key": "42161-155a-f2b4-30", "nonBlacklistedVotes": 15089.868306652646}], "totalDeposited": 4089.0657999999994, "dollarPerVote": 0.27098088047575997, "incentiveDirected": 126.08842471262543, "incentiveDirectedUSD": 13467.504643555523, "efficiency": 3.2935407015351834, "platform": "votemarket"}]}