{"totalDepositedUSD": 8792.290745632581, "globalAverageDollarPerVote": 0.25989821232535915, "globalAverageEfficiency": 3.4410580762297185, "analytics": [{"gauge": "0x5b1d12365bec01b8b672ee45912d1bbc86305dba", "nonBlacklistedVotes": 4028.756327596575, "nonBlacklistedVotesBreakdowns": [{"key": "42161-155a-f2b4-26", "nonBlacklistedVotes": 4028.756327596575}, {"key": "42161-155a-f2b4-28", "nonBlacklistedVotes": 4028.756327596575}], "totalDeposited": 964.3058956325824, "dollarPerVote": 0.23935572599096752, "incentiveDirected": 33.663616446123775, "incentiveDirectedUSD": 3603.0168682286285, "efficiency": 3.736383739378735, "platform": "votemarket"}, {"gauge": "0xf0a3eced42dbd8353569639c0eaa833857aa0a75", "nonBlacklistedVotes": 14711.12227692139, "nonBlacklistedVotesBreakdowns": [{"key": "42161-155a-f2b4-29", "nonBlacklistedVotes": 14711.12227692139}], "totalDeposited": 3746.56125, "dollarPerVote": 0.2546754203707188, "incentiveDirected": 122.9236860095102, "incentiveDirectedUSD": 13156.522113597877, "efficiency": 3.5116260580546697, "platform": "votemarket"}, {"gauge": "0x215d87bd3c7482e2348338815e059de07daf798a", "nonBlacklistedVotes": 15089.868306652646, "nonBlacklistedVotesBreakdowns": [{"key": "42161-155a-f2b4-30", "nonBlacklistedVotes": 15089.868306652646}], "totalDeposited": 4081.423599999999, "dollarPerVote": 0.27047443470402116, "incentiveDirected": 126.08842471262543, "incentiveDirectedUSD": 13495.2440969923, "efficiency": 3.306504156292991, "platform": "votemarket"}]}