{"totalDepositedUSD": 8420.864643800633, "globalAverageDollarPerVote": 0.2481846659388626, "globalAverageEfficiency": 3.699494592776439, "analytics": [{"gauge": "0x5b1d12365bec01b8b672ee45912d1bbc86305dba", "nonBlacklistedVotes": 4008.4078285287083, "nonBlacklistedVotesBreakdowns": [{"key": "42161-155a-f2b4-26", "nonBlacklistedVotes": 4008.4078285287083}], "totalDeposited": 439.781543800632, "dollarPerVote": 0.10971477020641746, "incentiveDirected": 33.55535222645324, "incentiveDirectedUSD": 3680.3510321973918, "efficiency": 8.368589096285088, "platform": "votemarket"}, {"gauge": "0xf0a3eced42dbd8353569639c0eaa833857aa0a75", "nonBlacklistedVotes": 14640.054053361382, "nonBlacklistedVotesBreakdowns": [{"key": "42161-155a-f2b4-29", "nonBlacklistedVotes": 14640.054053361382}], "totalDeposited": 3747.8025000000002, "dollarPerVote": 0.2559964933421471, "incentiveDirected": 122.55543632025348, "incentiveDirectedUSD": 13441.880255605403, "efficiency": 3.5866031509412255, "platform": "votemarket"}, {"gauge": "0x215d87bd3c7482e2348338815e059de07daf798a", "nonBlacklistedVotes": 15281.372630428306, "nonBlacklistedVotesBreakdowns": [{"key": "42161-155a-f2b4-30", "nonBlacklistedVotes": 15281.372630428306}], "totalDeposited": 4233.280599999999, "dollarPerVote": 0.2770222742668208, "incentiveDirected": 127.9240693694378, "incentiveDirectedUSD": 14030.711928439941, "efficiency": 3.31438268666621, "platform": "votemarket"}]}