{"totalDepositedUSD": 8421.297143800632, "globalAverageDollarPerVote": 0.24819741283274568, "globalAverageEfficiency": 3.699304594563094, "analytics": [{"gauge": "0x5b1d12365bec01b8b672ee45912d1bbc86305dba", "nonBlacklistedVotes": 4008.4078285287083, "nonBlacklistedVotesBreakdowns": [{"key": "42161-155a-f2b4-26", "nonBlacklistedVotes": 4008.4078285287083}], "totalDeposited": 439.781543800632, "dollarPerVote": 0.10971477020641746, "incentiveDirected": 33.55535222645324, "incentiveDirectedUSD": 3680.3510321973918, "efficiency": 8.368589096285088, "platform": "votemarket"}, {"gauge": "0xf0a3eced42dbd8353569639c0eaa833857aa0a75", "nonBlacklistedVotes": 14640.054053361382, "nonBlacklistedVotesBreakdowns": [{"key": "42161-155a-f2b4-29", "nonBlacklistedVotes": 14640.054053361382}], "totalDeposited": 3747.765, "dollarPerVote": 0.25599393187619457, "incentiveDirected": 122.55543632025348, "incentiveDirectedUSD": 13441.880255605403, "efficiency": 3.5866390383616378, "platform": "votemarket"}, {"gauge": "0x215d87bd3c7482e2348338815e059de07daf798a", "nonBlacklistedVotes": 15281.372630428306, "nonBlacklistedVotesBreakdowns": [{"key": "42161-155a-f2b4-30", "nonBlacklistedVotes": 15281.372630428306}], "totalDeposited": 4233.750599999999, "dollarPerVote": 0.2770530306662207, "incentiveDirected": 127.9240693694378, "incentiveDirectedUSD": 14030.711928439941, "efficiency": 3.3140147481620534, "platform": "votemarket"}]}