{"totalDepositedUSD": 8449.055294152366, "globalAverageDollarPerVote": 0.24901551733430624, "globalAverageEfficiency": 3.697572442663357, "analytics": [{"gauge": "0x5b1d12365bec01b8b672ee45912d1bbc86305dba", "nonBlacklistedVotes": 4008.4078285287083, "nonBlacklistedVotesBreakdowns": [{"key": "42161-155a-f2b4-26", "nonBlacklistedVotes": 4008.4078285287083}], "totalDeposited": 441.02454415236605, "dollarPerVote": 0.11002486848107088, "incentiveDirected": 33.55535222645324, "incentiveDirectedUSD": 3690.753191387592, "efficiency": 8.368589096285088, "platform": "votemarket"}, {"gauge": "0xf0a3eced42dbd8353569639c0eaa833857aa0a75", "nonBlacklistedVotes": 14640.054053361382, "nonBlacklistedVotesBreakdowns": [{"key": "42161-155a-f2b4-29", "nonBlacklistedVotes": 14640.054053361382}], "totalDeposited": 3747.90375, "dollarPerVote": 0.2560034093002187, "incentiveDirected": 122.55543632025348, "incentiveDirectedUSD": 13479.87244086468, "efficiency": 3.5966431744317555, "platform": "votemarket"}, {"gauge": "0x215d87bd3c7482e2348338815e059de07daf798a", "nonBlacklistedVotes": 15281.372630428306, "nonBlacklistedVotesBreakdowns": [{"key": "42161-155a-f2b4-30", "nonBlacklistedVotes": 15281.372630428306}], "totalDeposited": 4260.1269999999995, "dollarPerVote": 0.27877907980054256, "incentiveDirected": 127.9240693694378, "incentiveDirectedUSD": 14070.368389944464, "efficiency": 3.3028049140188696, "platform": "votemarket"}]}