{"totalDepositedUSD": 8437.852644152366, "globalAverageDollarPerVote": 0.24868534625740546, "globalAverageEfficiency": 3.702481583847934, "analytics": [{"gauge": "0x5b1d12365bec01b8b672ee45912d1bbc86305dba", "nonBlacklistedVotes": 4008.4078285287083, "nonBlacklistedVotesBreakdowns": [{"key": "42161-155a-f2b4-26", "nonBlacklistedVotes": 4008.4078285287083}], "totalDeposited": 441.02454415236605, "dollarPerVote": 0.11002486848107088, "incentiveDirected": 33.55535222645324, "incentiveDirectedUSD": 3690.753191387592, "efficiency": 8.368589096285088, "platform": "votemarket"}, {"gauge": "0xf0a3eced42dbd8353569639c0eaa833857aa0a75", "nonBlacklistedVotes": 14640.054053361382, "nonBlacklistedVotesBreakdowns": [{"key": "42161-155a-f2b4-29", "nonBlacklistedVotes": 14640.054053361382}], "totalDeposited": 3747.8025000000002, "dollarPerVote": 0.2559964933421471, "incentiveDirected": 122.55543632025348, "incentiveDirectedUSD": 13479.87244086468, "efficiency": 3.596740340736919, "platform": "votemarket"}, {"gauge": "0x215d87bd3c7482e2348338815e059de07daf798a", "nonBlacklistedVotes": 15281.372630428306, "nonBlacklistedVotesBreakdowns": [{"key": "42161-155a-f2b4-30", "nonBlacklistedVotes": 15281.372630428306}], "totalDeposited": 4249.0256, "dollarPerVote": 0.2780526136467172, "incentiveDirected": 127.9240693694378, "incentiveDirectedUSD": 14070.368389944464, "efficiency": 3.3114341297318766, "platform": "votemarket"}]}