{"totalDepositedUSD": 8450.29679128964, "globalAverageDollarPerVote": 0.24905210746671097, "globalAverageEfficiency": 3.707785176140328, "analytics": [{"gauge": "0x5b1d12365bec01b8b672ee45912d1bbc86305dba", "nonBlacklistedVotes": 4008.4078285287083, "nonBlacklistedVotesBreakdowns": [{"key": "42161-155a-f2b4-26", "nonBlacklistedVotes": 4008.4078285287083}], "totalDeposited": 442.30764128964, "dollarPerVote": 0.11034496992587445, "incentiveDirected": 33.55535222645324, "incentiveDirectedUSD": 3701.4909041000574, "efficiency": 8.368589096285088, "platform": "votemarket"}, {"gauge": "0xf0a3eced42dbd8353569639c0eaa833857aa0a75", "nonBlacklistedVotes": 14640.054053361382, "nonBlacklistedVotesBreakdowns": [{"key": "42161-155a-f2b4-29", "nonBlacklistedVotes": 14640.054053361382}], "totalDeposited": 3747.99375, "dollarPerVote": 0.2560095568185047, "incentiveDirected": 122.55543632025348, "incentiveDirectedUSD": 13519.090180487163, "efficiency": 3.607020470748427, "platform": "votemarket"}, {"gauge": "0x215d87bd3c7482e2348338815e059de07daf798a", "nonBlacklistedVotes": 15281.372630428306, "nonBlacklistedVotesBreakdowns": [{"key": "42161-155a-f2b4-30", "nonBlacklistedVotes": 15281.372630428306}], "totalDeposited": 4259.9954, "dollarPerVote": 0.2787704680087106, "incentiveDirected": 127.9240693694378, "incentiveDirectedUSD": 14111.304092142687, "efficiency": 3.3125162745815846, "platform": "votemarket"}]}