{"totalDepositedUSD": 10448.70985, "globalAverageDollarPerVote": 0.23186012628261476, "globalAverageEfficiency": 3.4810035048587875, "analytics": [{"gauge": "0x2122a2bee97545595550b85379ac7676fd21a5b4", "nonBlacklistedVotes": 23313.908989168536, "nonBlacklistedVotesBreakdowns": [{"key": "42161-155a-f2b4-31", "nonBlacklistedVotes": 23313.908989168536}], "totalDeposited": 3749.2837499999996, "dollarPerVote": 0.1608174653054487, "incentiveDirected": 195.51946989063873, "incentiveDirectedUSD": 18816.793782275072, "efficiency": 5.018770260393088, "platform": "votemarket"}, {"gauge": "0x215d87bd3c7482e2348338815e059de07daf798a", "nonBlacklistedVotes": 10898.090895493491, "nonBlacklistedVotesBreakdowns": [{"key": "42161-155a-f2b4-32", "nonBlacklistedVotes": 10898.090895493491}], "totalDeposited": 4200.803599999999, "dollarPerVote": 0.3854623383382762, "incentiveDirected": 91.39561090749869, "incentiveDirectedUSD": 8795.913593737674, "efficiency": 2.0938645152888546, "platform": "votemarket"}, {"gauge": "0xf0a3eced42dbd8353569639c0eaa833857aa0a75", "nonBlacklistedVotes": 762.3999125979203, "nonBlacklistedVotesBreakdowns": [{"key": "42161-155a-f2b4-33", "nonBlacklistedVotes": 762.3999125979203}], "totalDeposited": 2498.6225, "dollarPerVote": 0.2086587380489991, "incentiveDirected": 6.3937809324497525, "incentiveDirectedUSD": 615.3374769389643, "efficiency": 3.8680666804246244, "platform": "votemarket"}]}