{"totalDepositedUSD": 10444.779649999999, "globalAverageDollarPerVote": 0.2317438037997033, "globalAverageEfficiency": 3.4281066177473822, "analytics": [{"gauge": "0x2122a2bee97545595550b85379ac7676fd21a5b4", "nonBlacklistedVotes": 23313.908989168536, "nonBlacklistedVotesBreakdowns": [{"key": "42161-155a-f2b4-31", "nonBlacklistedVotes": 23313.908989168536}], "totalDeposited": 3749.27625, "dollarPerVote": 0.1608171436090741, "incentiveDirected": 195.51946989063873, "incentiveDirectedUSD": 18521.55938274021, "efficiency": 4.940035928998353, "platform": "votemarket"}, {"gauge": "0x215d87bd3c7482e2348338815e059de07daf798a", "nonBlacklistedVotes": 10898.090895493491, "nonBlacklistedVotesBreakdowns": [{"key": "42161-155a-f2b4-32", "nonBlacklistedVotes": 10898.090895493491}], "totalDeposited": 4196.733399999999, "dollarPerVote": 0.3850888600805675, "incentiveDirected": 91.39561090749869, "incentiveDirectedUSD": 8657.906221267353, "efficiency": 2.0630107743482955, "platform": "votemarket"}, {"gauge": "0xf0a3eced42dbd8353569639c0eaa833857aa0a75", "nonBlacklistedVotes": 762.3999125979203, "nonBlacklistedVotesBreakdowns": [{"key": "42161-155a-f2b4-33", "nonBlacklistedVotes": 762.3999125979203}], "totalDeposited": 2498.77, "dollarPerVote": 0.20867105570157052, "incentiveDirected": 6.3937809324497525, "incentiveDirectedUSD": 605.6828677309652, "efficiency": 3.8071521934689416, "platform": "votemarket"}]}