{"totalDepositedUSD": 10451.6195, "globalAverageDollarPerVote": 0.23193120568991174, "globalAverageEfficiency": 3.500547287561763, "analytics": [{"gauge": "0x2122a2bee97545595550b85379ac7676fd21a5b4", "nonBlacklistedVotes": 23313.908989168536, "nonBlacklistedVotesBreakdowns": [{"key": "42161-155a-f2b4-31", "nonBlacklistedVotes": 23313.908989168536}], "totalDeposited": 3749.2875, "dollarPerVote": 0.160817626153636, "incentiveDirected": 195.51946989063873, "incentiveDirectedUSD": 18928.23988011274, "efficiency": 5.048489847767806, "platform": "votemarket"}, {"gauge": "0x215d87bd3c7482e2348338815e059de07daf798a", "nonBlacklistedVotes": 10898.090895493491, "nonBlacklistedVotesBreakdowns": [{"key": "42161-155a-f2b4-32", "nonBlacklistedVotes": 10898.090895493491}], "totalDeposited": 4203.257, "dollarPerVote": 0.38568746033657175, "incentiveDirected": 91.39561090749869, "incentiveDirectedUSD": 8848.00909195495, "efficiency": 2.1050364257895606, "platform": "votemarket"}, {"gauge": "0xf0a3eced42dbd8353569639c0eaa833857aa0a75", "nonBlacklistedVotes": 762.3999125979203, "nonBlacklistedVotesBreakdowns": [{"key": "42161-155a-f2b4-33", "nonBlacklistedVotes": 762.3999125979203}], "totalDeposited": 2499.0750000000003, "dollarPerVote": 0.2086965261018031, "incentiveDirected": 6.3937809324497525, "incentiveDirectedUSD": 618.9819320704606, "efficiency": 3.8902715255677434, "platform": "votemarket"}]}