{"totalDepositedUSD": 10448.082900000001, "globalAverageDollarPerVote": 0.23182412925768447, "globalAverageEfficiency": 3.468159037224103, "analytics": [{"gauge": "0x2122a2bee97545595550b85379ac7676fd21a5b4", "nonBlacklistedVotes": 23313.908989168536, "nonBlacklistedVotesBreakdowns": [{"key": "42161-155a-f2b4-31", "nonBlacklistedVotes": 23313.908989168536}], "totalDeposited": 3748.9500000000003, "dollarPerVote": 0.1608031498167782, "incentiveDirected": 195.51946989063873, "incentiveDirectedUSD": 18744.451578415537, "efficiency": 4.999920398622423, "platform": "votemarket"}, {"gauge": "0x215d87bd3c7482e2348338815e059de07daf798a", "nonBlacklistedVotes": 10898.090895493491, "nonBlacklistedVotesBreakdowns": [{"key": "42161-155a-f2b4-32", "nonBlacklistedVotes": 10898.090895493491}], "totalDeposited": 4199.8354, "dollarPerVote": 0.3853734970899067, "incentiveDirected": 91.39561090749869, "incentiveDirectedUSD": 8762.097217701901, "efficiency": 2.0862953861720155, "platform": "votemarket"}, {"gauge": "0xf0a3eced42dbd8353569639c0eaa833857aa0a75", "nonBlacklistedVotes": 762.3999125979203, "nonBlacklistedVotesBreakdowns": [{"key": "42161-155a-f2b4-33", "nonBlacklistedVotes": 762.3999125979203}], "totalDeposited": 2499.2975, "dollarPerVote": 0.20871510696754644, "incentiveDirected": 6.3937809324497525, "incentiveDirectedUSD": 612.9717779939579, "efficiency": 3.8521550289920468, "platform": "votemarket"}]}