{"totalDepositedUSD": 10453.60885, "globalAverageDollarPerVote": 0.231995247358065, "globalAverageEfficiency": 3.4995809708363224, "analytics": [{"gauge": "0x2122a2bee97545595550b85379ac7676fd21a5b4", "nonBlacklistedVotes": 23313.908989168536, "nonBlacklistedVotesBreakdowns": [{"key": "42161-155a-f2b4-31", "nonBlacklistedVotes": 23313.908989168536}], "totalDeposited": 3748.96875, "dollarPerVote": 0.16080395405771475, "incentiveDirected": 195.51946989063873, "incentiveDirectedUSD": 18928.23988011274, "efficiency": 5.048919087445777, "platform": "votemarket"}, {"gauge": "0x215d87bd3c7482e2348338815e059de07daf798a", "nonBlacklistedVotes": 10898.090895493491, "nonBlacklistedVotesBreakdowns": [{"key": "42161-155a-f2b4-32", "nonBlacklistedVotes": 10898.090895493491}], "totalDeposited": 4205.8326, "dollarPerVote": 0.3859237953079625, "incentiveDirected": 91.39561090749869, "incentiveDirectedUSD": 8848.00909195495, "efficiency": 2.1037473274506815, "platform": "votemarket"}, {"gauge": "0xf0a3eced42dbd8353569639c0eaa833857aa0a75", "nonBlacklistedVotes": 762.3999125979203, "nonBlacklistedVotesBreakdowns": [{"key": "42161-155a-f2b4-33", "nonBlacklistedVotes": 762.3999125979203}], "totalDeposited": 2498.8075000000003, "dollarPerVote": 0.20867418730815648, "incentiveDirected": 6.3937809324497525, "incentiveDirectedUSD": 618.9819320704606, "efficiency": 3.890687983271305, "platform": "votemarket"}]}