{"totalDepositedUSD": 10442.48575, "globalAverageDollarPerVote": 0.231681495388442, "globalAverageEfficiency": 3.4409738848364437, "analytics": [{"gauge": "0x2122a2bee97545595550b85379ac7676fd21a5b4", "nonBlacklistedVotes": 23313.908989168536, "nonBlacklistedVotesBreakdowns": [{"key": "42161-155a-f2b4-31", "nonBlacklistedVotes": 23313.908989168536}], "totalDeposited": 3749.27625, "dollarPerVote": 0.1608171436090741, "incentiveDirected": 195.51946989063873, "incentiveDirectedUSD": 18586.08080780412, "efficiency": 4.957244963692425, "platform": "votemarket"}, {"gauge": "0x215d87bd3c7482e2348338815e059de07daf798a", "nonBlacklistedVotes": 10898.090895493491, "nonBlacklistedVotesBreakdowns": [{"key": "42161-155a-f2b4-32", "nonBlacklistedVotes": 10898.090895493491}], "totalDeposited": 4194.562, "dollarPerVote": 0.3848896141740301, "incentiveDirected": 91.39561090749869, "incentiveDirectedUSD": 8688.066772866827, "efficiency": 2.0712691272335055, "platform": "votemarket"}, {"gauge": "0xf0a3eced42dbd8353569639c0eaa833857aa0a75", "nonBlacklistedVotes": 762.3999125979203, "nonBlacklistedVotesBreakdowns": [{"key": "42161-155a-f2b4-33", "nonBlacklistedVotes": 762.3999125979203}], "totalDeposited": 2498.6475, "dollarPerVote": 0.20866082578672301, "incentiveDirected": 6.3937809324497525, "incentiveDirectedUSD": 607.7928154386736, "efficiency": 3.8206020331115265, "platform": "votemarket"}]}