{"totalDepositedUSD": 10450.909849999998, "globalAverageDollarPerVote": 0.23192075382052504, "globalAverageEfficiency": 3.437424042905687, "analytics": [{"gauge": "0x2122a2bee97545595550b85379ac7676fd21a5b4", "nonBlacklistedVotes": 23313.908989168536, "nonBlacklistedVotesBreakdowns": [{"key": "42161-155a-f2b4-31", "nonBlacklistedVotes": 23313.908989168536}], "totalDeposited": 3749.2837499999996, "dollarPerVote": 0.1608174653054487, "incentiveDirected": 195.51946989063873, "incentiveDirectedUSD": 18586.08080780412, "efficiency": 4.957235047308469, "platform": "votemarket"}, {"gauge": "0x215d87bd3c7482e2348338815e059de07daf798a", "nonBlacklistedVotes": 10898.090895493491, "nonBlacklistedVotesBreakdowns": [{"key": "42161-155a-f2b4-32", "nonBlacklistedVotes": 10898.090895493491}], "totalDeposited": 4202.918599999999, "dollarPerVote": 0.385656409026462, "incentiveDirected": 91.39561090749869, "incentiveDirectedUSD": 8688.066772866827, "efficiency": 2.067150853901103, "platform": "votemarket"}, {"gauge": "0xf0a3eced42dbd8353569639c0eaa833857aa0a75", "nonBlacklistedVotes": 762.3999125979203, "nonBlacklistedVotesBreakdowns": [{"key": "42161-155a-f2b4-33", "nonBlacklistedVotes": 762.3999125979203}], "totalDeposited": 2498.7075, "dollarPerVote": 0.20866583635726058, "incentiveDirected": 6.3937809324497525, "incentiveDirectedUSD": 607.7928154386736, "efficiency": 3.82051029123218, "platform": "votemarket"}]}