{"totalDepositedUSD": 10448.6736, "globalAverageDollarPerVote": 0.23185132594907057, "globalAverageEfficiency": 3.4677522142282573, "analytics": [{"gauge": "0x2122a2bee97545595550b85379ac7676fd21a5b4", "nonBlacklistedVotes": 23313.908989168536, "nonBlacklistedVotesBreakdowns": [{"key": "42161-155a-f2b4-31", "nonBlacklistedVotes": 23313.908989168536}], "totalDeposited": 3748.9575, "dollarPerVote": 0.1608034715131528, "incentiveDirected": 195.51946989063873, "incentiveDirectedUSD": 18744.451578415537, "efficiency": 4.999910396000899, "platform": "votemarket"}, {"gauge": "0x215d87bd3c7482e2348338815e059de07daf798a", "nonBlacklistedVotes": 10898.090895493491, "nonBlacklistedVotesBreakdowns": [{"key": "42161-155a-f2b4-32", "nonBlacklistedVotes": 10898.090895493491}], "totalDeposited": 4200.803599999999, "dollarPerVote": 0.3854623383382762, "incentiveDirected": 91.39561090749869, "incentiveDirectedUSD": 8762.097217701901, "efficiency": 2.085814537414199, "platform": "votemarket"}, {"gauge": "0xf0a3eced42dbd8353569639c0eaa833857aa0a75", "nonBlacklistedVotes": 762.3999125979203, "nonBlacklistedVotesBreakdowns": [{"key": "42161-155a-f2b4-33", "nonBlacklistedVotes": 762.3999125979203}], "totalDeposited": 2498.9125, "dollarPerVote": 0.2086829558065972, "incentiveDirected": 6.3937809324497525, "incentiveDirectedUSD": 612.9717779939579, "efficiency": 3.85274851903468, "platform": "votemarket"}]}