{"totalDepositedUSD": 10459.5106, "globalAverageDollarPerVote": 0.23214926764817745, "globalAverageEfficiency": 3.4972591608997217, "analytics": [{"gauge": "0x2122a2bee97545595550b85379ac7676fd21a5b4", "nonBlacklistedVotes": 23313.908989168536, "nonBlacklistedVotesBreakdowns": [{"key": "42161-155a-f2b4-31", "nonBlacklistedVotes": 23313.908989168536}], "totalDeposited": 3749.1974999999998, "dollarPerVote": 0.1608137657971406, "incentiveDirected": 195.51946989063873, "incentiveDirectedUSD": 18928.23988011274, "efficiency": 5.0486110374587465, "platform": "votemarket"}, {"gauge": "0x215d87bd3c7482e2348338815e059de07daf798a", "nonBlacklistedVotes": 10898.090895493491, "nonBlacklistedVotesBreakdowns": [{"key": "42161-155a-f2b4-32", "nonBlacklistedVotes": 10898.090895493491}], "totalDeposited": 4210.955599999999, "dollarPerVote": 0.3863938776415681, "incentiveDirected": 91.39561090749869, "incentiveDirectedUSD": 8848.00909195495, "efficiency": 2.10118793272362, "platform": "votemarket"}, {"gauge": "0xf0a3eced42dbd8353569639c0eaa833857aa0a75", "nonBlacklistedVotes": 762.3999125979203, "nonBlacklistedVotesBreakdowns": [{"key": "42161-155a-f2b4-33", "nonBlacklistedVotes": 762.3999125979203}], "totalDeposited": 2499.3575, "dollarPerVote": 0.20872011753808398, "incentiveDirected": 6.3937809324497525, "incentiveDirectedUSD": 618.9819320704606, "efficiency": 3.889831811878937, "platform": "votemarket"}]}