{"totalDepositedUSD": 10448.16945, "globalAverageDollarPerVote": 0.23184661594628858, "globalAverageEfficiency": 3.450098315636931, "analytics": [{"gauge": "0x2122a2bee97545595550b85379ac7676fd21a5b4", "nonBlacklistedVotes": 23313.908989168536, "nonBlacklistedVotesBreakdowns": [{"key": "42161-155a-f2b4-31", "nonBlacklistedVotes": 23313.908989168536}], "totalDeposited": 3749.20125, "dollarPerVote": 0.16081392664532793, "incentiveDirected": 195.51946989063873, "incentiveDirectedUSD": 18648.64703816912, "efficiency": 4.974032012330392, "platform": "votemarket"}, {"gauge": "0x215d87bd3c7482e2348338815e059de07daf798a", "nonBlacklistedVotes": 10898.090895493491, "nonBlacklistedVotesBreakdowns": [{"key": "42161-155a-f2b4-32", "nonBlacklistedVotes": 10898.090895493491}], "totalDeposited": 4200.418199999999, "dollarPerVote": 0.38542697434620676, "incentiveDirected": 91.39561090749869, "incentiveDirectedUSD": 8717.313368357225, "efficiency": 2.0753441570073257, "platform": "votemarket"}, {"gauge": "0xf0a3eced42dbd8353569639c0eaa833857aa0a75", "nonBlacklistedVotes": 762.3999125979203, "nonBlacklistedVotesBreakdowns": [{"key": "42161-155a-f2b4-33", "nonBlacklistedVotes": 762.3999125979203}], "totalDeposited": 2498.5499999999997, "dollarPerVote": 0.20865268360959954, "incentiveDirected": 6.3937809324497525, "incentiveDirectedUSD": 609.8388253370575, "efficiency": 3.8336128983562787, "platform": "votemarket"}]}