{"totalDepositedUSD": 12653.879415090043, "globalAverageDollarPerVote": 0.22904603992632008, "globalAverageEfficiency": 2.8786986997389485, "analytics": [{"gauge": "0x2122a2bee97545595550b85379ac7676fd21a5b4", "nonBlacklistedVotes": 23200.650343246314, "nonBlacklistedVotesBreakdowns": [{"key": "42161-155a-f2b4-31", "nonBlacklistedVotes": 23200.650343246314}], "totalDeposited": 3749.19375, "dollarPerVote": 0.1615986489400883, "incentiveDirected": 195.0459527286413, "incentiveDirectedUSD": 15297.454072507338, "efficiency": 4.080198328642615, "platform": "votemarket"}, {"gauge": "0x215d87bd3c7482e2348338815e059de07daf798a", "nonBlacklistedVotes": 10844.17412445287, "nonBlacklistedVotesBreakdowns": [{"key": "42161-155a-f2b4-32", "nonBlacklistedVotes": 10844.17412445287}], "totalDeposited": 4064.0242, "dollarPerVote": 0.3747656717200717, "incentiveDirected": 91.16607691451618, "incentiveDirectedUSD": 7150.155412405504, "efficiency": 1.7593781583302344, "platform": "votemarket"}, {"gauge": "0xf0a3eced42dbd8353569639c0eaa833857aa0a75", "nonBlacklistedVotes": 758.6808886340281, "nonBlacklistedVotesBreakdowns": [{"key": "42161-155a-f2b4-33", "nonBlacklistedVotes": 758.6808886340281}], "totalDeposited": 4840.661465090044, "dollarPerVote": 0.20876646531555623, "incentiveDirected": 6.3781676182069775, "incentiveDirectedUSD": 500.2396862959732, "efficiency": 3.1583354937758825, "platform": "votemarket"}]}