{"totalDepositedUSD": 12660.845765090044, "globalAverageDollarPerVote": 0.2292462022355092, "globalAverageEfficiency": 2.9077231371416046, "analytics": [{"gauge": "0x2122a2bee97545595550b85379ac7676fd21a5b4", "nonBlacklistedVotes": 23200.650343246314, "nonBlacklistedVotesBreakdowns": [{"key": "42161-155a-f2b4-31", "nonBlacklistedVotes": 23200.650343246314}], "totalDeposited": 3748.8375, "dollarPerVote": 0.16158329376707678, "incentiveDirected": 195.0459527286413, "incentiveDirectedUSD": 15465.19359185397, "efficiency": 4.125330476942244, "platform": "votemarket"}, {"gauge": "0x215d87bd3c7482e2348338815e059de07daf798a", "nonBlacklistedVotes": 10844.17412445287, "nonBlacklistedVotesBreakdowns": [{"key": "42161-155a-f2b4-32", "nonBlacklistedVotes": 10844.17412445287}], "totalDeposited": 4071.3468, "dollarPerVote": 0.37544092830632364, "incentiveDirected": 91.16607691451618, "incentiveDirectedUSD": 7228.558238551987, "efficiency": 1.7754710157709945, "platform": "votemarket"}, {"gauge": "0xf0a3eced42dbd8353569639c0eaa833857aa0a75", "nonBlacklistedVotes": 758.6808886340281, "nonBlacklistedVotesBreakdowns": [{"key": "42161-155a-f2b4-33", "nonBlacklistedVotes": 758.6808886340281}], "totalDeposited": 4840.661465090044, "dollarPerVote": 0.20876646531555623, "incentiveDirected": 6.3781676182069775, "incentiveDirectedUSD": 505.7249104476312, "efficiency": 3.192967248520843, "platform": "votemarket"}]}