{"totalDepositedUSD": 12675.287540309568, "globalAverageDollarPerVote": 0.22967326251312833, "globalAverageEfficiency": 2.903780595718168, "analytics": [{"gauge": "0x2122a2bee97545595550b85379ac7676fd21a5b4", "nonBlacklistedVotes": 23200.650343246314, "nonBlacklistedVotesBreakdowns": [{"key": "42161-155a-f2b4-31", "nonBlacklistedVotes": 23200.650343246314}], "totalDeposited": 3749.16375, "dollarPerVote": 0.16159735587288732, "incentiveDirected": 195.0459527286413, "incentiveDirectedUSD": 15472.995429963115, "efficiency": 4.1270524473525905, "platform": "votemarket"}, {"gauge": "0x215d87bd3c7482e2348338815e059de07daf798a", "nonBlacklistedVotes": 10844.17412445287, "nonBlacklistedVotesBreakdowns": [{"key": "42161-155a-f2b4-32", "nonBlacklistedVotes": 10844.17412445287}], "totalDeposited": 4085.8979999999997, "dollarPerVote": 0.37678277322996684, "incentiveDirected": 91.16607691451618, "incentiveDirectedUSD": 7232.204881628568, "efficiency": 1.7700404859907342, "platform": "votemarket"}, {"gauge": "0xf0a3eced42dbd8353569639c0eaa833857aa0a75", "nonBlacklistedVotes": 758.6808886340281, "nonBlacklistedVotesBreakdowns": [{"key": "42161-155a-f2b4-33", "nonBlacklistedVotes": 758.6808886340281}], "totalDeposited": 4840.225790309568, "dollarPerVote": 0.2087476756760404, "incentiveDirected": 6.3781676182069775, "incentiveDirectedUSD": 505.98003715235944, "efficiency": 3.1948655757773055, "platform": "votemarket"}]}