{"totalDepositedUSD": 12666.595901912817, "globalAverageDollarPerVote": 0.22942002992347063, "globalAverageEfficiency": 2.883167031687945, "analytics": [{"gauge": "0x2122a2bee97545595550b85379ac7676fd21a5b4", "nonBlacklistedVotes": 23200.650343246314, "nonBlacklistedVotesBreakdowns": [{"key": "42161-155a-f2b4-31", "nonBlacklistedVotes": 23200.650343246314}], "totalDeposited": 3749.27625, "dollarPerVote": 0.16160220487489094, "incentiveDirected": 195.0459527286413, "incentiveDirectedUSD": 15346.215560689498, "efficiency": 4.093114120542465, "platform": "votemarket"}, {"gauge": "0x215d87bd3c7482e2348338815e059de07daf798a", "nonBlacklistedVotes": 10844.17412445287, "nonBlacklistedVotesBreakdowns": [{"key": "42161-155a-f2b4-32", "nonBlacklistedVotes": 10844.17412445287}], "totalDeposited": 4076.9679999999994, "dollarPerVote": 0.37595928958819613, "incentiveDirected": 91.16607691451618, "incentiveDirectedUSD": 7172.946931634133, "efficiency": 1.759382691165134, "platform": "votemarket"}, {"gauge": "0xf0a3eced42dbd8353569639c0eaa833857aa0a75", "nonBlacklistedVotes": 758.6808886340281, "nonBlacklistedVotesBreakdowns": [{"key": "42161-155a-f2b4-33", "nonBlacklistedVotes": 758.6808886340281}], "totalDeposited": 4840.351651912817, "dollarPerVote": 0.20875310379412282, "incentiveDirected": 6.3781676182069775, "incentiveDirectedUSD": 501.83422820052493, "efficiency": 3.1686056622015837, "platform": "votemarket"}]}