{"totalDepositedUSD": 12679.677948051045, "globalAverageDollarPerVote": 0.22981273033614955, "globalAverageEfficiency": 2.9020183610603074, "analytics": [{"gauge": "0x2122a2bee97545595550b85379ac7676fd21a5b4", "nonBlacklistedVotes": 23200.650343246314, "nonBlacklistedVotesBreakdowns": [{"key": "42161-155a-f2b4-31", "nonBlacklistedVotes": 23200.650343246314}], "totalDeposited": 3748.995, "dollarPerVote": 0.16159008236988187, "incentiveDirected": 195.0459527286413, "incentiveDirectedUSD": 15472.995429963115, "efficiency": 4.127238214498316, "platform": "votemarket"}, {"gauge": "0x215d87bd3c7482e2348338815e059de07daf798a", "nonBlacklistedVotes": 10844.17412445287, "nonBlacklistedVotesBreakdowns": [{"key": "42161-155a-f2b4-32", "nonBlacklistedVotes": 10844.17412445287}], "totalDeposited": 4090.9364, "dollarPerVote": 0.3772473913689028, "incentiveDirected": 91.16607691451618, "incentiveDirectedUSD": 7232.204881628568, "efficiency": 1.7678605029470924, "platform": "votemarket"}, {"gauge": "0xf0a3eced42dbd8353569639c0eaa833857aa0a75", "nonBlacklistedVotes": 758.6808886340281, "nonBlacklistedVotesBreakdowns": [{"key": "42161-155a-f2b4-33", "nonBlacklistedVotes": 758.6808886340281}], "totalDeposited": 4839.7465480510455, "dollarPerVote": 0.20872700707257308, "incentiveDirected": 6.3781676182069775, "incentiveDirectedUSD": 505.98003715235944, "efficiency": 3.1951819383345197, "platform": "votemarket"}]}