{"totalDepositedUSD": 12674.967544171339, "globalAverageDollarPerVote": 0.22964725073911776, "globalAverageEfficiency": 2.9070381391025166, "analytics": [{"gauge": "0x2122a2bee97545595550b85379ac7676fd21a5b4", "nonBlacklistedVotes": 23200.650343246314, "nonBlacklistedVotesBreakdowns": [{"key": "42161-155a-f2b4-31", "nonBlacklistedVotes": 23200.650343246314}], "totalDeposited": 3749.21625, "dollarPerVote": 0.161599618740489, "incentiveDirected": 195.0459527286413, "incentiveDirectedUSD": 15488.599106181404, "efficiency": 4.131156506691607, "platform": "votemarket"}, {"gauge": "0x215d87bd3c7482e2348338815e059de07daf798a", "nonBlacklistedVotes": 10844.17412445287, "nonBlacklistedVotesBreakdowns": [{"key": "42161-155a-f2b4-32", "nonBlacklistedVotes": 10844.17412445287}], "totalDeposited": 4084.9203999999995, "dollarPerVote": 0.3766926234418151, "incentiveDirected": 91.16607691451618, "incentiveDirectedUSD": 7239.498167781729, "efficiency": 1.7722495076725924, "platform": "votemarket"}, {"gauge": "0xf0a3eced42dbd8353569639c0eaa833857aa0a75", "nonBlacklistedVotes": 758.6808886340281, "nonBlacklistedVotesBreakdowns": [{"key": "42161-155a-f2b4-33", "nonBlacklistedVotes": 758.6808886340281}], "totalDeposited": 4840.830894171339, "dollarPerVote": 0.20877377239759015, "incentiveDirected": 6.3781676182069775, "incentiveDirectedUSD": 506.4902905618159, "efficiency": 3.1976876634067084, "platform": "votemarket"}]}