{"totalDepositedUSD": 12659.777854218544, "globalAverageDollarPerVote": 0.22925937803445545, "globalAverageEfficiency": 2.907556026963715, "analytics": [{"gauge": "0x2122a2bee97545595550b85379ac7676fd21a5b4", "nonBlacklistedVotes": 23200.650343246314, "nonBlacklistedVotesBreakdowns": [{"key": "42161-155a-f2b4-31", "nonBlacklistedVotes": 23200.650343246314}], "totalDeposited": 3749.2725, "dollarPerVote": 0.16160204324149083, "incentiveDirected": 195.0459527286413, "incentiveDirectedUSD": 15465.19359185397, "efficiency": 4.124851845752468, "platform": "votemarket"}, {"gauge": "0x215d87bd3c7482e2348338815e059de07daf798a", "nonBlacklistedVotes": 10844.17412445287, "nonBlacklistedVotesBreakdowns": [{"key": "42161-155a-f2b4-32", "nonBlacklistedVotes": 10844.17412445287}], "totalDeposited": 4071.422, "dollarPerVote": 0.37544786290541227, "incentiveDirected": 91.16607691451618, "incentiveDirectedUSD": 7228.558238551987, "efficiency": 1.7754382224569174, "platform": "votemarket"}, {"gauge": "0xf0a3eced42dbd8353569639c0eaa833857aa0a75", "nonBlacklistedVotes": 758.6808886340281, "nonBlacklistedVotesBreakdowns": [{"key": "42161-155a-f2b4-33", "nonBlacklistedVotes": 758.6808886340281}], "totalDeposited": 4839.083354218544, "dollarPerVote": 0.2086984050657546, "incentiveDirected": 6.3781676182069775, "incentiveDirectedUSD": 505.7249104476312, "efficiency": 3.1940085317471056, "platform": "votemarket"}]}