{"totalDepositedUSD": 12672.796007238085, "globalAverageDollarPerVote": 0.2296620820787046, "globalAverageEfficiency": 2.9068504055879436, "analytics": [{"gauge": "0x2122a2bee97545595550b85379ac7676fd21a5b4", "nonBlacklistedVotes": 23200.650343246314, "nonBlacklistedVotesBreakdowns": [{"key": "42161-155a-f2b4-31", "nonBlacklistedVotes": 23200.650343246314}], "totalDeposited": 3749.26875, "dollarPerVote": 0.16160188160809072, "incentiveDirected": 195.0459527286413, "incentiveDirectedUSD": 15488.599106181404, "efficiency": 4.131098659220256, "platform": "votemarket"}, {"gauge": "0x215d87bd3c7482e2348338815e059de07daf798a", "nonBlacklistedVotes": 10844.17412445287, "nonBlacklistedVotesBreakdowns": [{"key": "42161-155a-f2b4-32", "nonBlacklistedVotes": 10844.17412445287}], "totalDeposited": 4085.475, "dollarPerVote": 0.3767437661100935, "incentiveDirected": 91.16607691451618, "incentiveDirectedUSD": 7239.498167781729, "efficiency": 1.7720089262036185, "platform": "votemarket"}, {"gauge": "0xf0a3eced42dbd8353569639c0eaa833857aa0a75", "nonBlacklistedVotes": 758.6808886340281, "nonBlacklistedVotesBreakdowns": [{"key": "42161-155a-f2b4-33", "nonBlacklistedVotes": 758.6808886340281}], "totalDeposited": 4838.052257238085, "dollarPerVote": 0.20865393625223394, "incentiveDirected": 6.3781676182069775, "incentiveDirectedUSD": 506.4902905618159, "efficiency": 3.1995241902919362, "platform": "votemarket"}]}