{"totalDepositedUSD": 12676.11922855997, "globalAverageDollarPerVote": 0.2296925848585052, "globalAverageEfficiency": 2.906464380858893, "analytics": [{"gauge": "0x2122a2bee97545595550b85379ac7676fd21a5b4", "nonBlacklistedVotes": 23200.650343246314, "nonBlacklistedVotesBreakdowns": [{"key": "42161-155a-f2b4-31", "nonBlacklistedVotes": 23200.650343246314}], "totalDeposited": 3749.27625, "dollarPerVote": 0.16160220487489094, "incentiveDirected": 195.0459527286413, "incentiveDirectedUSD": 15488.599106181404, "efficiency": 4.131090395428026, "platform": "votemarket"}, {"gauge": "0x215d87bd3c7482e2348338815e059de07daf798a", "nonBlacklistedVotes": 10844.17412445287, "nonBlacklistedVotesBreakdowns": [{"key": "42161-155a-f2b4-32", "nonBlacklistedVotes": 10844.17412445287}], "totalDeposited": 4086.4525999999996, "dollarPerVote": 0.3768339158982452, "incentiveDirected": 91.16607691451618, "incentiveDirectedUSD": 7239.498167781729, "efficiency": 1.771585009399529, "platform": "votemarket"}, {"gauge": "0xf0a3eced42dbd8353569639c0eaa833857aa0a75", "nonBlacklistedVotes": 758.6808886340281, "nonBlacklistedVotesBreakdowns": [{"key": "42161-155a-f2b4-33", "nonBlacklistedVotes": 758.6808886340281}], "totalDeposited": 4840.3903785599705, "dollarPerVote": 0.20875477398430198, "incentiveDirected": 6.3781676182069775, "incentiveDirectedUSD": 506.4902905618159, "efficiency": 3.19797867946654, "platform": "votemarket"}]}