{"totalDepositedUSD": 12665.899704803942, "globalAverageDollarPerVote": 0.22946756498817564, "globalAverageEfficiency": 2.906383580072735, "analytics": [{"gauge": "0x2122a2bee97545595550b85379ac7676fd21a5b4", "nonBlacklistedVotes": 23200.650343246314, "nonBlacklistedVotesBreakdowns": [{"key": "42161-155a-f2b4-31", "nonBlacklistedVotes": 23200.650343246314}], "totalDeposited": 3749.07375, "dollarPerVote": 0.1615934766712844, "incentiveDirected": 195.0459527286413, "incentiveDirectedUSD": 15472.995429963115, "efficiency": 4.1271515210825385, "platform": "votemarket"}, {"gauge": "0x215d87bd3c7482e2348338815e059de07daf798a", "nonBlacklistedVotes": 10844.17412445287, "nonBlacklistedVotesBreakdowns": [{"key": "42161-155a-f2b4-32", "nonBlacklistedVotes": 10844.17412445287}], "totalDeposited": 4078.9044, "dollarPerVote": 0.3761378555147275, "incentiveDirected": 91.16607691451618, "incentiveDirectedUSD": 7232.204881628568, "efficiency": 1.7730753585763295, "platform": "votemarket"}, {"gauge": "0xf0a3eced42dbd8353569639c0eaa833857aa0a75", "nonBlacklistedVotes": 758.6808886340281, "nonBlacklistedVotesBreakdowns": [{"key": "42161-155a-f2b4-33", "nonBlacklistedVotes": 758.6808886340281}], "totalDeposited": 4837.921554803943, "dollarPerVote": 0.2086482993603792, "incentiveDirected": 6.3781676182069775, "incentiveDirectedUSD": 505.98003715235944, "efficiency": 3.196387246315368, "platform": "votemarket"}]}