{"totalDepositedUSD": 12677.129409233177, "globalAverageDollarPerVote": 0.22975874295376553, "globalAverageEfficiency": 2.9027002605733783, "analytics": [{"gauge": "0x2122a2bee97545595550b85379ac7676fd21a5b4", "nonBlacklistedVotes": 23200.650343246314, "nonBlacklistedVotesBreakdowns": [{"key": "42161-155a-f2b4-31", "nonBlacklistedVotes": 23200.650343246314}], "totalDeposited": 3749.2725, "dollarPerVote": 0.16160204324149083, "incentiveDirected": 195.0459527286413, "incentiveDirectedUSD": 15472.995429963115, "efficiency": 4.126932739608315, "platform": "votemarket"}, {"gauge": "0x215d87bd3c7482e2348338815e059de07daf798a", "nonBlacklistedVotes": 10844.17412445287, "nonBlacklistedVotesBreakdowns": [{"key": "42161-155a-f2b4-32", "nonBlacklistedVotes": 10844.17412445287}], "totalDeposited": 4088.8025999999995, "dollarPerVote": 0.3770506221197638, "incentiveDirected": 91.16607691451618, "incentiveDirectedUSD": 7232.204881628568, "efficiency": 1.768783086184833, "platform": "votemarket"}, {"gauge": "0xf0a3eced42dbd8353569639c0eaa833857aa0a75", "nonBlacklistedVotes": 758.6808886340281, "nonBlacklistedVotesBreakdowns": [{"key": "42161-155a-f2b4-33", "nonBlacklistedVotes": 758.6808886340281}], "totalDeposited": 4839.054309233178, "dollarPerVote": 0.2086971524231202, "incentiveDirected": 6.3781676182069775, "incentiveDirectedUSD": 505.98003715235944, "efficiency": 3.1956390170996087, "platform": "votemarket"}]}