{"totalDepositedUSD": 12668.31777283152, "globalAverageDollarPerVote": 0.22947421286387285, "globalAverageEfficiency": 2.9121610724636207, "analytics": [{"gauge": "0x2122a2bee97545595550b85379ac7676fd21a5b4", "nonBlacklistedVotes": 23200.650343246314, "nonBlacklistedVotesBreakdowns": [{"key": "42161-155a-f2b4-31", "nonBlacklistedVotes": 23200.650343246314}], "totalDeposited": 3749.26875, "dollarPerVote": 0.16160188160809072, "incentiveDirected": 195.0459527286413, "incentiveDirectedUSD": 15504.202782399696, "efficiency": 4.135260451094549, "platform": "votemarket"}, {"gauge": "0x215d87bd3c7482e2348338815e059de07daf798a", "nonBlacklistedVotes": 10844.17412445287, "nonBlacklistedVotesBreakdowns": [{"key": "42161-155a-f2b4-32", "nonBlacklistedVotes": 10844.17412445287}], "totalDeposited": 4078.8668, "dollarPerVote": 0.3761343882151832, "incentiveDirected": 91.16607691451618, "incentiveDirectedUSD": 7246.79145393489, "efficiency": 1.7766678367469344, "platform": "votemarket"}, {"gauge": "0xf0a3eced42dbd8353569639c0eaa833857aa0a75", "nonBlacklistedVotes": 758.6808886340281, "nonBlacklistedVotesBreakdowns": [{"key": "42161-155a-f2b4-33", "nonBlacklistedVotes": 758.6808886340281}], "totalDeposited": 4840.18222283152, "dollarPerVote": 0.2087457967120889, "incentiveDirected": 6.3781676182069775, "incentiveDirectedUSD": 507.0005439712725, "efficiency": 3.2013380885369487, "platform": "votemarket"}]}