{"totalDepositedUSD": 12670.381175851062, "globalAverageDollarPerVote": 0.22956215694679508, "globalAverageEfficiency": 2.9110454385183493, "analytics": [{"gauge": "0x2122a2bee97545595550b85379ac7676fd21a5b4", "nonBlacklistedVotes": 23200.650343246314, "nonBlacklistedVotesBreakdowns": [{"key": "42161-155a-f2b4-31", "nonBlacklistedVotes": 23200.650343246314}], "totalDeposited": 3749.26125, "dollarPerVote": 0.16160155834129047, "incentiveDirected": 195.0459527286413, "incentiveDirectedUSD": 15504.202782399696, "efficiency": 4.135268723245065, "platform": "votemarket"}, {"gauge": "0x215d87bd3c7482e2348338815e059de07daf798a", "nonBlacklistedVotes": 10844.17412445287, "nonBlacklistedVotesBreakdowns": [{"key": "42161-155a-f2b4-32", "nonBlacklistedVotes": 10844.17412445287}], "totalDeposited": 4081.9688, "dollarPerVote": 0.37642044042758777, "incentiveDirected": 91.16607691451618, "incentiveDirectedUSD": 7246.79145393489, "efficiency": 1.7753176981496992, "platform": "votemarket"}, {"gauge": "0xf0a3eced42dbd8353569639c0eaa833857aa0a75", "nonBlacklistedVotes": 758.6808886340281, "nonBlacklistedVotesBreakdowns": [{"key": "42161-155a-f2b4-33", "nonBlacklistedVotes": 758.6808886340281}], "totalDeposited": 4839.151125851062, "dollarPerVote": 0.20870132789856816, "incentiveDirected": 6.3781676182069775, "incentiveDirectedUSD": 507.0005439712725, "efficiency": 3.202020210246041, "platform": "votemarket"}]}