{"totalDepositedUSD": 12669.963254072194, "globalAverageDollarPerVote": 0.22954396010338393, "globalAverageEfficiency": 2.8878365710684304, "analytics": [{"gauge": "0x2122a2bee97545595550b85379ac7676fd21a5b4", "nonBlacklistedVotes": 23200.650343246314, "nonBlacklistedVotesBreakdowns": [{"key": "42161-155a-f2b4-31", "nonBlacklistedVotes": 23200.650343246314}], "totalDeposited": 3749.0812499999997, "dollarPerVote": 0.16159379993808465, "incentiveDirected": 195.0459527286413, "incentiveDirectedUSD": 15379.373372653366, "efficiency": 4.102171264667408, "platform": "votemarket"}, {"gauge": "0x215d87bd3c7482e2348338815e059de07daf798a", "nonBlacklistedVotes": 10844.17412445287, "nonBlacklistedVotesBreakdowns": [{"key": "42161-155a-f2b4-32", "nonBlacklistedVotes": 10844.17412445287}], "totalDeposited": 4081.5081999999993, "dollarPerVote": 0.37637796600817003, "incentiveDirected": 91.16607691451618, "incentiveDirectedUSD": 7188.4451647096, "efficiency": 1.7612227667972349, "platform": "votemarket"}, {"gauge": "0xf0a3eced42dbd8353569639c0eaa833857aa0a75", "nonBlacklistedVotes": 758.6808886340281, "nonBlacklistedVotesBreakdowns": [{"key": "42161-155a-f2b4-33", "nonBlacklistedVotes": 758.6808886340281}], "totalDeposited": 4839.373804072194, "dollarPerVote": 0.2087109314920985, "incentiveDirected": 6.3781676182069775, "incentiveDirectedUSD": 502.9185166956201, "efficiency": 3.1760935467796556, "platform": "votemarket"}]}