{"totalDepositedUSD": 12670.565604803942, "globalAverageDollarPerVote": 0.2296016290702912, "globalAverageEfficiency": 2.9046865466130174, "analytics": [{"gauge": "0x2122a2bee97545595550b85379ac7676fd21a5b4", "nonBlacklistedVotes": 23200.650343246314, "nonBlacklistedVotesBreakdowns": [{"key": "42161-155a-f2b4-31", "nonBlacklistedVotes": 23200.650343246314}], "totalDeposited": 3749.17125, "dollarPerVote": 0.16159767913968756, "incentiveDirected": 195.0459527286413, "incentiveDirectedUSD": 15472.995429963115, "efficiency": 4.127044191423135, "platform": "votemarket"}, {"gauge": "0x215d87bd3c7482e2348338815e059de07daf798a", "nonBlacklistedVotes": 10844.17412445287, "nonBlacklistedVotesBreakdowns": [{"key": "42161-155a-f2b4-32", "nonBlacklistedVotes": 10844.17412445287}], "totalDeposited": 4083.4727999999996, "dollarPerVote": 0.3765591324093596, "incentiveDirected": 91.16607691451618, "incentiveDirectedUSD": 7232.204881628568, "efficiency": 1.7710917240904773, "platform": "votemarket"}, {"gauge": "0xf0a3eced42dbd8353569639c0eaa833857aa0a75", "nonBlacklistedVotes": 758.6808886340281, "nonBlacklistedVotesBreakdowns": [{"key": "42161-155a-f2b4-33", "nonBlacklistedVotes": 758.6808886340281}], "totalDeposited": 4837.921554803943, "dollarPerVote": 0.2086482993603792, "incentiveDirected": 6.3781676182069775, "incentiveDirectedUSD": 505.98003715235944, "efficiency": 3.196387246315368, "platform": "votemarket"}]}