{
    "totalDepositedUSD": 18934.363613140787,
    "globalAverageDollarPerVote": 0.09360126023378541,
    "globalAverageEfficiency": 0.8546260447409918,
    "analytics": [
        {
            "gauge": "0xa295829c082c4d21fe37dbc8c96bfa0ef6dbaa92",
            "nonBlacklistedVotes": 9963.012296910776,
            "nonBlacklistedVotesBreakdowns": [
                {
                    "key": "42161-155a-f2b4-69",
                    "nonBlacklistedVotes": 9963.012296910776
                }
            ],
            "totalDeposited": 2085.1961976771954,
            "dollarPerVote": 0.1912767016544377,
            "incentiveDirected": 31.94891002917405,
            "incentiveDirectedUSD": 796.981951075518,
            "efficiency": 0.4182112830494661,
            "platform": "votemarket"
        },
        {
            "gauge": "0x2122a2bee97545595550b85379ac7676fd21a5b4",
            "nonBlacklistedVotes": 29571.546965061607,
            "nonBlacklistedVotesBreakdowns": [
                {
                    "key": "42161-155a-f2b4-70",
                    "nonBlacklistedVotes": 29571.546965061607
                }
            ],
            "totalDeposited": 6250.692387899326,
            "dollarPerVote": 0.07573538919335236,
            "incentiveDirected": 94.82861862001266,
            "incentiveDirectedUSD": 2365.548540359006,
            "efficiency": 1.0562311182180306,
            "platform": "votemarket"
        },
        {
            "gauge": "0x215d87bd3c7482e2348338815e059de07daf798a",
            "nonBlacklistedVotes": 28537.85029185418,
            "nonBlacklistedVotesBreakdowns": [
                {
                    "key": "42161-155a-f2b4-71",
                    "nonBlacklistedVotes": 28537.85029185418
                }
            ],
            "totalDeposited": 2660.2423480414222,
            "dollarPerVote": 0.09321803572572386,
            "incentiveDirected": 91.51380970223177,
            "incentiveDirectedUSD": 2282.858931345016,
            "efficiency": 0.8581394597472478,
            "platform": "votemarket"
        },
        {
            "gauge": "0xa3c0f7360b922136cc8b89063be1e8daf70427bd",
            "nonBlacklistedVotes": 5619.399099014882,
            "nonBlacklistedVotesBreakdowns": [
                {
                    "key": "42161-155a-f2b4-72",
                    "nonBlacklistedVotes": 5619.399099014882
                }
            ],
            "totalDeposited": 407.1739809428866,
            "dollarPerVote": 0.0724586337023592,
            "incentiveDirected": 18.020019536472528,
            "incentiveDirectedUSD": 449.51863194965165,
            "efficiency": 1.1039964560326476,
            "platform": "votemarket"
        },
        {
            "gauge": "0x9c7003bc16f2a1aa47451c858fee6480b755363e",
            "nonBlacklistedVotes": 7934.819738101116,
            "nonBlacklistedVotesBreakdowns": [
                {
                    "key": "42161-155a-f2b4-73",
                    "nonBlacklistedVotes": 7934.819738101116
                }
            ],
            "totalDeposited": 766.4675295969572,
            "dollarPerVote": 0.04860281435811155,
            "incentiveDirected": 25.44499939931945,
            "incentiveDirectedUSD": 634.7385637840885,
            "efficiency": 1.6458733073966885,
            "platform": "votemarket"
        },
        {
            "gauge": "0xe534e5e86382d64133ecd6b7f717c69bec8b40ca",
            "nonBlacklistedVotes": 8822.374430772892,
            "nonBlacklistedVotesBreakdowns": [
                {
                    "key": "42161-155a-f2b4-74",
                    "nonBlacklistedVotes": 8822.374430772892
                }
            ],
            "totalDeposited": 936.3529768338582,
            "dollarPerVote": 0.08136240934876907,
            "incentiveDirected": 28.29116722257249,
            "incentiveDirectedUSD": 705.7376802732969,
            "efficiency": 0.9831822269848078,
            "platform": "votemarket"
        },
        {
            "gauge": "0xf0a3eced42dbd8353569639c0eaa833857aa0a75",
            "nonBlacklistedVotes": 18852.73965502648,
            "nonBlacklistedVotesBreakdowns": [
                {
                    "key": "42161-155a-f2b4-75",
                    "nonBlacklistedVotes": 18852.73965502648
                }
            ],
            "totalDeposited": 5589.052119464211,
            "dollarPerVote": 0.10175851970161909,
            "incentiveDirected": 60.45606138904849,
            "incentiveDirectedUSD": 1508.1074664577773,
            "efficiency": 0.7861167305787716,
            "platform": "votemarket"
        },
        {
            "gauge": "0xb5152d159fce50a7576eba7fab61c2b98f0ed692",
            "nonBlacklistedVotes": 2596.304780628458,
            "nonBlacklistedVotesBreakdowns": [
                {
                    "key": "42161-155a-f2b4-76",
                    "nonBlacklistedVotes": 2596.304780628458
                }
            ],
            "totalDeposited": 239.18607268492923,
            "dollarPerVote": 0.09212557572960758,
            "incentiveDirected": 8.325705657347532,
            "incentiveDirectedUSD": 207.688998867698,
            "efficiency": 0.8683156027285872,
            "platform": "votemarket"
        }
    ]
}