{"totalDepositedUSD": 0.10897192171045506, "globalAverageDollarPerVote": 1.0600435803310524e-07, "globalAverageEfficiency": 1037248.9291645676, "analytics": [{"gauge": "0x37f45e64935e7b8383d2f034048b32770b04e8bd", "nonBlacklistedVotes": 1027994.7327865807, "nonBlacklistedVotesBreakdowns": [{"key": "42161-4355-7f59-0", "nonBlacklistedVotes": 1027994.7327865807}], "totalDeposited": 0.10897192171045506, "dollarPerVote": 1.0600435803310524e-07, "incentiveDirected": 199919.18895209942, "incentiveDirectedUSD": 113031.0091031746, "efficiency": 1037248.9291645676, "platform": "votemarket"}]}