{"totalDepositedUSD": 0.10948674781336905, "globalAverageDollarPerVote": 1.0650813441258215e-07, "globalAverageEfficiency": 1019234.3147366467, "analytics": [{"gauge": "0x37f45e64935e7b8383d2f034048b32770b04e8bd", "nonBlacklistedVotes": 1027966.0649133952, "nonBlacklistedVotesBreakdowns": [{"key": "42161-4355-7f59-0", "nonBlacklistedVotes": 1027966.0649133952}], "totalDeposited": 0.10948674781336905, "dollarPerVote": 1.0650813441258215e-07, "incentiveDirected": 198504.16145351942, "incentiveDirectedUSD": 111592.65038030325, "efficiency": 1019234.3147366467, "platform": "votemarket"}]}