{"totalDepositedUSD": 0.10925884461590278, "globalAverageDollarPerVote": 1.0628497244648089e-07, "globalAverageEfficiency": 1038078.2895865929, "analytics": [{"gauge": "0x37f45e64935e7b8383d2f034048b32770b04e8bd", "nonBlacklistedVotes": 1027980.1753810432, "nonBlacklistedVotesBreakdowns": [{"key": "42161-4355-7f59-0", "nonBlacklistedVotes": 1027980.1753810432}], "totalDeposited": 0.10925884461590278, "dollarPerVote": 1.0628497244648089e-07, "incentiveDirected": 200263.19423332484, "incentiveDirectedUSD": 113419.23454108369, "efficiency": 1038078.2895865929, "platform": "votemarket"}]}