{"totalDepositedUSD": 0.10941484513212692, "globalAverageDollarPerVote": 1.064384919684765e-07, "globalAverageEfficiency": 1017517.8794533506, "analytics": [{"gauge": "0x37f45e64935e7b8383d2f034048b32770b04e8bd", "nonBlacklistedVotes": 1027963.1278929798, "nonBlacklistedVotesBreakdowns": [{"key": "42161-4355-7f59-0", "nonBlacklistedVotes": 1027963.1278929798}], "totalDeposited": 0.10941484513212692, "dollarPerVote": 1.064384919684765e-07, "incentiveDirected": 198273.0800590238, "incentiveDirectedUSD": 111331.56119955854, "efficiency": 1017517.8794533506, "platform": "votemarket"}]}