{"totalDepositedUSD": 0.10898029379507398, "globalAverageDollarPerVote": 1.0601354246932744e-07, "globalAverageEfficiency": 1044932.8221802254, "analytics": [{"gauge": "0x37f45e64935e7b8383d2f034048b32770b04e8bd", "nonBlacklistedVotes": 1027984.6447599364, "nonBlacklistedVotesBreakdowns": [{"key": "42161-4355-7f59-0", "nonBlacklistedVotes": 1027984.6447599364}], "totalDeposited": 0.10898029379507398, "dollarPerVote": 1.0601354246932744e-07, "incentiveDirected": 200665.08402714934, "incentiveDirectedUSD": 113877.08595731677, "efficiency": 1044932.8221802254, "platform": "votemarket"}]}