{"totalDepositedUSD": 0.10888856878657077, "globalAverageDollarPerVote": 1.0592348553032738e-07, "globalAverageEfficiency": 1038033.6620271998, "analytics": [{"gauge": "0x37f45e64935e7b8383d2f034048b32770b04e8bd", "nonBlacklistedVotes": 1027992.6896419439, "nonBlacklistedVotesBreakdowns": [{"key": "42161-4355-7f59-0", "nonBlacklistedVotes": 1027992.6896419439}], "totalDeposited": 0.10888856878657077, "dollarPerVote": 1.0592348553032738e-07, "incentiveDirected": 199917.40380491217, "incentiveDirectedUSD": 113029.99981042469, "efficiency": 1038033.6620271998, "platform": "votemarket"}]}