{"totalDepositedUSD": 0.045183574547179785, "globalAverageDollarPerVote": 5.328114046702535e-08, "globalAverageEfficiency": 569930.7788412222, "analytics": [{"gauge": "0x37f45e64935e7b8383d2f034048b32770b04e8bd", "nonBlacklistedVotes": 848021.9107761594, "nonBlacklistedVotesBreakdowns": [{"key": "42161-9bab-ddd6-0", "nonBlacklistedVotes": 848021.9107761594}], "totalDeposited": 0.045183574547179785, "dollarPerVote": 5.328114046702535e-08, "incentiveDirected": 55695.939536040314, "incentiveDirectedUSD": 25751.509832504595, "efficiency": 569930.7788412222, "platform": "votemarket"}]}