{"totalDepositedUSD": 0.04493422064868652, "globalAverageDollarPerVote": 5.304454311831313e-08, "globalAverageEfficiency": 1119496.5826367987, "analytics": [{"gauge": "0x37f45e64935e7b8383d2f034048b32770b04e8bd", "nonBlacklistedVotes": 847103.5474556364, "nonBlacklistedVotesBreakdowns": [{"key": "42161-9bab-ddd6-0", "nonBlacklistedVotes": 847103.5474556364}], "totalDeposited": 0.04493422064868652, "dollarPerVote": 5.304454311831313e-08, "incentiveDirected": 106712.77143168691, "incentiveDirectedUSD": 50303.706459652436, "efficiency": 1119496.5826367987, "platform": "votemarket"}]}