{"totalDepositedUSD": 0.04545777476928121, "globalAverageDollarPerVote": 5.366283571379377e-08, "globalAverageEfficiency": 599746.8714815264, "analytics": [{"gauge": "0x37f45e64935e7b8383d2f034048b32770b04e8bd", "nonBlacklistedVotes": 847099.7509659466, "nonBlacklistedVotesBreakdowns": [{"key": "42161-9bab-ddd6-0", "nonBlacklistedVotes": 847099.7509659466}], "totalDeposited": 0.04545777476928121, "dollarPerVote": 5.366283571379377e-08, "incentiveDirected": 57287.176301441876, "incentiveDirectedUSD": 27263.15820238827, "efficiency": 599746.8714815264, "platform": "votemarket"}]}