{"totalDepositedUSD": 0.04562514135510526, "globalAverageDollarPerVote": 5.386102076991233e-08, "globalAverageEfficiency": 591409.4656382396, "analytics": [{"gauge": "0x37f45e64935e7b8383d2f034048b32770b04e8bd", "nonBlacklistedVotes": 847090.1721304217, "nonBlacklistedVotesBreakdowns": [{"key": "42161-9bab-ddd6-0", "nonBlacklistedVotes": 847090.1721304217}], "totalDeposited": 0.04562514135510526, "dollarPerVote": 5.386102076991233e-08, "incentiveDirected": 56991.22861659642, "incentiveDirectedUSD": 26983.140468491947, "efficiency": 591409.4656382396, "platform": "votemarket"}]}