{"totalDepositedUSD": 0.04502836719675878, "globalAverageDollarPerVote": 5.309837731793932e-08, "globalAverageEfficiency": 564010.3861150467, "analytics": [{"gauge": "0x37f45e64935e7b8383d2f034048b32770b04e8bd", "nonBlacklistedVotes": 848017.7638412676, "nonBlacklistedVotesBreakdowns": [{"key": "42161-9bab-ddd6-0", "nonBlacklistedVotes": 848017.7638412676}], "totalDeposited": 0.04502836719675878, "dollarPerVote": 5.309837731793932e-08, "incentiveDirected": 55310.4960908012, "incentiveDirectedUSD": 25396.466768774026, "efficiency": 564010.3861150467, "platform": "votemarket"}]}