{"totalDepositedUSD": 0.04561189584881003, "globalAverageDollarPerVote": 5.378538608094291e-08, "globalAverageEfficiency": 593330.3147097356, "analytics": [{"gauge": "0x37f45e64935e7b8383d2f034048b32770b04e8bd", "nonBlacklistedVotes": 848035.1108787729, "nonBlacklistedVotesBreakdowns": [{"key": "42161-9bab-ddd6-0", "nonBlacklistedVotes": 848035.1108787729}], "totalDeposited": 0.04561189584881003, "dollarPerVote": 5.378538608094291e-08, "incentiveDirected": 57097.85016678932, "incentiveDirectedUSD": 27062.920518482137, "efficiency": 593330.3147097356, "platform": "votemarket"}]}