{"totalDepositedUSD": 0.045467874480703455, "globalAverageDollarPerVote": 5.36750581806989e-08, "globalAverageEfficiency": 598560.2084736653, "analytics": [{"gauge": "0x37f45e64935e7b8383d2f034048b32770b04e8bd", "nonBlacklistedVotes": 847095.0199557178, "nonBlacklistedVotesBreakdowns": [{"key": "42161-9bab-ddd6-0", "nonBlacklistedVotes": 847095.0199557178}], "totalDeposited": 0.045467874480703455, "dollarPerVote": 5.36750581806989e-08, "incentiveDirected": 57236.37332510236, "incentiveDirectedUSD": 27215.260428024303, "efficiency": 598560.2084736653, "platform": "votemarket"}]}