{"totalDepositedUSD": 0.04547612112128659, "globalAverageDollarPerVote": 5.368490813150969e-08, "globalAverageEfficiency": 596793.379371331, "analytics": [{"gauge": "0x37f45e64935e7b8383d2f034048b32770b04e8bd", "nonBlacklistedVotes": 847093.2093221735, "nonBlacklistedVotesBreakdowns": [{"key": "42161-9bab-ddd6-0", "nonBlacklistedVotes": 847093.2093221735}], "totalDeposited": 0.04547612112128659, "dollarPerVote": 5.368490813150969e-08, "incentiveDirected": 57156.83067168044, "incentiveDirectedUSD": 27139.848004672585, "efficiency": 596793.379371331, "platform": "votemarket"}]}