{"totalDepositedUSD": 0.04535366890053498, "globalAverageDollarPerVote": 5.348116203731846e-08, "globalAverageEfficiency": 578888.6393202248, "analytics": [{"gauge": "0x37f45e64935e7b8383d2f034048b32770b04e8bd", "nonBlacklistedVotes": 848030.7303137464, "nonBlacklistedVotesBreakdowns": [{"key": "42161-9bab-ddd6-0", "nonBlacklistedVotes": 848030.7303137464}], "totalDeposited": 0.04535366890053498, "dollarPerVote": 5.348116203731846e-08, "incentiveDirected": 56238.72612512377, "incentiveDirectedUSD": 26254.723678010687, "efficiency": 578888.6393202248, "platform": "votemarket"}]}