{"totalDepositedUSD": 0.045040834612425994, "globalAverageDollarPerVote": 5.311315048574293e-08, "globalAverageEfficiency": 563846.9257012927, "analytics": [{"gauge": "0x37f45e64935e7b8383d2f034048b32770b04e8bd", "nonBlacklistedVotes": 848016.6248943607, "nonBlacklistedVotesBreakdowns": [{"key": "42161-9bab-ddd6-0", "nonBlacklistedVotes": 848016.6248943607}], "totalDeposited": 0.045040834612425994, "dollarPerVote": 5.311315048574293e-08, "incentiveDirected": 55309.77599270174, "incentiveDirectedUSD": 25396.136127236772, "efficiency": 563846.9257012927, "platform": "votemarket"}]}