{"totalDepositedUSD": 0.04531902590571289, "globalAverageDollarPerVote": 5.3440750772520896e-08, "globalAverageEfficiency": 564868.946843879, "analytics": [{"gauge": "0x37f45e64935e7b8383d2f034048b32770b04e8bd", "nonBlacklistedVotes": 848023.7506134706, "nonBlacklistedVotesBreakdowns": [{"key": "42161-9bab-ddd6-0", "nonBlacklistedVotes": 848023.7506134706}], "totalDeposited": 0.04531902590571289, "dollarPerVote": 5.3440750772520896e-08, "incentiveDirected": 55531.286308370654, "incentiveDirectedUSD": 25599.31043535051, "efficiency": 564868.946843879, "platform": "votemarket"}]}