{"totalDepositedUSD": 0.04559027714623376, "globalAverageDollarPerVote": 5.3759954477316133e-08, "globalAverageEfficiency": 593609.3702423688, "analytics": [{"gauge": "0x37f45e64935e7b8383d2f034048b32770b04e8bd", "nonBlacklistedVotes": 848034.1471544671, "nonBlacklistedVotesBreakdowns": [{"key": "42161-9bab-ddd6-0", "nonBlacklistedVotes": 848034.1471544671}], "totalDeposited": 0.04559027714623376, "dollarPerVote": 5.3759954477316133e-08, "incentiveDirected": 57097.62903137265, "incentiveDirectedUSD": 27062.81570595088, "efficiency": 593609.3702423688, "platform": "votemarket"}]}