{"totalDepositedUSD": 0.042567186896961484, "globalAverageDollarPerVote": 1.1400466982808932e-07, "globalAverageEfficiency": 139642.64131021866, "analytics": [{"gauge": "0x37f45e64935e7b8383d2f034048b32770b04e8bd", "nonBlacklistedVotes": 373381.0813289463, "nonBlacklistedVotesBreakdowns": [{"key": "42161-9bab-ddd6-0", "nonBlacklistedVotes": 373381.0813289463}], "totalDeposited": 0.042567186896961484, "dollarPerVote": 1.1400466982808932e-07, "incentiveDirected": 14243.847539766586, "incentiveDirectedUSD": 5944.194411437433, "efficiency": 139642.64131021866, "platform": "votemarket"}]}