{"totalDepositedUSD": 0.04179014953592443, "globalAverageDollarPerVote": 1.1059799914310686e-07, "globalAverageEfficiency": 140573.9864185599, "analytics": [{"gauge": "0x37f45e64935e7b8383d2f034048b32770b04e8bd", "nonBlacklistedVotes": 377856.289080335, "nonBlacklistedVotesBreakdowns": [{"key": "42161-9bab-ddd6-0", "nonBlacklistedVotes": 377856.289080335}], "totalDeposited": 0.04179014953592443, "dollarPerVote": 1.1059799914310686e-07, "incentiveDirected": 14244.948950059088, "incentiveDirectedUSD": 5874.607913292628, "efficiency": 140573.98641855989, "platform": "votemarket"}]}