{"totalDepositedUSD": 0.04288114629125603, "globalAverageDollarPerVote": 1.1535803351300897e-07, "globalAverageEfficiency": 137359.69545362017, "analytics": [{"gauge": "0x37f45e64935e7b8383d2f034048b32770b04e8bd", "nonBlacklistedVotes": 371722.2371549902, "nonBlacklistedVotesBreakdowns": [{"key": "42161-9bab-ddd6-0", "nonBlacklistedVotes": 371722.2371549902}], "totalDeposited": 0.04288114629125603, "dollarPerVote": 1.1535803351300897e-07, "incentiveDirected": 14146.982381074662, "incentiveDirectedUSD": 5890.141195269062, "efficiency": 137359.69545362017, "platform": "votemarket"}]}