{"totalDepositedUSD": 0.042539088285733946, "globalAverageDollarPerVote": 1.1392975407987414e-07, "globalAverageEfficiency": 142657.0632959311, "analytics": [{"gauge": "0x37f45e64935e7b8383d2f034048b32770b04e8bd", "nonBlacklistedVotes": 373379.9710996527, "nonBlacklistedVotesBreakdowns": [{"key": "42161-9bab-ddd6-0", "nonBlacklistedVotes": 373379.9710996527}], "totalDeposited": 0.042539088285733946, "dollarPerVote": 1.1392975407987414e-07, "incentiveDirected": 14391.845941149124, "incentiveDirectedUSD": 6068.501410129148, "efficiency": 142657.0632959311, "platform": "votemarket"}]}