{"totalDepositedUSD": 0.042344263278363645, "globalAverageDollarPerVote": 1.134100895179534e-07, "globalAverageEfficiency": 139743.30228441674, "analytics": [{"gauge": "0x37f45e64935e7b8383d2f034048b32770b04e8bd", "nonBlacklistedVotes": 373372.98170160013, "nonBlacklistedVotesBreakdowns": [{"key": "42161-9bab-ddd6-0", "nonBlacklistedVotes": 373372.98170160013}], "totalDeposited": 0.042344263278363645, "dollarPerVote": 1.134100895179534e-07, "incentiveDirected": 14211.596369217765, "incentiveDirectedUSD": 5917.3271833192985, "efficiency": 139743.30228441674, "platform": "votemarket"}]}