{"totalDepositedUSD": 0.042562815944321035, "globalAverageDollarPerVote": 1.139935873999833e-07, "globalAverageEfficiency": 142576.02693240336, "analytics": [{"gauge": "0x37f45e64935e7b8383d2f034048b32770b04e8bd", "nonBlacklistedVotes": 373379.03749774676, "nonBlacklistedVotesBreakdowns": [{"key": "42161-9bab-ddd6-0", "nonBlacklistedVotes": 373379.03749774676}], "totalDeposited": 0.042562815944321035, "dollarPerVote": 1.139935873999833e-07, "incentiveDirected": 14391.693644617684, "incentiveDirectedUSD": 6068.437192396443, "efficiency": 142576.02693240336, "platform": "votemarket"}]}