{"totalDepositedUSD": 0.04307040200285024, "globalAverageDollarPerVote": 1.1586607234919742e-07, "globalAverageEfficiency": 137010.59825765732, "analytics": [{"gauge": "0x37f45e64935e7b8383d2f034048b32770b04e8bd", "nonBlacklistedVotes": 371725.7444702585, "nonBlacklistedVotesBreakdowns": [{"key": "42161-9bab-ddd6-0", "nonBlacklistedVotes": 371725.7444702585}], "totalDeposited": 0.04307040200285024, "dollarPerVote": 1.1586607234919742e-07, "incentiveDirected": 14160.320549822552, "incentiveDirectedUSD": 5901.101545608313, "efficiency": 137010.59825765732, "platform": "votemarket"}]}