{"totalDepositedUSD": 0.04268523917117311, "globalAverageDollarPerVote": 1.1432464969521625e-07, "globalAverageEfficiency": 138323.5625683405, "analytics": [{"gauge": "0x37f45e64935e7b8383d2f034048b32770b04e8bd", "nonBlacklistedVotes": 373368.6417143617, "nonBlacklistedVotesBreakdowns": [{"key": "42161-9bab-ddd6-0", "nonBlacklistedVotes": 373368.6417143617}], "totalDeposited": 0.04268523917117311, "dollarPerVote": 1.1432464969521625e-07, "incentiveDirected": 14195.50469577784, "incentiveDirectedUSD": 5904.374351238343, "efficiency": 138323.5625683405, "platform": "votemarket"}]}