{"totalDepositedUSD": 0.0420779851538813, "globalAverageDollarPerVote": 1.1269366832607787e-07, "globalAverageEfficiency": 139858.55125651843, "analytics": [{"gauge": "0x37f45e64935e7b8383d2f034048b32770b04e8bd", "nonBlacklistedVotes": 373383.75597224437, "nonBlacklistedVotesBreakdowns": [{"key": "42161-9bab-ddd6-0", "nonBlacklistedVotes": 373383.75597224437}], "totalDeposited": 0.0420779851538813, "dollarPerVote": 1.1269366832607787e-07, "incentiveDirected": 14172.91448711727, "incentiveDirectedUSD": 5884.96604341513, "efficiency": 139858.55125651843, "platform": "votemarket"}]}