{"totalDepositedUSD": 0.041675759232247374, "globalAverageDollarPerVote": 1.1161596284900493e-07, "globalAverageEfficiency": 139997.3492850999, "analytics": [{"gauge": "0x37f45e64935e7b8383d2f034048b32770b04e8bd", "nonBlacklistedVotes": 373385.295153765, "nonBlacklistedVotesBreakdowns": [{"key": "42161-9bab-ddd6-0", "nonBlacklistedVotes": 373385.295153765}], "totalDeposited": 0.041675759232247374, "dollarPerVote": 1.1161596284900493e-07, "incentiveDirected": 14111.893940904274, "incentiveDirectedUSD": 5834.495821958662, "efficiency": 139997.3492850999, "platform": "votemarket"}]}