{"totalDepositedUSD": 0.042494202547466914, "globalAverageDollarPerVote": 1.1381218523633188e-07, "globalAverageEfficiency": 138498.84887796978, "analytics": [{"gauge": "0x37f45e64935e7b8383d2f034048b32770b04e8bd", "nonBlacklistedVotes": 373371.2911251759, "nonBlacklistedVotesBreakdowns": [{"key": "42161-9bab-ddd6-0", "nonBlacklistedVotes": 373371.2911251759}], "totalDeposited": 0.042494202547466914, "dollarPerVote": 1.1381218523633188e-07, "incentiveDirected": 14173.329664975477, "incentiveDirectedUSD": 5885.398136811459, "efficiency": 138498.8488779698, "platform": "votemarket"}]}