{"totalDepositedUSD": 0.04283918751184227, "globalAverageDollarPerVote": 1.1524547755020773e-07, "globalAverageEfficiency": 137495.71268090556, "analytics": [{"gauge": "0x37f45e64935e7b8383d2f034048b32770b04e8bd", "nonBlacklistedVotes": 371721.20262314845, "nonBlacklistedVotesBreakdowns": [{"key": "42161-9bab-ddd6-0", "nonBlacklistedVotes": 371721.20262314845}], "totalDeposited": 0.04283918751184227, "dollarPerVote": 1.1524547755020773e-07, "incentiveDirected": 14147.134709301467, "incentiveDirectedUSD": 5890.204617611702, "efficiency": 137495.71268090556, "platform": "votemarket"}]}