{"totalDepositedUSD": 0.04295397298742386, "globalAverageDollarPerVote": 1.1555364458059148e-07, "globalAverageEfficiency": 137994.88371586194, "analytics": [{"gauge": "0x37f45e64935e7b8383d2f034048b32770b04e8bd", "nonBlacklistedVotes": 371723.22122186405, "nonBlacklistedVotesBreakdowns": [{"key": "42161-9bab-ddd6-0", "nonBlacklistedVotes": 371723.22122186405}], "totalDeposited": 0.04295397298742386, "dollarPerVote": 1.1555364458059148e-07, "incentiveDirected": 14192.06061265487, "incentiveDirectedUSD": 5927.42850753383, "efficiency": 137994.88371586194, "platform": "votemarket"}]}