{"totalDepositedUSD": 0.04125825318993773, "globalAverageDollarPerVote": 1.091894630916741e-07, "globalAverageEfficiency": 142206.62116963806, "analytics": [{"gauge": "0x37f45e64935e7b8383d2f034048b32770b04e8bd", "nonBlacklistedVotes": 377859.2917459244, "nonBlacklistedVotesBreakdowns": [{"key": "42161-9bab-ddd6-0", "nonBlacklistedVotes": 377859.2917459244}], "totalDeposited": 0.04125825318993773, "dollarPerVote": 1.091894630916741e-07, "incentiveDirected": 14238.16960893194, "incentiveDirectedUSD": 5867.1967815024855, "efficiency": 142206.62116963806, "platform": "votemarket"}]}