{"totalDepositedUSD": 0.04257460741718997, "globalAverageDollarPerVote": 1.1402556082705009e-07, "globalAverageEfficiency": 141162.1228950606, "analytics": [{"gauge": "0x37f45e64935e7b8383d2f034048b32770b04e8bd", "nonBlacklistedVotes": 373377.75064106565, "nonBlacklistedVotesBreakdowns": [{"key": "42161-9bab-ddd6-0", "nonBlacklistedVotes": 373377.75064106565}], "totalDeposited": 0.04257460741718997, "dollarPerVote": 1.1402556082705009e-07, "incentiveDirected": 14322.235647985246, "incentiveDirectedUSD": 6009.921964434329, "efficiency": 141162.1228950606, "platform": "votemarket"}]}