{"totalDepositedUSD": 0.042597556293727544, "globalAverageDollarPerVote": 1.1408750173430373e-07, "globalAverageEfficiency": 140788.58304197376, "analytics": [{"gauge": "0x37f45e64935e7b8383d2f034048b32770b04e8bd", "nonBlacklistedVotes": 373376.1862270611, "nonBlacklistedVotesBreakdowns": [{"key": "42161-9bab-ddd6-0", "nonBlacklistedVotes": 373376.1862270611}], "totalDeposited": 0.042597556293727544, "dollarPerVote": 1.1408750173430373e-07, "incentiveDirected": 14307.005747212135, "incentiveDirectedUSD": 5997.249591644612, "efficiency": 140788.58304197376, "platform": "votemarket"}]}